event_id,object_a,object_b,miss_km,coarse_miss_km,rel_speed_kms,alt_km,closing_geom,risk_score,high_risk
0,STARLINK-6106,STARLINK-35906,0.4586,8.007,7.629,485.7,11.5837,100.0,1
1,STARLINK-5772,STARLINK-35716,0.5362,7.831,7.603,485.7,10.3274,95.8,1
2,STARLINK-30354,STARLINK-35424,0.6444,0.646,7.874,492.2,9.325,92.2,1
3,STARLINK-32011,STARLINK-34976,0.6376,7.808,7.657,475.0,9.1416,91.5,1
4,STARLINK-31170,FLOCK 4G-36,1.3392,1.343,13.785,492.6,8.956,90.7,1
5,STARLINK-6200,STARLINK-35894,0.688,8.225,7.659,485.8,8.625,89.4,1
6,STARLINK-30768,STARLINK-35600,0.9559,0.956,9.809,491.3,8.486,88.8,1
7,STARLINK-2039,STARLINK-2164,1.2248,1.227,10.995,481.8,7.7169,85.5,1
8,STARLINK-35347,STARLINK-37321,0.6919,7.35,6.843,475.2,7.6724,85.3,1
9,STARLINK-30339,STARLINK-35703,0.8256,0.833,7.823,491.7,7.6277,85.1,1
10,STARLINK-5714,STARLINK-36063,0.6579,6.879,6.44,492.2,7.5067,84.5,1
11,STARLINK-31819,STARLINK-32624,0.8439,8.366,7.832,492.3,7.5026,84.5,1
12,STARLINK-5672,STARLINK-30534,0.8782,8.644,7.849,492.5,7.2797,83.5,1
13,STARLINK-30874,STARLINK-35429,1.3136,1.333,9.709,487.6,6.4145,79.1,1
14,STARLINK-2110,STARLINK-35074,1.7429,1.799,12.092,471.6,6.2237,78.1,1
15,STARLINK-4533,2024-173D,1.7174,1.794,11.901,469.8,6.2068,78.0,1
16,STARLINK-30753,STARLINK-36991,1.036,7.652,7.654,492.2,6.1926,77.9,1
17,STARLINK-32028,STARLINK-34585,1.84,1.84,11.955,467.9,5.8603,76.0,1
18,STARLINK-32352,STARLINK-32770,0.8501,5.419,6.148,492.5,5.8547,76.0,1
19,STARLINK-30516,STARLINK-33720,1.1085,6.96,7.618,491.9,5.8219,75.8,1
20,SHIYAN-6 01 (SY-6 01),STARLINK-3847,1.26,7.53,8.485,483.4,5.8116,75.8,1
21,STARLINK-31193,STARLINK-32582,1.1875,1.227,7.857,492.0,5.6627,74.9,1
22,STARLINK-30354,STARLINK-36039,1.5566,8.702,9.814,491.0,5.5869,74.4,1
23,STARLINK-5355,STARLINK-30270,1.2102,1.225,7.864,492.5,5.5765,74.4,1
24,STARLINK-5937,STARLINK-32778,1.6164,9.304,10.111,488.2,5.5665,74.3,1
25,STARLINK-3356,STARLINK-32273,2.0108,2.03,12.212,469.6,5.5238,74.1,1
26,STARLINK-34335,FORMOSAT-8A,2.0552,2.145,12.454,583.8,5.5223,74.0,1
27,STARLINK-31791,STARLINK-33907,1.1967,1.202,7.622,492.0,5.4571,73.6,1
28,STARLINK-37111,STARLINK-37347,1.6551,1.712,9.87,464.6,5.3205,72.8,1
29,STARLINK-31949,STARLINK-33847,1.2355,8.299,7.636,486.0,5.3194,72.8,1
30,2023-091D,PTD-4 (LISA-T),0.4952,7.044,3.692,495.0,5.3107,72.7,0
31,STARLINK-30917,COSMOS 2601,1.4873,9.923,8.864,485.1,5.2534,72.4,1
32,STARLINK-6328,STARLINK-35888,1.2999,1.357,7.85,492.3,5.2337,72.3,1
33,TOMORROW-S1,STARLINK-37100,2.6245,2.699,14.73,481.8,5.2151,72.1,0
34,STARLINK-5609,STARLINK-30869,1.331,6.967,7.877,491.9,5.145,71.7,1
35,MOMENTUS-X1,STARLINK-11646 [DTC],1.8959,1.918,10.75,366.2,5.1291,71.6,1
36,TIANMU-1 12,STARLINK-34161,1.3963,1.452,8.067,486.6,5.0536,71.1,1
37,STARLINK-31606,STARLINK-35474,1.3213,8.374,7.611,492.0,5.003,70.8,1
38,STARLINK-3934,STARLINK-6294,1.329,8.315,7.611,484.4,4.9778,70.6,1
39,STARLINK-30990,STARLINK-35687,1.8392,1.909,10.025,488.4,4.9161,70.2,1
40,STARLINK-2680,LYNK TOWER 6,2.6483,2.662,13.972,470.0,4.9054,70.1,0
41,STARLINK-3668,STARLINK-31898,1.0121,6.305,5.914,483.9,4.8791,69.9,1
42,STARLINK-31690,STARLINK-35219,1.3653,7.469,7.618,485.4,4.8668,69.9,1
43,STARLINK-4270,TRANSPORTER-11 OBJECT A,2.8327,2.835,14.677,478.3,4.8396,69.7,0
44,STARLINK-5799,IRIS-F2,1.5342,1.545,8.359,485.5,4.8201,69.6,1
45,STARLINK-5699,STARLINK-33907,1.1414,5.446,6.42,492.4,4.786,69.3,1
46,STARLINK-4171,STARLINK-34636,0.7973,0.805,4.77,462.2,4.7829,69.3,0
47,STARLINK-3057,STARLINK-30769,2.4329,2.534,12.435,487.9,4.7229,68.9,1
48,STARLINK-5720,STARLINK-33766,1.4171,7.312,7.611,485.7,4.7066,68.8,1
49,STARLINK-30770,STARLINK-33928,1.8722,1.998,9.614,487.2,4.6395,68.3,1
50,STARLINK-31320,STARLINK-35553,1.4618,9.188,7.681,475.3,4.6221,68.2,1
51,STARLINK-31922,STARLINK-32606,1.4539,1.548,7.64,485.3,4.6194,68.2,1
52,STARLINK-3555,STARLINK-35935,1.7673,9.612,9.031,492.1,4.5906,68.0,1
53,STARLINK-32845,STARLINK-35368,2.3092,2.347,11.457,472.9,4.566,67.8,1
54,HYPSO-2,STARLINK-34005,0.6805,0.693,3.957,582.7,4.494,67.3,0
55,TECHDEMOSAT-1 (TDS-1),SNAP-3 JIMI,2.8539,2.968,13.591,520.9,4.4504,67.0,0
56,STARLINK-1523,STARLINK-37452,1.5158,6.747,7.526,479.3,4.3863,66.5,1
57,STARLINK-32593,FLOCK 4G-14,3.0269,3.256,14.153,491.4,4.3859,66.5,0
58,STARLINK-31950,NASBSAT-1,2.4089,2.423,11.432,493.0,4.3819,66.5,1
59,STARLINK-32168,OTTER,3.164,3.263,14.522,486.2,4.3169,66.0,0
60,STARLINK-31558,STARLINK-36927,1.6321,7.903,7.867,492.3,4.294,65.8,1
61,STARLINK-30514,REAL,3.163,3.171,14.135,464.5,4.2031,65.1,0
62,STARLINK-3624,STARLINK-5891,3.235,3.483,14.36,539.0,4.1805,65.0,0
63,SPAWAR-CAL-O,STARLINK-34146,3.3066,3.336,14.635,474.0,4.1736,64.9,0
64,STARLINK-37243,KUIPER-00627,1.9361,9.521,8.913,467.2,4.1726,64.9,1
65,STARLINK-3124,STARLINK-5454,2.7314,2.731,12.16,473.0,4.1482,64.7,0
66,STARLINK-4047,STARLINK-34522,2.2296,2.322,10.059,464.7,4.1402,64.6,1
67,STARLINK-31209,STARLINK-35520,1.6608,1.702,7.68,475.1,4.1273,64.5,1
68,UHETSAT,STARLINK-36681,3.3749,3.407,14.752,469.8,4.1265,64.5,0
69,ASTROCAST-0403,STARLINK-37197,1.2514,6.517,5.986,464.9,4.1243,64.5,1
70,STARLINK-5749,STARLINK-31077,1.0384,5.617,5.078,492.3,4.1005,64.3,1
71,STARLINK-4436,STARLINK-32428,3.4006,3.416,14.759,476.6,4.099,64.3,0
72,STARLINK-35722,STARLINK-36666,1.5697,1.621,7.219,462.5,4.0792,64.2,1
73,STARLINK-34482,STARLINK-34817,1.61,1.643,7.383,475.0,4.079,64.2,1
74,STARLINK-30523,STARLINK-35962,2.2721,7.764,10.025,488.6,4.0553,64.0,1
75,GEOSCAN 5 (RS92S5),STARLINK-36946,3.5358,3.661,15.084,479.7,4.0377,63.8,0
76,STARLINK-30942,STARLINK-36654,2.1765,9.275,9.575,492.2,4.029,63.8,1
77,STARLINK-3261,STARLINK-36850,3.3365,3.407,14.233,469.8,4.0246,63.7,0
78,STARLINK-30555,STARLINK-34813,1.7151,7.654,7.679,474.9,4.0097,63.6,1
79,STARLINK-32305,STARLINK-37001,2.7753,2.933,11.919,469.3,4.006,63.6,0
80,STARLINK-3548,STARLINK-6359,1.5652,8.241,7.058,492.5,3.9984,63.5,1
81,STARLINK-6322,STARLINK-32625,1.7051,1.788,7.615,492.1,3.9972,63.5,1
82,STARLINK-2461,STARLINK-34950,3.4434,3.62,14.479,480.7,3.974,63.3,0
83,STARLINK-3268,STARLINK-35173,1.7534,1.811,7.692,474.7,3.9377,63.1,1
84,STARLINK-4710,STARLINK-33682,2.7764,2.855,11.685,468.6,3.9259,63.0,0
85,STARLINK-3714,STARLINK-31598,1.644,6.893,7.192,462.5,3.9002,62.8,1
86,STARLINK-35485,STARLINK-37617,2.8949,2.901,11.997,482.3,3.8764,62.6,0
87,STARLINK-35455,GUOWANG TEST OBJECT C,1.7609,1.794,7.595,474.3,3.8732,62.5,1
88,STARLINK-31799,STARLINK-35814,2.3444,7.519,9.839,488.5,3.8669,62.5,1
89,STARLINK-30525,STARLINK-32752,2.2965,7.149,9.588,487.5,3.8406,62.3,1
90,STARLINK-31252,STARLINK-32642,0.7944,7.399,3.812,484.3,3.8335,62.2,0
91,STARLINK-30849,STARLINK-32245,2.4177,2.549,10.03,487.7,3.8316,62.2,1
92,STARLINK-3670,STARLINK-37272,1.683,6.417,7.207,462.9,3.8274,62.2,1
93,STARLINK-2583,STARLINK-37050,3.5684,3.577,14.34,470.7,3.8053,62.0,0
94,STARLINK-31838,STARLINK-37229,3.6731,3.673,14.726,475.0,3.8021,62.0,0
95,STARLINK-6307,TIANMU-1 14,3.1714,3.291,12.781,493.6,3.791,61.9,0
96,STARLINK-6322,STARLINK-32625,1.8109,1.893,7.623,485.6,3.7908,61.9,1
97,STARLINK-36426,STARLINK-36828,3.6905,3.831,14.595,480.6,3.7514,61.5,0
98,STARLINK-5464,KUZGTU 1 (RS47S),3.7259,3.74,14.641,480.7,3.7293,61.4,0
99,IRIDE-MS2-HEO-4,2025-274C,3.8156,3.816,14.961,604.3,3.7257,61.3,0
100,STARLINK-2640,HYPERFIELD-1A,2.158,9.557,8.777,483.9,3.7222,61.3,1
101,STARLINK-32535,STARLINK-35533,2.4476,2.68,9.818,488.0,3.7083,61.2,1
102,STARLINK-2634,STARLINK-36168,3.6802,3.746,14.387,470.8,3.7078,61.2,0
103,STARLINK-6192,STARLINK-34278,1.9229,2.056,7.842,492.1,3.694,61.1,1
104,STARLINK-31640,2025-313M,3.7068,3.857,14.334,489.9,3.669,60.8,0
105,STARLINK-30456,STARLINK-35254,3.8167,4.084,14.713,477.5,3.663,60.8,0
106,STARLINK-2468,STARLINK-36811,3.8333,3.876,14.758,476.5,3.659,60.8,0
107,STARLINK-32958,STARLINK-35511,1.1972,5.014,5.079,492.3,3.6351,60.6,1
108,BUFENG 1B,STARLINK-34820,2.8451,3.037,11.017,472.4,3.6179,60.4,0
109,STARLINK-6236,STARLINK-35924,1.9733,8.717,7.851,492.0,3.6125,60.4,1
110,STARLINK-2574,STARLINK-37736,3.8565,4.105,14.631,480.4,3.6068,60.3,0
111,FALCONSAT-10,STARLINK-32881,3.492,3.628,13.286,485.6,3.5986,60.2,0
112,JILIN-1 07,STARLINK-4421,3.0255,3.24,11.572,464.3,3.5877,60.2,0
113,STARLINK-4058,STARLINK-34285,3.2108,3.222,12.194,472.5,3.5751,60.0,0
114,STARLINK-4652,STARLINK-32469,3.2115,3.212,12.184,468.3,3.5714,60.0,0
115,STARLINK-31863,FLOCK 4G-26,3.8062,3.817,14.289,486.6,3.5667,60.0,0
116,STARLINK-5181,STARLINK-31731,2.9662,2.968,11.291,487.8,3.5661,60.0,0
117,STARLINK-5465,STARLINK-36387,3.892,4.301,14.587,471.8,3.5648,60.0,0
118,STARLINK-4276,STARLINK-35087,2.6398,2.712,10.122,480.1,3.5643,60.0,0
119,STARLINK-36299,KUIPER-00646,1.8967,1.904,7.469,473.8,3.5623,59.9,1
120,STARLINK-3513,STARLINK-36803,3.514,3.694,13.223,479.0,3.5603,59.9,0
121,STARLINK-5556,STARLINK-34144,2.5648,6.992,9.839,487.5,3.5587,59.9,0
122,STARLINK-33951,STARLINK-36611,2.5977,9.666,9.92,487.6,3.5458,59.8,0
123,STARLINK-3154,STARLINK-36146,2.844,9.501,10.777,490.0,3.5404,59.7,0
124,STARLINK-32787,STARLINK-35700,1.9813,9.436,7.721,462.6,3.5396,59.7,1
125,STARLINK-32319,STARLINK-37231,3.8448,3.893,14.296,470.4,3.5344,59.7,0
126,STARLINK-31640,2025-313M,3.861,3.897,14.326,489.7,3.5277,59.6,0
127,STARLINK-3513,STARLINK-37013,3.877,4.107,14.31,478.6,3.5099,59.5,0
128,STARLINK-35391,STARLINK-35990,1.2301,8.751,5.018,491.6,3.5088,59.5,1
129,STARLINK-6192,STARLINK-35699,1.973,2.188,7.618,485.5,3.5058,59.4,1
130,STARLINK-3138,STARLINK-37065,1.839,8.843,7.14,462.7,3.5017,59.4,1
131,STARLINK-33579,STARLINK-37745,3.8809,3.923,14.262,480.9,3.4948,59.3,0
132,STARLINK-3758,STARLINK-37529,3.6549,3.796,13.469,479.0,3.494,59.3,0
133,STARLINK-31715,STARLINK-35108,2.007,2.01,7.7,474.8,3.4889,59.3,1
134,STARLINK-31200,STARLINK-34119,1.5617,5.434,6.138,492.5,3.4841,59.3,1
135,STARLINK-30768,STARLINK-35600,2.6198,8.159,9.814,487.7,3.4804,59.2,0
136,YAOGAN-12,STARLINK-36472,3.3495,9.668,12.338,483.1,3.476,59.2,0
137,COSMOS 2550,STARLINK-32859,3.4225,9.219,12.58,473.6,3.4727,59.2,0
138,STARLINK-32308,STARLINK-34601,1.7677,1.912,6.819,462.6,3.4655,59.1,1
139,STARLINK-31178,STARLINK-32764,2.0014,6.464,7.627,485.7,3.4646,59.1,1
140,2026-027C,HAWK-14C,4.1515,4.155,15.038,513.2,3.4558,59.0,0
141,STARLINK-33950,STARLINK-36801,3.7852,3.833,13.742,481.7,3.4483,58.9,0
142,STARLINK-32194,STARLINK-34069,1.2479,4.022,4.984,475.1,3.4422,58.9,0
143,STARLINK-30883,STARLINK-36848,2.0182,6.051,7.62,485.4,3.4352,58.8,1
144,STARLINK-3512,STARLINK-35521,3.32,3.351,12.067,473.4,3.4281,58.8,0
145,STARLINK-5720,STARLINK-33766,2.022,2.161,7.604,492.3,3.4221,58.7,1
146,STARLINK-1807,STARLINK-5164,3.2706,3.323,11.865,471.5,3.4187,58.7,0
147,STARLINK-5808,STARLINK-36039,1.6856,8.286,6.444,492.4,3.4175,58.7,1
148,STARLINK-36800,STARLINK-36786,3.9082,4.191,14.019,482.1,3.4124,58.6,0
149,STARLINK-5569,STARLINK-34119,2.6861,8.135,9.835,487.6,3.4077,58.6,0
150,STARLINK-3885,HUNITY,4.0803,4.092,14.552,490.1,3.3998,58.5,0
151,STARLINK-31605,STARLINK-35803,2.1051,2.162,7.817,492.7,3.3912,58.4,1
152,ORBITER SN3,TEVEL2-1,3.5475,9.504,12.676,459.8,3.3825,58.3,0
153,STARLINK-32296,STARLINK-36715,3.7674,3.796,13.4,481.7,3.3775,58.3,0
154,STARLINK-5233,STARLINK-37854,4.1756,4.176,14.724,478.9,3.365,58.2,0
155,PAKTES 1A,STARLINK-5499,4.0881,4.136,14.421,572.6,3.363,58.2,0
156,STARLINK-5791,STARLINK-36179,2.0776,5.345,7.63,485.6,3.35,58.1,1
157,STARLINK-2583,STARLINK-37050,4.0771,4.31,14.312,481.3,3.3462,58.0,0
158,STARLINK-33734,GUOWANG TEST OBJECT C,2.0239,2.033,7.441,474.3,3.3459,58.0,1
159,STARLINK-5699,STARLINK-30602,2.3922,9.446,8.642,487.4,3.3338,57.9,1
160,STARLINK-31570,2025-313X,4.1189,4.119,14.334,489.1,3.3189,57.8,0
161,STARLINK-6243,STARLINK-36081,2.7751,2.798,9.838,487.8,3.3068,57.7,0
162,STARLINK-30354,STARLINK-35424,2.1841,2.384,7.881,485.7,3.3056,57.6,1
163,STARLINK-30106,STARLINK-34043,0.8916,4.079,3.594,484.4,3.2924,57.5,0
164,STARLINK-4023,STARLINK-35164,2.1532,5.369,7.748,462.6,3.2925,57.5,1
165,STARLINK-30977,STARLINK-32615,2.8237,3.083,9.939,487.9,3.287,57.5,0
166,STARLINK-2634,STARLINK-36168,4.1744,4.295,14.36,481.0,3.2827,57.4,0
167,STARLINK-33605,STARLINK-33932,2.1353,7.705,7.645,485.1,3.2737,57.4,1
168,STARLINK-3239,STARLINK-37431,4.2818,4.511,14.6,480.4,3.2576,57.2,0
169,STARLINK-30272,STARLINK-35528,3.5554,9.57,12.218,479.9,3.2534,57.2,0
170,ICEYE-X4,STARLINK-36183,2.0596,2.061,7.351,488.7,3.2532,57.2,1
171,STARLINK-3122,STARLINK-36272,4.2121,4.582,14.33,467.7,3.2479,57.1,0
172,STARLINK-3457,STARLINK-35950,3.5603,3.562,12.209,469.7,3.2468,57.1,0
173,STARLINK-31857,STARLINK-31965,2.8848,3.129,10.015,488.0,3.2466,57.1,0
174,HORS 2,STARLINK-31456,4.1316,4.136,14.049,478.4,3.2434,57.1,0
175,STARLINK-3674,2024-205H,4.2155,4.556,14.314,481.7,3.2418,57.1,0
176,STARLINK-31417,STARLINK-35548,2.4632,2.751,8.612,476.1,3.2337,57.0,1
177,STARLINK-32228,STARLINK-35425,2.1904,9.604,7.723,462.6,3.2308,57.0,1
178,STARLINK-4627,STARLINK-36856,4.3665,4.394,14.753,473.8,3.2307,57.0,0
179,STARLINK-5659,STARLINK-31884,2.2399,9.947,7.883,492.0,3.2309,57.0,1
180,STARLINK-30217,STARLINK-32751,2.1607,9.703,7.616,492.3,3.2262,56.9,1
181,TYVAK-182A,STARLINK-34709,4.3476,4.463,14.66,549.4,3.2237,56.9,0
182,STARLINK-31080,STARLINK-36670,2.2511,5.748,7.888,492.3,3.2181,56.8,1
183,STARLINK-36090,STARLINK-36505,2.8236,7.136,9.71,491.3,3.2114,56.8,0
184,STARLINK-35848,STARLINK-37529,3.8134,3.865,12.886,468.3,3.2107,56.8,0
185,STARLINK-2214,STARLINK-37243,4.3059,4.306,14.454,480.8,3.2078,56.7,0
186,2025-197C,STARLINK-35663,4.0035,4.176,13.457,494.2,3.2014,56.7,0
187,STARLINK-30247,STARLINK-31511,1.3682,1.464,5.015,484.6,3.1979,56.6,1
188,STARLINK-3162,STARLINK-36680,3.5202,3.576,11.894,468.7,3.1971,56.6,0
189,STARLINK-30931,STARLINK-32592,2.8372,2.876,9.704,487.5,3.195,56.6,0
190,STARLINK-30897,STARLINK-32958,2.1925,5.234,7.644,491.8,3.195,56.6,1
191,STARLINK-30757,STARLINK-32819,0.2009,3.869,1.279,484.4,3.1903,56.6,0
192,STARLINK-5468,STARLINK-36470,2.8661,2.88,9.777,490.7,3.1887,56.6,0
193,STARLINK-30324,STARLINK-34152,2.2044,2.301,7.666,485.8,3.1883,56.6,1
194,STARLINK-4729,STARLINK-34257,3.2502,3.444,10.987,463.7,3.1845,56.5,0
195,STARLINK-30767,STARLINK-35930,1.7483,6.352,6.202,485.4,3.1833,56.5,1
196,STARLINK-6082,STARLINK-32937,2.9267,6.848,9.941,488.0,3.1794,56.5,0
197,STARLINK-30367,STARLINK-36957,2.9324,8.747,9.929,491.1,3.1698,56.4,0
198,STARLINK-6116,STARLINK-30429,2.9331,2.949,9.926,487.9,3.1681,56.4,0
199,STARLINK-6128,STARLINK-32502,2.9431,8.902,9.93,487.8,3.1593,56.3,0
200,STARLINK-5870,STARLINK-31974,2.2338,8.802,7.672,485.9,3.1523,56.2,1
201,STARLINK-37042,STARLINK-37146,1.24,1.24,4.537,474.9,3.1507,56.2,0
202,STARLINK-31164,STARLINK-32557,2.2205,5.527,7.601,486.1,3.1403,56.1,1
203,ORBASTRO-TR5,PIAST-S1,4.6177,4.686,15.093,512.3,3.1328,56.0,0
204,STARLINK-3943,STARLINK-5450,2.8413,9.445,9.507,473.2,3.126,56.0,0
205,STARLINK-4067,STARLINK-37252,4.5267,4.884,14.755,477.7,3.1216,55.9,0
206,STARLINK-6331,STARLINK-32746,2.2529,2.51,7.656,485.7,3.1212,55.9,1
207,STARLINK-4046,STARLINK-30848,2.3488,9.354,7.951,494.0,3.1195,55.9,1
208,STARLINK-30043,STARLINK-35992,2.2557,2.552,7.655,486.0,3.1172,55.9,1
209,STARLINK-3749,STARLINK-32043,3.5895,9.343,11.804,468.8,3.1149,55.9,0
210,STARLINK-5822,STARLINK-36140,1.7734,4.916,6.126,485.1,3.1043,55.8,1
211,STARLINK-5738,STARLINK-35438,3.0821,3.301,10.186,488.2,3.1035,55.8,0
212,STARLINK-3740,STARLINK-37212,3.3172,3.38,10.916,472.6,3.1036,55.8,0
213,JILIN-1 GAOFEN 03D43,STARLINK-38006,2.44,2.476,8.184,340.2,3.1,55.7,1
214,STARLINK-31723,STARLINK-32755,2.3402,8.022,7.874,492.3,3.0998,55.7,1
215,STARLINK-5946,STARLINK-36430,2.2678,2.292,7.648,485.6,3.0991,55.7,1
216,STARLINK-30320,STARLINK-35026,2.2776,8.334,7.673,475.1,3.0969,55.7,1
217,STARLINK-4600,STARLINK-34134,3.2351,7.919,10.632,487.5,3.0951,55.7,0
218,STARLINK-5686,2024-203C,2.377,6.75,7.96,492.9,3.0889,55.6,1
219,STARLINK-31888,STARLINK-36657,1.4365,5.452,5.05,492.6,3.0859,55.6,1
220,STARLINK-31226,STARLINK-35814,2.3483,2.586,7.861,485.8,3.0848,55.6,1
221,STARLINK-5095,STARLINK-35598,2.267,7.309,7.609,485.9,3.0843,55.6,1
222,GEOSCAN 2 (RS92S2),STARLINK-34879,2.3796,2.733,7.916,476.1,3.0687,55.4,1
223,STARLINK-4162,STARLINK-34814,3.7949,9.273,12.22,469.1,3.0589,55.3,0
224,AEROCUBE 6A,TRANSPORTER-17 OBJECT AW,3.3753,7.043,10.915,592.2,3.0529,55.3,0
225,STARLINK-31733,STARLINK-34254,2.3733,7.472,7.855,492.2,3.0525,55.3,1
226,STARLINK-31676,STARLINK-33840,2.3025,9.448,7.636,485.9,3.0513,55.2,1
227,STARLINK-4536,PRSC-S1,1.4372,9.966,4.991,551.6,3.0485,55.2,0
228,STARLINK-4081,STARLINK-37316,4.4568,4.713,14.147,470.0,3.0379,55.1,0
229,QIANFAN-30,QIANFAN-128,2.9019,8.916,9.42,1065.7,3.0368,55.1,0
230,STARLINK-30404,2024-205M,2.5784,8.364,8.432,474.8,3.0348,55.1,0
231,STARLINK-4196,STARLINK-36603,4.6536,4.78,14.724,477.4,3.0336,55.1,0
232,STARLINK-1543,STARLINK-37242,3.6887,3.911,11.787,468.4,3.0311,55.0,0
233,STARLINK-3261,STARLINK-36850,4.4856,4.487,14.203,481.8,3.0312,55.0,0
234,STARLINK-33642,STARLINK-35322,0.9658,4.07,3.532,484.4,3.0297,55.0,0
235,STARLINK-3818,STARLINK-37890,3.7783,3.798,12.025,471.0,3.0226,55.0,0
236,STARLINK-5741,STARLINK-36081,0.9689,4.146,3.532,484.3,3.0216,54.9,0
237,VIZARD-METEO (RS38S),STARLINK-34302,3.1492,8.874,10.11,460.6,3.0186,54.9,0
238,STARLINK-5352,STARLINK-33847,3.125,7.116,10.027,488.6,3.0156,54.9,0
239,MULE 4T,KUIPER-00558,4.6712,4.71,14.681,504.8,3.0138,54.9,0
240,STARLINK-30857,VSP RF C1,3.5956,8.847,11.436,493.4,3.013,54.9,0
241,STARLINK-32698,STARLINK-36798,4.547,4.615,14.269,465.9,3.0059,54.8,0
242,STARLINK-5969,STARLINK-35969,3.0708,9.213,9.829,488.3,3.0051,54.8,0
243,STARLINK-31877,STARLINK-32408,3.1091,8.073,9.943,487.6,3.0047,54.8,0
244,STARLINK-5876,ORIGAMISAT-2,4.6493,4.725,14.558,546.1,3.0021,54.8,0
245,STARLINK-34248,STARLINK-35967,3.7577,3.758,11.854,472.6,2.9952,54.7,0
246,STARLINK-30425,STARLINK-37241,3.7931,8.47,11.958,468.0,2.9947,54.7,0
247,NESS,STARLINK-37529,3.8988,3.917,12.262,465.5,2.9916,54.7,0
248,STARLINK-3180,STARLINK-37510,2.9455,2.954,9.391,462.3,2.9855,54.6,0
249,STARLINK-33579,STARLINK-37745,4.5963,4.958,14.289,470.5,2.9792,54.5,0
250,STARLINK-2574,STARLINK-37736,4.7175,4.792,14.649,473.0,2.979,54.5,0
251,STARLINK-6128,STARLINK-32502,3.1362,3.326,9.925,491.1,2.9749,54.5,0
252,STARLINK-5433,STARLINK-5955,4.0011,4.163,12.497,538.3,2.9747,54.5,0
253,STARLINK-33567,STARLINK-36684,2.2124,5.567,7.175,462.7,2.9742,54.5,1
254,STARLINK-2564,2024-203A,4.6438,9.623,14.381,481.9,2.9689,54.4,0
255,STARLINK-2575,STARLINK-37924,4.6155,4.777,14.288,471.3,2.9671,54.4,0
256,STARLINK-1543,2023-072F,4.255,4.358,13.201,484.1,2.9632,54.4,0
257,SHIJIAN-26 (SJ-26),STARLINK-35608,2.3181,2.51,7.454,492.7,2.9602,54.3,1
258,STARLINK-6243,STARLINK-32745,1.5056,1.506,5.049,492.4,2.9602,54.3,1
259,STARLINK-37082,STARLINK-37503,2.3501,2.351,7.532,462.9,2.9536,54.3,1
260,STARLINK-30222,TIANMU-1 18,4.268,4.713,13.192,485.1,2.9526,54.3,0
261,STARLINK-5634,CENTAURI-8,4.8944,5.063,15.031,584.5,2.9505,54.2,0
262,STARLINK-2102,STARLINK-36342,4.7575,5.3,14.623,473.4,2.9497,54.2,0
263,STARLINK-5355,STARLINK-30270,2.4802,2.774,7.872,485.4,2.9371,54.1,1
264,STARLINK-32446,STARLINK-37660,4.7656,4.809,14.568,476.5,2.9338,54.1,0
265,STARLINK-1017,STARLINK-32683,3.9266,4.337,12.099,467.7,2.932,54.1,0
266,STARLINK-3184,STARLINK-34571,0.5225,0.562,2.116,461.8,2.9287,54.0,0
267,STARLINK-3315,STARLINK-37412,3.7698,9.249,11.597,472.4,2.9213,54.0,0
268,STARLINK-3506,STARLINK-3962,3.9797,9.795,12.206,468.6,2.9203,53.9,0
269,STARLINK-30590,STARLINK-34269,2.4894,5.071,7.852,485.4,2.9196,53.9,1
270,STARLINK-5227,STARLINK-35063,4.7886,4.809,14.547,468.0,2.916,53.9,0
271,FORMOSAT 7-1,STARLINK-34322,3.4733,9.361,10.712,580.2,2.9162,53.9,0
272,STARLINK-3927,LIME,3.8921,9.826,11.932,471.5,2.9159,53.9,0
273,STARLINK-34877,STARLINK-36856,4.655,4.755,14.143,465.5,2.9131,53.9,0
274,STARLINK-31828,STARLINK-35055,4.8218,9.555,14.627,473.8,2.9127,53.9,0
275,STARLINK-30862,STARLINK-35990,2.5017,9.485,7.853,485.5,2.9067,53.8,0
276,STARLINK-4714,STARLINK-34947,4.3495,4.521,13.194,481.7,2.9001,53.7,0
277,STARLINK-3125,STARLINK-37530,4.1022,4.263,12.476,479.1,2.8999,53.7,0
278,STARLINK-4173,STARLINK-32413,3.7318,9.281,11.394,472.3,2.8979,53.7,0
279,STARLINK-37020,STARLINK-37368,4.867,5.01,14.68,476.7,2.8972,53.7,0
280,STARLINK-5226,2024-094C,4.6098,4.63,13.934,531.1,2.897,53.7,0
281,STARLINK-31983,STARLINK-32888,2.2866,2.672,7.196,462.5,2.8939,53.7,1
282,STARLINK-32319,STARLINK-37231,4.7314,5.193,14.267,481.4,2.8931,53.7,0
283,STARLINK-1807,STARLINK-5443,4.0302,9.791,12.216,470.3,2.8878,53.6,0
284,2024-173D,STARLINK-37253,4.3413,8.647,13.115,464.9,2.8879,53.6,0
285,STARLINK-30754,STARLINK-35754,2.4461,8.767,7.638,485.8,2.8865,53.6,1
286,TIANMU-1 16,STARLINK-35975,4.7079,5.171,14.163,487.6,2.8858,53.6,0
287,STARLINK-5057,STARLINK-37934,4.7996,5.047,14.425,471.4,2.8852,53.6,0
288,STARLINK-2680,STARLINK-36385,4.2696,4.503,12.876,468.6,2.8808,53.5,0
289,STARLINK-33742,STARLINK-36737,4.8297,5.2,14.484,469.1,2.8797,53.5,0
290,STARLINK-3552,YUNYAO-1 18,3.1181,3.598,9.554,491.9,2.8794,53.5,0
291,LYNK TOWER 5,STARLINK-34226,4.9234,5.088,14.749,481.8,2.8788,53.5,0
292,STARLINK-4270,TRANSPORTER-11 OBJECT A,4.9055,5.851,14.692,472.5,2.8777,53.5,0
293,CELESTIS-17 & SHERPA-FX1,STARLINK-30705,4.9277,5.128,14.747,470.9,2.8759,53.5,0
294,STARLINK-1973,STARLINK-34677,3.6422,8.747,11.05,472.7,2.876,53.5,0
295,STARLINK-30821,STARLINK-31309,0.929,6.499,3.247,492.5,2.876,53.5,0
296,STARLINK-30830,STARLINK-34150,3.251,8.728,9.922,488.3,2.8751,53.5,0
297,STARLINK-33815,STARLINK-36849,4.7104,4.804,14.113,469.9,2.8741,53.5,0
298,STARLINK-2686,STARLINK-36895,3.6556,3.779,11.068,482.0,2.8706,53.4,0
299,STARLINK-4290,STARLINK-35469,4.0713,4.601,12.227,469.0,2.8626,53.4,0
300,STARLINK-32021,STARLINK-34148,2.4434,6.139,7.564,483.1,2.8615,53.3,1
301,STARLINK-4022,STARLINK-4634,1.4222,4.885,4.638,552.1,2.8591,53.3,0
302,STARLINK-32099,STARLINK-35870,1.9509,7.0,6.14,485.1,2.8546,53.3,1
303,STARLINK-5237,STARLINK-33841,3.111,8.873,9.44,491.5,2.8511,53.2,0
304,STARLINK-36090,STARLINK-36505,3.2089,6.407,9.716,487.2,2.8502,53.2,0
305,STARLINK-3690,STARLINK-37733,4.9146,5.109,14.565,472.5,2.8477,53.2,0
306,STARLINK-32826,STARLINK-36580,4.9704,5.019,14.712,475.0,2.8454,53.2,0
307,STARLINK-2457,STARLINK-37155,4.9997,4.999,14.758,477.0,2.8382,53.1,0
308,STARLINK-36708,STARLINK-36789,4.9448,4.98,14.6,480.7,2.8378,53.1,0
309,STARLINK-3668,STARLINK-31547,1.9949,1.998,6.225,485.0,2.8361,53.1,1
310,STARLINK-32763,STARLINK-34616,1.5798,3.443,5.044,484.3,2.834,53.1,1
311,STARLINK-2400,STARLINK-36821,4.8922,5.078,14.418,480.8,2.8314,53.0,0
312,SNUGLITE,STARLINK-30471,2.486,6.638,7.598,488.0,2.8287,53.0,1
313,STARLINK-3545,STARLINK-34880,4.1077,9.726,12.182,470.1,2.828,53.0,0
314,STARLINK-32042,STARLINK-37884,4.9552,4.961,14.564,468.3,2.8251,53.0,0
315,STARLINK-32309,STARLINK-34259,2.5228,5.322,7.687,462.5,2.8232,53.0,0
316,HAWK-2B,STARLINK-31454,4.4088,4.472,12.989,481.7,2.8183,52.9,0
317,STARLINK-4021,EOSSAT-1,2.2981,6.206,7.039,467.1,2.8177,52.9,1
318,STARLINK-30553,STARLINK-32960,1.6069,8.716,5.091,484.5,2.8175,52.9,1
319,STARLINK-2581,STARLINK-4724,1.5129,8.952,4.818,469.8,2.8128,52.9,0
320,STARLINK-2194,STARLINK-36803,4.3695,4.391,12.84,468.4,2.8099,52.8,0
321,STARLINK-3544,STARLINK-4085,4.0249,4.111,11.868,474.1,2.8091,52.8,0
322,STARLINK-2227,AETHER-2,4.8904,5.12,14.294,480.6,2.808,52.8,0
323,STARLINK-31354,STARLINK-34122,2.5053,2.678,7.595,470.6,2.8075,52.8,0
324,STARLINK-31309,STARLINK-36453,3.0131,5.67,9.014,491.6,2.8054,52.8,0
325,STARLINK-30281,STARLINK-34038,1.6009,1.623,5.046,484.5,2.8019,52.7,1
326,STARLINK-3179,STARLINK-36850,5.0059,5.029,14.57,467.8,2.7987,52.7,0
327,STARLINK-31642,STARLINK-33774,2.5919,5.461,7.808,483.1,2.7967,52.7,0
328,STARLINK-5336,STARLINK-36223,2.5312,9.063,7.631,485.2,2.794,52.7,0
329,STARLINK-6380,STARLINK-35917,2.6289,2.762,7.898,485.4,2.7919,52.6,0
330,STARLINK-30706,STARLINK-36313,4.9832,5.009,14.466,476.4,2.7909,52.6,0
331,STARLINK-35578,STARLINK-37524,4.2091,4.335,12.304,477.1,2.7906,52.6,0
332,STARLINK-31146,STARLINK-37305,0.5574,5.748,2.114,461.7,2.7911,52.6,0
333,STARLINK-3203,STARLINK-32253,3.4295,3.47,10.124,473.2,2.7894,52.6,0
334,2026-027E,VEGAFLY-1,5.1853,5.768,15.017,521.4,2.7885,52.6,0
335,QIANFAN-195,GUOWANG OBJECT G,4.7146,4.722,13.702,1010.7,2.788,52.6,0
336,SATELIOT_1,STARLINK-34452,5.0217,9.871,14.555,575.3,2.7874,52.6,0
337,STARLINK-11178 [DTC],STARLINK-11703 [DTC],1.9308,5.086,5.935,363.4,2.7853,52.6,1
338,STARLINK-36574,STARLINK-36789,3.0488,3.049,9.049,481.3,2.7853,52.6,0
339,STARLINK-6100,STARLINK-34252,3.3274,3.834,9.821,487.7,2.7842,52.6,0
340,STARLINK-34414,STARLINK-35027,2.5577,7.973,7.677,475.8,2.7838,52.5,0
341,STARLINK-4285,STARLINK-37818,3.1568,9.891,9.342,478.8,2.783,52.5,0
342,TROLL,STARLINK-33862,1.9445,4.113,5.967,484.9,2.7825,52.5,1
343,STARLINK-33568,STARLINK-34963,4.6536,4.864,13.48,476.6,2.7773,52.5,0
344,CYGFM07,SITRO-AIS 45,4.7247,4.761,13.659,386.3,2.7736,52.4,0
345,STARLINK-5718,STARLINK-33935,1.6397,5.354,5.098,484.7,2.7711,52.4,1
346,ORBITER SN3,STARLINK-30713,3.7991,4.013,11.073,477.1,2.7689,52.4,0
347,STARLINK-32093,STARLINK-33859,1.5175,5.275,4.755,484.7,2.7686,52.4,0
348,STARLINK-2251,FLOCK 4G-15,4.516,5.455,13.051,477.6,2.7674,52.4,0
349,TIANQI-28,QIANFAN-34,1.896,2.072,5.797,897.5,2.7657,52.4,1
350,2023-081W,STARLINK-31890,4.8847,5.221,14.056,493.7,2.7644,52.3,0
351,STARLINK-4548,STARLINK-34699,3.9095,4.08,11.356,472.3,2.7634,52.3,0
352,STARLINK-3701,STARLINK-34820,4.2158,8.568,12.199,469.8,2.7626,52.3,0
353,STARLINK-32684,STARLINK-33859,2.5848,2.986,7.684,485.3,2.7593,52.3,0
354,STARLINK-31571,STARLINK-34078,2.6408,4.92,7.834,485.4,2.7577,52.3,0
355,STARLINK-32253,STARLINK-37017,5.0659,5.1,14.485,467.4,2.7507,52.2,0
356,BRO-15,TRANSPORTER-17 OBJECT BN,5.2488,5.415,14.982,592.2,2.7496,52.2,0
357,STARLINK-4150,STARLINK-31245,2.8448,8.166,8.363,461.7,2.7467,52.2,0
358,STARLINK-31816,STARLINK-32609,2.6549,8.14,7.841,485.7,2.7465,52.2,0
359,STARLINK-31499,STARLINK-35824,2.5886,5.206,7.65,475.1,2.7433,52.1,0
360,STARLINK-6310,STARLINK-33918,3.4244,4.023,9.935,488.4,2.7411,52.1,0
361,STARLINK-4254,STARLINK-37111,5.1845,9.777,14.757,473.5,2.7406,52.1,0
362,STARLINK-4150,STARLINK-37499,4.0931,8.705,11.751,465.8,2.7372,52.1,0
363,HEAD-1,QIANFAN-232,5.2165,5.23,14.823,810.4,2.7366,52.1,0
364,STARLINK-1231,STARLINK-3208,4.0093,4.065,11.514,486.7,2.7354,52.0,0
365,STARLINK-3772,STARLINK-37209,4.2725,8.832,12.225,469.0,2.7334,52.0,0
366,STARLINK-31249,STARLINK-37322,4.2627,4.28,12.194,472.7,2.7324,52.0,0
367,STARLINK-11405 [DTC],2025-313BE,4.6476,4.65,13.245,357.4,2.7323,52.0,0
368,STARLINK-37455,KUIPER-00627,4.7888,4.859,13.615,467.2,2.7291,52.0,0
369,STARLINK-6209,STARLINK-35620,3.4741,9.578,10.025,488.2,2.7286,52.0,0
370,STARLINK-32540,STARLINK-37197,4.7639,4.83,13.542,477.3,2.7281,52.0,0
371,STARLINK-30112,STARLINK-36049,2.5883,5.789,7.604,485.8,2.7271,51.9,0
372,STARLINK-5351,STARLINK-32708,2.1684,2.473,6.457,492.2,2.7263,51.9,1
373,STARLINK-33815,STARLINK-36849,4.9677,4.985,14.084,481.2,2.7254,51.9,0
374,STARLINK-30889,STARLINK-30980,2.1668,2.205,6.443,485.3,2.7222,51.9,1
375,STARLINK-2612,STARLINK-36709,5.2333,5.694,14.754,476.0,2.7155,51.8,0
376,ADRAS-J,STARLINK-36532,5.0584,6.056,14.269,487.3,2.7136,51.8,0
377,STARLINK-5408,STARLINK-37676,4.918,7.897,13.872,480.0,2.7104,51.8,0
378,STARLINK-3607,STARLINK-36753,3.9531,8.465,11.254,465.9,2.7098,51.8,0
379,STARLINK-31577,STARLINK-36972,0.7306,9.343,2.522,461.9,2.7101,51.8,0
380,STARLINK-36603,STARLINK-37283,4.9968,5.042,14.07,477.2,2.7074,51.7,0
381,STARLINK-5695,STARLINK-33712,2.1731,2.487,6.422,485.1,2.7062,51.7,1
382,GAOFEN-9 02,STARLINK-31873,4.4538,9.553,12.595,493.7,2.7064,51.7,0
383,STARLINK-2226,STARLINK-37390,4.9843,5.312,14.03,469.7,2.7062,51.7,0
384,STARLINK-30888,STARLINK-32456,2.6069,2.625,7.596,485.6,2.7062,51.7,0
385,TEVEL2-7,STARLINK-35659,5.2025,5.654,14.615,475.2,2.7052,51.7,0
386,STARLINK-3830,STARLINK-36925,4.302,9.282,12.164,467.8,2.7019,51.7,0
387,STARLINK-6372,STARLINK-35893,2.6984,3.106,7.829,492.3,2.7011,51.7,0
388,STARLINK-4740,STARLINK-37916,4.1,4.425,11.613,457.7,2.7007,51.7,0
389,2023-081W,STARLINK-31907,4.9492,5.294,13.898,493.9,2.6991,51.7,0
390,SWAS,2026-052E,5.3667,5.879,15.025,538.7,2.6991,51.7,0
391,SEEDS II (CO-66),STARLINK-4763,4.4659,4.523,12.585,481.9,2.6972,51.6,0
392,STARLINK-3844,STARLINK-31713,3.3594,9.161,9.6,462.6,2.6971,51.6,0
393,STARLINK-5750,STARLINK-32669,2.6221,5.453,7.608,485.6,2.6959,51.6,0
394,STARLINK-5209,STARLINK-37556,4.8494,6.058,13.602,467.3,2.6938,51.6,0
395,STARLINK-32172,STARLINK-32812,3.6705,3.781,10.414,474.3,2.6906,51.6,0
396,STARLINK-37990,STARLINK-38055,5.4327,8.5,15.145,423.4,2.6888,51.5,0
397,STARLINK-4645,STARLINK-36580,4.6359,4.719,12.998,477.6,2.6878,51.5,0
398,STARLINK-30788,STARLINK-37119,5.2819,6.075,14.723,474.8,2.6857,51.5,0
399,STARLINK-5572,STARLINK-32361,1.0978,2.555,3.485,484.5,2.6853,51.5,0
400,YAOGAN-35 03B,STARLINK-6356,3.1767,7.84,9.06,487.3,2.6831,51.5,0
401,LEMUR-2-GREENBERG,STARLINK-34969,5.101,5.419,14.218,481.9,2.6821,51.5,0
402,STARLINK-31065,STARLINK-32714,3.4178,4.163,9.702,487.4,2.6817,51.5,0
403,STARLINK-33614,STARLINK-37781,4.9263,4.939,13.738,465.5,2.6799,51.4,0
404,STARLINK-30909,STARLINK-35687,2.0952,2.431,6.139,484.3,2.6747,51.4,1
405,STARLINK-31480,STARLINK-32644,2.0928,2.316,6.13,492.1,2.6736,51.4,1
406,STARLINK-31314,STARLINK-36257,5.1885,5.293,14.392,476.7,2.6709,51.3,0
407,STARLINK-2193,STARLINK-34915,5.3256,6.068,14.751,477.8,2.6696,51.3,0
408,VRSS-1,IRIDIUM 178,5.4499,5.501,15.061,643.9,2.6657,51.3,0
409,STARLINK-2071,STARLINK-37859,5.1578,5.405,14.272,481.4,2.6638,51.3,0
410,STARLINK-3209,STARLINK-36304,4.2881,4.288,11.952,468.1,2.663,51.3,0
411,STARLINK-2614,STARLINK-37041,4.9213,5.061,13.634,468.7,2.6622,51.3,0
412,DRESDEN,KUIPER-00174,5.2708,8.06,14.562,636.2,2.6618,51.3,0
413,SHIJIAN-6 04B (SJ-6 04B),STARLINK-33992,4.2847,4.512,11.932,571.6,2.6606,51.2,0
414,STARLINK-30300,STARLINK-33549,2.7638,3.001,7.883,492.2,2.6598,51.2,0
415,STARLINK-31306,STARLINK-31528,3.7391,7.853,10.477,476.0,2.6597,51.2,0
416,STARLINK-32084,STARLINK-37190,5.0513,5.396,13.954,481.2,2.6572,51.2,0
417,STARLINK-30917,STARLINK-30946,2.7522,2.938,7.839,491.8,2.6553,51.2,0
418,STARLINK-6372,STARLINK-34116,2.1265,2.393,6.175,484.8,2.6542,51.2,1
419,STARLINK-32310,STARLINK-35826,4.1147,4.199,11.451,483.8,2.654,51.2,0
420,STARLINK-36324,STARLINK-37596,5.336,5.35,14.687,469.6,2.653,51.2,0
421,AUTCUBE 2,STARLINK-3260,4.9668,5.168,13.706,541.2,2.6527,51.2,0
422,STARLINK-34721,STARLINK-37459,3.4234,9.735,9.591,478.8,2.647,51.1,0
423,STARLINK-37017,STARLINK-37311,5.1,5.111,14.013,465.3,2.644,51.1,0
424,STARLINK-6283,STARLINK-32564,2.7745,3.335,7.864,485.6,2.6438,51.1,0
425,STARLINK-6279,STARLINK-32541,2.7763,2.833,7.864,485.5,2.6422,51.0,0
426,STARLINK-33758,NASBSAT-1,2.4808,9.975,7.078,490.5,2.6403,51.0,1
427,STARLINK-32429,STARLINK-37636,4.3696,4.482,12.057,468.3,2.6385,51.0,0
428,STARLINK-34091,STARLINK-34212,2.7093,5.436,7.672,485.7,2.6371,51.0,0
429,STARLINK-2388,STARLINK-34677,2.7423,5.92,7.755,482.6,2.6357,51.0,0
430,STARLINK-36238,STARLINK-37517,0.6069,8.032,2.126,461.6,2.6348,51.0,0
431,STARLINK-30356,STARLINK-34010,2.6946,8.121,7.628,485.6,2.6353,51.0,0
432,STARLINK-31183,STARLINK-35946,1.7233,6.674,5.061,492.3,2.6314,50.9,1
433,STARLINK-35806,STARLINK-36573,5.3766,5.493,14.673,475.3,2.6312,50.9,0
434,STARLINK-31496,STARLINK-37529,5.2572,5.33,14.358,466.8,2.631,50.9,0
435,YAOGAN-39 02C,TOMORROW-S11,4.4285,6.54,12.175,507.3,2.6304,50.9,0
436,STARLINK-31791,STARLINK-33907,2.7014,3.28,7.629,485.7,2.6294,50.9,0
437,STARLINK-3605,STARLINK-34197,3.3901,3.549,9.439,488.0,2.6292,50.9,0
438,STARLINK-3125,STARLINK-33614,4.4336,4.683,12.179,472.9,2.6284,50.9,0
439,STARLINK-31373,STARLINK-35737,2.3977,4.216,6.825,462.5,2.6273,50.9,1
440,STARLINK-31115,2024-153D,5.0762,8.973,13.861,492.3,2.6271,50.9,0
441,STARLINK-11568 [DTC],UITMSAT-2,1.7202,5.76,5.041,356.9,2.6252,50.9,1
442,STARLINK-3549,STARLINK-34938,5.4237,5.487,14.762,473.3,2.625,50.9,0
443,STARLINK-31481,STARLINK-34157,3.547,5.571,9.834,487.4,2.6245,50.8,0
444,GHGSAT-C3,STARLINK-34235,3.2941,8.798,9.164,475.9,2.6227,50.8,0
445,STARLINK-3239,STARLINK-4178,1.2602,4.865,3.828,470.6,2.6216,50.8,0
446,STARLINK-5465,STARLINK-36387,5.3567,8.035,14.568,479.2,2.6217,50.8,0
447,STARLINK-4334,STAR VIBE,5.5858,5.775,15.161,448.9,2.6204,50.8,0
448,STARLINK-30346,STARLINK-34083,1.7499,4.75,5.109,492.0,2.6201,50.8,1
449,STARLINK-35830,STARLINK-37171,5.3848,5.405,14.63,468.9,2.6196,50.8,0
450,HUNITY,STARLINK-36174,3.3474,7.107,9.29,486.1,2.6188,50.8,0
451,STARLINK-3679,STARLINK-36575,5.4376,5.448,14.755,477.6,2.6172,50.8,0
452,STARLINK-31051,STARLINK-31717,0.7745,7.247,2.55,462.3,2.6167,50.8,0
453,TRANSPORTER-12 OBJECT BT,STARLINK-36834,5.2787,5.509,14.329,488.8,2.6154,50.7,0
454,KSM1-C,STARLINK-5757,2.7042,2.757,7.593,491.9,2.6145,50.7,0
455,STARLINK-4139,STARLINK-37734,5.2897,5.291,14.349,477.3,2.6138,50.7,0
456,STARLINK-5695,STARLINK-36141,1.7286,8.504,5.04,484.5,2.6133,50.7,1
457,STARLINK-4200,STARLINK-30797,4.4603,4.463,12.173,482.0,2.6121,50.7,0
458,STARLINK-3253,STARLINK-36857,4.4643,4.958,12.179,469.9,2.6111,50.7,0
459,STARLINK-5698,STARLINK-30900,1.7375,8.153,5.053,484.8,2.608,50.7,1
460,STARLINK-31330,STARLINK-35971,2.7427,5.682,7.673,474.8,2.6075,50.7,0
461,STARLINK-3679,STARLINK-36575,5.4624,6.215,14.757,476.7,2.6061,50.6,0
462,STARLINK-31471,STARLINK-34851,2.7228,2.982,7.611,492.0,2.604,50.6,0
463,STARLINK-3301,STARLINK-34625,4.4091,4.776,11.997,466.9,2.6029,50.6,0
464,STARLINK-32667,FLOCK 4G-25,4.5386,4.554,12.33,480.8,2.602,50.6,0
465,STARLINK-3352,STARLINK-30617,4.1126,4.739,11.219,474.3,2.6014,50.6,0
466,FLOCK 4H-6,LPNTSAT-001 (IOD-1),5.564,6.891,14.994,509.1,2.6013,50.6,0
467,STARLINK-34224,STARLINK-35779,2.6592,8.424,7.435,486.1,2.6004,50.6,0
468,STARLINK-5454,STARLINK-37294,1.6486,6.162,4.807,474.7,2.6003,50.6,0
469,STARLINK-3308,PELICAN-6,2.5233,2.581,7.08,483.4,2.5998,50.6,0
470,SPAWAR-CAL-R,STARLINK-5243,5.3639,6.026,14.463,550.3,2.5994,50.6,0
471,STARLINK-3625,STARLINK-36818,4.1283,4.137,11.228,465.0,2.5941,50.5,0
472,STARLINK-30604,STARLINK-33854,2.1788,3.748,6.17,485.6,2.5937,50.5,1
473,STARLINK-35677,STARLINK-36336,5.2251,5.226,14.07,465.5,2.5935,50.5,0
474,ION SCV-004,STARLINK-36561,5.622,6.078,15.096,472.8,2.5929,50.5,0
475,STARLINK-2410,STARLINK-36335,5.225,9.911,14.059,469.7,2.5915,50.5,0
476,STARLINK-3569,STARLINK-34464,4.0416,4.134,10.983,472.2,2.5894,50.5,0
477,HAWK-3A,STARLINK-38015,5.6608,5.661,15.175,347.3,2.5892,50.5,0
478,STARLINK-4558,STARLINK-36698,5.2589,5.81,14.134,477.5,2.5892,50.5,0
479,STARLINK-1983,STARLINK-36273,4.9607,5.593,13.343,481.8,2.5855,50.4,0
480,STARLINK-36567,STARLINK-36856,2.1084,7.646,5.968,464.0,2.5853,50.4,1
481,STARLINK-30334,STARLINK-36464,3.2828,3.909,8.997,492.8,2.5833,50.4,0
482,STARLINK-11192 [DTC],STARLINK-11426 [DTC],2.7094,3.076,7.511,359.5,2.5816,50.4,0
483,STARLINK-33531,STARLINK-36441,2.8524,2.893,7.88,491.7,2.5816,50.4,0
484,STARLINK-6110,STARLINK-36164,2.8485,5.124,7.867,492.1,2.5806,50.4,0
485,STARLINK-30358,STARLINK-35887,2.8521,3.129,7.874,492.3,2.5799,50.4,0
486,STARLINK-30336,STARLINK-34106,1.7583,8.598,5.04,491.8,2.5737,50.3,1
487,STARLINK-3548,STARLINK-30160,3.0391,7.143,8.331,493.9,2.572,50.3,0
488,STARLINK-30944,STARLINK-35992,1.7665,3.956,5.057,485.2,2.5716,50.3,1
489,STARLINK-36612,STARLINK-36707,2.3398,3.724,6.524,479.8,2.5687,50.2,1
490,STARLINK-30870,STARLINK-36546,3.6676,4.723,9.934,488.0,2.5685,50.2,0
491,STARLINK-34246,STARLINK-37017,4.9788,4.98,13.299,464.5,2.568,50.2,0
492,STARLINK-32290,STARLINK-34412,3.1168,7.606,8.512,464.3,2.5663,50.2,0
493,STARLINK-31494,STARLINK-33838,3.9532,3.962,10.649,489.7,2.564,50.2,0
494,STARLINK-32880,STARLINK-35934,5.5391,6.376,14.708,474.5,2.5628,50.2,0
495,STARLINK-5762,STARLINK-32667,2.79,2.918,7.661,485.4,2.5622,50.2,0
496,STARLINK-6225,STARLINK-33683,3.5407,5.135,9.576,487.3,2.5599,50.1,0
497,STARLINK-2252,STARLINK-37223,5.3843,5.888,14.29,481.3,2.559,50.1,0
498,STARLINK-5134,STARLINK-5387,3.7704,9.358,10.158,490.6,2.5584,50.1,0
499,NUSAT-35 (WILLIAMINA),STARLINK-37290,5.4517,9.393,14.451,467.0,2.5569,50.1,0
500,STARLINK-3578,STARLINK-32672,3.1524,3.528,8.566,485.0,2.5552,50.1,0
501,STARLINK-2380,STARLINK-36733,4.7553,7.86,12.66,482.6,2.5548,50.1,0
502,STARLINK-3323,STARLINK-6244,3.1958,3.222,8.669,492.2,2.5529,50.1,0
503,TACSAT 4,SATORO-T3,5.5791,6.687,14.753,601.4,2.5528,50.1,0
504,STARLINK-3586,STARLINK-33598,1.6519,2.015,4.726,475.4,2.552,50.0,0
505,STARLINK-30355,STARLINK-36888,3.7279,5.342,10.021,488.2,2.5512,50.0,0
506,2024-203A,STARLINK-32703,5.064,8.295,13.428,492.8,2.5509,50.0,0
507,2023-104C,STARLINK-31087,5.4129,5.609,14.307,486.7,2.5489,50.0,0
508,FLOCK 4G-30,STARLINK-35965,4.3927,6.266,11.699,474.5,2.5473,50.0,0
509,STARLINK-5896,LEMUR-2-BALTO,5.7259,5.92,15.062,579.0,2.5417,49.9,0
510,STARLINK-3875,STARLINK-30537,4.0728,4.302,10.858,488.9,2.5412,49.9,0
511,STARLINK-3860,STARLINK-4130,4.3332,7.368,11.515,481.6,2.5401,49.9,0
512,STARLINK-3556,STARLINK-37373,5.4669,5.585,14.395,477.2,2.5402,49.9,0
513,YAM-10,SNUGLITE-III,5.7057,6.997,14.973,601.0,2.5353,49.9,0
514,REAL,STARLINK-35287,4.7094,5.481,12.432,476.4,2.5323,49.8,0
515,STARLINK-31200,STARLINK-34224,1.7908,4.59,5.037,492.7,2.5301,49.8,1
516,STARLINK-33950,STARLINK-36801,5.2484,5.248,13.776,468.9,2.5284,49.8,0
517,STARLINK-3728,STARLINK-32198,2.8972,2.983,7.829,461.4,2.5278,49.8,0
518,STARLINK-31362,STARLINK-37078,1.6694,3.449,4.722,461.9,2.5259,49.8,0
519,STARLINK-1039,STARLINK-4609,1.3686,7.993,3.96,479.3,2.5245,49.7,0
520,STARLINK-30384,STARLINK-35648,2.9203,2.931,7.873,492.1,2.5232,49.7,0
521,STARLINK-35464,STARLINK-36893,5.6513,5.738,14.763,473.2,2.523,49.7,0
522,TIANMU-1 09,STARLINK-31561,4.2332,4.468,11.185,491.8,2.523,49.7,0
523,STARLINK-4742,GEOSCAN 1 (RS92S1),5.6408,9.713,14.726,479.9,2.5212,49.7,0
524,STARLINK-5368,STARLINK-36872,1.8002,3.785,5.041,484.7,2.5202,49.7,1
525,STARLINK-2507,STARLINK-37115,5.6564,6.827,14.759,477.1,2.5201,49.7,0
526,STARLINK-34907,STARLINK-35596,1.7132,3.17,4.817,475.3,2.5178,49.7,0
527,STARLINK-34446,STARLINK-36830,5.5892,5.706,14.556,467.6,2.5143,49.6,0
528,EOSSAT-1,KUIPER-00598,5.6172,7.312,14.626,466.8,2.5143,49.6,0
529,STARLINK-1704,STARLINK-11420 [DTC],3.4182,7.646,9.09,362.7,2.5123,49.6,0
530,STARLINK-5057,STARLINK-37934,5.5319,6.159,14.4,481.1,2.5123,49.6,0
531,STARLINK-1564,STARLINK-37229,4.0657,4.474,10.716,482.1,2.5121,49.6,0
532,STARLINK-32144,FLOCK 4G-21,5.6653,6.954,14.731,479.1,2.5116,49.6,0
533,STARLINK-31590,STARLINK-33928,2.86,7.789,7.684,492.1,2.5111,49.6,0
534,STARLINK-4585,STARLINK-35780,4.2799,4.286,11.248,490.7,2.5108,49.6,0
535,STARLINK-35519,STARLINK-36849,4.8625,4.87,12.706,477.4,2.5098,49.6,0
536,STARLINK-3135,STARLINK-34375,4.3164,4.344,11.333,467.5,2.5093,49.6,0
537,STARLINK-2646,STARLINK-37405,4.8666,5.387,12.709,468.6,2.5084,49.6,0
538,STARLINK-2614,STARLINK-34962,5.5376,9.524,14.379,471.3,2.5061,49.5,0
539,STARLINK-2400,STARLINK-36821,5.5633,5.608,14.442,471.3,2.5059,49.5,0
540,STARLINK-6260,STARLINK-35932,2.9329,3.636,7.849,492.2,2.5053,49.5,0
541,STARLINK-3193,STARLINK-37044,4.2517,4.348,11.149,475.0,2.5044,49.5,0
542,STARLINK-6259,STARLINK-30835,2.9416,3.412,7.861,491.9,2.5022,49.5,0
543,STARLINK-3749,STARLINK-30893,4.0259,4.563,10.574,475.7,2.5022,49.5,0
544,STARLINK-4673,STARLINK-30999,4.5409,4.67,11.855,466.5,2.5006,49.5,0
545,STARLINK-30818,HUNITY,5.5467,6.008,14.346,491.3,2.4964,49.4,0
546,HIBARI,STARLINK-34508,5.303,5.72,13.737,485.6,2.4963,49.4,0
547,STARLINK-4619,STARLINK-35500,3.2471,7.533,8.604,475.1,2.496,49.4,0
548,STARLINK-2417,STARLINK-37726,5.7091,6.92,14.747,476.0,2.4956,49.4,0
549,STARLINK-4389,STARLINK-36290,5.582,5.742,14.421,461.6,2.4941,49.4,0
550,STARLINK-34256,STARLINK-36139,2.3776,7.747,6.428,492.2,2.4938,49.4,1
551,STARLINK-34884,STARLINK-37596,5.7293,5.851,14.763,473.0,2.4898,49.4,0
552,STARLINK-11261 [DTC],STARLINK-11326 [DTC],2.8162,4.304,7.509,359.9,2.4896,49.4,0
553,STARLINK-36786,STARLINK-37135,5.5598,6.428,14.332,481.6,2.4883,49.3,0
554,STARLINK-3871,239ALFEROV (RS61S),3.391,3.562,8.932,482.2,2.4873,49.3,0
555,STARLINK-31527,STARLINK-37680,3.5022,3.993,9.194,476.0,2.4834,49.3,0
556,STARLINK-5174,STARLINK-5588,4.3665,4.604,11.335,491.2,2.4822,49.3,0
557,STARLINK-2112,2024-205G,5.721,9.944,14.696,530.1,2.482,49.3,0
558,STARLINK-32084,STARLINK-37190,5.4343,7.962,13.984,470.0,2.4819,49.3,0
559,STARLINK-4797,STARLINK-31045,4.702,5.63,12.163,485.3,2.4812,49.3,0
560,STARLINK-31989,STARLINK-36160,2.5464,2.806,6.814,475.0,2.4811,49.3,0
561,LEMUR-2-GREENBERG,STARLINK-35119,3.52,7.186,9.227,476.2,2.4804,49.2,0
562,STARLINK-36435,STARLINK-36705,2.4366,2.88,6.539,464.4,2.4801,49.2,1
563,STARLINK-3553,2025-313X,5.6761,7.743,14.572,506.2,2.4799,49.2,0
564,HAWK-3C,STARLINK-11367 [DTC],5.538,5.873,14.227,358.3,2.4794,49.2,0
565,STARLINK-30312,STARLINK-34183,3.8009,4.13,9.918,488.1,2.4789,49.2,0
566,STARLINK-31011,STARLINK-36534,3.8389,6.247,10.012,490.9,2.4789,49.2,0
567,STARLINK-36338,STARLINK-36795,3.5742,5.967,9.355,480.5,2.4787,49.2,0
568,STARLINK-35335,STARLINK-37339,5.3607,5.412,13.781,464.7,2.4783,49.2,0
569,STARLINK-4049,STARLINK-37763,5.5161,5.547,14.161,478.3,2.4774,49.2,0
570,STARLINK-2423,STARLINK-36580,5.5368,6.181,14.209,470.5,2.4768,49.2,0
571,STARLINK-4199,STARLINK-36103,4.3389,4.792,11.24,490.0,2.4764,49.2,0
572,STARLINK-31608,STARLINK-37435,3.1642,3.197,8.328,464.3,2.4755,49.2,0
573,STARLINK-5451,STARLINK-31348,4.1271,9.291,10.706,489.3,2.4742,49.2,0
574,STARLINK-4787,2023-104A,5.0432,5.69,12.973,470.7,2.4743,49.2,0
575,STARLINK-3193,STARLINK-36905,3.8013,9.914,9.9,465.1,2.4742,49.2,0
576,STARLINK-32096,STARLINK-32479,2.9774,3.09,7.861,491.9,2.474,49.2,0
577,STARLINK-5111,COSMOS 2603,5.4539,5.918,13.975,491.2,2.4717,49.1,0
578,STARLINK-33913,STARLINK-37722,5.7041,5.948,14.588,468.1,2.4708,49.1,0
579,STARLINK-30911,STARLINK-37452,5.745,5.745,14.684,475.9,2.47,49.1,0
580,STARLINK-30073,STARLINK-32502,3.9233,6.904,10.179,490.7,2.4687,49.1,0
581,STARLINK-31981,STARLINK-35516,3.2951,9.231,8.625,475.7,2.4677,49.1,0
582,STARLINK-3690,STARLINK-37733,5.6956,6.491,14.544,480.4,2.4669,49.1,0
583,STARLINK-36611,STARLINK-36618,0.3531,6.939,1.364,492.4,2.4661,49.1,0
584,STARLINK-31148,FLOCK 4G-34,5.5422,5.602,14.158,489.7,2.4656,49.1,0
585,STARLINK-3955,STARLINK-37196,3.6001,3.731,9.356,473.2,2.462,49.0,0
586,STARLINK-4176,STARLINK-34901,1.7217,5.209,4.729,461.9,2.4608,49.0,0
587,STARLINK-5401,STARLINK-32372,1.8592,8.227,5.063,492.6,2.4587,49.0,1
588,STARLINK-5752,STARLINK-32752,2.3084,9.521,6.168,485.3,2.4589,49.0,1
589,STARLINK-4259,STARLINK-37246,5.2943,6.234,13.508,468.6,2.4585,49.0,0
590,STARLINK-4519,STARLINK-30930,4.1487,4.335,10.69,472.9,2.4582,49.0,0
591,STARLINK-3295,STARLINK-5408,4.6289,5.75,11.857,476.7,2.4554,49.0,0
592,STARLINK-3929,STARLINK-34069,4.6169,7.695,11.818,465.9,2.4534,48.9,0
593,STARLINK-36305,STARLINK-37287,5.1172,5.409,13.043,477.8,2.453,48.9,0
594,STARLINK-2497,STARLINK-37635,5.803,6.292,14.719,474.6,2.4519,48.9,0
595,LIZZIESAT-1 (LS-1),STARLINK-36654,5.6157,6.076,14.249,494.4,2.4501,48.9,0
596,STARLINK-34355,ICEYE-X53,5.447,5.82,13.808,580.9,2.4452,48.8,0
597,FLOCK 4G-27,STARLINK-33972,5.5654,7.644,14.097,491.0,2.4451,48.8,0
598,STARLINK-32199,STARLINK-32836,2.5886,3.213,6.815,462.4,2.4439,48.8,0
599,STARLINK-2214,STARLINK-37243,5.7283,5.826,14.478,471.6,2.4422,48.8,0
600,XIWANG-1 (HOPE-1),ONEWEB-0410,5.6924,6.814,14.39,1194.4,2.4421,48.8,0
601,STARLINK-4179,STARLINK-31359,2.648,8.195,6.954,473.3,2.4417,48.8,0
602,STARLINK-36704,STARLINK-36782,3.6405,4.693,9.378,464.5,2.4419,48.8,0
603,SALSAT,VSP ROSE,5.4497,8.623,13.787,471.4,2.4403,48.8,0
604,STARLINK-4067,STARLINK-37252,5.8483,5.893,14.758,476.7,2.44,48.8,0
605,STARLINK-34936,STARLINK-36327,5.8058,6.031,14.637,469.0,2.4371,48.8,0
606,STARLINK-32834,STARLINK-37637,5.1484,5.164,13.035,477.5,2.4372,48.8,0
607,ION SCV-004,STARLINK-31550,5.661,7.296,14.284,487.5,2.4371,48.8,0
608,LEMUR-2-AMANDA-SVANTE,STARLINK-4255,5.2218,5.454,13.212,473.2,2.4368,48.7,0
609,STARLINK-30843,STARLINK-35787,3.0164,3.773,7.836,491.9,2.4363,48.7,0
610,STARLINK-4173,STARLINK-32883,3.8466,7.121,9.857,472.8,2.4359,48.7,0
611,FLOCK 4G-7,STARLINK-36546,5.686,7.128,14.335,487.8,2.4354,48.7,0
612,STARLINK-34172,STARLINK-36875,5.8258,6.494,14.67,479.7,2.4345,48.7,0
613,STARLINK-3916,STARLINK-34032,4.12,7.834,10.505,490.4,2.4317,48.7,0
614,STARLINK-4173,STARLINK-31046,4.525,8.172,11.488,465.1,2.4313,48.7,0
615,STARLINK-34080,STARLINK-36820,5.5013,7.211,13.849,481.1,2.4291,48.7,0
616,STARLINK-4482,JILIN-01 KUANFU 02B 1,5.6027,6.835,14.094,542.1,2.4289,48.7,0
617,LKW-2,STARLINK-3554,5.8247,7.2,14.624,492.0,2.4273,48.6,0
618,HULIANWANG DIGUI-109,HULIANWANG DIGUI-158,3.0455,3.085,7.876,1151.0,2.4267,48.6,0
619,STARLINK-3640,STARLINK-36739,3.9012,3.97,9.951,468.9,2.4264,48.6,0
620,STARLINK-33984,CANVAS,2.8755,8.823,7.461,483.6,2.4259,48.6,0
621,YAOGAN-30 02B,ICEYE-X37,5.277,7.886,13.286,565.2,2.4258,48.6,0
622,STARLINK-31528,STARLINK-37182,3.5477,4.021,9.09,476.3,2.4255,48.6,0
623,STARLINK-3777,STARLINK-34513,4.5845,4.86,11.604,474.7,2.4253,48.6,0
624,STARLINK-2575,STARLINK-37924,5.6816,5.727,14.263,481.0,2.425,48.6,0
625,STARLINK-4011,STARLINK-31014,4.1074,4.935,10.425,475.0,2.4203,48.6,0
626,STARLINK-30702,STARLINK-35359,5.8986,5.961,14.758,473.2,2.4199,48.6,0
627,STARLINK-32417,STARLINK-36795,4.881,5.134,12.293,482.1,2.4194,48.5,0
628,STARLINK-3356,STARLINK-35301,4.3709,4.372,11.057,474.4,2.419,48.5,0
629,2025-155J,STARLINK-35619,5.8377,5.886,14.605,485.7,2.419,48.5,0
630,STARLINK-2645,STARLINK-37370,5.9046,7.316,14.757,477.5,2.4174,48.5,0
631,STARLINK-31838,STARLINK-36922,4.3129,4.341,10.901,468.1,2.4155,48.5,0
632,STARLINK-35846,STARLINK-37122,5.7673,5.821,14.413,476.5,2.4153,48.5,0
633,STARLINK-3738,STARLINK-37198,5.8358,6.286,14.578,476.1,2.4153,48.5,0
634,STARLINK-31690,STARLINK-35219,2.9511,4.96,7.61,492.4,2.415,48.5,0
635,STARLINK-32209,STARLINK-37022,5.9006,6.159,14.729,474.7,2.4144,48.5,0
636,STARLINK-34741,STARLINK-36772,5.9159,6.069,14.745,471.6,2.4109,48.4,0
637,BUFENG 1B,STARLINK-3750,1.1549,6.886,3.266,477.7,2.4105,48.4,0
638,STARLINK-3141,STARLINK-32748,4.4543,4.464,11.218,492.4,2.4102,48.4,0
639,STARLINK-2252,STARLINK-37223,5.7417,6.372,14.319,470.3,2.4099,48.4,0
640,STARLINK-5258,STARLINK-36485,4.4838,4.867,11.287,488.5,2.4098,48.4,0
641,STARLINK-2227,STARLINK-35133,5.5134,5.653,13.767,481.6,2.4096,48.4,0
642,STARLINK-31528,STARLINK-34286,4.658,7.613,11.7,474.4,2.4084,48.4,0
643,STARLINK-32312,STARLINK-35213,4.7659,5.078,11.953,468.4,2.407,48.4,0
644,HIBARI,STARLINK-5333,5.7021,6.027,14.201,489.4,2.4061,48.4,0
645,STARLINK-5441,STARLINK-36812,4.7071,4.954,11.803,468.3,2.4053,48.4,0
646,GRUS-1C,STARLINK-5919,5.817,5.913,14.471,573.9,2.405,48.4,0
647,STARLINK-35432,STARLINK-36264,5.9404,5.958,14.754,473.6,2.4028,48.4,0
648,POPACS 2,JY1SAT (JO-97),6.184,6.278,15.334,471.4,2.4019,48.3,0
649,STARLINK-3622,STARLINK-36596,5.9424,6.074,14.747,471.0,2.4009,48.3,0
650,STARLINK-2457,STARLINK-37155,5.9476,6.792,14.756,477.5,2.4003,48.3,0
651,STARLINK-5149,STARLINK-34967,5.8703,6.924,14.566,480.5,2.3996,48.3,0
652,STARLINK-6167,STARLINK-36119,3.9011,3.913,9.84,487.3,2.3994,48.3,0
653,STARLINK-32564,STARLINK-36499,1.9043,6.58,5.046,492.1,2.3979,48.3,1
654,STARLINK-36786,STARLINK-37135,5.7887,6.787,14.361,470.1,2.398,48.3,0
655,STARLINK-4740,STARLINK-33617,4.3836,4.932,10.989,472.4,2.3975,48.3,0
656,STARLINK-35227,STARLINK-36169,5.8726,6.543,14.539,477.0,2.3942,48.3,0
657,YAOGAN-30 08C,RROCI-2,5.5047,5.57,13.649,570.1,2.3926,48.2,0
658,STARLINK-33618,STARLINK-37617,5.5055,5.524,13.647,464.7,2.3919,48.2,0
659,STARLINK-4487,STARLINK-37609,4.3994,5.14,11.0,468.4,2.3916,48.2,0
660,STARLINK-31200,TRANSPORTER-14 OBJECT D,5.7528,6.679,14.223,488.4,2.3893,48.2,0
661,KUIPER-00420,STARLINK-37664,5.8279,6.099,14.399,479.6,2.3887,48.2,0
662,STARLINK-3589,STARLINK-32896,4.8669,7.239,12.102,467.3,2.3884,48.2,0
663,STARLINK-36111,STARLINK-37731,5.9832,5.992,14.76,472.1,2.3871,48.2,0
664,STARLINK-32233,STARLINK-37135,5.6665,5.753,13.993,465.1,2.3852,48.2,0
665,STARLINK-30452,2024-174E,2.8413,3.266,7.253,488.4,2.3848,48.1,0
666,STARLINK-30594,STARLINK-37226,5.9817,6.003,14.742,474.3,2.3848,48.1,0
667,STARLINK-34281,STARLINK-37198,5.9887,6.233,14.758,473.6,2.3847,48.1,0
668,STARLINK-35714,STARLINK-37224,5.8374,5.871,14.382,476.9,2.3822,48.1,0
669,STARLINK-34538,STARLINK-37636,5.5381,5.538,13.667,477.5,2.3818,48.1,0
670,STARLINK-1983,STARLINK-36273,5.4195,5.628,13.378,468.8,2.3806,48.1,0
671,HAWK-2C,STARLINK-34318,5.9204,6.387,14.564,476.2,2.3796,48.1,0
672,STARLINK-3749,STARLINK-34582,4.4922,5.597,11.163,467.5,2.3791,48.1,0
673,JILIN-1 GAOFEN 3A,STARLINK-32447,4.2155,4.65,10.501,466.8,2.3782,48.1,0
674,STARLINK-32205,STARLINK-36578,5.9384,6.02,14.598,473.7,2.3781,48.1,0
675,STARLINK-4089,STARLINK-36463,4.0937,4.127,10.21,483.9,2.3779,48.1,0
676,STARLINK-3239,STARLINK-37431,5.9479,6.621,14.619,472.8,2.3779,48.1,0
677,STARLINK-6344,STARLINK-32714,2.5165,3.58,6.457,492.7,2.377,48.1,0
678,STARLINK-5394,KUIPER-00490,4.2381,4.908,10.542,490.3,2.3753,48.0,0
679,STARLINK-33579,STARLINK-36992,5.7759,6.529,14.193,470.0,2.375,48.0,0
680,STARLINK-2017,TEVEL2-8,2.7736,2.833,7.052,483.5,2.3715,48.0,0
681,STARLINK-34440,STARLINK-36621,5.3287,5.765,13.108,463.4,2.3709,48.0,0
682,STARLINK-3193,STARLINK-32145,4.892,6.193,12.07,470.1,2.3704,48.0,0
683,STARLINK-30604,STARLINK-36090,3.0282,5.114,7.652,485.2,2.3704,48.0,0
684,STARLINK-4703,STARLINK-35136,4.4064,7.348,10.918,468.6,2.3702,48.0,0
685,STARLINK-6193,STARLINK-32870,3.0288,8.011,7.652,485.7,2.3699,48.0,0
686,STARLINK-36426,STARLINK-36828,5.9693,7.156,14.616,472.4,2.3692,48.0,0
687,GRUS-1A,STARLINK-5933,6.1332,6.136,14.992,586.4,2.3672,47.9,0
688,GHGSAT-C3,STARLINK-35609,5.9707,6.276,14.598,472.1,2.3657,47.9,0
689,STARLINK-4054,STARLINK-34320,4.7281,7.286,11.657,472.0,2.3654,47.9,0
690,STARLINK-30702,STARLINK-37379,1.7197,2.36,4.539,474.8,2.3644,47.9,0
691,HAWK-2B,STARLINK-37933,5.7115,5.766,13.969,460.5,2.363,47.9,0
692,STARLINK-31544,STARLINK-33817,3.0508,9.251,7.682,485.7,2.3631,47.9,0
693,STARLINK-30701,STARLINK-37496,5.9466,6.009,14.518,467.8,2.362,47.9,0
694,STARLINK-31838,STARLINK-37229,6.031,6.036,14.715,479.1,2.3616,47.9,0
695,STARLINK-32282,STARLINK-36435,5.8788,6.039,14.344,477.3,2.3597,47.9,0
696,STARLINK-30198,STARLINK-36108,3.5404,9.277,8.825,493.4,2.3594,47.8,0
697,STARLINK-5936,STARLINK-30807,3.1373,7.901,7.867,492.3,2.3573,47.8,0
698,HAWK-2B,STARLINK-35204,5.8657,8.636,14.293,475.0,2.3564,47.8,0
699,STARLINK-5012,STARLINK-5559,6.0357,6.279,14.677,547.2,2.3537,47.8,0
700,STARLINK-35487,STARLINK-36297,4.7392,9.03,11.622,481.8,2.353,47.8,0
701,STARLINK-34105,STARLINK-35604,1.9514,8.028,5.06,492.0,2.352,47.8,1
702,STARLINK-31069,STARLINK-36410,1.964,2.186,5.087,492.4,2.3507,47.7,1
703,STARLINK-31113,STARLINK-32658,1.9539,2.217,5.063,484.6,2.3506,47.7,1
704,STARLINK-35361,STARLINK-35587,5.6805,5.719,13.813,465.2,2.3489,47.7,0
705,STARLINK-37261,STARLINK-37618,6.0752,6.727,14.735,474.6,2.3481,47.7,0
706,STARLINK-30463,STARLINK-32945,1.9456,9.054,5.036,484.6,2.3471,47.7,1
707,STARLINK-2519,STARLINK-35254,4.8261,5.556,11.798,482.4,2.3473,47.7,0
708,STARLINK-5149,STARLINK-34967,6.0217,8.827,14.587,472.5,2.3445,47.7,0
709,STARLINK-31329,STARLINK-33683,4.0365,9.111,9.932,488.0,2.3444,47.7,0
710,STARLINK-32128,STARLINK-35797,5.0146,9.321,12.224,471.9,2.3442,47.7,0
711,STARLINK-32564,STARLINK-36499,1.9555,2.277,5.051,484.9,2.3433,47.7,1
712,STARLINK-4101,STARLINK-34950,6.0608,6.728,14.671,477.0,2.3433,47.7,0
713,STARLINK-30562,STARLINK-34998,3.4868,3.741,8.639,487.5,2.3432,47.7,0
714,STARLINK-3672,CSTP 1.2 (STC 1.2),6.0967,6.439,14.747,480.6,2.342,47.6,0
715,LAPAN-A3,HAWK-11C,5.8387,5.944,14.14,476.3,2.3416,47.6,0
716,COSMOS 2407,HAIYANG-2A,6.0414,6.062,14.611,1006.0,2.341,47.6,0
717,STARLINK-3234,STARLINK-36539,4.1474,9.766,10.174,490.2,2.3402,47.6,0
718,STARLINK-5510,PE2_FLT2  (TYVAK-0262),6.1179,6.184,14.783,577.5,2.3399,47.6,0
719,STARLINK-36700,STARLINK-37261,6.0969,6.241,14.733,474.6,2.3397,47.6,0
720,STARLINK-5958,STARLINK-32420,4.0865,4.113,10.027,488.1,2.3392,47.6,0
721,STARLINK-3057,STARLINK-5666,1.8872,2.721,4.881,492.3,2.3385,47.6,0
722,STARLINK-30279,STARLINK-36834,3.067,5.906,7.636,485.6,2.3373,47.6,0
723,STARLINK-3456,STARLINK-34943,4.9509,5.713,12.033,468.5,2.3361,47.6,0
724,STARLINK-32535,STARLINK-36457,3.0618,7.917,7.617,485.6,2.3352,47.6,0
725,STARLINK-5702,STARLINK-33947,1.9815,5.631,5.093,492.4,2.3346,47.6,1
726,STARLINK-35630,STARLINK-36621,6.1223,6.435,14.757,473.2,2.3341,47.6,0
727,STARLINK-34285,STARLINK-36634,6.1065,6.55,14.702,470.2,2.3312,47.5,0
728,2024-203C,STARLINK-33546,5.8021,7.719,13.975,492.8,2.3284,47.5,0
729,STARLINK-11200 [DTC],STARLINK-11460 [DTC],2.9938,8.394,7.435,371.4,2.3279,47.5,0
730,STARLINK-2417,STARLINK-37726,6.1342,6.79,14.741,478.2,2.3272,47.5,0
731,STARLINK-35708,STARLINK-37325,6.1379,6.323,14.745,472.7,2.3265,47.5,0
732,STARLINK-30071,STARLINK-30343,3.0944,3.394,7.664,485.7,2.3264,47.5,0
733,ION SCV-015,STARLINK-32239,5.3627,8.655,12.933,477.0,2.325,47.4,0
734,STARLINK-35848,STARLINK-37529,5.3289,9.94,12.849,482.0,2.324,47.4,0
735,2025-155H,STARLINK-34856,5.8009,6.557,13.938,471.8,2.3227,47.4,0
736,STARLINK-31559,STARLINK-34113,3.192,4.996,7.878,492.1,2.3225,47.4,0
737,STARLINK-33641,STARLINK-36578,2.2947,3.707,5.791,479.3,2.3213,47.4,1
738,STARLINK-31414,STARLINK-32756,3.1944,7.914,7.879,492.4,2.3212,47.4,0
739,STARLINK-2711,STARLINK-36712,6.0131,6.014,14.419,471.2,2.3207,47.4,0
740,STARLINK-35121,STARLINK-36397,3.9348,9.711,9.587,478.0,2.3186,47.4,0
741,STARLINK-2570,STARLINK-34990,5.7596,9.226,13.809,469.0,2.3171,47.3,0
742,STARLINK-2423,STARLINK-36580,5.9306,6.719,14.181,481.1,2.3132,47.3,0
743,STARLINK-31325,STARLINK-32902,4.0532,4.667,9.834,491.4,2.3121,47.3,0
744,STARLINK-31613,STARLINK-36336,6.1399,6.85,14.649,469.2,2.3106,47.3,0
745,KUIPER-00023,KUIPER-00114,2.7476,3.342,6.808,641.3,2.3097,47.3,0
746,STARLINK-2583,YAM-7,3.5028,8.548,8.549,471.4,2.3088,47.3,0
747,STARLINK-3110,STARLINK-32029,2.8997,7.755,7.156,473.8,2.3086,47.2,0
748,STARLINK-4701,STARLINK-34160,4.0884,7.931,9.9,473.2,2.3086,47.2,0
749,STARLINK-4274,STARLINK-35362,1.2812,7.966,3.417,486.7,2.3069,47.2,0
750,STARLINK-4535,STARLINK-33760,4.0269,8.209,9.747,490.7,2.3059,47.2,0
751,STARLINK-36831,STARLINK-37608,6.1691,6.305,14.685,469.7,2.3057,47.2,0
752,STARLINK-34537,STARLINK-37245,4.7864,5.771,11.497,474.4,2.3057,47.2,0
753,STARLINK-1465,STARLINK-11675 [DTC],4.764,4.97,11.444,359.1,2.3054,47.2,0
754,STARLINK-36613,STARLINK-37691,4.5799,9.804,11.017,477.7,2.3049,47.2,0
755,STARLINK-32726,STARLINK-37938,6.0294,6.152,14.357,471.6,2.3047,47.2,0
756,STARLINK-34105,STARLINK-36651,3.1077,3.642,7.623,491.8,2.3046,47.2,0
757,STARLINK-34727,STARLINK-35686,3.1331,4.696,7.675,462.6,2.3027,47.2,0
758,STARLINK-3623,STARLINK-35822,4.5366,5.272,10.902,472.2,2.3017,47.2,0
759,STARLINK-3116,STARLINK-5308,4.8157,5.362,11.543,585.0,2.3014,47.2,0
760,STARLINK-2706,STARLINK-37512,6.2039,8.316,14.736,478.7,2.3011,47.2,0
761,STARLINK-36376,STARLINK-36748,2.3983,2.479,5.979,464.2,2.3011,47.2,1
762,STARLINK-5126,HUNITY,2.3157,6.697,5.788,486.0,2.3008,47.2,1
763,TRANSPORTER-12 OBJECT AZ,STARLINK-36397,6.2999,6.314,14.953,479.1,2.3005,47.1,0
764,STARLINK-30867,STARLINK-36053,2.0085,2.275,5.079,484.4,2.2998,47.1,1
765,STARLINK-3961,STARLINK-31981,5.0272,5.223,12.021,478.7,2.2997,47.1,0
766,STARLINK-30956,STARLINK-31724,3.1049,7.037,7.599,485.6,2.2993,47.1,0
767,STARLINK-33656,STARLINK-35370,5.0749,9.608,12.126,479.7,2.2988,47.1,0
768,STARLINK-31542,STARLINK-34077,3.1274,4.893,7.639,485.2,2.2958,47.1,0
769,STARLINK-30598,STARLINK-34142,3.233,6.716,7.881,492.4,2.2957,47.1,0
770,STARLINK-30498,STARLINK-33869,2.5991,3.515,6.423,492.2,2.2947,47.1,0
771,STARLINK-3161,STARLINK-34364,4.7522,9.784,11.36,465.3,2.2939,47.1,0
772,STARLINK-34797,STARLINK-37420,4.1615,4.595,10.004,475.7,2.2937,47.1,0
773,LAPAN-A3,TIANMU-1 21,5.6544,5.681,13.428,476.1,2.2937,47.1,0
774,STARLINK-3548,STARLINK-31398,4.0304,4.338,9.702,485.8,2.2934,47.1,0
775,STARLINK-32350,STARLINK-37530,5.034,5.064,12.003,481.8,2.2933,47.1,0
776,JILIN-1 08,STARLINK-36641,2.3849,8.398,5.928,465.2,2.2933,47.1,1
777,STARLINK-34549,STARLINK-35645,4.0103,7.133,9.65,464.9,2.292,47.0,0
778,STARLINK-2227,STARLINK-35133,5.8218,5.857,13.799,469.4,2.2915,47.0,0
779,STARLINK-6242,SCS-01 G,6.0431,6.723,14.304,486.5,2.2912,47.0,0
780,STARLINK-2499,STARLINK-37201,6.2425,8.549,14.755,476.3,2.2903,47.0,0
781,STARLINK-2697,LIZZIESAT-2 (LS-2),4.8101,5.079,11.464,479.4,2.2882,47.0,0
782,STARLINK-5813,SITRO-AIS 18,6.2288,6.23,14.706,583.7,2.2875,47.0,0
783,JILIN-1 06,STARLINK-34196,3.5021,4.218,8.468,482.2,2.2874,47.0,0
784,STARLINK-30616,STARLINK-37615,5.9673,9.171,14.107,465.4,2.2874,47.0,0
785,STARLINK-36853,STARLINK-37638,6.2515,6.276,14.753,471.9,2.2868,47.0,0
786,STARLINK-32921,STARLINK-33666,4.3218,7.91,10.337,489.7,2.286,47.0,0
787,STARLINK-31015,STARLINK-34100,2.6307,7.809,6.47,491.7,2.2857,47.0,0
788,STARLINK-35980,STARLINK-36038,1.9979,6.719,5.017,492.1,2.2826,46.9,1
789,TRANSPORTER-13 OBJECT AH,STARLINK-35894,6.0413,8.298,14.246,489.9,2.2825,46.9,0
790,STARLINK-3741,STARLINK-35277,5.0765,5.836,12.035,470.9,2.2809,46.9,0
791,STARLINK-4531,STARLINK-36297,3.5892,8.491,8.633,469.9,2.2783,46.9,0
792,STARLINK-31720,TRANSPORTER-13 OBJECT AH,5.9138,7.242,13.927,491.1,2.278,46.9,0
793,STARLINK-3645,STARLINK-4737,3.7418,6.181,8.978,531.9,2.2776,46.9,0
794,STARLINK-5280,STARLINK-37020,6.1299,6.948,14.417,476.6,2.2776,46.9,0
795,STARLINK-30403,DUTHSAT-2,6.1076,6.202,14.349,492.2,2.2749,46.8,0
796,STARLINK-5245,STARLINK-37159,2.5693,2.699,6.299,460.7,2.2746,46.8,0
797,STARLINK-4286,STARLINK-32192,5.1718,6.239,12.216,471.6,2.2741,46.8,0
798,STARLINK-4777,2024-095A,4.5387,4.56,10.773,550.2,2.2734,46.8,0
799,STARLINK-4152,STARLINK-36667,2.8677,6.803,6.974,461.2,2.2734,46.8,0
800,MAKERSAT 0,STARLINK-5513,6.0652,7.233,14.232,486.3,2.2716,46.8,0
801,STARLINK-5772,STARLINK-35716,3.1454,5.894,7.596,492.1,2.2706,46.8,0
802,STARLINK-35465,STARLINK-36314,4.5487,7.239,10.779,463.7,2.2699,46.8,0
803,STARLINK-32319,STARLINK-37444,6.0031,9.626,14.079,469.8,2.2697,46.8,0
804,POLYITAN-1,STARLINK-31688,4.1351,4.135,9.837,464.1,2.2692,46.8,0
805,STARLINK-4602,STARLINK-37442,5.2161,8.495,12.289,481.0,2.269,46.8,0
806,STARLINK-4049,STARLINK-35359,6.2822,7.041,14.706,471.2,2.2687,46.8,0
807,STARLINK-5806,STARLINK-32890,3.1751,6.026,7.657,485.9,2.2687,46.8,0
808,STARLINK-30843,2024-092C,5.8786,7.412,13.789,493.3,2.2684,46.8,0
809,STARLINK-4662,STARLINK-30456,4.0669,4.079,9.658,466.2,2.2635,46.7,0
810,STARLINK-2031,STARLINK-36603,6.2978,7.041,14.705,474.5,2.2631,46.7,0
811,STARLINK-6380,STARLINK-35917,3.288,3.799,7.89,492.4,2.262,46.7,0
812,STARLINK-33719,STARLINK-34119,4.1948,7.543,9.93,487.7,2.2595,46.7,0
813,STARLINK-36836,STARLINK-37941,6.1305,6.199,14.301,477.0,2.2591,46.7,0
814,SHIYAN-30 01,TRANSPORTER-17 OBJECT BV,5.1392,5.912,12.061,590.8,2.259,46.7,0
815,STARLINK-32240,STARLINK-36247,3.0652,6.685,7.376,475.0,2.259,46.7,0
816,STARLINK-31132,STARLINK-37556,4.5268,4.913,10.668,468.6,2.2569,46.6,0
817,STARLINK-37856,STARLINK-37229,1.0918,2.13,2.915,481.3,2.2565,46.6,0
818,BRO-20,IRIDE-MS1-EAGLET 2-10,5.408,6.372,12.656,523.7,2.2568,46.6,0
819,STARLINK-3984,STARLINK-6174,4.8125,4.907,11.308,490.3,2.256,46.6,0
820,STARLINK-3802,STARLINK-32727,5.2144,5.577,12.21,468.4,2.2551,46.6,0
821,STARLINK-33624,STARLINK-37388,6.1358,6.147,14.287,478.6,2.255,46.6,0
822,STARLINK-4132,STARLINK-36891,5.288,5.599,12.375,468.1,2.2549,46.6,0
823,STARLINK-5801,SITRO-AIS 5 (KATYS),3.9456,6.142,9.344,485.3,2.254,46.6,0
824,STARLINK-5464,STARLINK-34042,4.3127,7.581,10.167,490.5,2.253,46.6,0
825,STARLINK-36571,STARLINK-37322,6.3521,6.812,14.761,472.4,2.2529,46.6,0
826,YAOGAN-35 01A,STARLINK-35875,2.5625,6.116,6.222,493.2,2.2523,46.6,0
827,STARLINK-31125,STARLINK-35597,3.1894,9.093,7.629,491.8,2.2508,46.6,0
828,STARLINK-2071,STARLINK-37859,6.1556,6.532,14.3,470.3,2.25,46.5,0
829,TIANMU-1 17,STARLINK-35449,6.1631,6.165,14.316,489.1,2.2498,46.5,0
830,STARLINK-36855,KUIPER-00258,3.8693,3.995,9.153,468.8,2.2493,46.5,0
831,STARLINK-30523,STARLINK-35962,4.2561,7.106,10.022,490.6,2.2491,46.5,0
832,STARLINK-4049,STARLINK-37765,6.2605,8.489,14.529,469.4,2.2489,46.5,0
833,STARLINK-34226,STARLINK-35616,5.2032,5.227,12.146,482.2,2.2479,46.5,0
834,STARLINK-2645,STARLINK-37370,6.3696,6.644,14.758,476.9,2.2464,46.5,0
835,2025-055G,STARLINK-36409,6.0991,7.703,14.137,492.8,2.2443,46.5,0
836,ION SCV-004,KUIPER-00476,5.7374,6.943,13.321,490.1,2.2436,46.5,0
837,STARLINK-5512,STARLINK-33958,2.0603,3.447,5.07,484.4,2.2431,46.5,1
838,STARLINK-30512,2025-155H,4.1728,4.2,9.805,483.0,2.2423,46.4,0
839,STARLINK-4436,STARLINK-32428,6.3821,7.168,14.756,477.6,2.2418,46.4,0
840,STARLINK-6122,STARLINK-36728,3.2952,7.113,7.834,492.2,2.2414,46.4,0
841,STARLINK-37856,STARLINK-37229,1.1013,4.611,2.915,481.3,2.2401,46.4,0
842,DONGPO 08,STARLINK-34903,6.2743,8.844,14.498,463.6,2.2393,46.4,0
843,STARLINK-33857,STARLINK-35854,3.7797,3.873,8.912,468.9,2.2394,46.4,0
844,CS1,STARLINK-35014,2.4606,5.275,5.956,469.1,2.2386,46.4,1
845,STARLINK-4121,STARLINK-36417,4.1157,9.275,9.659,479.4,2.2381,46.4,0
846,STARLINK-2440,STARLINK-37720,5.437,6.467,12.615,481.9,2.2379,46.4,0
847,STARLINK-5926,KORSAT-3,5.51,5.86,12.779,579.6,2.238,46.4,0
848,STARLINK-30166,STARLINK-36607,2.0567,4.528,5.044,492.6,2.2351,46.4,1
849,STARLINK-30880,STARLINK-36827,1.3703,5.092,3.508,484.6,2.234,46.3,0
850,STARLINK-4268,TIANMU-1 20,5.7219,5.856,13.217,475.7,2.2319,46.3,0
851,STARLINK-30612,STARLINK-34882,3.2424,4.106,7.681,474.9,2.2313,46.3,0
852,STARLINK-3963,CUBEBEL 2 (EU11S),3.655,3.846,8.601,483.5,2.2311,46.3,0
853,STARLINK-3507,STARLINK-37399,6.0399,6.644,13.919,466.9,2.2306,46.3,0
854,AEROCUBE 5C,PULSAR-0,6.5058,6.535,14.953,505.7,2.2299,46.3,0
855,STARLINK-30704,STARLINK-37118,6.4216,7.239,14.762,473.0,2.2294,46.3,0
856,STARLINK-34963,STARLINK-35483,4.8585,4.873,11.257,470.9,2.2254,46.2,0
857,STARLINK-30242,STARLINK-34190,2.0594,4.295,5.028,492.2,2.2254,46.2,1
858,STARLINK-32211,STARLINK-37830,6.1894,6.611,14.21,466.2,2.224,46.2,0
859,GAOFEN-9 05,STARLINK-32202,5.4492,5.664,12.563,472.2,2.2239,46.2,0
860,STARLINK-33965,STARLINK-36884,6.0398,6.206,13.872,477.7,2.2231,46.2,0
861,STARLINK-2193,STARLINK-34915,6.4371,6.442,14.754,476.4,2.223,46.2,0
862,STARLINK-30307,STARLINK-34133,3.2541,6.774,7.675,485.7,2.222,46.2,0
863,RROCI-2,STARLINK-32600,6.5611,7.13,15.011,581.7,2.2202,46.2,0
864,STARLINK-30797,2025-155J,5.0263,8.537,11.6,476.4,2.2195,46.2,0
865,STARLINK-5990,BRO-12,6.5112,7.353,14.895,576.6,2.2194,46.2,0
866,STARLINK-3159,STARLINK-4559,5.2847,5.428,12.156,470.4,2.2163,46.1,0
867,LUR-1,STARLINK-34098,6.2675,6.464,14.328,487.5,2.2154,46.1,0
868,STARLINK-4291,STARLINK-34721,5.3158,8.268,12.216,473.4,2.2147,46.1,0
869,STARLINK-3191,FLOCK 4G-6,4.4033,5.291,10.194,477.7,2.2145,46.1,0
870,STARLINK-37256,STARLINK-37746,6.4528,6.469,14.73,470.9,2.2141,46.1,0
871,STARLINK-3751,STARLINK-36698,6.2204,6.916,14.203,470.4,2.2122,46.1,0
872,STARLINK-6051,HAWK-10C,6.2055,6.398,14.168,576.5,2.2118,46.1,0
873,2023-104C,STARLINK-30307,6.2676,9.689,14.305,486.4,2.2118,46.1,0
874,239ALFEROV (RS61S),STARLINK-37833,3.1972,5.382,7.512,481.4,2.2112,46.1,0
875,STARLINK-30925,STARLINK-31728,2.6002,9.634,6.189,484.9,2.2102,46.1,0
876,FLOCK 4G-21,STARLINK-34573,5.5738,6.432,12.76,476.5,2.21,46.1,0
877,YAOGAN-30 06C,GNOMES-4,6.011,9.2,13.72,563.5,2.209,46.0,0
878,STARLINK-30833,STARLINK-37347,6.3765,6.755,14.522,481.0,2.2082,46.0,0
879,STARLINK-1551,STARLINK-35078,5.7886,6.324,13.222,481.8,2.2079,46.0,0
880,STARLINK-3331,STARLINK-37782,2.4587,2.578,5.869,475.5,2.2075,46.0,1
881,STARLINK-30833,STARLINK-37347,6.3899,6.761,14.545,472.0,2.2072,46.0,0
882,STARLINK-6168,STARLINK-35428,2.363,2.574,5.657,475.0,2.2072,46.0,1
883,STARLINK-5677,CONNECTA IOT-11,4.3988,4.778,10.15,506.6,2.2071,46.0,0
884,STARLINK-4684,STARLINK-37736,4.8539,5.265,11.146,482.2,2.2054,46.0,0
885,STARLINK-34503,FORMOSAT-8A,6.392,6.392,14.538,583.8,2.2054,46.0,0
886,STARLINK-4734,STARLINK-35926,5.1735,5.173,11.846,482.5,2.2045,46.0,0
887,STARLINK-3203,STARLINK-3632,5.1723,7.078,11.842,471.6,2.2043,46.0,0
888,STARLINK-2029,STARLINK-35105,5.8323,7.386,13.276,468.7,2.2008,45.9,0
889,STARLINK-34942,SARI-1,6.516,7.098,14.777,483.4,2.2003,45.9,0
890,STARLINK-3742,STARLINK-35999,4.658,7.695,10.685,466.2,2.1995,45.9,0
891,FLOCK 4G-34,STARLINK-36865,5.9144,6.191,13.444,482.8,2.1987,45.9,0
892,2021-091B,STARLINK-4685,4.2445,6.814,9.769,515.7,2.198,45.9,0
893,STARLINK-32149,STARLINK-34220,2.8777,5.266,6.763,483.7,2.1974,45.9,0
894,STARLINK-6310,STARLINK-33918,4.3202,5.798,9.931,490.8,2.197,45.9,0
895,STARLINK-4410,STARLINK-32475,5.7399,5.763,13.038,459.7,2.195,45.9,0
896,TEVEL2-1,STARLINK-36169,3.7407,4.42,8.647,475.8,2.1943,45.9,0
897,STARLINK-3643,STARLINK-31260,3.2235,6.963,7.511,473.6,2.194,45.9,0
898,STARLINK-1480,STARLINK-11238 [DTC],4.606,5.363,10.532,360.5,2.1914,45.8,0
899,STARLINK-4589,STARLINK-37814,5.2977,5.935,12.042,478.9,2.1904,45.8,0
900,STARLINK-3990,STARLINK-32648,4.325,4.712,9.908,472.7,2.1896,45.8,0
901,STARLINK-3583,2026-027D,5.3822,5.555,12.216,521.1,2.1884,45.8,0
902,STARLINK-5050,STARLINK-31906,4.9883,4.998,11.352,487.7,2.188,45.8,0
903,STARLINK-35949,STARLINK-37223,6.463,6.493,14.578,476.5,2.1879,45.8,0
904,STARLINK-2346,STARLINK-4201,4.7338,4.882,10.793,480.4,2.1876,45.8,0
905,STARLINK-37226,KUIPER-00608,6.3752,6.857,14.375,468.7,2.1862,45.8,0
906,STARLINK-34226,STARLINK-35616,5.3586,5.717,12.151,479.4,2.186,45.8,0
907,STARLINK-4481,STARLINK-30316,3.6,3.686,8.306,473.6,2.1858,45.8,0
908,STARLINK-33682,STARLINK-37564,6.2506,9.675,14.099,477.0,2.1857,45.8,0
909,STARLINK-31616,STARLINK-37534,6.5467,6.547,14.733,471.8,2.1837,45.7,0
910,STARLINK-30833,STARLINK-37189,6.1382,9.031,13.832,469.0,2.1823,45.7,0
911,STARLINK-6286,MULE 4T,6.1116,6.133,13.767,495.5,2.1812,45.7,0
912,SEEDS II (CO-66),STARLINK-36157,6.4858,9.742,14.579,467.2,2.1806,45.7,0
913,FLOCK 4G-28,STARLINK-32835,2.9212,7.265,6.805,474.3,2.1803,45.7,0
914,STARLINK-30554,STARLINK-37592,6.4781,7.278,14.554,476.7,2.1794,45.7,0
915,STARLINK-1526,STARLINK-32149,3.1836,4.615,7.373,483.7,2.179,45.7,0
916,FALCONSAT-6,STARLINK-5585,5.7174,5.791,12.895,493.3,2.1792,45.7,0
917,STARLINK-4695,STARLINK-37177,4.6682,5.069,10.607,468.1,2.1788,45.7,0
918,STARLINK-35090,STARLINK-37838,6.3284,6.481,14.22,477.3,2.1782,45.7,0
919,STARLINK-3740,STARLINK-35114,5.1092,6.206,11.561,465.0,2.1775,45.7,0
920,STARLINK-6364,FLOCK 4G-29,6.3661,6.443,14.293,488.4,2.1768,45.6,0
921,STARLINK-32493,STARLINK-37001,5.4171,7.434,12.222,471.6,2.1759,45.6,0
922,STARLINK-1542,STARLINK-30292,5.4189,9.486,12.217,480.7,2.1743,45.6,0
923,STARLINK-2736,STARLINK-37354,5.2207,8.01,11.781,468.4,2.1733,45.6,0
924,STARLINK-5803,STARLINK-36485,3.3193,3.511,7.647,485.8,2.1729,45.6,0
925,HORS 2,STARLINK-37444,6.3149,8.42,14.148,479.8,2.1716,45.6,0
926,STARLINK-32224,STARLINK-34911,3.3227,6.433,7.65,475.0,2.1716,45.6,0
927,STARLINK-35413,STARLINK-37791,6.5973,7.446,14.757,473.2,2.171,45.6,0
928,STARLINK-33763,STARLINK-36705,5.9758,5.977,13.408,464.8,2.1711,45.6,0
929,BANDWAGON-4 OBJECT M,STARLINK-37666,6.4607,6.468,14.456,478.0,2.1703,45.6,0
930,STARLINK-31400,TRANSPORTER-14 OBJECT D,3.0201,6.407,6.985,491.4,2.1692,45.5,0
931,STARLINK-31654,STARLINK-34083,3.3073,9.032,7.608,491.8,2.1692,45.5,0
932,STARLINK-2102,STARLINK-36404,6.5213,7.081,14.551,480.6,2.1649,45.5,0
933,STARLINK-32855,STARLINK-36109,2.0975,2.16,4.973,474.8,2.1645,45.5,0
934,STARLINK-35488,STARLINK-36820,5.8247,6.037,13.039,467.9,2.1643,45.5,0
935,STARLINK-31927,STARLINK-35600,2.7833,9.872,6.448,492.0,2.1614,45.5,0
936,STARLINK-32502,STARLINK-35754,3.4391,4.098,7.866,491.5,2.1615,45.5,0
937,STARLINK-3756,STARLINK-30426,5.4521,5.636,12.216,480.9,2.1613,45.4,0
938,STARLINK-3629,HYDROGNSS-2,6.1774,9.387,13.781,550.3,2.1609,45.4,0
939,STARLINK-6380,STARLINK-35719,2.1436,4.976,5.064,493.2,2.1608,45.4,1
940,PROTOMETHEE,STARLINK-31456,6.4763,7.039,14.423,468.7,2.1603,45.4,0
941,STARLINK-34952,STARLINK-34716,6.351,6.565,14.15,477.5,2.16,45.4,0
942,STARLINK-30968,STARLINK-34015,0.8653,9.216,2.299,484.1,2.1581,45.4,0
943,STARLINK-2380,STARLINK-36733,5.6876,5.695,12.699,467.7,2.1569,45.4,0
944,STARLINK-32267,STARLINK-33785,5.4441,5.512,12.173,482.0,2.1568,45.4,0
945,STARLINK-31195,FLOCK 4G-5,6.2036,8.505,13.81,490.5,2.1566,45.4,0
946,STARLINK-32646,STARLINK-37113,5.2349,5.453,11.72,477.3,2.1564,45.4,0
947,HORS 2,STARLINK-37444,6.3613,8.481,14.148,479.8,2.1563,45.4,0
948,STARLINK-2226,STARLINK-37390,6.2961,7.048,13.999,481.6,2.155,45.4,0
949,STARLINK-31264,STARLINK-35367,3.2305,8.682,7.391,476.2,2.1545,45.4,0
950,STARLINK-34172,STARLINK-36875,6.6168,6.683,14.685,473.8,2.1542,45.4,0
951,2024-205M,STARLINK-36429,6.1968,7.415,13.775,483.7,2.1534,45.4,0
952,STARLINK-4162,FLOCK 4G-23,3.1357,9.793,7.182,471.1,2.1531,45.3,0
953,STARLINK-31766,STARLINK-35230,5.3504,9.429,11.95,472.7,2.153,45.3,0
954,STARLINK-31698,STARLINK-37267,6.0093,7.327,13.361,464.2,2.1518,45.3,0
955,STARLINK-6324,STARLINK-34147,2.6715,3.088,6.178,492.2,2.1515,45.3,0
956,STARLINK-33733,STARLINK-37661,6.4273,6.592,14.26,477.2,2.1517,45.3,0
957,STARLINK-3891,STARLINK-32483,5.071,5.195,11.341,491.6,2.1516,45.3,0
958,KSM1-A,STARLINK-6229,4.1402,4.299,9.337,492.5,2.1513,45.3,0
959,STARLINK-32048,STARLINK-37856,6.3154,7.147,14.01,465.1,2.1503,45.3,0
960,STARLINK-5205,STARLINK-34097,0.8427,7.084,2.238,490.4,2.1464,45.3,0
961,STARLINK-3608,STARLINK-34308,4.5706,6.202,10.238,473.5,2.1461,45.3,0
962,STARLINK-3226,STARLINK-36800,6.6781,8.327,14.759,476.6,2.1458,45.3,0
963,STARLINK-34552,STARLINK-37644,6.6597,6.918,14.719,470.4,2.1457,45.3,0
964,STARLINK-35434,STARLINK-36821,6.6381,7.349,14.66,473.4,2.1439,45.2,0
965,STARLINK-2698,STARLINK-36352,3.0823,3.088,7.036,471.7,2.1436,45.2,0
966,STARLINK-6090,COSMOS 2604,6.4553,6.688,14.265,489.2,2.1434,45.2,0
967,SHIYAN-30 03,TORO3,6.2092,6.226,13.736,598.9,2.1432,45.2,0
968,SUOMI-100,STARLINK-6241,6.4727,6.604,14.3,489.0,2.1431,45.2,0
969,STARLINK-4710,STARLINK-36077,4.2359,4.532,9.504,465.0,2.1425,45.2,0
970,STARLINK-35487,STARLINK-36297,5.2414,5.477,11.659,468.1,2.1426,45.2,0
971,STARLINK-33575,STARLINK-37804,6.3151,6.569,13.956,465.6,2.1421,45.2,0
972,STARLINK-32126,STARLINK-37107,6.2335,9.582,13.777,469.1,2.1414,45.2,0
973,SKYCRAFT-4B,JACK E,6.2709,6.272,13.85,594.2,2.1404,45.2,0
974,STARLINK-4177,STARLINK-36074,3.4179,7.928,7.742,473.6,2.1399,45.2,0
975,STARLINK-3680,STARLINK-34912,5.2395,8.802,11.635,483.5,2.139,45.2,0
976,LEMUR-2-PETERG,STARLINK-31996,3.8076,7.662,8.563,461.7,2.1367,45.1,0
977,2023-085AD,STARLINK-36669,5.8501,7.086,12.927,462.9,2.1367,45.1,0
978,STARLINK-30247,STARLINK-31511,2.1442,9.441,5.009,493.0,2.1368,45.1,1
979,STARLINK-2457,STARLINK-37268,4.7609,5.598,10.591,482.4,2.1349,45.1,0
980,STARLINK-34465,STARLINK-36329,5.9778,6.965,13.187,476.9,2.1346,45.1,0
981,STARLINK-3156,STARLINK-37223,3.8936,5.155,8.735,478.7,2.1338,45.1,0
982,STARLINK-6364,STARLINK-32667,2.1578,2.56,5.03,493.0,2.1333,45.1,1
983,FLOCK 4G-10,STARLINK-37199,5.7873,6.058,12.771,490.1,2.133,45.1,0
984,STARLINK-5150,STARLINK-32557,4.3498,4.371,9.7,487.9,2.132,45.1,0
985,STARLINK-37318,STARLINK-37954,6.5063,6.947,14.292,466.6,2.1311,45.1,0
986,STARLINK-2752,STARLINK-36710,5.0323,5.789,11.148,468.2,2.1306,45.1,0
987,STARLINK-5333,STARLINK-32615,2.8284,5.221,6.452,492.1,2.1305,45.1,0
988,STARLINK-3705,STARLINK-32290,5.2849,7.842,11.681,474.6,2.1297,45.1,0
989,STARLINK-37387,STARLINK-37412,3.4171,3.897,7.701,475.2,2.1291,45.0,0
990,STARLINK-2598,STARLINK-37025,3.4925,9.525,7.862,481.3,2.1292,45.0,0
991,STARLINK-31242,STARLINK-35743,3.4907,3.668,7.854,491.9,2.1281,45.0,0
992,STARLINK-34963,STARLINK-36110,6.6412,8.895,14.555,475.5,2.1276,45.0,0
993,STARLINK-31276,STARLINK-36979,3.5131,5.793,7.889,485.7,2.1246,45.0,0
994,STARLINK-35664,STARLINK-37179,6.0561,6.319,13.29,477.8,2.1243,45.0,0
995,STARLINK-3331,STARLINK-37338,6.7495,9.392,14.762,474.3,2.1242,45.0,0
996,STARLINK-3555,STARLINK-30147,5.0361,5.699,11.121,492.1,2.1239,45.0,0
997,STARLINK-3829,STARLINK-32287,3.9421,4.136,8.795,487.8,2.1233,45.0,0
998,STARLINK-4121,STARLINK-37452,3.8098,9.747,8.511,466.7,2.1225,45.0,0
999,SHIYAN-6 01 (SY-6 01),STARLINK-34414,6.7126,6.721,14.669,477.0,2.1221,45.0,0
1000,STARLINK-32376,STARLINK-37410,5.3959,5.642,11.874,477.8,2.1219,45.0,0
1001,JILIN-1 GAOFEN 03D50,STARLINK-36710,6.8363,7.133,14.922,465.8,2.1207,44.9,0
1002,STARLINK-34043,DUTHSAT-2,5.7518,5.991,12.616,494.0,2.1197,44.9,0
1003,STARLINK-33698,STARLINK-36967,2.1734,7.523,5.03,492.9,2.1193,44.9,1
1004,STARLINK-6117,STARLINK-36517,2.1982,3.008,5.082,492.2,2.1191,44.9,1
1005,STARLINK-4268,STARLINK-32446,1.9256,2.644,4.504,462.0,2.1189,44.9,0
1006,STARLINK-4145,STARLINK-37398,5.3305,9.031,11.72,470.9,2.1192,44.9,0
1007,STARLINK-30122,SARI-1,5.2454,5.549,11.537,483.6,2.1187,44.9,0
1008,STARLINK-31456,STARLINK-32184,2.2366,2.237,5.161,476.4,2.1181,44.9,1
1009,STARLINK-36165,STARLINK-37069,6.7704,6.914,14.758,473.8,2.1172,44.9,0
1010,STARLINK-33579,STARLINK-36992,6.4909,7.294,14.164,481.2,2.1169,44.9,0
1011,STARLINK-36816,STARLINK-37107,6.8981,6.936,15.024,468.2,2.1166,44.9,0
1012,STARLINK-3388,STARLINK-35427,5.3621,5.886,11.765,483.3,2.1152,44.9,0
1013,STARLINK-32583,STARLINK-36715,6.2435,6.553,13.62,465.2,2.1138,44.9,0
1014,STARLINK-35110,STARLINK-37295,6.4351,6.588,14.011,477.6,2.1116,44.8,0
1015,STARLINK-6337,FLOCK 4G-1,6.5613,8.554,14.274,487.2,2.1111,44.8,0
1016,STARLINK-31374,STARLINK-36480,4.4018,4.49,9.713,487.4,2.1107,44.8,0
1017,STARLINK-5175,STARLINK-6038,6.6531,7.424,14.457,541.1,2.1096,44.8,0
1018,STARLINK-34293,STARLINK-37655,6.2172,6.304,13.535,464.7,2.1092,44.8,0
1019,STARLINK-3619,STARLINK-35115,6.7573,7.526,14.673,475.9,2.109,44.8,0
1020,STARLINK-3578,STARLINK-33673,2.5714,5.345,5.844,494.6,2.1087,44.8,0
1021,STARLINK-1573,STARLINK-36317,5.2484,5.614,11.481,481.5,2.1072,44.8,0
1022,STARLINK-34913,STARLINK-37653,6.8005,6.801,14.744,474.3,2.1061,44.8,0
1023,STARLINK-31363,STARLINK-32592,2.1935,7.581,5.038,492.4,2.1049,44.7,1
1024,GAOFEN-9 05,STARLINK-4695,4.8371,4.839,10.602,472.3,2.1048,44.7,0
1025,STARLINK-33872,STARLINK-36719,5.4887,5.541,11.966,464.3,2.1035,44.7,0
1026,STARLINK-35490,STARLINK-36928,6.4716,6.475,14.032,477.3,2.1032,44.7,0
1027,STARLINK-4670,STARLINK-36841,4.533,4.584,9.953,487.7,2.1029,44.7,0
1028,STARLINK-11146 [DTC],STARLINK-11393 [DTC],3.371,6.051,7.508,359.5,2.1025,44.7,0
1029,STARLINK-34080,STARLINK-36820,6.4023,7.331,13.88,469.3,2.1023,44.7,0
1030,STARLINK-11259 [DTC],STARLINK-11409 [DTC],4.076,9.017,8.984,360.5,2.101,44.7,0
1031,STARLINK-4072,STARLINK-37061,4.3306,5.351,9.518,462.3,2.1008,44.7,0
1032,STARLINK-3242,STARLINK-32795,3.5156,8.253,7.802,461.5,2.0998,44.7,0
1033,STARLINK-5701,STARLINK-35884,2.1976,2.345,5.034,492.9,2.0996,44.7,1
1034,STARLINK-5765,STARLINK-36214,3.4342,4.731,7.629,485.5,2.0992,44.7,0
1035,STARLINK-31792,STARLINK-37849,6.6783,7.139,14.435,467.5,2.0986,44.7,0
1036,STARLINK-33728,STARLINK-34659,4.9653,5.0,10.835,484.8,2.0977,44.6,0
1037,STARLINK-5163,STARLINK-37759,6.7981,6.814,14.675,479.6,2.097,44.6,0
1038,2024-092B,KUIPER-00513,6.6782,7.167,14.421,473.4,2.0966,44.6,0
1039,SATELIOT_2,STARLINK-33986,3.1886,5.383,7.105,577.1,2.0967,44.6,0
1040,STARLINK-4081,STARLINK-37316,6.5374,7.873,14.117,481.4,2.0953,44.6,0
1041,STARLINK-35740,STARLINK-37726,6.0668,6.65,13.131,464.3,2.0953,44.6,0
1042,JILIN-1 GAOFEN 03D09,STARLINK-11445 [DTC],3.8751,3.935,8.538,365.0,2.0952,44.6,0
1043,STARLINK-4497,JILIN-01 KUANFU 02B 3,5.5978,5.755,12.138,541.1,2.0936,44.6,0
1044,STARLINK-31229,STARLINK-35747,3.0569,8.818,6.816,474.9,2.0928,44.6,0
1045,STARLINK-34941,STARLINK-36354,6.8423,7.36,14.727,474.5,2.0912,44.6,0
1046,STARLINK-1579,STARLINK-31099,3.794,4.546,8.351,472.5,2.0909,44.6,0
1047,STARLINK-32185,STARLINK-33782,3.894,6.277,8.559,488.6,2.0906,44.6,0
1048,STARLINK-30939,STARLINK-35136,6.4427,9.024,13.882,477.6,2.0898,44.5,0
1049,STARLINK-36562,STARLINK-37665,6.2261,6.309,13.428,477.4,2.0896,44.5,0
1050,HORS 2,STARLINK-37444,6.5858,6.733,14.173,467.6,2.0886,44.5,0
1051,STARLINK-33780,STARLINK-34952,5.8629,6.901,12.661,464.1,2.0883,44.5,0
1052,SALSAT,STARLINK-33722,3.3414,8.393,7.394,492.3,2.0879,44.5,0
1053,STARLINK-1048,STARLINK-38076,6.5462,6.61,14.083,348.6,2.0875,44.5,0
1054,STARLINK-3185,GEOSCAN 5 (RS92S5),6.8323,7.236,14.676,480.6,2.0869,44.5,0
1055,STARLINK-33576,STARLINK-37363,3.0604,3.105,6.804,463.0,2.0869,44.5,0
1056,STARLINK-32868,STARLINK-36741,4.7754,4.899,10.377,477.4,2.0857,44.5,0
1057,STARLINK-30258,STARLINK-34211,4.4049,5.927,9.6,487.4,2.0847,44.5,0
1058,STARLINK-2468,STARLINK-36811,6.8825,8.367,14.755,477.7,2.0833,44.5,0
1059,STARLINK-31924,STARLINK-33672,3.475,3.714,7.655,485.4,2.083,44.5,0
1060,STARLINK-4255,RUNNER-1 (TYVAK-1005),6.8768,8.686,14.73,470.3,2.0814,44.4,0
1061,STARLINK-30817,FLOCK 4G-27,5.333,6.159,11.513,491.2,2.0808,44.4,0
1062,STARLINK-4572,STARLINK-32394,4.0364,8.064,8.812,483.8,2.0801,44.4,0
1063,STARLINK-35144,STARLINK-35578,6.8005,6.906,14.561,468.3,2.08,44.4,0
1064,STARLINK-32432,STARLINK-37197,5.5622,9.113,11.984,477.6,2.0798,44.4,0
1065,STARLINK-30178,STARLINK-34093,3.566,8.417,7.832,492.6,2.0797,44.4,0
1066,STARLINK-2161,STARLINK-36830,4.7207,5.414,10.23,481.9,2.079,44.4,0
1067,STARLINK-5134,STARLINK-34198,5.2536,7.788,11.336,488.2,2.0786,44.4,0
1068,STARLINK-6312,STARLINK-30471,3.5827,8.19,7.858,485.8,2.0774,44.4,0
1069,STARLINK-3833,STARLINK-37256,5.4923,5.494,11.823,471.6,2.077,44.4,0
1070,STARLINK-34509,STARLINK-35125,5.7499,9.981,12.352,477.5,2.076,44.4,0
1071,STARLINK-30540,STARLINK-32303,4.5834,5.177,9.93,488.0,2.0759,44.4,0
1072,STARLINK-5057,STARLINK-37350,3.4302,6.855,7.529,481.6,2.074,44.3,0
1073,STARLINK-34377,STARLINK-37718,5.1922,5.203,11.184,466.9,2.0741,44.3,0
1074,STARLINK-30920,STARLINK-34953,6.738,6.819,14.384,477.4,2.0732,44.3,0
1075,STARLINK-33592,STARLINK-36906,6.608,6.8,14.105,476.7,2.0718,44.3,0
1076,STARLINK-35434,STARLINK-36821,6.8731,7.057,14.644,479.4,2.0704,44.3,0
1077,STARLINK-2410,STARLINK-36335,6.5763,7.902,14.028,481.4,2.0702,44.3,0
1078,STARLINK-4141,STARLINK-37636,6.819,8.27,14.524,481.2,2.0692,44.3,0
1079,STARLINK-3854,STARLINK-34571,3.0258,8.266,6.673,463.7,2.0686,44.3,0
1080,STARLINK-2407,STARLINK-36373,6.7923,6.886,14.459,471.2,2.0678,44.3,0
1081,STARLINK-36238,STARLINK-37517,0.8265,3.608,2.122,475.0,2.0672,44.3,0
1082,STARLINK-32683,STARLINK-36435,6.1846,6.337,13.198,464.2,2.0672,44.3,0
1083,2023-085V,STARLINK-37873,5.0112,5.433,10.77,464.4,2.0667,44.2,0
1084,STARLINK-4572,STARLINK-31742,6.629,9.155,14.113,491.8,2.0666,44.2,0
1085,STARLINK-3914,2025-055A,6.4584,6.948,13.757,542.3,2.0661,44.2,0
1086,STARLINK-3226,STARLINK-36800,6.9503,7.938,14.757,477.8,2.0638,44.2,0
1087,STARLINK-2102,STARLINK-36342,6.8777,8.629,14.606,479.7,2.0637,44.2,0
1088,STARLINK-4376,COSMOS 2613,4.5648,4.779,9.829,563.9,2.0628,44.2,0
1089,STARLINK-4398,STARLINK-33762,6.6227,6.843,14.074,472.6,2.0628,44.2,0
1090,ORBITER SN3,STARLINK-37251,6.9448,7.623,14.731,470.1,2.0618,44.2,0
1091,STARLINK-5671,STARLINK-34846,2.9182,4.351,6.426,484.9,2.0608,44.2,0
1092,STARLINK-3315,STARLINK-35308,4.6843,7.215,10.064,462.8,2.0605,44.2,0
1093,STARLINK-35493,STARLINK-36377,6.9633,7.591,14.76,472.0,2.0605,44.2,0
1094,STARLINK-32259,GLOBAL-32,5.4242,5.567,11.588,472.1,2.0604,44.2,0
1095,GESAT GEN1,KUIPER-00589,6.9293,7.251,14.687,488.6,2.0601,44.2,0
1096,STARLINK-4139,STARLINK-36759,6.8895,7.38,14.592,468.9,2.0583,44.1,0
1097,TIANMU-1 07,STARLINK-36380,6.6673,6.672,14.131,479.0,2.0577,44.1,0
1098,STARLINK-34977,STARLINK-36057,6.9604,7.875,14.733,474.5,2.0576,44.1,0
1099,STARLINK-36893,STARLINK-37228,5.9439,9.849,12.641,464.0,2.0575,44.1,0
1100,STARLINK-6324,AGGIESAT6 (AGS6),5.4463,5.456,11.614,490.6,2.0569,44.1,0
1101,STARLINK-31520,STARLINK-37361,6.9381,6.959,14.681,475.8,2.0567,44.1,0
1102,THEA,STARLINK-3935,4.6536,7.718,9.981,472.2,2.0564,44.1,0
1103,STARLINK-30324,STARLINK-34152,3.5252,3.572,7.659,492.1,2.056,44.1,0
1104,STARLINK-35104,STARLINK-36876,6.6586,9.877,14.094,477.5,2.0549,44.1,0
1105,KOSEN-1,STARLINK-31052,6.7533,8.861,14.287,486.7,2.0547,44.1,0
1106,HAWK-7B,STARLINK-35853,6.2574,7.525,13.26,485.4,2.0535,44.1,0
1107,STARLINK-3522,STARLINK-30418,4.0837,6.65,8.796,492.3,2.0534,44.1,0
1108,FLOCK 4BE-27,STARLINK-36801,6.9158,6.934,14.61,461.4,2.0532,44.1,0
1109,STARLINK-32048,STARLINK-36808,6.4456,9.389,13.642,477.8,2.0528,44.1,0
1110,STARLINK-2666,STARLINK-37007,6.9386,7.567,14.648,474.6,2.0519,44.1,0
1111,STARLINK-33757,STARLINK-34856,5.0807,9.631,10.835,484.3,2.0518,44.1,0
1112,STARLINK-31353,STARLINK-34700,2.2376,5.514,5.0,475.0,2.0512,44.1,0
1113,STARLINK-37136,STARLINK-37441,6.997,7.011,14.761,474.6,2.051,44.0,0
1114,DONGPO 10,STARLINK-37318,4.4506,5.518,9.518,463.9,2.0466,44.0,0
1115,STARLINK-35602,STARLINK-36937,5.5883,5.985,11.846,477.4,2.0465,44.0,0
1116,STARLINK-35658,STARLINK-37482,6.3975,6.438,13.5,465.0,2.0462,44.0,0
1117,STARLINK-3983,STARLINK-30225,5.3228,5.381,11.301,487.5,2.0462,44.0,0
1118,STARLINK-3762,STARLINK-37120,7.0136,8.12,14.754,471.2,2.0453,44.0,0
1119,STARLINK-34707,STARLINK-34511,6.4263,9.336,13.552,464.9,2.0452,44.0,0
1120,STARLINK-4174,STARLINK-35091,4.5157,4.706,9.643,473.0,2.0449,44.0,0
1121,STARLINK-30339,STARLINK-35703,3.6314,8.333,7.83,486.0,2.0436,44.0,0
1122,STARLINK-3665,STARLINK-37293,5.6231,6.615,11.898,466.2,2.0432,43.9,0
1123,STARLINK-3999,STARLINK-33621,4.5667,5.319,9.739,473.0,2.0431,43.9,0
1124,STARLINK-3619,STARLINK-37215,4.5552,4.637,9.714,477.6,2.0428,43.9,0
1125,STARLINK-32114,STARLINK-36850,4.1616,4.241,8.909,469.0,2.0426,43.9,0
1126,DONGPO 08,STARLINK-34315,6.8233,6.953,14.344,466.9,2.0423,43.9,0
1127,STARLINK-30893,STARLINK-36805,5.9878,9.828,12.636,463.5,2.0421,43.9,0
1128,STARLINK-3140,STARLINK-36836,5.765,5.765,12.179,470.1,2.0417,43.9,0
1129,STARLINK-36944,STARLINK-37293,6.9366,7.87,14.567,476.6,2.0412,43.9,0
1130,2025-180E,DB SKYFORGE CORE TU,7.1506,7.153,14.993,528.6,2.0397,43.9,0
1131,STARLINK-31284,STARLINK-35779,3.8563,5.415,8.272,493.1,2.0393,43.9,0
1132,STARLINK-33804,STARLINK-36626,4.9787,5.002,10.554,481.4,2.038,43.9,0
1133,STARLINK-32239,STARLINK-36640,5.3386,5.382,11.288,464.4,2.0381,43.9,0
1134,STARLINK-2711,STARLINK-37765,4.4615,5.609,9.494,469.1,2.0367,43.9,0
1135,STARLINK-5172,STARLINK-6164,5.326,9.235,11.254,486.6,2.0366,43.9,0
1136,STARLINK-33534,STARLINK-36346,6.9128,7.842,14.484,480.1,2.0363,43.9,0
1137,ICEYE-X31,STARLINK-35666,2.6223,7.375,5.746,470.6,2.0359,43.8,0
1138,STARLINK-2575,STARLINK-37011,4.1129,9.342,8.774,469.5,2.0344,43.8,0
1139,STARLINK-36638,STARLINK-36333,4.9326,5.468,10.441,477.9,2.0343,43.8,0
1140,STARLINK-34866,STARLINK-34763,6.4004,6.554,13.426,477.7,2.0341,43.8,0
1141,STARLINK-34852,STARLINK-36588,7.0512,7.158,14.748,478.2,2.0339,43.8,0
1142,STARLINK-30274,STARLINK-37264,7.0485,7.087,14.742,471.9,2.0338,43.8,0
1143,CONNECTA IOT-8,TRANSPORTER-17 OBJECT V,7.1722,7.33,14.99,597.5,2.0333,43.8,0
1144,2023-085V,STARLINK-32413,6.921,6.946,14.479,466.7,2.0333,43.8,0
1145,STARLINK-34843,STARLINK-37361,6.9577,6.963,14.551,467.9,2.0329,43.8,0
1146,STARLINK-2558,STARLINK-3826,5.4823,5.491,11.551,472.0,2.0328,43.8,0
1147,STARLINK-6084,STARLINK-32626,0.9354,6.438,2.308,484.6,2.0328,43.8,0
1148,STARLINK-30078,STARLINK-31309,1.863,5.262,4.193,484.4,2.0325,43.8,0
1149,STARLINK-32592,2025-313X,5.8746,6.25,12.342,492.8,2.0317,43.8,0
1150,STARLINK-5227,STARLINK-36562,7.0372,8.282,14.702,475.2,2.0314,43.8,0
1151,2023-085Y,STARLINK-30561,7.0495,7.77,14.725,465.8,2.0312,43.8,0
1152,STARLINK-33568,STARLINK-36622,6.5303,6.793,13.667,477.3,2.0307,43.8,0
1153,STARLINK-5971,STARLINK-33674,1.5524,1.976,3.556,484.7,2.0292,43.8,0
1154,STARLINK-35359,STARLINK-35614,6.5853,6.585,13.766,465.3,2.0288,43.8,0
1155,STARLINK-33837,STARLINK-37715,6.8506,7.25,14.304,470.3,2.0288,43.8,0
1156,STARLINK-3975,STARLINK-34674,5.0268,5.195,10.601,465.4,2.0282,43.7,0
1157,STARLINK-31051,STARLINK-36885,5.8243,6.29,12.218,471.3,2.0281,43.7,0
1158,STARLINK-3655,2026-106B,7.0545,8.25,14.703,533.2,2.0267,43.7,0
1159,STARLINK-32590,STARLINK-35568,4.2477,4.391,9.007,489.7,2.0251,43.7,0
1160,STARLINK-2178,STARLINK-34151,5.8169,5.837,12.184,477.6,2.025,43.7,0
1161,STARLINK-4080,STARLINK-35835,5.218,7.365,10.961,489.3,2.0231,43.7,0
1162,STARLINK-32347,STARLINK-35170,6.9657,9.227,14.493,476.8,2.0226,43.7,0
1163,STARLINK-2257,STARLINK-36871,6.7955,6.864,14.147,470.3,2.0223,43.7,0
1164,STARLINK-30515,STARLINK-33654,3.5713,3.709,7.625,485.6,2.0218,43.7,0
1165,STARLINK-4538,STARLINK-35127,5.8484,7.187,12.221,468.8,2.0205,43.7,0
1166,STARLINK-34185,STARLINK-37657,7.0695,7.95,14.687,475.5,2.0204,43.6,0
1167,STARLINK-3646,STARLINK-31629,5.8379,9.275,12.197,481.7,2.0201,43.6,0
1168,KOSEN-1,STARLINK-32819,6.8462,9.81,14.232,492.1,2.0198,43.6,0
1169,STARLINK-3848,STARLINK-34963,2.6838,3.888,5.824,476.2,2.0196,43.6,0
1170,STARLINK-3706,STARLINK-34858,5.7824,6.286,12.079,467.4,2.0191,43.6,0
1171,STARLINK-31967,STARLINK-37292,6.2296,6.254,12.979,464.9,2.0186,43.6,0
1172,STARLINK-2257,STARLINK-36871,6.7966,6.8,14.118,481.2,2.0178,43.6,0
1173,STARLINK-32464,2025-313AA,6.6948,6.702,13.906,489.1,2.0169,43.6,0
1174,AEROCUBE 6A,STARLINK-35053,5.5551,6.101,11.607,567.4,2.0168,43.6,0
1175,ICEYE-X31,STARLINK-37083,7.1839,9.752,14.889,463.6,2.0164,43.6,0
1176,STARLINK-31256,STARLINK-36539,3.7246,3.96,7.913,486.0,2.0163,43.6,0
1177,STARLINK-3881,2025-055G,6.7189,7.065,13.948,495.4,2.0159,43.6,0
1178,2023-091AS,HMU-SAT2,6.727,8.871,13.96,371.3,2.0153,43.6,0
1179,STARLINK-33571,STARLINK-35198,6.6417,6.737,13.786,477.9,2.015,43.6,0
1180,STARLINK-31421,STARLINK-37177,7.0345,8.112,14.576,468.6,2.0148,43.6,0
1181,STARLINK-31907,STARLINK-33865,3.6901,6.788,7.837,492.2,2.0146,43.6,0
1182,STARLINK-3295,STARLINK-37339,7.1306,7.165,14.762,474.0,2.0138,43.6,0
1183,STARLINK-32046,STARLINK-36894,7.0364,7.247,14.566,480.2,2.0129,43.6,0
1184,STARLINK-4499,STARLINK-32154,4.185,8.065,8.823,476.0,2.0121,43.5,0
1185,STARLINK-3749,STARLINK-35846,5.1577,6.262,10.78,475.3,2.0121,43.5,0
1186,STARLINK-6242,STARLINK-36957,4.4994,9.941,9.455,487.1,2.012,43.5,0
1187,STARLINK-6316,2024-153F,6.9372,7.26,14.352,493.4,2.0109,43.5,0
1188,STARLINK-30900,STARLINK-36660,4.7416,5.026,9.928,488.0,2.0091,43.5,0
1189,STARLINK-31793,STARLINK-37720,5.3763,5.38,11.2,477.8,2.0085,43.5,0
1190,STARLINK-2105,STARLINK-36693,7.1238,7.187,14.696,479.6,2.0066,43.5,0
1191,STARLINK-32121,STARLINK-37425,3.8468,7.494,8.118,469.8,2.006,43.5,0
1192,STARLINK-35541,STARLINK-37501,5.9226,7.251,12.28,482.7,2.0057,43.5,0
1193,STARLINK-35168,STARLINK-37665,3.386,3.401,7.19,462.7,2.005,43.4,0
1194,STARLINK-34908,STARLINK-37425,6.9904,6.991,14.415,467.0,2.0048,43.4,0
1195,STARLINK-31324,TEVEL2-8,6.0826,7.195,12.594,464.4,2.0046,43.4,0
1196,STARLINK-36277,STARLINK-36536,6.6784,7.158,13.788,477.3,2.0045,43.4,0
1197,STARLINK-4443,STARLINK-34960,6.4313,6.517,13.292,477.9,2.0044,43.4,0
1198,STARLINK-34979,STARLINK-37288,7.1205,7.148,14.674,475.3,2.0045,43.4,0
1199,STARLINK-35259,STARLINK-36561,7.0344,7.131,14.483,476.3,2.002,43.4,0
1200,STARLINK-36805,STARLINK-37403,4.475,8.884,9.358,480.6,2.0017,43.4,0
1201,STARLINK-35141,STARLINK-37819,5.958,7.517,12.309,468.7,1.9989,43.4,0
1202,STARLINK-2450,STARLINK-37316,6.7474,7.177,13.884,469.4,1.9984,43.4,0
1203,STARLINK-32386,STARLINK-37725,6.9366,8.305,14.262,466.2,1.9984,43.4,0
1204,STARLINK-2731,STARLINK-37249,6.2666,7.722,12.916,481.5,1.9973,43.3,0
1205,STARLINK-2647,STARLINK-35718,4.0943,4.257,8.573,485.0,1.9964,43.3,0
1206,STARLINK-32795,STARLINK-37267,6.4629,6.467,13.292,463.8,1.9949,43.3,0
1207,STARLINK-35147,STARLINK-37627,6.4998,6.587,13.363,464.5,1.9945,43.3,0
1208,STARLINK-32722,STARLINK-36229,6.7913,7.189,13.942,477.2,1.9942,43.3,0
1209,STARLINK-35148,STARLINK-37456,5.5088,8.97,11.385,477.4,1.9943,43.3,0
1210,STARLINK-4470,STARLINK-34910,6.9614,8.173,14.275,461.0,1.9933,43.3,0
1211,IRIDE-MS2-HEO-6,ICEYE-X81,6.9847,8.002,14.319,608.9,1.993,43.3,0
1212,JY1SAT (JO-97),STARLINK-36899,7.1712,9.252,14.689,472.8,1.9928,43.3,0
1213,STARLINK-4051,STARLINK-36691,2.7024,7.456,5.784,475.3,1.9928,43.3,0
1214,EXO-0,STARLINK-37340,7.0972,7.843,14.539,467.4,1.9924,43.3,0
1215,STARLINK-30774,STARLINK-32498,3.7429,6.584,7.853,491.9,1.9917,43.3,0
1216,STARLINK-3195,STARLINK-37527,7.1902,7.412,14.711,470.2,1.9906,43.3,0
1217,STARLINK-35626,STARLINK-37046,6.2163,6.856,12.772,464.2,1.9906,43.3,0
1218,STARLINK-3625,STARLINK-34206,4.6133,9.265,9.581,466.0,1.9905,43.3,0
1219,STARLINK-2153,STARLINK-37879,6.6351,7.573,13.599,481.9,1.9896,43.2,0
1220,TIANMU-1 22,STARLINK-35570,7.1889,7.201,14.699,483.2,1.9893,43.2,0
1221,STARLINK-34589,STARLINK-37516,7.2246,7.538,14.763,472.6,1.9884,43.2,0
1222,STARLINK-34980,STARLINK-35095,3.3973,4.075,7.148,481.1,1.987,43.2,0
1223,STARLINK-37189,STARLINK-36242,5.357,5.73,11.041,464.0,1.9869,43.2,0
1224,STARLINK-35630,STARLINK-37799,6.88,7.542,14.065,465.6,1.9866,43.2,0
1225,STARLINK-4637,STARLINK-32252,3.1588,7.3,6.672,461.0,1.9864,43.2,0
1226,STARLINK-31164,STARLINK-35924,2.3487,9.739,5.062,492.6,1.9861,43.2,1
1227,STARLINK-3299,STARLINK-37304,7.1881,8.187,14.668,474.5,1.9854,43.2,0
1228,STARLINK-4415,STARLINK-37068,5.7312,6.017,11.775,477.5,1.9853,43.2,0
1229,STARLINK-33843,STARLINK-34486,5.8952,6.523,12.097,479.9,1.9847,43.2,0
1230,STARLINK-3940,STARLINK-35627,4.0113,6.387,8.349,473.0,1.9825,43.2,0
1231,STARLINK-30205,STARLINK-31833,2.6259,2.695,5.602,491.4,1.9824,43.1,0
1232,STARLINK-34493,STARLINK-37635,6.0674,6.224,12.422,477.9,1.982,43.1,0
1233,STARLINK-5100,NEXTSAT-2,7.038,7.393,14.341,491.4,1.9813,43.1,0
1234,STARLINK-30278,STARLINK-37616,7.1718,7.382,14.595,469.3,1.9798,43.1,0
1235,STARLINK-4499,STARLINK-30410,5.5698,6.345,11.421,479.6,1.9794,43.1,0
1236,STARLINK-31738,STARLINK-35447,3.0512,3.22,6.435,492.5,1.9793,43.1,0
1237,EDISON-1,STARLINK-34602,3.3144,5.927,6.952,481.1,1.9781,43.1,0
1238,2024-092B,STARLINK-36415,6.2238,7.19,12.703,495.0,1.9775,43.1,0
1239,STARLINK-32129,STARLINK-35725,5.9609,6.241,12.179,464.5,1.9768,43.1,0
1240,STARLINK-34174,STARLINK-37743,7.1894,8.15,14.601,468.5,1.9759,43.1,0
1241,STARLINK-6085,GARAI-A,5.7564,6.244,11.764,525.6,1.975,43.0,0
1242,SITRO-AIS 6 (CHIRKIN),STARLINK-35380,7.083,7.414,14.379,489.6,1.9743,43.0,0
1243,STARLINK-31063,STARLINK-37724,6.3964,7.351,13.021,464.8,1.974,43.0,0
1244,STARLINK-4398,STARLINK-34217,7.2241,8.704,14.651,463.9,1.9734,43.0,0
1245,STARLINK-34552,STARLINK-37444,7.282,8.171,14.758,473.7,1.9725,43.0,0
1246,STARLINK-5828,STARLINK-32329,2.3633,6.672,5.055,485.0,1.9721,43.0,1
1247,STARLINK-30433,STARLINK-34846,3.7944,7.528,7.874,492.1,1.9713,43.0,0
1248,STARLINK-30606,STARLINK-37722,7.2711,7.609,14.726,475.0,1.9711,43.0,0
1249,STARLINK-4489,STARLINK-4642,5.9815,6.676,12.184,468.4,1.971,43.0,0
1250,STARLINK-31764,COSMOS 2607,6.77,6.892,13.737,490.0,1.9709,43.0,0
1251,STARLINK-34063,STARLINK-37388,5.1179,7.3,10.471,468.4,1.969,43.0,0
1252,STARLINK-2227,ARCSTONE,7.2948,7.313,14.755,475.2,1.9687,43.0,0
1253,STARLINK-33837,STARLINK-37715,7.052,8.173,14.275,481.5,1.9684,43.0,0
1254,STARLINK-5585,STARLINK-35878,2.3768,2.392,5.07,484.7,1.9676,43.0,1
1255,SUOMI-100,STARLINK-4200,7.2984,7.839,14.75,479.3,1.9671,42.9,0
1256,STARLINK-37408,STARLINK-37865,6.6239,6.639,13.423,465.2,1.9671,42.9,0
1257,STARLINK-35425,STARLINK-37291,3.2648,6.552,6.814,462.0,1.9666,42.9,0
1258,STARLINK-11224 [DTC],STARLINK-11493 [DTC],5.1953,7.404,10.601,362.4,1.9649,42.9,0
1259,STARLINK-31836,STARLINK-36390,4.1052,5.685,8.451,481.6,1.963,42.9,0
1260,LYNK TOWER 3,STARLINK-36572,7.505,7.539,15.125,468.9,1.963,42.9,0
1261,GENMAT-1,STARLINK-32860,5.915,7.881,12.002,476.8,1.9627,42.9,0
1262,NETSAT-1,STARLINK-31036,5.7946,9.577,11.763,473.5,1.9623,42.9,0
1263,STARLINK-2745,STARLINK-33664,5.3973,5.505,10.977,485.5,1.9611,42.9,0
1264,STARLINK-34903,STARLINK-37655,7.3269,7.756,14.76,473.5,1.961,42.9,0
1265,STARLINK-31835,STARLINK-37543,3.49,9.841,7.234,471.0,1.9604,42.9,0
1266,STARLINK-5765,STARLINK-36214,3.6887,8.641,7.622,492.2,1.96,42.9,0
1267,STARLINK-30529,STARLINK-37327,7.0909,7.096,14.286,477.4,1.9594,42.8,0
1268,STARLINK-2139,STARLINK-35548,5.187,5.793,10.555,484.8,1.9593,42.8,0
1269,STARLINK-36710,STARLINK-37257,5.833,6.381,11.816,464.0,1.9586,42.8,0
1270,STARLINK-2400,STARLINK-37530,6.0691,6.286,12.278,481.8,1.9585,42.8,0
1271,STARLINK-3352,STARLINK-30617,5.5308,7.871,11.219,474.4,1.9577,42.8,0
1272,STARLINK-36261,COSMOS 2606,7.1043,7.94,14.291,488.3,1.9565,42.8,0
1273,STARLINK-4643,STARLINK-35814,4.9236,8.045,10.023,488.7,1.9562,42.8,0
1274,STARLINK-31744,STARLINK-33941,2.3788,2.379,5.045,484.6,1.9563,42.8,1
1275,TANSTAAFL-2,STARLINK-37627,7.1835,7.575,14.443,478.2,1.9561,42.8,0
1276,STARLINK-4175,STARLINK-37224,7.3437,7.761,14.754,475.4,1.9558,42.8,0
1277,STARLINK-33978,SHIYAN-33,7.0464,7.36,14.164,488.3,1.9546,42.8,0
1278,STARLINK-36804,STARLINK-37023,7.2988,8.607,14.651,468.9,1.9538,42.8,0
1279,STARLINK-3992,STARLINK-34800,5.2623,9.782,10.666,475.9,1.9527,42.8,0
1280,STARLINK-31870,STARLINK-36611,2.4263,3.919,5.125,484.7,1.9514,42.7,1
1281,STARLINK-1810,STARLINK-38084,7.2418,8.752,14.521,357.5,1.9513,42.7,0
1282,STARLINK-31315,STARLINK-35735,3.2869,3.298,6.802,475.0,1.9507,42.7,0
1283,STARLINK-30331,STARLINK-33791,4.7725,5.184,9.695,491.3,1.9497,42.7,0
1284,STARLINK-34410,STARLINK-36672,4.4658,4.992,9.096,478.8,1.9495,42.7,0
1285,STARLINK-36307,STARLINK-36290,7.2016,7.306,14.429,467.1,1.9494,42.7,0
1286,STARLINK-37333,KUIPER-00646,5.9087,5.924,11.902,470.1,1.9484,42.7,0
1287,SHIJIAN-6 05A (SJ-6 05A),STARLINK-5953,7.4859,7.55,14.973,574.3,1.9481,42.7,0
1288,STARLINK-35063,STARLINK-35231,6.8129,8.06,13.658,465.2,1.9476,42.7,0
1289,STARLINK-4715,STARLINK-34752,5.703,7.06,11.494,472.0,1.9471,42.7,0
1290,2023-085AD,STARLINK-35081,7.2164,8.867,14.437,465.5,1.9466,42.7,0
1291,STARLINK-34878,STARLINK-37122,7.3856,7.388,14.759,476.5,1.9457,42.7,0
1292,ORBASTRO-PC-1,STARLINK-37436,5.5053,6.086,11.098,419.5,1.9452,42.7,0
1293,STARLINK-5233,STARLINK-37854,7.3777,7.38,14.734,475.3,1.9444,42.6,0
1294,STARLINK-3726,STARLINK-37486,5.1202,6.305,10.342,475.4,1.9439,42.6,0
1295,GEOSCAN 5 (RS92S5),STARLINK-35200,7.3854,7.385,14.745,471.2,1.9439,42.6,0
1296,STARLINK-3354,STARLINK-34932,4.7349,4.895,9.591,476.7,1.9435,42.6,0
1297,ALTAIR (RS65S),STARLINK-37941,7.5885,7.596,15.131,469.0,1.9427,42.6,0
1298,STARLINK-32195,STARLINK-37127,3.5993,6.979,7.378,474.9,1.9419,42.6,0
1299,STARLINK-30100,STARLINK-34100,3.859,4.642,7.882,485.7,1.9419,42.6,0
1300,EDISON-1,STARLINK-33648,7.3987,7.696,14.754,479.5,1.9416,42.6,0
1301,STARLINK-30268,HERMES-5,7.1567,8.312,14.284,488.9,1.9416,42.6,0
1302,STARLINK-31828,STARLINK-35055,7.3263,8.312,14.611,479.5,1.9413,42.6,0
1303,STARLINK-5692,STARLINK-36611,2.951,7.53,6.116,492.2,1.941,42.6,0
1304,STARLINK-2630,STARLINK-34800,6.0944,6.683,12.216,481.0,1.9408,42.6,0
1305,STARLINK-33634,STARLINK-37157,6.3884,6.398,12.779,464.4,1.9396,42.6,0
1306,STARLINK-35408,STARLINK-36881,6.726,6.728,13.426,477.5,1.9385,42.6,0
1307,STARLINK-3871,STARLINK-36419,7.1924,7.255,14.33,479.5,1.9385,42.6,0
1308,STARLINK-1807,STARLINK-30711,5.9685,8.024,11.957,471.3,1.9384,42.6,0
1309,STARLINK-32438,STARLINK-35209,5.968,6.782,11.954,467.8,1.9381,42.6,0
1310,STARLINK-3616,STARLINK-37732,7.4116,8.219,14.75,471.9,1.9378,42.6,0
1311,STARLINK-35090,STARLINK-37838,7.0942,7.46,14.129,465.6,1.937,42.5,0
1312,STARLINK-32459,TEVEL2-3,4.0452,7.989,8.223,463.8,1.937,42.5,0
1313,STARLINK-36704,STARLINK-36782,4.6304,7.478,9.356,480.3,1.9369,42.5,0
1314,STARLINK-3202,STARLINK-32312,3.351,5.588,6.877,461.0,1.9366,42.5,0
1315,STARLINK-34331,STARLINK-36244,6.9348,7.327,13.811,465.0,1.9357,42.5,0
1316,STARLINK-34250,STARLINK-36756,7.1058,7.665,14.14,466.4,1.9354,42.5,0
1317,STARLINK-33974,STARLINK-35474,3.8514,4.921,7.841,491.9,1.9354,42.5,0
1318,2024-110C,STARLINK-36192,7.5412,7.542,14.979,581.8,1.935,42.5,0
1319,STARLINK-2097,STARLINK-4175,5.6417,5.642,11.301,471.4,1.9345,42.5,0
1320,STARLINK-35753,STARLINK-36916,6.8085,8.571,13.549,464.8,1.9332,42.5,0
1321,STARLINK-30275,STARLINK-37231,7.1821,7.253,14.26,466.0,1.9317,42.5,0
1322,STARLINK-4121,ION SCV-008,7.0803,8.109,14.059,480.5,1.9311,42.5,0
1323,STARLINK-3931,STARLINK-4723,5.8102,6.317,11.605,478.9,1.9309,42.5,0
1324,STARLINK-34923,STARLINK-37162,6.6761,7.821,13.264,477.4,1.929,42.4,0
1325,STARLINK-4567,STARLINK-30829,0.8935,2.64,2.109,470.0,1.9287,42.4,0
1326,STARLINK-4642,STARLINK-34795,3.6304,7.074,7.388,463.0,1.9288,42.4,0
1327,STARLINK-36100,STARLINK-36874,7.4286,7.429,14.712,471.1,1.9285,42.4,0
1328,STARLINK-30583,STARLINK-35620,4.9514,4.974,9.932,491.1,1.928,42.4,0
1329,STARLINK-32681,STARLINK-34091,3.8637,3.979,7.834,491.8,1.9278,42.4,0
1330,ANSER FOLLOWER 1,ISS OBJECT YN,7.1793,9.976,14.221,411.3,1.9271,42.4,0
1331,STARLINK-30930,STARLINK-36645,5.6894,8.385,11.349,477.6,1.927,42.4,0
1332,STARLINK-30212,STARLINK-31984,5.5795,5.624,11.136,483.2,1.9268,42.4,0
1333,STARLINK-4610,STARLINK-4471,6.8845,6.975,13.647,550.9,1.9263,42.4,0
1334,STARLINK-5468,STARLINK-31871,5.6504,7.399,11.267,486.7,1.9259,42.4,0
1335,STARLINK-30222,FLOCK 4G-14,6.7772,6.893,13.436,490.4,1.9257,42.4,0
1336,STARLINK-5181,STARLINK-36117,5.6423,5.865,11.247,489.0,1.9251,42.4,0
1337,STARLINK-31280,STARLINK-37288,6.0215,7.062,11.96,472.4,1.9224,42.3,0
1338,GAOFEN-9 05,STARLINK-34886,7.2561,9.088,14.332,479.8,1.9222,42.3,0
1339,STARLINK-34917,STARLINK-35208,5.7213,5.729,11.376,464.2,1.9212,42.3,0
1340,STARLINK-32689,STARLINK-37869,7.3888,9.152,14.579,468.4,1.9211,42.3,0
1341,STARLINK-34267,STARLINK-36411,7.3989,8.791,14.596,468.4,1.9208,42.3,0
1342,STARLINK-5122,STARLINK-35691,6.1188,7.44,12.134,467.6,1.9203,42.3,0
1343,TRANSPORTER-12 OBJECT BT,STARLINK-35955,5.8106,6.837,11.539,474.6,1.9198,42.3,0
1344,STARLINK-2646,JILIN-1 GAOFEN 03D48,7.1988,7.22,14.204,468.5,1.9198,42.3,0
1345,STARLINK-32844,STARLINK-37766,7.0418,9.015,13.898,469.6,1.9191,42.3,0
1346,STARLINK-3356,STARLINK-35287,0.6984,3.5,1.724,462.3,1.919,42.3,0
1347,STARLINK-3665,GEOSCAN 5 (RS92S5),2.9842,5.152,6.11,465.0,1.9188,42.3,0
1348,STARLINK-36077,STARLINK-37475,7.1966,8.163,14.178,466.1,1.9168,42.3,0
1349,STARLINK-36596,STARLINK-37136,7.3995,7.508,14.563,477.9,1.9163,42.3,0
1350,STARLINK-35042,STARLINK-37529,5.8273,9.519,11.542,463.8,1.915,42.2,0
1351,STARLINK-33581,STARLINK-37360,3.1592,5.965,6.432,480.1,1.9147,42.2,0
1352,STARLINK-30469,STARLINK-36208,4.9917,8.87,9.94,488.1,1.9146,42.2,0
1353,STARLINK-4159,STARLINK-32813,3.5429,9.641,7.166,473.6,1.9146,42.2,0
1354,STARLINK-36110,STARLINK-36701,7.4953,9.482,14.726,469.9,1.9136,42.2,0
1355,STARLINK-31506,LIZZIESAT-2 (LS-2),5.8246,7.334,11.528,482.6,1.9135,42.2,0
1356,STARLINK-4514,STARLINK-32654,4.961,4.995,9.873,462.0,1.913,42.2,0
1357,STARLINK-6030,FOSSASAT-2E20 (TAT-O),7.1261,8.198,14.013,490.7,1.9128,42.2,0
1358,STARLINK-2367,STARLINK-36403,4.6309,9.967,9.24,481.6,1.9127,42.2,0
1359,STARLINK-31151,STARLINK-35932,2.4458,2.669,5.06,492.5,1.9125,42.2,1
1360,STARLINK-34404,STARLINK-36597,7.0066,7.438,13.781,465.6,1.9123,42.2,0
1361,STARLINK-34933,STARLINK-35455,7.0019,8.304,13.771,477.5,1.9121,42.2,0
1362,STARLINK-36373,STARLINK-37665,6.7339,8.047,13.256,464.0,1.9118,42.2,0
1363,STARLINK-5567,STARLINK-34100,4.8887,5.571,9.726,487.5,1.9113,42.2,0
1364,STARLINK-5994,UM5-EOSAT,7.3354,7.515,14.402,580.6,1.9112,42.2,0
1365,STARLINK-31117,STARLINK-37476,7.3442,7.648,14.414,483.0,1.9106,42.2,0
1366,STARLINK-5162,STARLINK-34242,6.0932,7.854,12.024,478.8,1.9106,42.2,0
1367,STARLINK-2543,CONTINUUM-1,7.4769,8.827,14.658,482.4,1.9094,42.2,0
1368,STARLINK-3293,HERMES-2,7.1159,9.823,13.969,485.8,1.9094,42.2,0
1369,YAOGAN-43 01G,STARLINK-36805,4.9183,4.923,9.772,482.3,1.9092,42.2,0
1370,STARLINK-4125,STARLINK-4619,6.006,8.931,11.848,483.5,1.9091,42.2,0
1371,STARLINK-3907,YAOGAN-36 01A,4.5192,4.605,9.007,501.4,1.9086,42.2,0
1372,DAMPE,STARLINK-37514,7.7003,7.709,15.078,480.1,1.9085,42.2,0
1373,STARLINK-34561,STARLINK-36621,7.5166,7.52,14.727,481.7,1.9085,42.2,0
1374,STARLINK-1540,STARLINK-37860,4.8439,5.42,9.625,481.5,1.9082,42.2,0
1375,STARLINK-2088,STARLINK-37007,7.2524,8.176,14.216,470.6,1.9076,42.1,0
1376,STARLINK-2225,STARLINK-36719,5.5849,6.24,11.033,468.3,1.9072,42.1,0
1377,KSM1-A,STARLINK-5801,4.9345,7.957,9.792,491.8,1.9071,42.1,0
1378,STARLINK-35651,STARLINK-36584,7.5415,7.588,14.764,472.5,1.9071,42.1,0
1379,LEMUR-2-AMANDA-SVANTE,STARLINK-35658,7.4865,8.121,14.648,462.8,1.9057,42.1,0
1380,GENMAT-1,STARLINK-34901,5.4458,6.377,10.746,459.4,1.9034,42.1,0
1381,STARLINK-30423,STARLINK-37930,5.4631,7.789,10.779,469.6,1.9034,42.1,0
1382,STARLINK-36916,STARLINK-37233,6.1058,8.35,11.998,463.9,1.9027,42.1,0
1383,STARLINK-4787,STARLINK-31019,3.8441,4.422,7.692,461.7,1.902,42.1,0
1384,STARLINK-35620,STARLINK-36442,2.4646,7.05,5.068,484.5,1.902,42.1,1
1385,STARLINK-32181,STARLINK-37279,6.6854,7.869,13.09,464.6,1.9011,42.1,0
1386,STARLINK-2536,STARLINK-36620,5.8856,7.953,11.568,481.5,1.9009,42.1,0
1387,STARLINK-30782,STARLINK-31348,3.0343,8.383,6.143,492.1,1.8993,42.0,0
1388,COSMOS 2548,COSMOS 2597 (RODNIK-S *),6.5803,6.814,12.866,1483.8,1.8976,42.0,0
1389,CONTECSAT-1,STARLINK-36306,6.7491,8.403,13.184,478.2,1.8972,42.0,0
1390,STARLINK-35190,STARLINK-35287,7.1136,9.424,13.866,477.3,1.8959,42.0,0
1391,STARLINK-34527,STARLINK-36576,5.1883,5.574,10.212,464.8,1.8952,42.0,0
1392,STARLINK-31249,STARLINK-36695,4.6288,6.283,9.152,466.6,1.8953,42.0,0
1393,STARLINK-34466,STARLINK-37195,7.492,8.398,14.569,468.3,1.894,42.0,0
1394,DOJO,KUIPER-00129,7.1017,8.3,13.828,639.1,1.8938,42.0,0
1395,STARLINK-36500,STARLINK-36647,2.4963,9.564,5.105,484.4,1.8933,41.9,1
1396,STARLINK-32026,STARLINK-37890,0.9442,0.97,2.165,461.8,1.8922,41.9,0
1397,STARLINK-32120,FLOCK 4G-18,7.5944,8.547,14.747,484.0,1.892,41.9,0
1398,STARLINK-30250,STARLINK-31573,5.2949,5.354,10.396,490.0,1.8919,41.9,0
1399,STARLINK-34332,STARLINK-36160,2.1095,2.704,4.367,461.7,1.8909,41.9,0
1400,STARLINK-5328,BRO-12,7.7645,8.569,15.057,582.8,1.8905,41.9,0
1401,STARLINK-35545,STARLINK-36403,6.4074,6.817,12.491,464.7,1.8905,41.9,0
1402,STARLINK-6312,STARLINK-30471,3.9525,4.837,7.85,492.5,1.8904,41.9,0
1403,STARLINK-30425,STARLINK-35214,2.4348,7.228,4.979,461.8,1.8897,41.9,0
1404,STARLINK-33939,STARLINK-37946,3.0695,5.666,6.178,479.9,1.8896,41.9,0
1405,STARLINK-4260,STARLINK-36699,5.2593,6.049,10.314,478.9,1.8893,41.9,0
1406,STARLINK-34523,STARLINK-37154,7.562,8.547,14.664,469.6,1.8892,41.9,0
1407,LEMUR-2-AMANDA-SVANTE,STARLINK-31517,5.3908,8.211,10.56,473.3,1.8888,41.9,0
1408,STARLINK-30775,STARLINK-35699,5.0507,7.168,9.917,487.8,1.8887,41.9,0
1409,STARLINK-33718,STARLINK-34062,3.9642,8.606,7.863,492.1,1.8882,41.9,0
1410,STARLINK-3545,STARLINK-4398,6.6414,9.217,12.915,471.4,1.8878,41.9,0
1411,STARLINK-30358,STARLINK-35887,3.9855,4.144,7.881,485.7,1.8829,41.8,0
1412,STARLINK-4567,STARLINK-30829,0.9204,7.524,2.109,470.2,1.8824,41.8,0
1413,STARLINK-4297,2024-092E,7.4428,7.642,14.388,461.5,1.8826,41.8,0
1414,STARLINK-34917,STARLINK-36840,7.6459,8.006,14.76,473.7,1.8812,41.8,0
1415,STARLINK-32427,STARLINK-36430,3.9701,6.085,7.844,492.5,1.881,41.8,0
1416,GRAVITAS,KUIPER-00286,7.5134,7.681,14.508,652.4,1.8809,41.8,0
1417,STARLINK-32520,STARLINK-36235,7.0222,8.893,13.578,464.8,1.88,41.8,0
1418,2024-203A,STARLINK-36955,7.6312,8.1,14.72,469.9,1.8797,41.8,0
1419,2023-091H,STARLINK-31829,7.6201,8.458,14.697,482.8,1.8794,41.8,0
1420,STARLINK-37185,STARLINK-37568,7.5984,7.967,14.656,469.4,1.8794,41.8,0
1421,STARLINK-2166,STARLINK-36631,5.9328,8.25,11.521,468.8,1.8786,41.8,0
1422,STARLINK-36109,STARLINK-37782,7.641,9.544,14.73,474.1,1.8786,41.7,0
1423,STARLINK-1047,LEMUR-2-AMANDA-SVANTE,5.9218,6.644,11.496,456.3,1.8779,41.7,0
1424,STARLINK-36332,STARLINK-37611,7.5746,7.896,14.598,475.9,1.8777,41.7,0
1425,PAKTES 1A,STARLINK-5817,7.7613,9.801,14.947,585.1,1.8775,41.7,0
1426,STARLINK-35326,STARLINK-37190,7.6134,9.349,14.668,469.4,1.8773,41.7,0
1427,STARLINK-3835,YAOGAN-43 02E,5.3605,7.403,10.432,506.1,1.8761,41.7,0
1428,STARLINK-32418,STARLINK-34801,3.4861,9.711,6.915,490.7,1.876,41.7,0
1429,STARLINK-32245,STARLINK-34026,2.4956,2.928,5.055,483.9,1.8753,41.7,1
1430,ION SCV-008,STARLINK-37105,6.0492,6.147,11.718,483.6,1.8751,41.7,0
1431,STARLINK-3508,STARLINK-5735,5.855,9.337,11.35,490.8,1.8745,41.7,0
1432,STARLINK-34713,STARLINK-37453,7.6712,8.248,14.753,471.7,1.8743,41.7,0
1433,STARLINK-35645,STARLINK-37547,7.0655,7.104,13.614,477.4,1.8738,41.7,0
1434,STARLINK-35560,STARLINK-37006,0.9445,8.022,2.144,461.5,1.8733,41.7,0
1435,STARLINK-32207,STARLINK-37943,7.3548,8.697,14.155,466.2,1.8736,41.7,0
1436,STARLINK-4217,STARLINK-35550,3.9234,4.534,7.723,474.9,1.873,41.7,0
1437,STARLINK-31382,2024-174D,7.1122,8.651,13.693,492.0,1.8726,41.7,0
1438,STARLINK-5412,STARLINK-37945,7.4737,8.153,14.363,478.4,1.8717,41.7,0
1439,EXO-0,STARLINK-32856,5.0412,6.436,9.808,462.9,1.8713,41.6,0
1440,STARLINK-35752,STARLINK-37443,7.6816,7.875,14.741,470.7,1.8703,41.6,0
1441,STARLINK-32847,STARLINK-36703,6.9002,6.92,13.277,484.5,1.8699,41.6,0
1442,STARLINK-34694,STARLINK-36826,7.5727,7.587,14.534,482.5,1.8699,41.6,0
1443,STARLINK-31035,STARLINK-37784,7.4966,9.251,14.391,477.4,1.8698,41.6,0
1444,STARLINK-34361,STARLINK-36593,6.9651,9.516,13.386,477.8,1.8682,41.6,0
1445,STARLINK-35158,STARLINK-36568,6.67,6.7,12.828,478.1,1.8672,41.6,0
1446,STARLINK-4049,STARLINK-36604,7.3978,8.143,14.185,465.8,1.867,41.6,0
1447,STARLINK-34000,STARLINK-37122,4.7396,4.745,9.219,469.0,1.8663,41.6,0
1448,STARLINK-34543,STARLINK-37287,3.7188,3.95,7.314,480.8,1.8664,41.6,0
1449,STARLINK-30267,STARLINK-36906,6.3801,7.453,12.269,464.2,1.8646,41.6,0
1450,STARLINK-4415,STARLINK-33618,7.2524,7.674,13.889,464.7,1.8637,41.5,0
1451,STARLINK-31544,STARLINK-32937,1.7242,5.014,3.586,484.6,1.8636,41.5,0
1452,STARLINK-2405,STARLINK-36560,4.7466,4.772,9.218,481.6,1.8635,41.5,0
1453,STARLINK-31263,STARLINK-35510,1.1562,3.321,2.527,475.4,1.8633,41.5,0
1454,STARLINK-6243,STARLINK-32745,2.5127,2.662,5.054,484.7,1.8631,41.5,0
1455,SITRO-AIS 8 (ANOKHIN),TEVEL2-4,7.8872,8.384,15.068,473.3,1.8632,41.5,0
1456,STARLINK-4714,STARLINK-34947,6.9065,7.438,13.228,468.9,1.8614,41.5,0
1457,HERMES-4,STARLINK-35497,7.0048,8.104,13.411,473.0,1.8614,41.5,0
1458,STARLINK-4546,STARLINK-35585,3.6633,5.764,7.191,475.1,1.8614,41.5,0
1459,STARLINK-3555,STARLINK-31551,3.9182,7.399,7.664,493.3,1.861,41.5,0
1460,JY1SAT (JO-97),STARLINK-2534,7.045,7.263,13.479,480.3,1.8605,41.5,0
1461,STARLINK-31489,SITRO-AIS-58,7.1555,9.032,13.682,495.0,1.8601,41.5,0
1462,STARLINK-2622,STARLINK-2648,5.4107,6.126,10.436,474.8,1.86,41.5,0
1463,STARLINK-30358,STARLINK-36081,1.2324,6.297,2.663,484.1,1.8591,41.5,0
1464,STARLINK-3572,STARLINK-36306,7.6291,9.266,14.547,468.0,1.8581,41.5,0
1465,STARLINK-31798,COSMOS 2608,7.2054,9.915,13.759,489.8,1.858,41.5,0
1466,HERMES-4,STARLINK-36708,7.5479,8.007,14.394,467.3,1.8578,41.5,0
1467,STARLINK-1527,STARLINK-36369,5.9557,6.026,11.428,481.6,1.8565,41.4,0
1468,STARLINK-35593,STARLINK-36687,7.6924,7.871,14.652,469.1,1.8565,41.4,0
1469,SENTINEL-2B,SHIYAN-28B 02,5.8668,6.48,11.26,796.0,1.856,41.4,0
1470,STARLINK-4089,STARLINK-36543,5.0246,5.047,9.697,483.6,1.856,41.4,0
1471,STARLINK-34429,STARLINK-37314,4.9348,4.939,9.53,478.1,1.856,41.4,0
1472,STARLINK-3184,STARLINK-37332,3.6574,6.36,7.158,475.3,1.8557,41.4,0
1473,STARLINK-2692,STARLINK-37819,4.0812,4.743,7.944,481.2,1.8556,41.4,0
1474,STARLINK-3256,STARLINK-6363,5.8196,6.399,11.168,489.1,1.8553,41.4,0
1475,FORMOSAT-7R (TRITON),ICEYE-X81,7.8801,8.778,14.982,604.0,1.8542,41.4,0
1476,STARLINK-34923,STARLINK-35122,5.2587,8.609,10.121,476.9,1.8541,41.4,0
1477,SPIP,STARLINK-36769,3.2524,3.383,6.4,480.3,1.8538,41.4,0
1478,STARLINK-30770,STARLINK-35905,3.9188,3.954,7.629,492.9,1.8522,41.4,0
1479,STARLINK-3364,STARLINK-34863,4.1093,6.365,7.981,463.9,1.852,41.4,0
1480,STARLINK-37017,KUIPER-00416,4.1539,4.163,8.062,470.4,1.8517,41.4,0
1481,STARLINK-2706,STARLINK-37512,7.764,9.582,14.744,475.6,1.8513,41.4,0
1482,STARLINK-35138,STARLINK-37734,4.1932,7.943,8.132,469.5,1.851,41.4,0
1483,STARLINK-4432,STARLINK-35587,7.572,8.915,14.382,466.9,1.8505,41.4,0
1484,STARLINK-31182,STARLINK-36485,5.1148,8.998,9.834,487.9,1.8503,41.4,0
1485,STARLINK-31753,STARLINK-36412,1.0508,4.275,2.314,492.5,1.85,41.4,0
1486,SCS-01 G,CAS500-2 RIDESHARE OBJE*,7.9597,7.963,15.093,508.0,1.8497,41.4,0
1487,STARLINK-5275,ICEYE-X57,5.9913,6.363,11.45,581.7,1.8494,41.3,0
1488,STARLINK-3724,STARLINK-36357,3.9424,9.353,7.659,467.5,1.8489,41.3,0
1489,STARLINK-32633,STARLINK-37194,6.3825,9.375,12.17,477.4,1.8488,41.3,0
1490,STARLINK-4275,STARLINK-37090,6.2453,6.806,11.912,466.3,1.8482,41.3,0
1491,STARLINK-4551,STARLINK-34174,2.3618,9.901,4.734,475.1,1.8479,41.3,0
1492,STARLINK-5749,STARLINK-30968,3.9497,7.979,7.667,485.7,1.8476,41.3,0
1493,STARLINK-36130,STARLINK-37568,7.7915,8.009,14.764,472.8,1.8475,41.3,0
1494,AEROCUBE 7,STARLINK-34834,7.6643,7.779,14.525,551.6,1.847,41.3,0
1495,STARLINK-5244,STARLINK-33800,5.8908,8.326,11.247,486.2,1.8466,41.3,0
1496,STARLINK-4171,STARLINK-37556,7.7502,8.422,14.681,475.5,1.8466,41.3,0
1497,STARLINK-3564,STARLINK-33919,5.3776,5.77,10.288,475.1,1.8445,41.3,0
1498,STARLINK-31892,FLOCK 4G-29,6.3339,6.495,12.05,481.3,1.8442,41.3,0
1499,DONGPO 05,COSMOS 2593,7.9046,8.92,14.944,283.4,1.8439,41.3,0
1500,STARLINK-5714,STARLINK-36660,3.1263,9.571,6.123,492.1,1.8408,41.2,0
1501,STARLINK-6084,STARLINK-32682,3.2788,8.768,6.403,492.8,1.8406,41.2,0
1502,COSMOS 2556,STARLINK-32094,7.5967,7.746,14.347,493.3,1.8401,41.2,0
1503,STARLINK-4487,STARLINK-34561,3.5709,6.26,6.939,471.8,1.8401,41.2,0
1504,STARLINK-31753,STARLINK-31936,3.9436,6.281,7.622,485.8,1.8395,41.2,0
1505,STARLINK-3332,STARLINK-34098,5.4249,7.945,10.341,489.6,1.8384,41.2,0
1506,STARLINK-3969,STARLINK-3990,6.0502,6.05,11.49,473.2,1.8383,41.2,0
1507,STARLINK-30321,STARLINK-37564,7.4665,7.513,14.092,465.7,1.8381,41.2,0
1508,STARLINK-34539,STARLINK-37202,6.4798,6.49,12.278,464.0,1.8381,41.2,0
1509,STARLINK-5239,STARLINK-37223,5.5653,6.315,10.585,476.4,1.836,41.2,0
1510,STARLINK-31471,STARLINK-34851,3.9505,4.129,7.618,485.9,1.8354,41.2,0
1511,STARLINK-37273,STARLINK-37417,7.7224,9.223,14.536,468.0,1.8348,41.1,0
1512,STARLINK-32018,STARLINK-36891,4.8065,4.88,9.179,465.0,1.8334,41.1,0
1513,S-NET C,CO3D 2,8.0117,8.565,15.055,519.9,1.8334,41.1,0
1514,STARLINK-31073,STARLINK-34276,4.9801,9.814,9.493,485.0,1.8326,41.1,0
1515,STARLINK-34932,STARLINK-34729,7.5092,7.771,14.126,483.9,1.8324,41.1,0
1516,STARLINK-31178,STARLINK-32764,3.9591,4.566,7.62,492.1,1.8321,41.1,0
1517,2023-091H,STARLINK-30430,4.875,4.881,9.295,484.6,1.8315,41.1,0
1518,STARLINK-2214,STARLINK-37680,6.4333,6.506,12.147,477.0,1.8312,41.1,0
1519,STARLINK-31992,STARLINK-35835,5.3758,5.387,10.208,489.0,1.8308,41.1,0
1520,STARLINK-37008,STARLINK-37958,7.8574,8.715,14.751,471.9,1.8307,41.1,0
1521,STARLINK-4550,STARLINK-34899,5.9889,9.336,11.32,471.2,1.8291,41.1,0
1522,STARLINK-30998,STARLINK-33816,3.1763,3.943,6.174,484.9,1.8286,41.1,0
1523,STARLINK-30289,STARLINK-36050,1.0507,5.629,2.287,484.5,1.8286,41.1,0
1524,STARLINK-30801,STARLINK-32774,0.4842,8.153,1.251,492.3,1.8284,41.1,0
1525,AEROCUBE 8C,YAOGAN-39 05A,5.2787,9.474,10.017,502.1,1.8284,41.1,0
1526,STARLINK-3751,STARLINK-36698,7.5557,9.096,14.175,481.1,1.8277,41.0,0
1527,STARLINK-34324,STARLINK-35420,5.4797,9.998,10.381,484.1,1.8277,41.0,0
1528,JILIN-1 07,STARLINK-37361,8.0904,8.227,15.139,473.3,1.8261,41.0,0
1529,STARLINK-31414,STARLINK-36098,2.5481,3.461,5.017,492.7,1.8256,41.0,0
1530,STARLINK-4130,STARLINK-36690,4.8709,5.288,9.255,490.5,1.8251,41.0,0
1531,FLOCK 4G-1,STARLINK-34112,7.5614,7.582,14.16,491.2,1.8244,41.0,0
1532,STARLINK-5452,STARLINK-35799,6.1416,6.35,11.564,465.2,1.8235,41.0,0
1533,STARLINK-2055,STARLINK-37241,4.6234,5.395,8.794,475.8,1.8232,41.0,0
1534,STARLINK-5043,STARLINK-6286,4.9945,8.992,9.465,487.4,1.8221,41.0,0
1535,STARLINK-35485,STARLINK-36625,6.1955,7.927,11.653,467.7,1.8221,41.0,0
1536,STARLINK-34927,STARLINK-36299,6.3327,6.724,11.902,464.3,1.8219,41.0,0
1537,STARLINK-33934,STARLINK-36316,7.895,7.935,14.737,480.5,1.8205,40.9,0
1538,STARLINK-4637,STARLINK-35635,6.1484,6.361,11.553,472.0,1.8198,40.9,0
1539,TECHDEMOSAT-1 (TDS-1),STARLINK-3372,7.7799,8.751,14.521,522.4,1.8197,40.9,0
1540,STARLINK-35170,STARLINK-35658,7.9033,8.092,14.745,474.3,1.8196,40.9,0
1541,STARLINK-5435,STARLINK-37608,4.477,4.984,8.509,469.3,1.8193,40.9,0
1542,STARLINK-4435,STARLINK-32813,7.7513,9.686,14.465,461.7,1.8192,40.9,0
1543,DONGPO 10,STARLINK-37348,3.3735,8.503,6.5,462.4,1.8189,40.9,0
1544,KOSEN-1,STARLINK-6191,7.3426,7.886,13.717,482.5,1.8186,40.9,0
1545,STARLINK-36435,STARLINK-36705,3.3874,9.988,6.524,480.2,1.8186,40.9,0
1546,STARLINK-32627,STARLINK-37348,7.9175,9.229,14.757,472.2,1.8179,40.9,0
1547,STARLINK-3584,STARLINK-36316,6.8195,6.82,12.76,466.2,1.8178,40.9,0
1548,STARLINK-2227,ARCSTONE,7.9144,9.77,14.75,477.0,1.8178,40.9,0
1549,STARLINK-2407,STARLINK-36373,7.743,8.856,14.434,481.1,1.8172,40.9,0
1550,STARLINK-3128,STARLINK-37385,1.3936,5.607,2.896,474.7,1.8173,40.9,0
1551,STARLINK-4458,STARLINK-34248,4.6355,7.861,8.786,472.1,1.817,40.9,0
1552,STARLINK-2624,STARLINK-3130,5.9618,5.98,11.195,471.3,1.8168,40.9,0
1553,HERMES-1,MERCURY ONE (M1),8.1063,9.0,15.09,514.7,1.8167,40.9,0
1554,STARLINK-2643,STARLINK-32133,4.6203,4.934,8.754,484.3,1.8161,40.9,0
1555,STARLINK-3533,STARLINK-3829,5.8349,8.205,10.956,484.6,1.8154,40.9,0
1556,STARLINK-5227,STARLINK-37948,7.9309,8.412,14.759,472.3,1.8152,40.9,0
1557,STARLINK-3129,STARLINK-30438,6.3856,8.962,11.95,483.1,1.8146,40.9,0
1558,TRANSPORTER-12 OBJECT AZ,STARLINK-35606,7.9314,7.933,14.754,473.1,1.8144,40.9,0
1559,STARLINK-5134,STARLINK-32482,5.873,5.944,11.018,485.6,1.8143,40.9,0
1560,STARLINK-4369,STARLINK-37897,7.8604,9.026,14.617,471.3,1.8134,40.8,0
1561,STARLINK-32083,STARLINK-32188,5.8306,7.782,10.923,475.9,1.8113,40.8,0
1562,STARLINK-3641,STARLINK-4216,4.908,9.537,9.252,461.7,1.8113,40.8,0
1563,STARLINK-34982,STARLINK-36684,7.8376,8.016,14.556,476.8,1.811,40.8,0
1564,STARLINK-35198,STARLINK-33948,7.4011,8.341,13.757,478.0,1.8099,40.8,0
1565,STARLINK-35210,STARLINK-37859,7.9367,8.107,14.723,481.1,1.8095,40.8,0
1566,STARLINK-5762,STARLINK-32667,4.0306,4.342,7.653,492.5,1.809,40.8,0
1567,STARLINK-3210,STARLINK-35431,3.4891,3.883,6.673,473.9,1.8088,40.8,0
1568,STARLINK-2161,STARLINK-36575,3.2915,4.583,6.314,473.4,1.8084,40.8,0
1569,STARLINK-35131,STARLINK-36971,5.0959,5.786,9.577,478.4,1.8084,40.8,0
1570,2023-072F,STARLINK-37312,2.1105,4.751,4.178,481.9,1.8083,40.8,0
1571,STARLINK-4568,STARLINK-36319,6.0079,9.722,11.219,478.6,1.8072,40.8,0
1572,STARLINK-4507,HAWK-11C,5.9563,9.365,11.12,482.5,1.8063,40.7,0
1573,STARLINK-32010,STARLINK-37785,7.4088,9.452,13.743,469.4,1.8062,40.7,0
1574,STARLINK-31362,STARLINK-37852,6.8473,7.82,12.726,478.0,1.8058,40.7,0
1575,STARLINK-4599,STARLINK-30066,5.4325,6.726,10.167,484.8,1.8051,40.7,0
1576,STARLINK-4179,STARLINK-32340,6.1019,6.172,11.37,472.2,1.8042,40.7,0
1577,STARLINK-34612,STARLINK-36584,7.9108,8.963,14.625,468.8,1.8032,40.7,0
1578,STARLINK-32539,STARLINK-36051,6.092,6.241,11.345,486.9,1.8031,40.7,0
1579,STARLINK-30445,STARLINK-35591,4.1713,4.989,7.881,485.5,1.8029,40.7,0
1580,STARLINK-32340,STARLINK-36874,6.3408,8.154,11.793,478.0,1.803,40.7,0
1581,STARLINK-2555,STARLINK-35615,6.3871,9.743,11.874,483.1,1.8026,40.7,0
1582,STARLINK-32293,BANDWAGON-2 OBJECT D,5.9389,5.987,11.063,470.6,1.8021,40.7,0
1583,STARLINK-3569,STARLINK-35207,4.4491,4.752,8.377,461.9,1.8019,40.7,0
1584,STARLINK-31648,STARLINK-33972,5.8543,5.874,10.904,488.1,1.801,40.7,0
1585,STARLINK-2143,STARLINK-35220,3.2789,8.525,6.265,473.6,1.8009,40.7,0
1586,STARLINK-2098,STARLINK-36572,3.5376,3.846,6.729,472.3,1.8004,40.7,0
1587,STARLINK-3712,STARLINK-35420,6.5811,6.604,12.209,476.2,1.8004,40.7,0
1588,STARLINK-2706,STARLINK-37449,3.1669,3.279,6.062,479.7,1.8005,40.7,0
1589,STARLINK-31602,STARLINK-36343,7.9792,7.988,14.723,474.9,1.8001,40.7,0
1590,STARLINK-34412,STARLINK-37281,7.811,8.844,14.416,476.4,1.7995,40.6,0
1591,STARLINK-3369,STARLINK-31670,3.9648,3.969,7.49,485.9,1.7984,40.6,0
1592,STARLINK-34764,STARLINK-36300,6.6201,7.461,12.263,477.4,1.7981,40.6,0
1593,STARLINK-30297,STARLINK-36563,7.9733,7.976,14.694,476.1,1.7978,40.6,0
1594,STARLINK-32916,GEOSCAN 1 (RS92S1),7.3544,8.723,13.574,491.3,1.7968,40.6,0
1595,STARLINK-5023,STARLINK-36834,3.7909,6.369,7.169,486.1,1.7963,40.6,0
1596,STARLINK-32180,STARLINK-37243,3.9872,4.032,7.521,480.9,1.7962,40.6,0
1597,STARLINK-4263,STARLINK-35401,6.0569,9.006,11.236,467.7,1.7958,40.6,0
1598,STARLINK-32566,STARLINK-35125,5.9557,6.674,11.054,477.6,1.7957,40.6,0
1599,STARLINK-32133,STARLINK-34645,6.5622,9.434,12.135,484.6,1.7945,40.6,0
1600,STARLINK-30911,STARLINK-36400,7.6438,8.458,14.075,477.3,1.7944,40.6,0
1601,STARLINK-32909,STARLINK-36554,0.373,1.326,1.028,483.9,1.7941,40.6,0
1602,STARLINK-5429,STARLINK-36708,7.8934,8.68,14.514,480.9,1.7933,40.6,0
1603,STARLINK-5118,STARLINK-32608,5.5203,6.185,10.258,487.2,1.7933,40.6,0
1604,STARLINK-37228,GUOWANG TEST OBJECT A,6.2122,6.265,11.499,463.2,1.7933,40.6,0
1605,STARLINK-4187,STARLINK-35732,6.0255,7.904,11.162,486.0,1.7929,40.6,0
1606,STARLINK-3560,STARLINK-37002,7.7649,8.234,14.278,481.2,1.7926,40.6,0
1607,STARLINK-30603,STARLINK-35986,4.0683,4.879,7.65,485.7,1.7923,40.5,0
1608,STARLINK-31840,STARLINK-36639,7.928,7.946,14.565,472.8,1.792,40.5,0
1609,BRO-11,STARLINK-34265,7.5822,8.176,13.943,476.7,1.7917,40.5,0
1610,STARLINK-34623,STARLINK-36703,6.6744,7.466,12.303,463.2,1.7897,40.5,0
1611,STARLINK-30910,STARLINK-37151,2.2389,6.41,4.365,475.1,1.7897,40.5,0
1612,STARLINK-3178,STARLINK-5016,3.7667,7.946,7.099,514.7,1.7896,40.5,0
1613,HAWK-2C,STARLINK-36397,8.1029,8.304,14.856,463.3,1.7893,40.5,0
1614,STARLINK-30294,STARLINK-35871,4.0682,9.569,7.635,485.7,1.7888,40.5,0
1615,STARLINK-6316,UHETSAT,6.7994,6.806,12.519,481.0,1.7886,40.5,0
1616,STARLINK-5186,STARLINK-34842,8.0468,8.882,14.746,474.4,1.7881,40.5,0
1617,STARLINK-2497,STARLINK-36319,3.1219,6.832,5.939,474.8,1.7878,40.5,0
1618,STARLINK-31736,STARLINK-32711,5.8103,5.813,10.743,488.9,1.7874,40.5,0
1619,STARLINK-5410,STARLINK-35713,6.2706,6.282,11.564,465.5,1.7872,40.5,0
1620,STARLINK-30781,STARLINK-31511,4.1836,5.389,7.83,492.3,1.7862,40.5,0
1621,STARLINK-31239,STARLINK-35077,8.0656,9.062,14.76,472.5,1.7857,40.5,0
1622,STARLINK-6380,STARLINK-32532,4.0697,4.691,7.623,485.4,1.7854,40.4,0
1623,STARLINK-34018,STARLINK-34197,6.0311,6.134,11.12,487.7,1.7846,40.4,0
1624,STARLINK-4054,STARLINK-37089,5.6608,5.909,10.458,463.0,1.7844,40.4,0
1625,STARLINK-32406,STARLINK-36333,4.0248,4.172,7.538,462.2,1.7842,40.4,0
1626,STARLINK-30198,STARLINK-37113,7.798,9.197,14.266,480.0,1.7837,40.4,0
1627,STARLINK-36579,STARLINK-37671,6.4446,6.543,11.851,464.0,1.7836,40.4,0
1628,NEXTSAT-1,STARLINK-35049,8.206,9.703,14.99,552.7,1.7833,40.4,0
1629,STARLINK-3320,STARLINK-4550,5.8809,9.06,10.838,479.5,1.7823,40.4,0
1630,STARLINK-36855,KUIPER-00627,4.8865,5.481,9.065,469.5,1.7822,40.4,0
1631,STARLINK-31257,STARLINK-36515,3.2502,4.252,6.149,484.9,1.7822,40.4,0
1632,STARLINK-2088,2024-153B,7.394,8.48,13.533,469.4,1.7821,40.4,0
1633,STARLINK-3513,STARLINK-31827,6.6472,8.154,12.202,475.1,1.782,40.4,0
1634,STARLINK-33862,STARLINK-36395,8.0758,8.1,14.743,480.4,1.7815,40.4,0
1635,STARLINK-4770,CUBESX-HSE 3 (RS42S),6.0106,6.029,11.063,480.4,1.7813,40.4,0
1636,STARLINK-4478,NUSAT-52,7.5067,7.575,13.715,513.3,1.7796,40.4,0
1637,STARLINK-3829,TIANMU-1 22,4.5346,6.996,8.425,475.7,1.7795,40.4,0
1638,STARLINK-4159,STARLINK-35625,6.5894,6.59,12.08,467.1,1.7792,40.4,0
1639,STARLINK-5368,FLOCK 4G-5,6.954,7.256,12.726,491.0,1.7789,40.4,0
1640,HYPERFIELD-1A,STARLINK-32606,7.809,8.806,14.242,489.3,1.7782,40.3,0
1641,STARLINK-3278,STARLINK-36564,7.9331,8.051,14.46,467.3,1.7779,40.3,0
1642,STARLINK-34784,STARLINK-37410,6.5939,7.684,12.077,482.0,1.7776,40.3,0
1643,STARLINK-3833,STARLINK-32249,3.4295,8.022,6.452,473.8,1.7777,40.3,0
1644,GHGSAT-C3,STARLINK-4642,3.7454,6.822,7.01,475.5,1.7768,40.3,0
1645,STARLINK-3534,STARLINK-35481,6.657,6.664,12.182,475.0,1.7766,40.3,0
1646,STARLINK-31680,STARLINK-36397,7.7861,8.727,14.186,466.0,1.7763,40.3,0
1647,STARLINK-35422,STARLINK-36247,2.4076,2.854,4.63,475.1,1.7756,40.3,0
1648,SKYSAT-C7,STARLINK-34298,8.1225,8.171,14.772,467.9,1.7749,40.3,0
1649,STARLINK-3113,GEOSCAN 4 (RS92S4),4.5392,4.574,8.411,475.7,1.7748,40.3,0
1650,STARLINK-32019,STARLINK-36803,7.4133,7.543,13.51,464.7,1.7745,40.3,0
1651,STARLINK-11093 [DTC],STARLINK-11623 [DTC],5.8376,8.473,10.713,361.6,1.7744,40.3,0
1652,STARLINK-4094,STARLINK-37316,8.0452,8.734,14.626,476.1,1.7739,40.3,0
1653,STARLINK-31913,STARLINK-33869,0.5222,6.919,1.28,484.0,1.7724,40.3,0
1654,STARLINK-5678,STARLINK-31077,4.2453,6.184,7.878,492.3,1.7722,40.3,0
1655,STARLINK-36112,STARLINK-37430,8.1219,9.512,14.747,472.3,1.7721,40.3,0
1656,HAWK-2A,STARLINK-34939,8.3431,8.927,15.129,470.7,1.7709,40.2,0
1657,STARLINK-36839,STARLINK-37767,7.6109,7.655,13.832,466.2,1.7709,40.2,0
1658,ZHANGHENG 1-01 (CSES-1),TIANYI D,6.1312,6.596,11.21,527.8,1.7706,40.2,0
1659,LYNK TOWER 6,STARLINK-35950,7.9636,9.037,14.452,468.2,1.7703,40.2,0
1660,STARLINK-2686,2023-072F,8.0825,8.53,14.66,477.5,1.77,40.2,0
1661,STARLINK-34591,STARLINK-36798,8.0226,8.891,14.554,476.7,1.77,40.2,0
1662,STARLINK-31032,STARLINK-37137,7.2578,7.325,13.196,464.9,1.7694,40.2,0
1663,STARLINK-3387,STARLINK-37196,3.4985,3.517,6.54,461.0,1.7683,40.2,0
1664,STARLINK-32386,STARLINK-35573,4.1515,8.097,7.694,475.1,1.7681,40.2,0
1665,STARLINK-32030,STARLINK-35110,5.7546,9.67,10.529,464.4,1.7682,40.2,0
1666,STARLINK-32432,STARLINK-37661,8.0003,8.175,14.497,467.5,1.7679,40.2,0
1667,STARLINK-2478,STARLINK-3923,4.5546,7.881,8.405,473.5,1.7678,40.2,0
1668,STARLINK-1307,SITRO-AIS 45,5.2836,5.307,9.691,400.0,1.7673,40.2,0
1669,STARLINK-4675,STARLINK-31047,4.907,7.109,9.022,473.2,1.7666,40.2,0
1670,STARLINK-30301,STARLINK-34880,3.2678,8.637,6.126,473.7,1.7665,40.2,0
1671,STARLINK-36703,STARLINK-37402,6.9074,6.908,12.554,477.9,1.7663,40.2,0
1672,STARLINK-2285,STARLINK-37381,6.9835,7.052,12.684,482.0,1.7657,40.2,0
1673,STARLINK-32363,STARLINK-37938,6.2624,6.506,11.405,472.8,1.7648,40.2,0
1674,STARLINK-4344,LEMUR-2-ROUNDTRIPPER,6.0762,6.731,11.076,567.2,1.7648,40.2,0
1675,SITRO-AIS 7 (FARTUSHNIY),STARLINK-31131,5.7238,8.126,10.452,493.2,1.7644,40.2,0
1676,COSMOS 2550,STARLINK-37248,7.0207,7.177,12.739,469.3,1.7642,40.1,0
1677,STARLINK-31652,HERMES-2,7.5656,7.58,13.693,474.4,1.7633,40.1,0
1678,ETIHAD-SAT,ANISCSAT-1,8.3725,8.729,15.105,505.9,1.762,40.1,0
1679,STARLINK-3294,STARLINK-35949,2.8374,5.045,5.352,463.5,1.762,40.1,0
1680,STARLINK-2516,STARLINK-37646,7.3469,9.05,13.291,481.8,1.7611,40.1,0
1681,STARLINK-5696,STARLINK-35705,2.6598,8.475,5.034,492.3,1.7603,40.1,0
1682,STARLINK-32211,STARLINK-36596,7.6386,8.362,13.796,465.4,1.76,40.1,0
1683,STARLINK-35664,STARLINK-36397,8.1664,9.228,14.724,470.8,1.7599,40.1,0
1684,TISAT 1,2023-085AL,8.3032,9.422,14.959,465.0,1.7592,40.1,0
1685,FLOCK 4G-27,STARLINK-36126,4.3428,4.354,7.991,484.3,1.759,40.1,0
1686,STARLINK-30414,STARLINK-36832,5.6234,6.184,10.236,464.0,1.7577,40.1,0
1687,STARLINK-3140,STARLINK-31365,3.1569,3.207,5.898,473.7,1.757,40.0,0
1688,STARLINK-35188,STARLINK-35011,3.3609,3.684,6.253,473.2,1.756,40.0,0
1689,STARLINK-3602,STARLINK-33811,6.2083,9.004,11.247,467.2,1.7551,40.0,0
1690,STARLINK-35450,STARLINK-36700,6.7202,8.639,12.139,478.0,1.7541,40.0,0
1691,STARLINK-2536,STARLINK-36716,8.2036,9.056,14.738,478.3,1.7538,40.0,0
1692,TRANSPORTER-12 OBJECT BT,STARLINK-34139,7.7944,8.308,14.014,490.7,1.753,40.0,0
1693,STARLINK-3112,STARLINK-32512,4.1979,9.141,7.709,483.8,1.7529,40.0,0
1694,STARLINK-3297,STARLINK-4010,5.8931,7.162,10.676,475.4,1.7521,40.0,0
1695,STARLINK-35026,STARLINK-37009,7.2039,7.83,12.969,463.9,1.7516,40.0,0
1696,STARLINK-36868,STARLINK-37047,7.9871,9.998,14.341,477.3,1.7517,40.0,0
1697,STARLINK-34820,STARLINK-37306,6.4039,6.874,11.566,463.4,1.7514,40.0,0
1698,STARLINK-11490 [DTC],STARLINK-11489 [DTC],6.2316,9.089,11.264,361.9,1.7514,40.0,0
1699,STARLINK-34626,STARLINK-36720,8.1545,8.298,14.629,475.7,1.751,40.0,0
1700,STARLINK-5061,STARLINK-32919,4.1501,4.177,7.616,485.7,1.7508,40.0,0
1701,STARLINK-5754,KUIPER-00634,6.207,6.229,11.215,487.6,1.7504,40.0,0
1702,FLOCK 4G-22,STARLINK-32590,3.402,8.126,6.304,479.6,1.7501,39.9,0
1703,STARLINK-36886,STARLINK-37122,7.36,9.976,13.23,477.4,1.75,39.9,0
1704,STARLINK-32318,STARLINK-32458,3.3301,3.991,6.177,485.3,1.7498,39.9,0
1705,UTMN 2 (RS27S),STARLINK-32121,8.2011,8.209,14.694,474.8,1.7491,39.9,0
1706,STARLINK-32619,STARLINK-37450,8.2173,8.284,14.712,478.2,1.7478,39.9,0
1707,STARLINK-31684,2025-155H,5.8678,6.777,10.604,490.0,1.7476,39.9,0
1708,JILIN-1 06,STARLINK-36337,7.6492,7.671,13.717,478.0,1.7476,39.9,0
1709,STARLINK-3854,STARLINK-36849,3.0803,4.027,5.732,474.3,1.7474,39.9,0
1710,ION SCV-007,KUIPER-00276,3.1843,3.2,5.913,637.1,1.7472,39.9,0
1711,STARLINK-3514,STARLINK-34253,6.5279,7.391,11.754,466.0,1.7471,39.9,0
1712,STARLINK-32126,STARLINK-37107,7.6704,7.85,13.743,482.0,1.7462,39.9,0
1713,STARLINK-34046,LEMUR-2-HOTSPUR-TOM,8.3633,9.423,14.951,586.5,1.7459,39.9,0
1714,STARLINK-4212,STARLINK-31462,6.2367,8.403,11.237,486.7,1.7458,39.9,0
1715,STARLINK-35635,STARLINK-36588,8.0793,8.241,14.449,467.4,1.7452,39.9,0
1716,STARLINK-2455,STARLINK-36980,3.5034,7.482,6.462,472.8,1.7449,39.9,0
1717,STARLINK-31443,STARLINK-37269,7.0692,7.075,12.668,478.2,1.7427,39.8,0
1718,STARLINK-6263,STARLINK-33651,4.3095,5.479,7.857,492.2,1.7423,39.8,0
1719,STARLINK-5202,STARLINK-37795,7.1224,7.95,12.754,468.5,1.7418,39.8,0
1720,2024-203B,STARLINK-33750,6.0961,6.411,10.966,483.2,1.7417,39.8,0
1721,STARLINK-2666,STARLINK-34521,6.3698,7.762,11.442,484.5,1.7416,39.8,0
1722,STARLINK-3900,STARLINK-6171,5.6747,5.829,10.229,494.8,1.7412,39.8,0
1723,STARLINK-31368,STARLINK-35353,6.768,6.8,12.131,477.8,1.741,39.8,0
1724,STARLINK-2245,STARLINK-35249,5.6836,6.772,10.242,484.4,1.7408,39.8,0
1725,STARLINK-31306,STARLINK-36922,8.0578,8.506,14.372,466.6,1.7404,39.8,0
1726,STARLINK-32520,STARLINK-37378,6.8108,8.115,12.195,470.8,1.7395,39.8,0
1727,STARLINK-3809,STARLINK-35187,8.2911,9.172,14.766,471.4,1.739,39.8,0
1728,STARLINK-35201,STARLINK-36667,5.0906,8.417,9.198,477.1,1.7386,39.8,0
1729,STARLINK-32267,STARLINK-33785,6.8095,6.933,12.177,479.7,1.7372,39.8,0
1730,STARLINK-30533,STARLINK-35854,7.7461,7.882,13.803,477.6,1.7371,39.8,0
1731,STARLINK-4519,STARLINK-33574,6.7322,7.014,12.04,470.8,1.7368,39.8,0
1732,STARLINK-4193,STARLINK-36867,7.6707,7.942,13.665,477.6,1.7362,39.7,0
1733,STARLINK-31356,STARLINK-36928,8.2261,8.601,14.625,476.0,1.7357,39.7,0
1734,STARLINK-31656,STARLINK-33920,6.7906,7.826,12.131,482.0,1.7353,39.7,0
1735,STARLINK-37203,STARLINK-37202,5.4797,5.516,9.855,463.9,1.7351,39.7,0
1736,STARLINK-34864,STARLINK-37347,8.296,9.715,14.736,475.5,1.7345,39.7,0
1737,SCS-01 M,STARLINK-37409,7.703,8.685,13.701,479.3,1.7336,39.7,0
1738,FLOCK 4G-24,STARLINK-33586,7.1783,7.243,12.787,491.4,1.7331,39.7,0
1739,STARLINK-36059,STARLINK-37190,6.12,9.377,10.947,477.1,1.7321,39.7,0
1740,STARLINK-31988,STARLINK-32260,6.787,9.624,12.099,469.2,1.7316,39.7,0
1741,STARLINK-32288,STARLINK-36605,6.263,8.835,11.185,477.6,1.7306,39.7,0
1742,STARLINK-35639,STARLINK-37361,7.7117,9.699,13.68,464.6,1.7291,39.6,0
1743,STARLINK-35194,STARLINK-36859,8.2648,8.309,14.635,476.4,1.7289,39.6,0
1744,STARLINK-2446,STARLINK-35967,5.5086,9.842,9.866,473.0,1.7283,39.6,0
1745,STARLINK-34323,STARLINK-35136,8.3414,8.966,14.755,478.9,1.7275,39.6,0
1746,STARLINK-3518,STARLINK-37861,8.1569,8.16,14.436,475.5,1.7274,39.6,0
1747,STARLINK-2745,STARLINK-30191,3.6369,4.528,6.627,491.4,1.7272,39.6,0
1748,STARLINK-31200,STARLINK-34119,3.3601,8.607,6.145,484.8,1.7261,39.6,0
1749,YAOGAN-39 02C,TOMORROW-S11,6.8072,8.151,12.09,524.5,1.7254,39.6,0
1750,STARLINK-35826,STARLINK-36564,8.336,8.562,14.727,480.5,1.7253,39.6,0
1751,STARLINK-37009,STARLINK-37422,6.24,6.792,11.108,477.9,1.7248,39.6,0
1752,STARLINK-4205,STARLINK-31788,5.6481,6.586,10.086,474.7,1.7247,39.6,0
1753,STARLINK-35119,STARLINK-37252,5.9852,6.05,10.666,464.1,1.7244,39.6,0
1754,STARLINK-35490,STARLINK-37005,7.7548,8.197,13.718,477.7,1.7245,39.6,0
1755,STARLINK-3703,STARLINK-31351,6.8759,7.841,12.199,470.1,1.724,39.6,0
1756,FLOCK 4G-1,STARLINK-33697,7.1807,7.183,12.724,482.2,1.724,39.6,0
1757,ICEYE-X6,2025-055C,8.1102,9.005,14.325,551.4,1.7238,39.6,0
1758,STARLINK-30857,STARLINK-36611,4.3803,4.458,7.895,485.8,1.7237,39.6,0
1759,STARLINK-6378,STARLINK-30515,4.3606,7.484,7.86,492.2,1.7235,39.6,0
1760,STARLINK-32343,STARLINK-37113,8.3665,8.665,14.76,473.6,1.723,39.6,0
1761,STARLINK-36397,STARLINK-37141,7.1196,7.845,12.605,476.7,1.7221,39.5,0
1762,STARLINK-35351,STARLINK-35520,8.2228,8.763,14.498,467.4,1.7213,39.5,0
1763,STARLINK-5448,STARLINK-37855,7.7325,7.913,13.652,465.1,1.721,39.5,0
1764,STARLINK-35945,STARLINK-37613,8.3738,8.413,14.755,473.8,1.7209,39.5,0
1765,STARLINK-32023,STARLINK-34700,1.3045,2.995,2.588,474.9,1.7202,39.5,0
1766,STARLINK-3622,2023-104A,7.9028,7.904,13.936,471.9,1.7199,39.5,0
1767,STARLINK-32305,STARLINK-37462,8.0218,9.025,14.14,477.1,1.7198,39.5,0
1768,STARLINK-35233,STARLINK-37878,8.3404,8.707,14.685,479.2,1.7195,39.5,0
1769,STARLINK-32150,STARLINK-33922,6.8606,6.872,12.139,482.4,1.7193,39.5,0
1770,STARLINK-31143,GLOBAL-34,4.7988,7.806,8.593,466.9,1.719,39.5,0
1771,SAUDISAT 1C (SO-50),K-HERO,8.1639,8.503,14.375,591.3,1.7187,39.5,0
1772,STARLINK-36402,STARLINK-37835,6.2543,7.078,11.088,464.9,1.7179,39.5,0
1773,STARLINK-3305,STARLINK-37876,5.4295,7.109,9.667,469.2,1.7172,39.5,0
1774,STARLINK-3457,STARLINK-36079,3.1682,3.563,5.783,461.1,1.7169,39.5,0
1775,STARLINK-3324,STARLINK-31821,6.1631,6.256,10.924,489.6,1.7168,39.5,0
1776,FORMOSAT 7-6,STARLINK-33905,6.2162,6.249,11.013,582.4,1.7164,39.5,0
1777,STARLINK-3594,STARLINK-35353,8.4011,8.889,14.763,473.5,1.7164,39.5,0
1778,STARLINK-5726,STARLINK-32082,5.938,5.973,10.535,489.2,1.7164,39.5,0
1779,STARLINK-2705,STARLINK-37186,7.1673,7.788,12.644,468.3,1.7162,39.5,0
1780,STARLINK-3341,STARLINK-37404,3.1507,3.152,5.751,474.8,1.7164,39.5,0
1781,STARLINK-2088,STARLINK-37007,8.0675,8.738,14.188,481.0,1.7161,39.5,0
1782,STARLINK-4410,STARLINK-37340,8.409,9.063,14.772,467.7,1.7159,39.5,0
1783,STARLINK-37205,STARLINK-37858,8.3229,8.336,14.62,469.5,1.7154,39.4,0
1784,STARLINK-34594,STARLINK-37893,8.1685,8.298,14.354,483.1,1.7152,39.4,0
1785,STARLINK-3190,STARLINK-37517,6.9261,9.461,12.222,468.8,1.7151,39.4,0
1786,STARLINK-31986,FLOCK 4G-24,8.2794,8.904,14.541,486.7,1.7149,39.4,0
1787,STARLINK-30982,STARLINK-32902,5.4825,7.246,9.744,487.2,1.7147,39.4,0
1788,2023-091AS,STARLINK-11313 [DTC],8.0002,9.015,14.061,359.0,1.7147,39.4,0
1789,STARLINK-30892,TIANMU-1 12,4.2775,5.61,7.677,486.8,1.7146,39.4,0
1790,STARLINK-3609,STARLINK-31627,6.9332,6.986,12.227,467.5,1.7141,39.4,0
1791,STARLINK-34818,STARLINK-37510,7.9658,8.598,13.99,465.4,1.7132,39.4,0
1792,STARLINK-32205,STARLINK-36578,8.3158,8.346,14.583,479.4,1.7125,39.4,0
1793,STARLINK-32223,STARLINK-37119,5.8278,7.083,10.32,481.7,1.7121,39.4,0
1794,STARLINK-34893,STARLINK-36720,8.1284,8.63,14.255,466.3,1.7116,39.4,0
1795,STARLINK-34888,STARLINK-36884,8.2789,8.328,14.512,467.6,1.7115,39.4,0
1796,STARLINK-31019,STARLINK-34700,4.1931,8.602,7.518,462.8,1.7113,39.4,0
1797,STARLINK-33600,STARLINK-36717,7.3189,7.991,12.859,481.6,1.7102,39.4,0
1798,STARLINK-30925,STARLINK-31099,5.0772,5.181,9.018,490.0,1.7089,39.3,0
1799,STARLINK-36826,STARLINK-37134,7.6566,8.258,13.424,477.6,1.7086,39.3,0
1800,STARLINK-6323,STARLINK-36458,0.5486,1.13,1.279,484.1,1.7085,39.3,0
1801,STARLINK-4649,NUSAT-47,6.7095,7.394,11.8,502.8,1.7078,39.3,0
1802,STARLINK-5695,STARLINK-33712,3.5569,5.299,6.416,492.3,1.7078,39.3,0
1803,STARLINK-35642,STARLINK-37177,7.895,9.939,13.824,477.7,1.7077,39.3,0
1804,STARLINK-31146,STARLINK-37519,8.3901,8.7,14.663,469.8,1.707,39.3,0
1805,POLYTECH-UNIVERSE 3 (R*),TRANSPORTER-16 OBJECT A,6.5326,6.863,11.491,520.3,1.7068,39.3,0
1806,STARLINK-3746,STARLINK-34652,5.8087,5.924,10.254,473.2,1.7065,39.3,0
1807,JILIN-1 10,STARLINK-31455,8.1667,9.582,14.279,494.0,1.7066,39.3,0
1808,STARLINK-30931,STARLINK-34215,4.2697,7.479,7.628,485.2,1.7066,39.3,0
1809,OTTER PUP 2,TOMORROW-S8,5.7771,6.476,10.199,511.8,1.7063,39.3,0
1810,CSG-3,KUIPER-00570,8.3388,9.854,14.569,634.9,1.7062,39.3,0
1811,STARLINK-4207,STARLINK-34773,5.2239,5.267,9.251,462.1,1.7056,39.3,0
1812,STARLINK-35183,STARLINK-36412,5.9924,6.056,10.561,488.6,1.7055,39.3,0
1813,FLOCK 4G-11,STARLINK-36655,7.2231,7.279,12.651,481.9,1.7043,39.3,0
1814,TRANSPORTER-13 OBJECT U,FLOCK 4H-20,8.6593,8.824,15.096,509.5,1.704,39.3,0
1815,FORMOSAT-7R (TRITON),ICEYE-X81,8.594,8.758,14.983,603.8,1.7038,39.3,0
1816,STARLINK-6142,NUSAT-44 (MARIA MITCHE*),8.1102,8.584,14.155,490.5,1.7033,39.3,0
1817,STARLINK-37761,STARLINK-37916,7.3479,7.46,12.849,458.7,1.7023,39.3,0
1818,STARLINK-34504,STARLINK-37949,7.9127,8.923,13.81,483.4,1.7023,39.3,0
1819,HERMES-4,STARLINK-36708,8.2347,8.381,14.356,485.0,1.702,39.3,0
1820,STARLINK-32296,STARLINK-37378,6.8836,6.923,12.057,477.5,1.7021,39.3,0
1821,2023-104C,STARLINK-32348,8.0873,8.43,14.093,495.3,1.7006,39.2,0
1822,STARLINK-6138,STARLINK-35785,2.7783,5.471,5.064,492.6,1.7003,39.2,0
1823,STARLINK-37168,STARLINK-37468,1.5217,9.315,2.927,480.7,1.7001,39.2,0
1824,STARLINK-34784,STARLINK-37410,6.9408,8.582,12.138,467.8,1.6998,39.2,0
1825,STARLINK-4756,HJ-2E,8.4154,9.165,14.644,521.1,1.6997,39.2,0
1826,LEMUR-2-MONSON,STARLINK-35618,8.1206,8.71,14.134,484.1,1.6987,39.2,0
1827,JILIN-1 GAOFEN 03D50,STARLINK-31140,4.4656,4.621,7.923,465.2,1.6982,39.2,0
1828,STARLINK-34789,STARLINK-37285,5.0597,8.426,8.928,464.6,1.6974,39.2,0
1829,STARS (KUKAI),STARLINK-5332,8.4995,8.879,14.763,574.6,1.697,39.2,0
1830,MOMENTUS-X1,STARLINK-11080 [DTC],7.8267,8.634,13.621,370.0,1.697,39.2,0
1831,STARLINK-35367,STARLINK-36846,5.9774,8.847,10.483,463.8,1.697,39.2,0
1832,STARLINK-32441,STARLINK-36946,8.3237,8.351,14.463,483.0,1.6968,39.2,0
1833,STARLINK-32475,STARLINK-37566,7.2905,9.331,12.708,478.0,1.6965,39.2,0
1834,STARLINK-4369,STARLINK-36299,6.4367,6.439,11.259,459.1,1.6965,39.2,0
1835,STARLINK-36588,STARLINK-36982,6.8474,7.702,11.955,478.3,1.6964,39.2,0
1836,STARLINK-4766,STARLINK-36382,3.9027,9.236,6.958,480.8,1.696,39.2,0
1837,STARLINK-6100,SITRO-AIS-57,7.0554,7.175,12.304,495.7,1.6958,39.2,0
1838,TIANMU-1 07,STARLINK-35218,7.7567,8.116,13.485,490.7,1.6948,39.1,0
1839,STARLINK-31200,STARLINK-32745,4.3022,5.344,7.63,485.6,1.6947,39.1,0
1840,STARLINK-34607,KUIPER-00476,6.7983,7.522,11.855,484.1,1.694,39.1,0
1841,STARLINK-2731,STARLINK-37249,7.4466,7.447,12.95,468.6,1.6936,39.1,0
1842,VSP ROSE,STARLINK-32084,8.1449,9.05,14.132,473.7,1.6935,39.1,0
1843,STARLINK-3200,STARLINK-37172,7.7939,8.29,13.536,476.0,1.6933,39.1,0
1844,STARLINK-36605,STARLINK-37097,5.5339,7.354,9.708,464.9,1.6931,39.1,0
1845,STARLINK-31763,STARLINK-33947,0.5821,0.728,1.324,484.1,1.6929,39.1,0
1846,STARLINK-30841,STARLINK-33867,5.6121,5.668,9.834,487.3,1.692,39.1,0
1847,STARLINK-34320,STARLINK-37168,8.3569,8.409,14.476,467.1,1.6917,39.1,0
1848,STARLINK-6260,TIANMU-1 22,7.5616,7.686,13.129,489.8,1.6915,39.1,0
1849,STARLINK-4574,STARLINK-34336,7.0286,8.35,12.221,475.9,1.6906,39.1,0
1850,STARLINK-5260,SKYKRAFT-4E,7.1686,8.861,12.454,588.4,1.6901,39.1,0
1851,STARLINK-31397,2024-092C,6.3043,7.616,10.984,494.0,1.6887,39.1,0
1852,STARLINK-3196,STARLINK-34932,7.8501,7.853,13.588,463.3,1.6879,39.0,0
1853,STARLINK-3202,STARLINK-32009,6.4236,6.447,11.177,464.3,1.6875,39.0,0
1854,STARLINK-35200,STARLINK-35264,4.171,4.225,7.375,475.1,1.6873,39.0,0
1855,STARLINK-4694,STARLINK-33949,6.5371,6.538,11.366,477.3,1.6871,39.0,0
1856,NUSAT-50 (NANCY ROMAN),STARLINK-33984,8.1769,8.187,14.118,484.1,1.6853,39.0,0
1857,STARLINK-2400,STARLINK-36772,3.9202,5.198,6.943,471.9,1.6851,39.0,0
1858,ION SCV-017,STARLINK-37929,8.0479,9.027,13.898,478.9,1.685,39.0,0
1859,STARLINK-30101,STARLINK-35680,5.7914,5.847,10.093,485.7,1.6846,39.0,0
1860,STARLINK-34892,STARLINK-37081,8.5596,9.185,14.751,477.9,1.684,39.0,0
1861,STARLINK-31923,FLOCK 4G-5,5.6552,9.096,9.859,473.5,1.6838,39.0,0
1862,STARLINK-34204,STARLINK-36389,7.3926,8.624,12.78,477.5,1.6832,39.0,0
1863,STARLINK-30711,STARLINK-37676,8.4355,9.058,14.534,467.8,1.6831,39.0,0
1864,STARLINK-2563,STARLINK-37765,7.2843,7.285,12.596,482.2,1.683,39.0,0
1865,STARLINK-32723,TEVEL2-6,5.8746,5.942,10.222,460.7,1.6827,39.0,0
1866,STARLINK-3712,STARLINK-35423,7.0603,7.3,12.217,471.9,1.6827,39.0,0
1867,SITRO-AIS 5 (KATYS),STARLINK-35777,4.2365,4.87,7.465,488.0,1.6826,39.0,0
1868,STARLINK-1578,STARLINK-36703,6.3074,7.767,10.948,468.3,1.6824,39.0,0
1869,STARLINK-3242,STARLINK-37307,8.3165,8.32,14.328,475.7,1.6824,39.0,0
1870,STARLINK-6308,STARLINK-30431,5.9474,6.065,10.339,489.2,1.6818,39.0,0
1871,STARLINK-32442,STARLINK-37137,8.5017,8.607,14.631,469.2,1.6814,38.9,0
1872,STARLINK-34508,STARLINK-36404,8.2907,8.522,14.27,483.3,1.6807,38.9,0
1873,STARLINK-33551,STARLINK-34161,5.8142,7.892,10.104,487.9,1.68,38.9,0
1874,STARLINK-5247,STARLINK-32792,5.9745,6.68,10.369,489.0,1.6793,38.9,0
1875,STARLINK-34967,STARLINK-35965,7.4174,8.192,12.781,464.3,1.6779,38.9,0
1876,ONEWEB-0607,ONEWEB-0721,8.3648,8.367,14.37,1175.6,1.6778,38.9,0
1877,STARLINK-2214,STARLINK-36569,7.1185,9.439,12.273,468.2,1.677,38.9,0
1878,STARLINK-3736,STARLINK-36079,4.1493,4.603,7.292,464.0,1.6766,38.9,0
1879,STARLINK-31316,STARLINK-35915,0.5623,1.962,1.278,484.3,1.6765,38.9,0
1880,STARLINK-36831,STARLINK-36891,6.9506,8.531,11.986,464.0,1.6762,38.9,0
1881,STARLINK-33819,STARLINK-37221,7.3681,9.173,12.685,478.1,1.6761,38.9,0
1882,STARLINK-31369,STARLINK-36593,6.1318,7.278,10.611,477.8,1.6758,38.9,0
1883,STARLINK-3311,STARLINK-37529,8.4194,9.987,14.439,477.0,1.6752,38.9,0
1884,STARLINK-5174,STARLINK-30191,2.2299,3.157,4.07,485.1,1.675,38.9,0
1885,STARLINK-36206,STARLINK-37281,8.5667,9.144,14.677,476.2,1.6742,38.8,0
1886,STARLINK-35671,STARLINK-37267,8.5118,8.834,14.582,476.6,1.6738,38.8,0
1887,STARLINK-5429,STARLINK-36708,8.4926,9.025,14.537,471.8,1.6723,38.8,0
1888,STARLINK-3708,STARLINK-31250,5.2384,7.592,9.093,462.2,1.672,38.8,0
1889,STARLINK-5172,STARLINK-5258,3.386,5.375,5.995,478.8,1.6718,38.8,0
1890,SITRO-AIS 14,STARLINK-33968,8.7922,9.83,15.032,584.2,1.6717,38.8,0
1891,STARLINK-32738,STARLINK-37390,5.4571,6.651,9.456,477.9,1.6715,38.8,0
1892,JILIN-1 GAOFEN 03D49,STARLINK-34520,8.4069,8.407,14.385,461.2,1.6713,38.8,0
1893,STARLINK-32258,STARLINK-35606,3.8848,4.694,6.824,462.4,1.6706,38.8,0
1894,STARLINK-6375,2024-092C,8.3978,9.266,14.357,489.7,1.6698,38.8,0
1895,STARLINK-30601,STARLINK-31785,6.6724,7.058,11.476,484.0,1.6699,38.8,0
1896,STARLINK-3251,STARLINK-32170,6.4273,6.876,11.067,484.2,1.6699,38.8,0
1897,STARLINK-31846,STARLINK-34979,8.6089,9.219,14.707,479.3,1.6696,38.8,0
1898,STARLINK-5330,STARLINK-34697,5.8255,5.921,10.059,584.0,1.6694,38.8,0
1899,STARLINK-4141,STARLINK-37636,8.5171,9.991,14.548,471.6,1.6689,38.8,0
1900,TIANMU-1 07,BANDWAGON-4 OBJECT M,4.0754,9.181,7.135,489.5,1.6688,38.8,0
1901,STARLINK-5676,STARLINK-32613,5.8057,5.845,10.018,488.1,1.6681,38.8,0
1902,YINHE-1,KUIPER-00019,6.2547,8.303,10.765,630.7,1.6678,38.7,0
1903,STARLINK-34242,STARLINK-37189,8.6364,9.05,14.736,480.8,1.6676,38.7,0
1904,STARLINK-31652,STARLINK-34549,5.9211,6.013,10.207,479.7,1.6675,38.7,0
1905,STARLINK-35170,STARLINK-35627,8.4987,8.787,14.503,476.3,1.6673,38.7,0
1906,STARLINK-35364,STARLINK-37138,8.5782,9.778,14.635,475.9,1.6672,38.7,0
1907,STARLINK-33641,STARLINK-36821,8.0313,8.072,13.722,481.7,1.6671,38.7,0
1908,STARLINK-30856,STARLINK-37839,4.8493,6.293,8.417,478.6,1.667,38.7,0
1909,STARLINK-3180,STARLINK-31688,3.4622,5.943,6.104,474.0,1.6668,38.7,0
1910,STARLINK-2102,STARLINK-36404,8.5456,9.73,14.573,472.4,1.6663,38.7,0
1911,STARLINK-3714,STARLINK-31598,4.1087,5.482,7.179,475.2,1.6662,38.7,0
1912,STARLINK-35659,STARLINK-36695,4.8228,6.474,8.365,477.2,1.6654,38.7,0
1913,STARLINK-11137 [DTC],STARLINK-11610 [DTC],6.6629,6.666,11.427,365.3,1.665,38.7,0
1914,STARLINK-33618,STARLINK-35190,8.3952,8.455,14.31,476.7,1.6649,38.7,0
1915,STARLINK-3755,STARLINK-32209,7.1338,8.625,12.21,468.7,1.6649,38.7,0
1916,STARLINK-1506,STARLINK-1573,5.0144,5.74,8.68,473.5,1.6646,38.7,0
1917,STARLINK-30911,STARLINK-34674,8.0979,9.695,13.811,464.7,1.6644,38.7,0
1918,STARLINK-4542,STARLINK-37364,5.559,8.225,9.585,477.6,1.6644,38.7,0
1919,STARLINK-35730,STARLINK-36360,7.2875,8.813,12.452,464.7,1.663,38.7,0
1920,GAOFEN-9 02,STARLINK-30907,7.1235,8.387,12.178,494.5,1.6629,38.7,0
1921,STARLINK-2386,STARLINK-32789,6.579,8.37,11.264,491.9,1.6616,38.7,0
1922,STARLINK-4183,STARLINK-30312,6.4828,6.771,11.103,488.6,1.6614,38.7,0
1923,STARLINK-4344,CHUANGXIN 16A (CX-16A),4.9725,4.973,8.591,558.4,1.6609,38.6,0
1924,STARLINK-11383 [DTC],STARLINK-11720 [DTC],6.6996,6.737,11.457,364.5,1.6605,38.6,0
1925,STARLINK-3551,STARLINK-4166,7.1618,7.587,12.224,469.0,1.6605,38.6,0
1926,STARLINK-3964,KUIPER-00623,5.3128,6.21,9.153,462.9,1.6603,38.6,0
1927,STARLINK-33629,STARLINK-37952,8.0973,9.91,13.772,459.6,1.6598,38.6,0
1928,STARLINK-31829,STARLINK-35558,6.743,9.8,11.521,483.8,1.6594,38.6,0
1929,STARLINK-5827,STARLINK-36470,5.7841,6.126,9.929,488.4,1.6592,38.6,0
1930,STARLINK-5716,STARLINK-30980,5.7865,5.82,9.931,488.0,1.6589,38.6,0
1931,YAOGAN-14,2025-155V,8.853,9.999,15.016,494.2,1.6587,38.6,0
1932,STARLINK-5675,NUSAT-45 (UZMASAT-1),6.0388,8.382,10.347,482.3,1.6585,38.6,0
1933,STARLINK-3445,STARLINK-30198,5.0288,5.218,8.67,484.8,1.6581,38.6,0
1934,STARLINK-2648,STARLINK-6330,6.0969,6.129,10.439,489.0,1.6578,38.6,0
1935,STARLINK-36358,STARLINK-37260,6.7295,6.79,11.481,464.5,1.6568,38.6,0
1936,STARLINK-4559,STARLINK-37482,6.8017,6.999,11.598,464.5,1.6565,38.6,0
1937,ORBITER SN3,STARLINK-35349,8.4434,8.72,14.316,476.6,1.6563,38.6,0
1938,JILIN-1 08,STARLINK-3777,4.8029,7.731,8.286,467.1,1.6562,38.6,0
1939,STARLINK-3210,STARLINK-37659,8.7172,8.852,14.765,471.7,1.6558,38.6,0
1940,STARLINK-2408,STARLINK-35280,6.9756,7.767,11.879,483.2,1.6555,38.6,0
1941,STARLINK-3961,STARLINK-37468,7.2286,8.167,12.298,481.3,1.6555,38.6,0
1942,STARLINK-3236,STARLINK-36947,5.2022,5.392,8.943,468.9,1.6554,38.6,0
1943,STARLINK-4431,KUIPER-00481,8.4554,8.834,14.327,461.5,1.6553,38.6,0
1944,STARLINK-34423,STARLINK-34371,6.9862,8.028,11.891,483.0,1.6547,38.6,0
1945,STARLINK-32722,STARLINK-37073,8.572,8.707,14.514,468.3,1.6546,38.5,0
1946,STARLINK-31613,STARLINK-36366,8.6489,9.338,14.636,469.0,1.654,38.5,0
1947,STARLINK-6116,STARLINK-35875,4.5623,4.859,7.875,485.8,1.6536,38.5,0
1948,STARLINK-4054,STARLINK-37325,8.6603,8.779,14.648,468.2,1.6532,38.5,0
1949,STARLINK-32017,STARLINK-37949,7.7773,7.959,13.187,470.8,1.6531,38.5,0
1950,PROPCUBE 1 (FLORA),STARLINK-4374,5.6449,5.65,9.662,550.3,1.6531,38.5,0
1951,STARLINK-32046,STARLINK-36894,8.6254,8.631,14.585,472.7,1.6526,38.5,0
1952,DONGPO 10,STARLINK-36981,8.6752,9.124,14.666,464.3,1.6525,38.5,0
1953,STARLINK-2549,FLOCK 4BE-27,8.4358,8.489,14.266,468.4,1.652,38.5,0
1954,STARLINK-1577,STARLINK-34650,7.1726,7.183,12.179,480.2,1.6519,38.5,0
1955,STARLINK-32846,STARLINK-36705,8.172,8.642,13.828,465.4,1.6517,38.5,0
1956,STARLINK-4598,STARLINK-37664,7.8371,8.732,13.274,468.9,1.6516,38.5,0
1957,STARLINK-4480,KAKUSHIN RISING OBJECT H,8.6582,9.733,14.629,545.2,1.6515,38.5,0
1958,STARLINK-31044,STARLINK-36486,2.8433,7.631,5.025,484.7,1.6512,38.5,0
1959,STARLINK-30067,STARLINK-35654,0.6009,0.912,1.322,484.4,1.6506,38.5,0
1960,STARLINK-30379,2025-108F,8.1624,8.32,13.802,488.5,1.6505,38.5,0
1961,STARLINK-30258,STARLINK-34211,5.6146,8.8,9.595,491.3,1.6502,38.5,0
1962,STARLINK-3536,STARLINK-36785,7.1929,9.541,12.198,470.9,1.65,38.5,0
1963,LYNK TOWER 4,STARLINK-31698,4.3094,4.321,7.439,473.8,1.6497,38.5,0
1964,STARLINK-30361,STARLINK-36464,3.2198,3.681,5.641,485.8,1.6495,38.5,0
1965,STARLINK-35541,STARLINK-37501,7.2719,7.868,12.319,467.5,1.6487,38.5,0
1966,STARLINK-5452,STARLINK-34982,8.4426,9.485,14.249,464.7,1.6487,38.5,0
1967,STARLINK-5443,STARLINK-37326,2.6779,3.008,4.745,461.6,1.6488,38.5,0
1968,STARLINK-5568,2025-313AA,5.2476,5.395,8.981,494.2,1.6486,38.5,0
1969,STARLINK-32336,STARLINK-37252,5.8016,6.254,9.893,464.6,1.6484,38.5,0
1970,STARLINK-32373,STARLINK-37541,5.5579,9.293,9.49,463.9,1.6482,38.5,0
1971,STARLINK-2674,STARLINK-35179,5.9228,8.061,10.09,485.0,1.6479,38.5,0
1972,EXO-0,STARLINK-37510,8.7531,9.274,14.752,474.1,1.6477,38.4,0
1973,STARLINK-30138,STARLINK-35528,6.6326,7.35,11.256,486.5,1.6474,38.4,0
1974,STARLINK-36674,STARLINK-36305,5.9978,5.998,10.207,464.2,1.6469,38.4,0
1975,STARLINK-36248,STARLINK-37833,6.0582,7.208,10.306,477.9,1.6468,38.4,0
1976,STARLINK-30570,STARLINK-34083,4.591,5.042,7.889,492.0,1.6466,38.4,0
1977,STARLINK-5666,STARLINK-32384,5.8313,5.831,9.928,487.4,1.6461,38.4,0
1978,STARLINK-35109,KUIPER-00623,5.6815,9.607,9.68,465.7,1.6458,38.4,0
1979,STARLINK-37151,STARLINK-37364,7.9756,8.142,13.454,477.7,1.6456,38.4,0
1980,STARLINK-3871,STARLINK-35038,7.1885,7.356,12.157,474.5,1.6454,38.4,0
1981,RUNNER-1 (TYVAK-1005),STARLINK-35277,8.5245,8.681,14.351,472.3,1.6449,38.4,0
1982,STARLINK-32353,STARLINK-37219,7.334,8.283,12.393,464.5,1.6449,38.4,0
1983,STARLINK-31146,STARLINK-37759,8.6575,8.846,14.563,476.5,1.6441,38.4,0
1984,STARLINK-4714,STARLINK-37339,7.7248,7.917,13.029,468.0,1.6441,38.4,0
1985,STARLINK-4556,STARLINK-35112,8.5724,8.955,14.41,475.2,1.6427,38.4,0
1986,STARLINK-4561,STARLINK-32281,6.3019,7.161,10.676,473.0,1.642,38.4,0
1987,STARLINK-31034,STARLINK-37127,1.093,2.789,2.123,462.0,1.6419,38.4,0
1988,STARLINK-32694,OTTER,6.7875,7.77,11.469,490.0,1.6414,38.4,0
1989,STARLINK-3822,STARLINK-33982,5.1736,5.174,8.819,485.1,1.6412,38.4,0
1990,STARLINK-34172,STARLINK-37492,6.202,6.496,10.505,468.7,1.6409,38.3,0
1991,STARLINK-3589,STARLINK-37733,8.4665,8.803,14.218,475.6,1.6406,38.3,0
1992,STARLINK-3938,STARLINK-35459,6.7686,6.863,11.432,472.4,1.6405,38.3,0
1993,STARLINK-36329,STARLINK-37085,6.2181,6.587,10.527,464.4,1.6402,38.3,0
1994,STARLINK-2147,STARLINK-11224 [DTC],4.7986,8.017,8.199,362.1,1.6403,38.3,0
1995,STARLINK-35087,STARLINK-37268,8.8393,9.79,14.812,466.2,1.6386,38.3,0
1996,STARLINK-34623,STARLINK-36879,8.0961,9.607,13.592,464.2,1.6384,38.3,0
1997,STARLINK-3570,STARLINK-36625,8.7821,8.849,14.712,478.6,1.6379,38.3,0
1998,STARLINK-32282,STARLINK-34842,8.0597,8.111,13.525,464.9,1.6375,38.3,0
1999,STARLINK-6178,FLOCK 4G-15,8.5741,8.909,14.355,485.8,1.6361,38.3,0
2000,STARLINK-5162,SKYKRAFT-1A,8.8086,9.434,14.737,481.2,1.6359,38.3,0
2001,SAUDISAT 5A,STARLINK-5091,7.8526,7.949,13.17,487.4,1.6355,38.3,0
2002,STARLINK-2748,STARLINK-37353,7.2671,7.271,12.212,472.4,1.6354,38.3,0
2003,EXO-0,STARLINK-34611,7.4364,8.045,12.488,462.2,1.6353,38.3,0
2004,STARLINK-2640,HYPERFIELD-1A,5.1694,5.205,8.777,472.9,1.6346,38.3,0
2005,STARLINK-30086,STARLINK-34183,4.6135,4.838,7.868,492.4,1.6346,38.3,0
2006,STARLINK-5154,STARLINK-37798,8.6154,9.276,14.409,477.1,1.6345,38.3,0
2007,STARLINK-3658,STARLINK-32855,6.9981,7.061,11.761,465.9,1.6339,38.2,0
2008,STARLINK-4276,STARLINK-35587,4.6847,4.795,7.98,476.1,1.6337,38.2,0
2009,STARLINK-4119,ASTROCAST-0403,8.5266,9.103,14.255,472.4,1.6335,38.2,0
2010,STARLINK-4151,STARLINK-37819,7.3485,8.852,12.32,481.8,1.6321,38.2,0
2011,STARLINK-5526,BRO-15,9.0297,9.516,15.06,583.3,1.6317,38.2,0
2012,STARLINK-32199,STARLINK-37635,5.8695,6.742,9.901,477.3,1.6313,38.2,0
2013,STARLINK-31115,STARLINK-33728,6.3875,6.895,10.744,488.9,1.631,38.2,0
2014,STARLINK-35750,STARLINK-37104,8.7495,9.425,14.589,476.6,1.6301,38.2,0
2015,STARLINK-35198,STARLINK-37417,0.1921,5.772,0.639,464.5,1.6297,38.2,0
2016,STARLINK-2356,STARLINK-34900,6.0137,6.266,10.117,474.7,1.6282,38.2,0
2017,STARLINK-2516,STARLINK-36930,3.8737,5.786,6.63,480.4,1.6275,38.1,0
2018,STARLINK-34950,STARLINK-35465,6.7276,8.529,11.273,477.1,1.6273,38.1,0
2019,STARLINK-34220,STARLINK-36935,7.7556,8.428,12.943,468.3,1.6269,38.1,0
2020,STARLINK-35852,STARLINK-36351,8.8076,9.589,14.652,474.6,1.6266,38.1,0
2021,STARLINK-2377,ION SCV-008,3.3596,7.321,5.789,479.5,1.6263,38.1,0
2022,STARLINK-35214,GUOWANG TEST OBJECT A,7.3433,7.997,12.268,467.5,1.6263,38.1,0
2023,STARLINK-4545,STARLINK-5168,6.5601,9.658,10.993,475.8,1.6262,38.1,0
2024,STARLINK-32260,STARLINK-36346,8.7328,8.736,14.524,466.2,1.6259,38.1,0
2025,STARLINK-30303,STARLINK-37157,6.6706,7.83,11.168,464.6,1.6255,38.1,0
2026,TIANMU-1 22,STARLINK-36879,7.302,8.912,12.194,466.5,1.6254,38.1,0
2027,STARLINK-35735,STARLINK-36567,8.8557,8.861,14.713,470.9,1.6247,38.1,0
2028,STARLINK-34357,LEMUR-2-SEJONG-2,8.2636,9.152,13.745,586.7,1.624,38.1,0
2029,STARLINK-30244,STARLINK-35371,5.9122,9.21,9.923,487.7,1.6235,38.1,0
2030,SITRO-AIS 8 (ANOKHIN),STARLINK-32325,8.7193,8.773,14.471,477.4,1.6224,38.1,0
2031,SAUDISAT 5A,STARLINK-35977,5.4976,5.863,9.243,488.1,1.6223,38.1,0
2032,STARLINK-31362,STARLINK-35240,7.6252,7.799,12.69,472.0,1.6217,38.1,0
2033,STARLINK-32553,STARLINK-37344,8.9055,9.132,14.76,472.2,1.621,38.0,0
2034,STARLINK-3793,STARLINK-37431,8.8202,9.08,14.622,467.3,1.621,38.0,0
2035,STARLINK-6156,STARLINK-35505,0.5932,6.667,1.285,483.9,1.62,38.0,0
2036,STARLINK-35557,STARLINK-37548,6.5899,6.84,11.0,478.2,1.6201,38.0,0
2037,STARLINK-4471,STARLINK-34343,9.0852,9.348,15.039,542.0,1.6197,38.0,0
2038,GEISAT PRECURSOR,STARLINK-31529,8.4509,8.696,14.002,462.9,1.6186,38.0,0
2039,STARLINK-6308,STARLINK-35682,4.66,7.792,7.866,492.7,1.6185,38.0,0
2040,R2,2025-313X,7.9733,8.797,13.222,499.2,1.6177,38.0,0
2041,STARLINK-34285,STARLINK-36287,7.8889,8.662,13.083,464.9,1.6174,38.0,0
2042,STARLINK-4261,2024-203B,8.9154,9.017,14.742,493.3,1.6173,38.0,0
2043,STARLINK-5703,STARLINK-35210,6.583,6.998,10.967,488.4,1.6168,38.0,0
2044,STARLINK-3129,STARLINK-36376,3.492,4.224,5.967,479.4,1.6162,38.0,0
2045,STARLINK-3332,STARLINK-6243,6.0172,6.368,10.046,483.8,1.6158,38.0,0
2046,STARLINK-31644,STARLINK-34969,5.3963,9.196,9.04,477.6,1.6154,38.0,0
2047,STARLINK-3757,STARLINK-37078,6.2231,6.93,10.375,475.4,1.6153,38.0,0
2048,STARLINK-30714,STARLINK-32145,3.928,9.891,6.667,476.2,1.6151,38.0,0
2049,STARLINK-3253,STARLINK-34489,7.334,7.867,12.167,468.2,1.6149,38.0,0
2050,STARLINK-31960,STARLINK-31997,6.357,6.404,10.589,488.8,1.6149,38.0,0
2051,STARLINK-30160,STARLINK-36471,2.9473,6.535,5.082,483.8,1.6147,38.0,0
2052,STARLINK-3595,STARLINK-3950,7.2803,8.286,12.075,467.3,1.6142,37.9,0
2053,STARLINK-30583,STARLINK-35620,5.9575,9.354,9.937,488.0,1.6138,37.9,0
2054,STARLINK-30833,STARLINK-36939,7.7589,7.807,12.843,468.3,1.6137,37.9,0
2055,STARLINK-34308,STARLINK-36630,8.7232,9.143,14.394,466.5,1.6131,37.9,0
2056,STARLINK-4177,STARLINK-30425,7.3779,9.661,12.222,469.2,1.6128,37.9,0
2057,STARLINK-35920,STARLINK-35843,6.3467,9.56,10.557,477.4,1.6126,37.9,0
2058,STARLINK-30412,STARLINK-36817,8.8629,9.48,14.611,474.7,1.6122,37.9,0
2059,STARLINK-3268,STARLINK-37701,5.9369,7.48,9.893,464.9,1.6121,37.9,0
2060,STARLINK-32338,STARLINK-36365,5.0031,5.821,8.387,477.2,1.6119,37.9,0
2061,STARLINK-31987,STARLINK-36877,3.4453,3.856,5.874,475.1,1.6114,37.9,0
2062,STARLINK-31780,STARLINK-37468,7.5714,9.95,12.523,464.4,1.6114,37.9,0
2063,STARLINK-5245,STARLINK-31649,6.5671,9.997,10.904,472.8,1.6113,37.9,0
2064,STARLINK-32366,STARLINK-36695,7.5652,8.822,12.508,464.7,1.6108,37.9,0
2065,AEROCUBE 18B,SHIJIAN-26 (SJ-26),9.1758,9.823,15.099,497.2,1.6104,37.9,0
2066,STARLINK-5247,STARLINK-30445,6.1303,6.303,10.192,488.9,1.61,37.9,0
2067,STARLINK-32199,STARLINK-35222,2.9016,4.428,4.994,461.8,1.6101,37.9,0
2068,STARLINK-5567,STARLINK-32949,2.9386,8.088,5.053,492.3,1.61,37.9,0
2069,STARLINK-35776,STARLINK-36850,5.9902,6.241,9.964,477.7,1.6096,37.9,0
2070,STARLINK-30789,STARLINK-34147,6.8438,7.438,11.333,487.1,1.6089,37.9,0
2071,STARLINK-32725,STARLINK-34488,6.8371,7.057,11.318,485.3,1.6083,37.9,0
2072,STARLINK-5275,ATHENA EPIC,8.9052,8.916,14.639,577.3,1.6078,37.8,0
2073,STARLINK-36395,STARLINK-36731,8.604,8.948,14.15,464.9,1.6072,37.8,0
2074,STARLINK-35210,STARLINK-37728,8.8222,9.019,14.499,483.2,1.607,37.8,0
2075,STARLINK-2153,STARLINK-37879,8.2867,8.365,13.633,468.7,1.6064,37.8,0
2076,STARLINK-32222,STARLINK-34903,2.7976,5.679,4.815,475.0,1.6063,37.8,0
2077,STARLINK-2213,STARLINK-30456,7.4079,7.632,12.218,476.7,1.606,37.8,0
2078,STARLINK-2194,STARLINK-37393,3.4517,3.491,5.865,475.2,1.6061,37.8,0
2079,STARLINK-4282,STARLINK-4096,4.6397,6.099,7.772,553.4,1.6059,37.8,0
2080,STARLINK-3822,STARLINK-33982,5.3012,5.322,8.834,473.6,1.6058,37.8,0
2081,STARLINK-3641,STARLINK-36300,6.6412,7.319,10.98,464.5,1.605,37.8,0
2082,STARLINK-32047,STARLINK-35152,6.4351,6.947,10.643,481.6,1.604,37.8,0
2083,STARLINK-3139,STARLINK-34707,8.4525,8.625,13.879,469.7,1.604,37.8,0
2084,STARLINK-32102,STARLINK-31870,6.0495,6.535,10.024,487.5,1.604,37.8,0
2085,STARLINK-32010,STARLINK-36672,3.9661,4.229,6.68,480.5,1.6034,37.8,0
2086,STARLINK-3526,CONTINUUM-1,8.2904,8.551,13.614,483.3,1.6035,37.8,0
2087,STARLINK-11481 [DTC],STARLINK-11515 [DTC],5.9564,6.424,9.87,365.4,1.6032,37.8,0
2088,STARLINK-32175,STARLINK-36235,8.5903,9.904,14.08,472.6,1.6018,37.8,0
2089,STARLINK-3207,STARLINK-4275,2.7447,5.024,4.714,474.0,1.6008,37.7,0
2090,STARLINK-35947,STARLINK-37382,8.7133,8.715,14.267,466.2,1.6006,37.7,0
2091,STARLINK-30915,STARLINK-36709,7.464,7.608,12.262,477.9,1.5999,37.7,0
2092,STARLINK-5163,STARLINK-37759,8.9808,9.113,14.689,474.1,1.6,37.7,0
2093,STARLINK-3201,STARLINK-37139,8.0815,8.395,13.25,476.2,1.6,37.7,0
2094,STARLINK-31843,STARLINK-33773,4.6444,6.878,7.75,483.1,1.5998,37.7,0
2095,HAWK-3A,STARLINK-11338 [DTC],9.021,9.265,14.742,360.8,1.5987,37.7,0
2096,YAOGAN-30 10B,STARLINK-34988,8.4816,8.568,13.877,562.7,1.5984,37.7,0
2097,STARLINK-32211,STARLINK-37137,7.8536,8.47,12.871,477.4,1.5982,37.7,0
2098,STARLINK-34982,STARLINK-37094,7.2316,7.499,11.876,464.3,1.598,37.7,0
2099,STARLINK-30561,STARLINK-37936,7.316,7.966,12.009,472.8,1.5978,37.7,0
2100,STARLINK-37518,STARLINK-37804,8.9551,9.416,14.624,475.8,1.5974,37.7,0
2101,SNUGLITE,STARLINK-30254,7.6306,9.253,12.507,495.6,1.5972,37.7,0
2102,STARLINK-36730,STARLINK-37639,8.7758,8.937,14.336,478.1,1.5972,37.7,0
2103,STARLINK-3971,STARLINK-30887,4.7157,4.723,7.847,476.1,1.5963,37.7,0
2104,STARLINK-37145,STARLINK-37166,3.6335,8.28,6.118,476.3,1.5959,37.7,0
2105,STARLINK-30837,2025-313AE,8.7834,8.857,14.336,494.9,1.5958,37.7,0
2106,ORBITER SN3,STARLINK-31715,4.5468,9.975,7.574,472.4,1.5956,37.7,0
2107,STARLINK-32383,STARLINK-36596,5.4326,5.441,8.987,477.5,1.5955,37.7,0
2108,STARLINK-33975,STARLINK-35687,5.8073,5.85,9.577,486.7,1.5942,37.6,0
2109,STARLINK-4580,STARLINK-34887,2.7945,2.82,4.771,462.1,1.5933,37.6,0
2110,STARLINK-31530,STARLINK-38073,4.2363,8.645,7.063,342.7,1.5921,37.6,0
2111,STARLINK-3301,STARLINK-35672,3.0589,5.782,5.188,473.7,1.5919,37.6,0
2112,HORS 2,STARLINK-36579,9.3086,9.405,15.138,475.1,1.592,37.6,0
2113,STARLINK-31246,STARLINK-37307,9.069,9.764,14.755,479.1,1.5919,37.6,0
2114,LMRST-SAT,CORVUS BC4,7.8001,7.82,12.733,533.6,1.5916,37.6,0
2115,STARLINK-4145,STARLINK-4551,6.5501,6.746,10.741,472.8,1.5912,37.6,0
2116,2023-189A,STARLINK-35754,6.6954,6.717,10.958,489.2,1.5892,37.6,0
2117,2024-203A,STARLINK-33586,8.2688,8.412,13.453,492.9,1.5885,37.6,0
2118,SHERPA-AC1,STARLINK-36890,3.4812,6.523,5.847,470.2,1.5883,37.6,0
2119,STARLINK-34488,STARLINK-36425,4.7502,8.626,7.862,489.4,1.5882,37.6,0
2120,STARLINK-2031,STARLINK-36603,9.0517,9.059,14.693,479.3,1.5881,37.5,0
2121,TEVEL2-2,STARLINK-34830,9.0971,9.204,14.763,475.3,1.5879,37.5,0
2122,TOMORROW-S1,STARLINK-34080,8.8887,9.68,14.431,470.6,1.5878,37.5,0
2123,STARLINK-31963,STARLINK-33861,4.606,6.248,7.63,492.5,1.5876,37.5,0
2124,STARLINK-36121,STARLINK-36703,9.0831,9.586,14.737,470.5,1.5875,37.5,0
2125,STARLINK-32845,STARLINK-37938,8.2953,9.445,13.485,471.8,1.5873,37.5,0
2126,STARLINK-34148,STARLINK-37837,9.0911,9.957,14.747,475.4,1.5872,37.5,0
2127,STARLINK-31750,SCS-01 A,4.5273,8.943,7.498,494.4,1.5861,37.5,0
2128,ICEYE-X52,LEMUR-2-SEJONG-3,9.0554,9.651,14.672,586.9,1.5852,37.5,0
2129,STARLINK-35518,STARLINK-36663,6.6147,6.638,10.802,488.4,1.5851,37.5,0
2130,STARLINK-3694,STARLINK-35559,4.113,4.158,6.834,472.7,1.5845,37.5,0
2131,STARLINK-3614,STARLINK-3781,6.7395,7.296,10.991,472.2,1.5838,37.5,0
2132,STARLINK-31248,STARLINK-37664,8.9077,8.948,14.421,467.3,1.5834,37.5,0
2133,STARLINK-2410,STARLINK-36582,3.8231,6.092,6.369,479.9,1.5831,37.5,0
2134,LEAP-1,GRUS-3G,9.2576,9.382,14.971,597.5,1.583,37.5,0
2135,STARLINK-6193,STARLINK-32870,4.6302,9.61,7.645,492.1,1.5828,37.5,0
2136,STARLINK-3452,STARLINK-37492,9.0711,9.071,14.666,477.0,1.5819,37.5,0
2137,STARLINK-3809,STARLINK-36294,5.1722,5.314,8.496,473.3,1.5815,37.4,0
2138,STARLINK-4188,TRANSPORTER-14 OBJECT AC,8.7788,8.9,14.197,474.9,1.5812,37.4,0
2139,REAL,STARLINK-36969,4.4329,6.632,7.322,464.9,1.5804,37.4,0
2140,STARLINK-30405,STARLINK-35612,6.3819,7.082,10.399,474.5,1.5799,37.4,0
2141,STARLINK-35103,STARLINK-37413,7.8032,8.399,12.642,477.9,1.5796,37.4,0
2142,STARLINK-2122,2023-189A,9.045,9.818,14.602,471.5,1.5794,37.4,0
2143,STARLINK-3980,STARLINK-36901,8.6034,8.607,13.902,478.1,1.5792,37.4,0
2144,STARLINK-31748,STARLINK-33683,3.6843,3.685,6.134,484.8,1.5792,37.4,0
2145,STARLINK-35751,STARLINK-37307,8.9734,8.996,14.484,467.3,1.5789,37.4,0
2146,STARLINK-3160,STARLINK-34226,6.5572,6.639,10.665,479.5,1.5783,37.4,0
2147,STARLINK-5226,2024-094C,8.6203,8.634,13.92,531.1,1.5782,37.4,0
2148,STARLINK-32888,STARLINK-37592,8.5415,8.916,13.79,477.6,1.5775,37.4,0
2149,STARLINK-4670,2025-197C,5.3288,5.332,8.721,497.4,1.5774,37.4,0
2150,STARLINK-33630,STPSAT-7,7.2453,8.073,11.741,492.1,1.577,37.4,0
2151,STARLINK-30561,STARLINK-37417,7.7568,7.91,12.547,464.7,1.5769,37.4,0
2152,LYNK TOWER 6,YAOGAN-43 01D,7.713,7.756,12.477,474.5,1.5768,37.4,0
2153,STARLINK-2699,FLOCK 4G-11,6.6483,7.377,10.793,486.5,1.576,37.4,0
2154,THEA,STARLINK-34160,9.0449,9.207,14.565,461.1,1.5755,37.4,0
2155,STARLINK-32016,STARLINK-37889,1.1289,9.416,2.093,461.9,1.575,37.3,0
2156,STARLINK-37328,STARLINK-37451,5.726,5.884,9.332,471.2,1.5748,37.3,0
2157,STARLINK-34280,STARLINK-37013,9.056,9.098,14.572,476.4,1.5743,37.3,0
2158,STARLINK-6157,STARLINK-30125,3.7446,5.782,6.209,491.8,1.5741,37.3,0
2159,STARLINK-30520,STARLINK-32807,0.6377,9.932,1.318,492.2,1.5734,37.3,0
2160,STARLINK-31511,STARLINK-32615,5.9811,6.115,9.724,487.9,1.5732,37.3,0
2161,STARLINK-3156,STARLINK-30825,6.5278,6.528,10.584,475.6,1.5732,37.3,0
2162,STARLINK-34975,STARLINK-36385,8.0283,8.157,12.944,464.6,1.5731,37.3,0
2163,STARLINK-6099,STARLINK-32227,6.9996,7.118,11.319,487.1,1.5722,37.3,0
2164,STARLINK-35014,STARLINK-37224,8.9867,9.616,14.443,476.5,1.5722,37.3,0
2165,YAOGAN-43 01D,STARLINK-37211,8.6798,8.826,13.953,478.6,1.5713,37.3,0
2166,SPAWAR-CAL-OR,STARLINK-6243,7.8187,8.425,12.599,487.0,1.5712,37.3,0
2167,STARLINK-4298,STARLINK-32309,4.2891,9.147,7.052,474.7,1.5709,37.3,0
2168,STARLINK-34371,GEOSCAN 5 (RS92S5),7.9762,7.978,12.845,467.3,1.571,37.3,0
2169,STARLINK-4150,STARLINK-35540,6.9121,7.396,11.168,472.8,1.5703,37.3,0
2170,STARLINK-2643,STARLINK-35539,7.5805,8.054,12.215,481.0,1.57,37.3,0
2171,STARLINK-30784,STARLINK-37612,8.9104,9.575,14.297,472.8,1.5693,37.3,0
2172,STARLINK-32672,STARLINK-34144,4.659,9.974,7.62,492.2,1.5682,37.2,0
2173,STARLINK-34752,STARLINK-37768,8.1901,8.338,13.153,477.8,1.5677,37.2,0
2174,SCS-01 A,STARLINK-35564,8.3857,9.037,13.454,494.9,1.567,37.2,0
2175,STARLINK-4275,STARLINK-32281,7.5112,9.401,12.083,467.2,1.5669,37.2,0
2176,STARLINK-37033,STARLINK-37501,6.6247,8.33,10.682,463.7,1.5652,37.2,0
2177,STARLINK-5490,STARLINK-34186,3.0403,3.318,5.071,492.2,1.565,37.2,0
2178,STARLINK-3634,STARLINK-36571,8.9547,9.013,14.322,466.3,1.5644,37.2,0
2179,STARLINK-5793,STARLINK-32017,7.0458,7.136,11.333,486.8,1.5641,37.2,0
2180,STARLINK-3210,STARLINK-37405,9.2074,9.207,14.703,468.5,1.5629,37.2,0
2181,FLOCK 4G-18,STARLINK-34849,8.5946,8.608,13.742,466.9,1.5625,37.2,0
2182,STARLINK-30387,STARLINK-31665,6.1515,6.169,9.921,487.7,1.562,37.1,0
2183,STARLINK-4435,STARLINK-35584,9.2621,9.262,14.78,467.3,1.562,37.1,0
2184,STARLINK-32185,STARLINK-33594,6.3757,6.553,10.269,474.6,1.5617,37.1,0
2185,STARLINK-2423,STARLINK-37611,7.8745,8.957,12.606,468.7,1.5612,37.1,0
2186,STARLINK-2550,STARLINK-36585,4.3049,6.687,7.032,471.4,1.561,37.1,0
2187,STARLINK-6118,STARLINK-31098,5.0354,8.442,8.167,489.7,1.56,37.1,0
2188,FLOCK 4G-25,STARLINK-36956,4.774,5.743,7.759,490.4,1.5599,37.1,0
2189,2024-153E,STARLINK-32320,6.7118,7.847,10.781,484.7,1.5598,37.1,0
2190,STARLINK-4677,STARLINK-37639,6.9533,8.926,11.156,462.4,1.5596,37.1,0
2191,STARLINK-2055,STARLINK-3685,3.5967,3.655,5.921,476.4,1.5595,37.1,0
2192,STARLINK-30368,NESS,8.7584,8.791,13.966,488.3,1.559,37.1,0
2193,STARLINK-35125,STARLINK-34934,8.8972,9.334,14.18,466.5,1.5587,37.1,0
2194,GPM-CORE,JACKAL X-1L-002,9.4099,9.88,14.979,438.1,1.5587,37.1,0
2195,STARLINK-31311,FLOCK 4G-25,6.0634,8.956,9.761,475.1,1.5584,37.1,0
2196,STARLINK-32754,BOTSAT-1,4.6549,4.714,7.565,489.0,1.5582,37.1,0
2197,STARLINK-3524,STARLINK-37194,5.0462,5.07,8.175,481.4,1.5583,37.1,0
2198,STARLINK-31647,STARLINK-34537,2.1286,6.247,3.628,476.5,1.558,37.1,0
2199,STARLINK-3110,STARLINK-36572,9.0817,9.226,14.459,475.2,1.5578,37.1,0
2200,STARLINK-32539,STARLINK-33954,6.6311,7.094,10.641,488.9,1.5577,37.1,0
2201,STARLINK-31491,STARLINK-34635,7.5537,7.67,12.077,469.7,1.5576,37.1,0
2202,STARLINK-31257,STARLINK-36515,3.7438,3.919,6.142,492.5,1.5574,37.1,0
2203,STARLINK-33728,STARLINK-37249,8.6676,8.843,13.81,484.2,1.5574,37.1,0
2204,STARLINK-4054,STARLINK-37027,6.0334,6.252,9.7,473.5,1.5561,37.1,0
2205,STARLINK-6351,STARLINK-31206,3.0134,7.296,4.998,492.5,1.5554,37.0,0
2206,STARLINK-31882,STARLINK-33822,4.8506,5.215,7.854,485.4,1.5551,37.0,0
2207,STARLINK-31875,STARLINK-33875,0.6226,4.229,1.279,492.0,1.5548,37.0,0
2208,STARLINK-33588,STARLINK-36358,7.476,8.527,11.932,465.1,1.5545,37.0,0
2209,STARLINK-2139,STARLINK-32147,7.6149,7.938,12.146,475.5,1.5542,37.0,0
2210,STARLINK-37483,STARLINK-37365,8.6661,9.385,13.778,477.1,1.554,37.0,0
2211,STARLINK-31834,STARLINK-32290,7.6375,8.374,12.179,474.8,1.5539,37.0,0
2212,STARLINK-5415,STARLINK-36743,7.5248,7.813,12.002,466.8,1.5537,37.0,0
2213,STARLINK-32247,STARLINK-37614,9.2062,9.211,14.614,468.6,1.5537,37.0,0
2214,STARLINK-30978,STARLINK-35196,7.1067,7.281,11.35,485.9,1.5534,37.0,0
2215,STARLINK-36621,STARLINK-36251,4.4672,9.769,7.249,476.5,1.5532,37.0,0
2216,STARLINK-32533,STARLINK-37477,9.2082,9.358,14.613,475.8,1.5532,37.0,0
2217,STARLINK-5768,STARLINK-35935,0.6533,7.554,1.325,484.2,1.5528,37.0,0
2218,LIME,STARLINK-34198,8.9649,9.488,14.23,487.8,1.5527,37.0,0
2219,STARLINK-4647,STARLINK-5385,5.376,5.425,8.655,489.8,1.5522,37.0,0
2220,HERMES-2,STARLINK-37934,8.7509,9.768,13.893,484.5,1.5521,37.0,0
2221,STARLINK-30223,RASSVET-3 13,4.3489,5.929,7.06,531.4,1.552,37.0,0
2222,STARLINK-3812,STARLINK-33934,6.8803,7.924,10.985,475.7,1.5515,37.0,0
2223,STARLINK-3997,2024-110A,5.2175,9.783,8.398,520.8,1.5502,37.0,0
2224,STARLINK-34893,STARLINK-37413,8.8183,8.858,13.979,476.9,1.5501,37.0,0
2225,STARLINK-32094,STARLINK-35796,6.1523,8.323,9.845,487.8,1.5498,37.0,0
2226,STARLINK-3273,STARLINK-36389,5.6423,7.911,9.052,477.5,1.5494,37.0,0
2227,STARLINK-35450,STARLINK-37744,7.9137,8.41,12.569,463.4,1.5491,37.0,0
2228,STARLINK-30330,2025-155J,9.0335,9.038,14.303,491.6,1.549,36.9,0
2229,TOMORROW-S1,STARLINK-34591,5.3639,6.078,8.617,465.0,1.5487,36.9,0
2230,STARLINK-36588,STARLINK-36924,9.2907,9.861,14.687,475.0,1.5475,36.9,0
2231,STARLINK-31499,STARLINK-37300,8.4145,9.507,13.328,478.0,1.5472,36.9,0
2232,STARLINK-35433,STARLINK-36833,9.338,9.893,14.755,479.7,1.547,36.9,0
2233,STARLINK-31353,STARLINK-32875,4.2369,7.735,6.862,462.7,1.5466,36.9,0
2234,TEVEL2-1,STARLINK-35554,8.4976,9.219,13.448,479.7,1.5462,36.9,0
2235,2024-174E,STARLINK-32765,8.8914,8.892,14.053,495.6,1.5457,36.9,0
2236,STARLINK-30198,STARLINK-36562,8.4206,8.451,13.325,473.7,1.5457,36.9,0
2237,STARLINK-35086,STARLINK-37302,4.6356,9.847,7.474,470.9,1.5456,36.9,0
2238,STARLINK-3172,STARLINK-37544,4.2169,9.308,6.827,478.1,1.5457,36.9,0
2239,STARLINK-2094,MESON-1,8.5107,8.987,13.454,487.1,1.5445,36.9,0
2240,STARLINK-3154,STARLINK-6106,6.1041,6.107,9.736,491.0,1.5444,36.9,0
2241,STARLINK-2110,STARLINK-30861,5.699,6.184,9.107,462.0,1.5438,36.9,0
2242,STARLINK-32619,STARLINK-37104,9.2666,9.319,14.613,469.9,1.5436,36.9,0
2243,STARLING 4,STARLINK-35157,9.4794,9.537,14.932,554.0,1.5427,36.8,0
2244,AETHER-2,STARLINK-32340,9.3616,9.587,14.75,474.1,1.5426,36.8,0
2245,STARLINK-3125,STARLINK-35078,3.7416,3.776,6.08,476.7,1.5425,36.8,0
2246,STARLINK-6215,SCS-01 J,8.8862,8.888,14.01,487.2,1.5419,36.8,0
2247,STARLINK-6312,STARLINK-32341,3.7814,3.804,6.138,485.1,1.5417,36.8,0
2248,STARLINK-32140,STARLINK-37072,4.2655,8.508,6.882,480.7,1.5411,36.8,0
2249,STARLINK-31328,STARLINK-36876,8.8122,9.143,13.887,484.2,1.5409,36.8,0
2250,STARLINK-4797,STARLINK-31427,3.0879,5.957,5.066,491.1,1.5408,36.8,0
2251,STARLINK-34686,STARLINK-36364,8.7853,9.144,13.844,483.4,1.5407,36.8,0
2252,STARLINK-2752,STARLINK-4602,7.7312,8.901,12.22,477.1,1.5408,36.8,0
2253,STARLINK-30358,STARLINK-36927,4.7512,7.677,7.628,492.1,1.5406,36.8,0
2254,STARLINK-31986,STARLINK-34751,6.9958,7.178,11.082,475.9,1.5401,36.8,0
2255,STARLINK-3502,STARLINK-36278,5.67,6.484,9.032,470.0,1.5387,36.8,0
2256,STARLINK-32912,SOAP,7.9159,7.989,12.477,587.5,1.5374,36.8,0
2257,CUTE-1.7+APD II (CO-65),STARLINK-4772,9.3588,9.534,14.693,548.0,1.5371,36.8,0
2258,STARLINK-2407,STARLINK-36874,7.1482,7.207,11.292,468.1,1.5367,36.8,0
2259,STARLINK-4021,STARLINK-4477,6.4,6.574,10.14,464.5,1.5364,36.8,0
2260,STARLINK-3145,STARLINK-37354,8.848,9.271,13.892,477.2,1.5354,36.7,0
2261,HULIANWANG DIGUI-123,HULIANWANG DIGUI-133,4.9546,9.762,7.913,1151.1,1.5351,36.7,0
2262,STARLINK-32098,SHIYAN-33,5.5081,5.792,8.763,486.7,1.5352,36.7,0
2263,STARLINK-34259,STARLINK-37171,8.9376,9.008,14.021,465.4,1.5344,36.7,0
2264,STARLINK-4197,STARLINK-30486,6.2519,6.281,9.897,485.3,1.534,36.7,0
2265,NETSAT-1,STARLINK-37063,3.8708,6.325,6.245,465.6,1.5341,36.7,0
2266,STARLINK-36345,STARLINK-37759,8.2345,9.899,12.936,464.6,1.5337,36.7,0
2267,KSM1-C,STARLINK-30335,5.338,5.792,8.493,490.7,1.5336,36.7,0
2268,STARLINK-35453,STARLINK-36378,9.4084,9.524,14.727,470.7,1.5327,36.7,0
2269,STARLINK-31521,STARLINK-35328,8.2327,8.238,12.924,470.7,1.5326,36.7,0
2270,STARLINK-2745,STARLINK-30128,7.2061,7.324,11.345,488.9,1.5318,36.7,0
2271,STARLINK-36948,STARLINK-37374,8.8831,9.286,13.914,478.0,1.5319,36.7,0
2272,STARLINK-36789,STARLINK-37669,9.4115,9.674,14.724,475.0,1.5319,36.7,0
2273,STARLINK-3736,STARLINK-35478,4.3006,6.686,6.893,476.6,1.5316,36.7,0
2274,STARLINK-35264,STARLINK-37803,9.4202,9.983,14.734,470.9,1.5316,36.7,0
2275,STARLINK-31117,STARLINK-31900,7.2058,7.583,11.341,487.3,1.5314,36.7,0
2276,STARLINK-30073,STARLINK-34844,3.0922,7.19,5.041,492.7,1.5312,36.7,0
2277,STARLINK-6127,STARLINK-30266,4.937,8.849,7.864,492.1,1.5309,36.7,0
2278,STARLINK-3934,STARLINK-4267,6.757,8.114,10.647,479.7,1.5304,36.7,0
2279,STARLINK-3548,STARLINK-31231,6.9643,7.726,10.964,487.2,1.5304,36.7,0
2280,GRUS-1D,STARLINK-35838,8.3842,9.906,13.137,572.2,1.5304,36.7,0
2281,STARLINK-2726,STARLINK-37777,5.9819,6.363,9.456,470.5,1.5296,36.6,0
2282,STARLINK-35526,STARLINK-36045,7.1651,8.934,11.262,486.7,1.5291,36.6,0
2283,STARLINK-4579,STARLINK-5420,3.6236,5.358,5.844,551.1,1.5284,36.6,0
2284,STARLINK-34807,STARLINK-37327,6.9885,7.218,10.987,477.4,1.5284,36.6,0
2285,STARLINK-2566,STARLINK-34956,5.1329,5.138,8.149,481.6,1.5281,36.6,0
2286,STARLINK-11103 [DTC],STARLINK-37841,6.8755,7.581,10.811,374.2,1.5279,36.6,0
2287,STARLINK-31053,STARLINK-37916,8.393,9.265,13.129,472.4,1.5279,36.6,0
2288,STARLINK-31568,STARLINK-35974,3.8457,7.697,6.18,485.5,1.5275,36.6,0
2289,STARLINK-3154,STARLINK-30102,6.3046,9.552,9.934,484.3,1.5272,36.6,0
2290,STARLINK-2705,STARLINK-37186,8.0416,8.886,12.586,482.0,1.5271,36.6,0
2291,STARLINK-30084,STARLINK-33855,0.6802,0.693,1.343,492.7,1.5258,36.6,0
2292,STARLINK-30133,STARLINK-33932,2.912,5.587,4.748,484.0,1.5257,36.6,0
2293,STARLINK-4197,STARLINK-31776,6.9232,7.659,10.863,487.0,1.525,36.6,0
2294,STARLINK-11105 [DTC],STARLINK-11434 [DTC],7.2509,8.656,11.36,366.2,1.5246,36.6,0
2295,STARLINK-36579,STARLINK-37026,8.9424,9.287,13.935,465.6,1.5242,36.6,0
2296,STARLINK-30514,STARLINK-35481,7.6225,7.956,11.922,476.1,1.5241,36.6,0
2297,STARLINK-2594,STARLINK-31586,7.7919,8.227,12.178,481.8,1.5238,36.6,0
2298,VSP RF C1,STARLINK-34561,7.1321,7.145,11.173,492.2,1.5238,36.6,0
2299,COSMOS 2538,STARLINK-30521,5.2044,6.639,8.234,494.0,1.5236,36.6,0
2300,STARLINK-30762,STARLINK-36993,4.8353,7.081,7.661,486.0,1.5215,36.5,0
2301,STARLINK-1482,KUIPER-00134,6.1385,9.081,9.64,440.0,1.5209,36.5,0
2302,STARLINK-30297,STARLINK-31749,6.9979,7.398,10.946,488.5,1.5207,36.5,0
2303,STARLINK-36896,STARLINK-37157,8.3136,8.828,12.947,464.7,1.5207,36.5,0
2304,STARLINK-35202,STARLINK-35120,7.8718,8.225,12.274,464.1,1.5206,36.5,0
2305,STARLINK-31245,STARLINK-37831,7.7597,7.854,12.098,477.8,1.5199,36.5,0
2306,STARLINK-3626,STARLINK-37074,7.817,8.099,12.179,470.7,1.5191,36.5,0
2307,TANSTAAFL-2,STARLINK-37842,9.3035,9.519,14.433,479.9,1.5187,36.5,0
2308,STARLINK-3943,NUSAT-35 (WILLIAMINA),5.6337,9.091,8.856,471.4,1.5181,36.5,0
2309,UHETSAT,STARLINK-36654,7.5643,8.409,11.784,480.2,1.5177,36.5,0
2310,STARLINK-31351,STARLINK-36868,9.5289,9.602,14.764,472.7,1.5175,36.5,0
2311,STARLINK-36930,STARLINK-37065,6.264,9.197,9.808,464.7,1.5173,36.5,0
2312,STARLINK-3749,STARLINK-37819,7.2742,7.843,11.34,479.1,1.5172,36.5,0
2313,STARLINK-32012,STARLINK-36094,6.4539,9.505,10.092,489.0,1.5167,36.4,0
2314,STARLINK-3352,STARLINK-37213,7.1556,7.438,11.151,463.9,1.516,36.4,0
2315,STARLINK-33697,STARLINK-34201,3.1263,9.237,5.043,491.7,1.5161,36.4,0
2316,STARLINK-4276,STARLINK-37609,8.855,9.383,13.724,477.3,1.5156,36.4,0
2317,STARLINK-31427,STARLINK-33603,4.9896,8.139,7.861,491.8,1.5148,36.4,0
2318,STARLINK-31463,STARLINK-36481,5.0088,7.841,7.884,492.3,1.5136,36.4,0
2319,STARLINK-3343,STARLINK-3548,7.7381,8.241,12.014,485.8,1.5135,36.4,0
2320,STARLINK-35595,STARLINK-36264,9.554,9.556,14.755,473.7,1.5127,36.4,0
2321,STARLINK-37455,KUIPER-00627,8.784,8.787,13.59,475.8,1.5127,36.4,0
2322,STARLINK-2530,FLOCK 4G-11,9.2961,9.38,14.361,476.4,1.5123,36.4,0
2323,STARLINK-34220,STARLINK-36935,8.3238,8.348,12.887,481.8,1.5119,36.4,0
2324,FLOCK 4H-6,BALKAN-2,9.7834,9.935,15.089,511.6,1.5114,36.4,0
2325,STARLINK-30983,STARLINK-32005,6.1588,9.482,9.607,489.4,1.5108,36.4,0
2326,STARLINK-4436,STARLINK-33845,8.9313,8.959,13.794,471.5,1.5106,36.3,0
2327,STARLINK-30478,STARLINK-32635,6.4318,8.788,10.012,488.2,1.5097,36.3,0
2328,STARLINK-2465,STARLINK-30246,6.9719,7.522,10.828,484.4,1.5098,36.3,0
2329,STARLINK-34433,STARLINK-37462,7.1684,8.848,11.124,464.4,1.5097,36.3,0
2330,CUBEBEL 2 (EU11S),STARLINK-32697,8.4805,8.729,13.103,478.8,1.5095,36.3,0
2331,STARLINK-4439,STARLINK-5410,8.8808,8.929,13.707,464.2,1.5094,36.3,0
2332,STARLINK-2734,NUSAT-49 (KLARA DAN VO*),8.5281,8.534,13.172,487.0,1.5091,36.3,0
2333,STARLINK-5671,STARLINK-34284,6.4817,6.991,10.079,489.4,1.5084,36.3,0
2334,STARLINK-35222,STARLINK-37854,9.5472,9.778,14.702,475.1,1.5083,36.3,0
2335,STARLINK-3864,STARLINK-30900,7.3022,7.606,11.313,493.5,1.508,36.3,0
2336,STARLINK-30289,STARLINK-32468,4.0586,4.077,6.417,492.6,1.5068,36.3,0
2337,TEVEL2-6,STARLINK-36745,8.518,9.167,13.134,460.7,1.5065,36.3,0
2338,STARLINK-31948,STARLINK-35991,0.6365,6.92,1.259,492.4,1.5051,36.3,0
2339,STARLINK-31729,STARLINK-32152,7.2347,7.239,11.19,485.3,1.5051,36.3,0
2340,STARLINK-6328,STARLINK-30972,7.2371,7.242,11.192,485.4,1.5049,36.3,0
2341,STARLINK-3594,PELICAN-5,9.2346,9.925,14.189,466.2,1.5039,36.2,0
2342,HAWK-8C,STARLINK-34666,5.5868,7.191,8.698,573.9,1.5031,36.2,0
2343,STARLINK-6378,STARLINK-32687,0.6982,5.057,1.349,484.3,1.5019,36.2,0
2344,STARLINK-30811,STARLINK-31336,5.616,6.571,8.737,485.4,1.5022,36.2,0
2345,STARLINK-32100,STARLINK-34823,5.186,7.963,8.091,489.6,1.5022,36.2,0
2346,STARLINK-2424,STARLINK-37002,6.3194,6.855,9.79,481.4,1.5017,36.2,0
2347,STARLINK-37248,STARLINK-37660,9.0242,9.181,13.852,477.6,1.5017,36.2,0
2348,STARLINK-31516,STARLINK-32445,7.4562,7.847,11.496,471.6,1.5015,36.2,0
2349,STARLINK-4260,STARLINK-34813,7.2768,8.191,11.225,475.1,1.5013,36.2,0
2350,STARLINK-35861,STARLINK-36768,8.0773,9.978,12.422,478.3,1.5007,36.2,0
2351,STARLINK-5695,STARLINK-36852,6.4839,6.612,10.026,488.0,1.5,36.2,0
2352,COSMOS 2523,STARLINK-34722,9.6893,9.69,14.827,547.7,1.4993,36.2,0
2353,STARLINK-31127,STARLINK-36534,7.2268,7.228,11.133,487.9,1.499,36.2,0
2354,STARLINK-30401,STARLINK-31328,7.0027,9.31,10.796,489.0,1.4989,36.2,0
2355,STARLINK-36238,STARLINK-37517,1.2188,1.877,2.126,461.7,1.4984,36.2,0
2356,STARLINK-4658,STARLINK-30762,5.8696,8.149,9.096,491.6,1.4986,36.2,0
2357,STARLINK-37106,STARLINK-37254,4.3424,9.491,6.802,474.4,1.4974,36.1,0
2358,STARLINK-31440,STARLINK-36628,9.1372,9.334,13.977,472.1,1.4969,36.1,0
2359,HAWK-7B,STARLINK-32484,4.761,7.834,7.426,488.8,1.4969,36.1,0
2360,STARLINK-36309,STARLINK-37281,9.3836,9.55,14.343,477.5,1.4966,36.1,0
2361,STARLINK-31217,STARLINK-35411,3.1663,3.322,5.038,484.7,1.4966,36.1,0
2362,STARLINK-32279,STARLINK-34945,4.6584,4.922,7.27,476.8,1.4964,36.1,0
2363,STARLINK-30423,PHISAT 2,5.3033,5.937,8.236,472.2,1.4966,36.1,0
2364,STARLINK-32901,STARLINK-34808,7.1456,7.435,10.987,487.7,1.4957,36.1,0
2365,2023-085AL,STARLINK-32627,6.553,6.591,10.1,462.0,1.4956,36.1,0
2366,STARLINK-4190,2023-085L,9.4615,9.464,14.45,470.9,1.4956,36.1,0
2367,STARLINK-30155,STARLINK-35249,7.4015,8.128,11.353,486.7,1.4935,36.1,0
2368,STARLINK-31456,STARLINK-37013,7.738,7.923,11.851,465.9,1.4929,36.1,0
2369,STARLINK-32096,STARLINK-35939,3.9511,4.008,6.197,492.5,1.4929,36.1,0
2370,STARLINK-4346,UMKA 1 (RS40S),9.0142,9.151,13.747,514.1,1.4919,36.1,0
2371,STARLINK-35656,STARLINK-36187,9.006,9.053,13.731,471.1,1.4915,36.0,0
2372,BUFENG 1B,STARLINK-35552,7.4599,7.461,11.418,472.0,1.4906,36.0,0
2373,STARLINK-4160,STARLINK-4047,7.0184,8.274,10.758,463.8,1.4904,36.0,0
2374,STARLINK-5371,STARLINK-36512,1.3528,5.454,2.313,483.9,1.4896,36.0,0
2375,KSM1-C,STARLINK-30470,3.8681,9.41,6.059,491.9,1.4894,36.0,0
2376,STARLINK-30125,STARLINK-30467,2.3527,7.562,3.801,492.0,1.489,36.0,0
2377,STARLINK-1417,HAWK-12B,7.3366,7.807,11.219,507.8,1.4886,36.0,0
2378,STARLINK-31420,STARLINK-34159,6.4796,8.485,9.94,489.1,1.4881,36.0,0
2379,STARLINK-32267,STARLINK-32615,7.359,7.392,11.245,485.2,1.4876,36.0,0
2380,STARLINK-32590,STARLINK-35931,6.531,6.615,10.011,489.6,1.4873,36.0,0
2381,STARLINK-2107,STARLINK-37011,7.662,8.715,11.692,482.0,1.4872,36.0,0
2382,STARLINK-3756,STARLINK-30426,8.0141,8.393,12.216,481.0,1.4872,36.0,0
2383,STARLINK-37542,STARLINK-37402,5.1804,8.587,8.001,466.0,1.4871,36.0,0
2384,STARLINK-34994,STARLINK-37171,9.1773,9.178,13.945,477.3,1.4871,36.0,0
2385,STARLINK-2193,STARLINK-31788,7.068,9.662,10.807,484.4,1.4869,36.0,0
2386,STARLINK-31222,STARLINK-32874,1.5075,1.552,2.539,475.4,1.487,36.0,0
2387,STARLINK-32716,STARLINK-37060,6.7255,9.606,10.296,478.5,1.4867,36.0,0
2388,STARLINK-31695,STARLINK-37307,8.9244,9.682,13.564,478.3,1.4866,36.0,0
2389,STARLINK-5130,KUIPER-00623,7.9363,8.079,12.095,472.1,1.4865,36.0,0
2390,STARLINK-37761,STARLINK-37727,8.811,9.816,13.389,464.1,1.4859,36.0,0
2391,STARLINK-35020,STARLINK-37148,6.5063,6.755,9.96,481.5,1.4852,35.9,0
2392,STARLINK-5973,STARLINK-32935,0.7159,9.832,1.36,483.8,1.4849,35.9,0
2393,STARLINK-2423,STARLINK-37611,8.2531,8.767,12.549,481.7,1.4845,35.9,0
2394,STARLINK-3145,STARLINK-37171,9.4352,9.655,14.3,466.7,1.4841,35.9,0
2395,STARLINK-32079,FLOCK 4G-12,9.6346,9.665,14.588,481.0,1.4833,35.9,0
2396,STARLINK-31882,STARLINK-33822,5.0952,5.641,7.846,492.4,1.4817,35.9,0
2397,STARLINK-5432,STARLINK-36862,3.9567,9.568,6.158,485.2,1.4815,35.9,0
2398,STARLINK-3950,STARLINK-36346,8.8623,8.891,13.424,463.2,1.4813,35.9,0
2399,STARLINK-5375,STARLINK-30589,7.3678,7.573,11.209,485.3,1.4811,35.9,0
2400,STARLINK-34295,STARLINK-36691,8.5669,9.137,12.979,477.5,1.4805,35.9,0
2401,STARLINK-32176,STARLINK-35078,9.4295,9.43,14.254,483.8,1.4802,35.9,0
2402,STARLINK-3700,STARLINK-37240,3.6772,5.191,5.738,477.7,1.4799,35.9,0
2403,STARLINK-6332,STARLINK-36045,6.3699,8.602,9.72,487.1,1.4795,35.9,0
2404,STARLINK-35173,STARLINK-37064,9.5761,9.765,14.459,477.2,1.479,35.8,0
2405,STARLINK-3918,STARLINK-35420,7.899,8.197,11.973,477.8,1.4783,35.8,0
2406,STARLINK-35144,STARLINK-35965,7.1379,7.597,10.846,464.8,1.4781,35.8,0
2407,STARLINK-35400,STARLINK-36633,3.9815,4.97,6.179,492.3,1.4777,35.8,0
2408,STARLINK-3526,STARLINK-37113,5.9635,6.005,9.107,481.1,1.4776,35.8,0
2409,STARLINK-3980,STARLINK-35320,7.6866,8.282,11.647,477.2,1.4768,35.8,0
2410,STARLINK-35592,STARLINK-37949,9.6594,9.706,14.56,476.5,1.4768,35.8,0
2411,STARLINK-2683,TRANSPORTER-10 OBJECT AD,8.2196,8.227,12.433,479.9,1.4767,35.8,0
2412,STARLINK-31861,STARLINK-33769,4.007,4.25,6.212,485.1,1.4766,35.8,0
2413,STARLINK-30574,STARLINK-35532,7.4549,7.462,11.299,487.0,1.476,35.8,0
2414,STARLINK-4740,STARLINK-34394,7.8996,8.827,11.954,471.3,1.4759,35.8,0
2415,STARLINK-34772,STARLINK-35190,7.6486,7.675,11.582,464.8,1.4757,35.8,0
2416,STARLINK-2622,STARLINK-36835,7.8425,8.163,11.868,478.1,1.4757,35.8,0
2417,STARLINK-34367,STARLINK-37617,7.5485,7.986,11.434,464.1,1.4756,35.8,0
2418,STARLINK-30984,KUIPER-00569,6.7024,8.651,10.181,489.9,1.475,35.8,0
2419,STRIX-4,STARLINK-37055,9.476,9.507,14.266,476.0,1.4744,35.8,0
2420,STARLINK-30765,STARLINK-31762,4.9747,5.361,7.629,485.9,1.4743,35.8,0
2421,STARLINK-4535,STARLINK-30306,7.4402,7.455,11.253,488.9,1.4729,35.8,0
2422,STARLINK-2478,STARLINK-36364,3.6963,9.949,5.738,477.7,1.4727,35.7,0
2423,ONEWEB-0012,ONEWEB-0627,8.9693,9.783,13.499,1194.3,1.4722,35.7,0
2424,STARLINK-30219,STARLINK-36795,8.3577,8.395,12.599,468.1,1.4722,35.7,0
2425,STARLINK-5117,STARLINK-31384,5.4599,6.239,8.332,464.4,1.4721,35.7,0
2426,STARLINK-30388,STARLINK-32958,4.1649,4.467,6.425,492.1,1.472,35.7,0
2427,STARLINK-4001,STARLINK-35326,7.9687,9.96,12.02,467.7,1.4715,35.7,0
2428,STARLINK-1570,STARLINK-36699,6.627,7.08,10.042,468.8,1.4709,35.7,0
2429,STARLINK-31742,STARLINK-35930,4.182,8.63,6.445,492.1,1.4708,35.7,0
2430,STARLINK-4014,FSI-SAT2,9.1611,9.169,13.764,543.4,1.4703,35.7,0
2431,STARLINK-4020,STARLINK-36788,9.802,9.803,14.702,473.6,1.4699,35.7,0
2432,LYNK TOWER 5,STARLINK-31777,5.0922,8.179,7.773,490.1,1.4688,35.7,0
2433,STARLINK-30092,STARLINK-32736,7.1267,8.704,10.761,488.3,1.4687,35.7,0
2434,STARLINK-6142,IRIS-F3,7.8578,7.896,11.834,493.6,1.4686,35.7,0
2435,STARLINK-34305,STARLINK-36669,9.4796,9.63,14.208,472.4,1.4678,35.7,0
2436,STARLINK-5698,STARLINK-35512,6.4985,7.33,9.828,488.1,1.4672,35.7,0
2437,STARLINK-5212,STARLINK-35304,4.6337,9.735,7.091,483.0,1.467,35.7,0
2438,YUBILEINY (RS30),COSMOS 2488 (RODNIK-S 7),9.4219,9.949,14.11,1488.7,1.4664,35.6,0
2439,STARLINK-31711,STARLINK-32385,8.1054,8.131,12.177,475.5,1.4662,35.6,0
2440,LEMUR-2-GREENBERG,STARLINK-35046,3.7804,4.433,5.835,470.5,1.4659,35.6,0
2441,STARLINK-34961,STARLINK-36765,6.2741,8.461,9.487,477.1,1.4654,35.6,0
2442,STARLINK-30605,STARLINK-34653,8.1401,8.309,12.222,474.6,1.4655,35.6,0
2443,STARLINK-31320,2025-155H,9.8171,9.823,14.678,471.9,1.4653,35.6,0
2444,STARLINK-33702,STARLINK-33642,6.6381,6.747,10.019,490.8,1.4652,35.6,0
2445,STARLINK-5118,STARLINK-36455,6.8134,6.814,10.275,487.5,1.4651,35.6,0
2446,STARLINK-31011,STARLINK-36534,6.6365,7.102,10.016,488.2,1.4651,35.6,0
2447,STARLINK-3998,STARLINK-36840,6.1633,6.425,9.322,461.5,1.465,35.6,0
2448,STARLINK-5098,STARLINK-36847,6.5252,6.525,9.849,490.3,1.4645,35.6,0
2449,STARLINK-4168,STARLINK-6237,5.1872,5.706,7.889,490.1,1.4644,35.6,0
2450,STARLINK-5058,STARLINK-36852,6.4256,6.698,9.701,487.8,1.4642,35.6,0
2451,STARLINK-2636,TRANSPORTER-11 OBJECT A,8.8382,8.891,13.229,482.3,1.4637,35.6,0
2452,STARLINK-5602,LEONAV-1,9.3057,9.459,13.908,578.7,1.4631,35.6,0
2453,STARLINK-37260,STARLINK-37724,5.1169,5.175,7.778,477.0,1.4629,35.6,0
2454,STARLINK-3297,STARLINK-3651,7.6225,8.341,11.442,478.7,1.4627,35.6,0
2455,STARLINK-2616,STARLINK-35295,8.1161,8.123,12.158,481.8,1.462,35.6,0
2456,STARLINK-3138,ARCSTONE,4.2122,4.758,6.45,467.2,1.4619,35.6,0
2457,STARLINK-35727,STARLINK-37220,8.1101,9.052,12.147,464.4,1.4617,35.6,0
2458,STARLINK-2449,ARCSTONE,8.2356,8.256,12.321,481.7,1.4606,35.6,0
2459,STARLINK-33634,STARLINK-36571,9.7995,9.885,14.606,476.0,1.4607,35.6,0
2460,STARLINK-36612,STARLINK-36707,4.2767,5.188,6.538,464.6,1.4605,35.6,0
2461,STARLINK-4505,STARLINK-5433,2.9858,8.92,4.653,539.5,1.4605,35.6,0
2462,STARLINK-31262,STARLINK-37549,8.3201,8.353,12.443,477.8,1.4604,35.6,0
2463,STARLINK-2565,STARLINK-4778,8.0637,8.193,12.068,476.4,1.4604,35.6,0
2464,STARLINK-4180,YAOGAN-43 01D,2.0525,6.636,3.289,481.8,1.4602,35.5,0
2465,STARLINK-33644,STARLINK-35613,7.1037,9.548,10.661,488.7,1.4597,35.5,0
2466,STARLINK-30412,STARLINK-36841,6.651,8.954,9.998,489.5,1.4593,35.5,0
2467,FLOCK 4G-14,STARLINK-32765,9.006,9.076,13.431,481.0,1.4589,35.5,0
2468,STARLINK-4577,STARLINK-37019,6.8342,6.837,10.261,463.7,1.4587,35.5,0
2469,STARLINK-4722,STARLINK-6168,7.528,7.948,11.267,482.4,1.4579,35.5,0
2470,STARLINK-32688,2025-313X,7.9217,7.943,11.831,493.1,1.4567,35.5,0
2471,STARLINK-35550,STARLINK-37351,9.8905,9.896,14.695,474.6,1.4563,35.5,0
2472,STARLINK-34881,STARLINK-36307,6.6297,7.593,9.944,469.0,1.456,35.5,0
2473,STARLINK-3961,STARLINK-33742,7.5718,7.621,11.315,479.2,1.4559,35.5,0
2474,STARLINK-32255,STARLINK-37860,5.9114,8.353,8.894,477.4,1.4553,35.5,0
2475,STARLINK-30456,STARLINK-37576,3.911,9.516,5.982,472.8,1.4551,35.5,0
2476,STARLINK-2700,STARLINK-32022,8.1442,8.354,12.14,473.2,1.4549,35.5,0
2477,STARLINK-33913,STARLINK-36815,8.9972,9.883,13.38,477.5,1.4548,35.5,0
2478,STARLINK-4180,YAOGAN-43 01D,2.0573,9.726,3.283,481.8,1.4544,35.5,0
2479,STARLINK-3508,STARLINK-5770,6.8249,9.588,10.215,487.1,1.4541,35.5,0
2480,STARLINK-6140,STARLINK-35283,0.7326,4.617,1.356,484.5,1.454,35.4,0
2481,STARLINK-2429,STARLINK-34987,5.5344,6.303,8.337,469.5,1.4539,35.4,0
2482,STARLINK-4475,STARLINK-34601,3.9998,6.9,6.104,473.3,1.4534,35.4,0
2483,NUSAT-48 (HENRIETTA LE*),STARLINK-33701,8.6959,9.534,12.929,491.7,1.4534,35.4,0
2484,STARLINK-34605,STARLINK-37222,7.7231,7.762,11.515,464.0,1.4533,35.4,0
2485,STARLINK-35183,STARLINK-36937,9.8813,9.941,14.648,481.4,1.453,35.4,0
2486,STARLINK-33843,STARLINK-37671,8.0934,8.101,12.047,472.1,1.4526,35.4,0
2487,STARLINK-30711,STARLINK-36559,4.0285,4.579,6.141,469.3,1.4523,35.4,0
2488,AEROCUBE 8D,STARLINK-36535,8.8288,9.122,13.11,488.7,1.452,35.4,0
2489,STARLINK-3209,STARLINK-37037,1.2732,7.418,2.139,461.8,1.4519,35.4,0
2490,STARLINK-5238,FLOCK 4G-8,9.4287,9.432,13.981,488.7,1.452,35.4,0
2491,STARLINK-30766,2025-108F,8.5161,8.672,12.655,494.0,1.4519,35.4,0
2492,KUIPER-00513,STARLINK-37946,6.3423,9.141,9.494,464.8,1.4512,35.4,0
2493,STARLINK-4180,YAOGAN-43 01D,2.0714,3.7,3.296,481.8,1.4511,35.4,0
2494,STARLINK-4432,KUIPER-00641,9.3823,9.509,13.897,471.4,1.4503,35.4,0
2495,STARLINK-32274,STARLINK-34939,8.1356,8.901,12.087,465.4,1.45,35.4,0
2496,STARLINK-30707,KUIPER-00490,6.6784,6.683,9.971,467.4,1.4496,35.4,0
2497,STARLINK-5411,STARLINK-30607,7.6324,7.997,11.351,486.7,1.4492,35.4,0
2498,STARLINK-5950,STARLINK-33898,4.0351,4.036,6.135,484.8,1.4486,35.4,0
2499,STARLINK-30236,STARLINK-32960,6.5035,7.157,9.708,487.4,1.4482,35.4,0
2500,STARLINK-5043,STARLINK-34234,7.591,8.021,11.282,492.9,1.4481,35.4,0
2501,KX-09,STARLINK-5617,2.953,5.416,4.566,577.3,1.4481,35.4,0
2502,STARLINK-4476,STARLINK-36342,5.6974,7.387,8.54,467.2,1.4481,35.4,0
2503,TOMORROW-S7,STARLINK-34039,8.5661,9.179,12.694,579.5,1.4481,35.4,0
2504,STARLINK-5441,STARLINK-36563,4.2656,9.744,6.464,480.5,1.4475,35.3,0
2505,STARLINK-2514,STARLINK-34832,8.0712,8.451,11.972,469.0,1.4474,35.3,0
2506,STARLINK-30313,STARLINK-32341,7.5744,8.818,11.248,487.7,1.4468,35.3,0
2507,STARLINK-35755,KUIPER-00634,6.4628,7.387,9.637,483.2,1.4464,35.3,0
2508,STARLINK-35333,STARLINK-37924,5.968,9.556,8.92,465.7,1.4462,35.3,0
2509,STARLINK-30348,STARLINK-32351,7.5807,8.968,11.252,485.3,1.4461,35.3,0
2510,FORMOSAT 7-4,STARLINK-34467,5.8822,5.911,8.794,578.9,1.4459,35.3,0
2511,STARLINK-32349,STARLINK-36223,6.928,7.03,10.304,488.9,1.4456,35.3,0
2512,STARLINK-2399,STARLINK-32478,8.0816,8.829,11.969,472.5,1.4453,35.3,0
2513,STARLINK-4527,STARLINK-37936,6.2255,7.857,9.286,471.2,1.4452,35.3,0
2514,STARLINK-36309,STARLINK-37689,9.8957,9.917,14.589,468.3,1.4451,35.3,0
2515,STARLINK-31372,STARLINK-35969,7.6518,8.809,11.344,486.4,1.4448,35.3,0
2516,STARLINK-1560,STARLINK-35153,8.2572,8.388,12.218,475.1,1.4447,35.3,0
2517,STARLINK-4043,STARLINK-32878,7.3968,7.429,10.973,493.6,1.4444,35.3,0
2518,STARLINK-11124 [DTC],STARLINK-11554 [DTC],5.9929,8.101,8.944,360.1,1.4442,35.3,0
2519,STARLINK-5259,KUIPER-00421,8.0214,8.474,11.874,529.1,1.4443,35.3,0
2520,STARLINK-2732,STARLINK-36583,6.5289,6.861,9.718,468.3,1.4442,35.3,0
2521,STARLINK-4779,STARLINK-32167,6.6455,6.997,9.886,477.9,1.4442,35.3,0
2522,STARLINK-30460,STARLINK-32736,7.6109,9.245,11.28,485.4,1.4441,35.3,0
2523,STARLINK-32777,STARLINK-35562,7.6241,7.625,11.299,485.5,1.4441,35.3,0
2524,STARLINK-32206,STARLINK-37242,4.6411,6.234,6.991,476.4,1.4441,35.3,0
2525,STARLINK-3130,STARLINK-36788,8.8344,8.969,13.043,478.9,1.4437,35.3,0
2526,STARLINK-5452,STARLINK-34248,4.1611,5.675,6.296,461.0,1.4437,35.3,0
2527,STARLINK-32696,STARLINK-37534,9.8553,9.971,14.508,476.1,1.4428,35.3,0
2528,STARLINK-2213,STARLINK-37291,8.11,8.143,11.986,472.2,1.4424,35.3,0
2529,FLOCK 4G-25,STARLINK-32796,9.2324,9.472,13.601,481.5,1.4419,35.3,0
2530,STARLINK-35427,STARLINK-36387,8.9234,8.935,13.154,483.7,1.4418,35.3,0
2531,STARLINK-32230,STARLINK-36995,9.3963,9.397,13.835,471.7,1.4417,35.2,0
2532,STARLINK-30479,STARLINK-35685,6.6952,6.861,9.94,488.2,1.4416,35.2,0
2533,STARLINK-35710,STARLINK-37551,8.8526,8.853,13.046,470.9,1.4411,35.2,0
2534,STARLINK-31568,STARLINK-32185,7.5922,7.619,11.227,485.5,1.4408,35.2,0
2535,STARLINK-31565,KUIPER-00304,7.1503,7.587,10.587,484.5,1.4403,35.2,0
2536,BRO-11,STARLINK-30932,7.5952,8.443,11.222,495.6,1.4396,35.2,0
2537,STARLINK-35734,STARLINK-36986,9.8915,9.914,14.525,482.7,1.4393,35.2,0
2538,STARLINK-35303,STARLINK-37212,4.5342,8.214,6.813,462.3,1.4391,35.2,0
2539,STARLINK-2748,STARLINK-32025,7.1413,9.412,10.56,468.3,1.4384,35.2,0
2540,2024-203D,STARLINK-32820,4.6058,5.682,6.912,478.7,1.4383,35.2,0
2541,STARLINK-5089,STARLINK-36483,6.6976,7.122,9.919,487.8,1.438,35.2,0
2542,STARLINK-5658,STARLINK-31127,7.3701,7.654,10.882,488.8,1.4375,35.2,0
2543,STARLINK-35710,STARLINK-37344,9.6783,9.926,14.199,483.5,1.4374,35.2,0
2544,STARLINK-32253,STARLINK-37452,8.1406,8.196,11.987,464.5,1.4372,35.2,0
2545,STARLINK-3696,STARLINK-4595,7.8347,8.916,11.541,482.8,1.4364,35.2,0
2546,STARLINK-4284,2026-052G,8.8786,9.154,13.038,538.8,1.4361,35.2,0
2547,STARLINK-6074,STARLINK-32268,6.9923,7.567,10.326,489.0,1.4357,35.2,0
2548,STARLINK-30426,STARLINK-32456,7.6856,7.784,11.32,486.0,1.4355,35.2,0
2549,STARLINK-11512 [DTC],STARLINK-11572 [DTC],3.9497,3.952,5.955,357.2,1.435,35.1,0
2550,STARLINK-3199,STARLINK-5412,6.8542,6.923,10.123,464.3,1.435,35.1,0
2551,STARLINK-6332,STARLINK-32295,5.1122,7.743,7.622,485.8,1.4348,35.1,0
2552,STARLINK-2558,2023-189A,7.9459,8.036,11.685,484.2,1.4345,35.1,0
2553,STARLINK-30370,STARLINK-37349,4.6865,7.629,7.009,474.7,1.4344,35.1,0
2554,STARLINK-31981,STARLINK-35141,7.4795,7.487,11.013,484.2,1.4341,35.1,0
2555,STARLINK-37258,STARLINK-37633,7.4424,7.754,10.958,462.9,1.4338,35.1,0
2556,STARLINK-30323,LIZZIESAT-1 (LS-1),4.6963,4.807,7.019,492.3,1.4335,35.1,0
2557,STARLINK-31059,STARLINK-35582,5.1189,9.056,7.623,485.1,1.4332,35.1,0
2558,STARLINK-32158,STARLINK-35169,8.1415,8.296,11.952,468.0,1.4328,35.1,0
2559,TRANSPORTER-14 OBJECT E,STARLINK-36440,9.6169,9.998,14.057,489.5,1.4319,35.1,0
2560,STARLINK-5879,STARLINK-30834,6.3515,6.36,9.381,489.6,1.4319,35.1,0
2561,STARLINK-35158,STARLINK-37450,9.7293,9.977,14.211,479.2,1.4312,35.1,0
2562,STARLINK-2684,STARLINK-34283,8.109,8.31,11.888,477.0,1.4307,35.1,0
2563,STARLINK-30356,STARLINK-34010,5.1268,6.256,7.62,492.1,1.4305,35.1,0
2564,STARLINK-2565,STARLINK-37012,6.6397,8.44,9.785,468.7,1.4306,35.1,0
2565,STARLINK-4187,STARLINK-37867,9.7316,9.78,14.205,473.8,1.4303,35.1,0
2566,STARLINK-4257,STARLINK-5141,3.4462,5.401,5.212,491.4,1.4294,35.0,0
2567,STARLINK-31174,STARLINK-35591,6.6664,6.998,9.814,487.7,1.4293,35.0,0
2568,STARLINK-3821,STARLINK-35527,6.9734,7.422,10.253,473.0,1.4293,35.0,0
2569,STARLINK-31557,STARLINK-35656,6.2344,6.238,9.19,489.5,1.4283,35.0,0
2570,STARLINK-4180,YAOGAN-43 01D,2.1129,2.118,3.303,481.8,1.4281,35.0,0
2571,STARLINK-5362,STARLINK-33551,6.5093,6.664,9.58,486.9,1.4279,35.0,0
2572,GAOFEN-9 03,STARLINK-31698,4.6773,8.19,6.96,476.4,1.427,35.0,0
2573,STARLINK-30917,STARLINK-32176,5.2248,7.322,7.739,490.3,1.4266,35.0,0
2574,STARLINK-3705,STARLINK-35303,8.287,8.628,12.105,468.7,1.4263,35.0,0
2575,STARLINK-36674,STARLINK-37192,9.9199,9.92,14.428,466.4,1.4257,35.0,0
2576,STARLINK-37300,STARLINK-37420,4.7012,4.847,6.985,468.6,1.4252,35.0,0
2577,STARLINK-32153,STARLINK-34963,9.0466,9.34,13.177,464.6,1.4251,35.0,0
2578,STARLINK-30822,STARLINK-32532,0.709,3.554,1.295,484.2,1.4246,35.0,0
2579,STARLINK-2354,STARLINK-4489,8.3758,8.583,12.219,464.1,1.4248,35.0,0
2580,STARLINK-3724,STARLINK-35823,6.993,7.597,10.248,465.5,1.4247,35.0,0
2581,STARLINK-1526,STARLINK-34623,8.3336,8.353,12.154,473.5,1.4243,35.0,0
2582,STARLINK-30125,STARLINK-32549,6.5575,7.534,9.624,488.0,1.4242,35.0,0
2583,STARLINK-36043,KUIPER-00561,6.7935,9.857,9.958,471.8,1.4239,35.0,0
2584,FEMTO-1,KUIPER-00458,5.6289,8.395,8.298,512.1,1.4236,35.0,0
2585,STARLINK-3252,STARLINK-34713,8.33,8.632,12.141,475.8,1.4233,35.0,0
2586,STARLINK-32331,STARLINK-32225,5.3357,6.341,7.877,492.0,1.4229,34.9,0
2587,STARLINK-4047,STARLINK-37638,9.2811,9.512,13.483,463.5,1.4221,34.9,0
2588,STARLINK-2285,STARLINK-37381,8.7618,9.302,12.742,468.1,1.4218,34.9,0
2589,STARLINK-32402,STARLINK-37470,8.188,9.935,11.926,477.0,1.4218,34.9,0
2590,STARLINK-30410,TANSTAAFL-2,4.8053,4.806,7.113,474.1,1.4211,34.9,0
2591,STARLINK-31798,STARLINK-32820,5.8814,7.584,8.64,490.3,1.4207,34.9,0
2592,STARLINK-2145,STARLINK-3608,8.0941,8.239,11.778,477.2,1.42,34.9,0
2593,STARLINK-31355,STARLINK-32882,4.6254,8.624,6.85,475.1,1.4196,34.9,0
2594,STARLINK-31551,STARLINK-32715,6.974,7.508,10.178,488.8,1.4187,34.9,0
2595,STARLINK-6139,STARLINK-36633,6.7364,9.695,9.841,487.3,1.4187,34.9,0
2596,STARLINK-3593,STARLINK-4148,8.4139,9.393,12.217,471.5,1.4183,34.9,0
2597,STARLINK-32152,STARLINK-35541,7.5759,8.081,11.025,475.7,1.4178,34.9,0
2598,STARLINK-4166,STARLINK-35350,3.3094,8.265,4.975,473.7,1.4176,34.9,0
2599,STARLINK-31395,STARLINK-35570,7.6104,7.842,11.067,484.4,1.417,34.8,0
2600,STARLINK-2449,STARLINK-36700,4.2228,4.814,6.264,473.9,1.4163,34.8,0
2601,STARLINK-35458,KUIPER-00623,6.9942,7.722,10.188,465.4,1.4161,34.8,0
2602,STARLINK-2450,STARLINK-37316,9.5849,9.7,13.852,481.6,1.4157,34.8,0
2603,STARLINK-31705,STARLINK-35313,5.2413,5.27,7.699,475.0,1.4149,34.8,0
2604,STARLINK-2387,STARLINK-32282,8.4385,8.439,12.22,474.5,1.4146,34.8,0
2605,STARLINK-34401,STARLINK-37193,6.1332,6.208,8.959,464.8,1.4146,34.8,0
2606,STARLINK-31687,STARLINK-35495,7.4035,9.36,10.754,488.7,1.4143,34.8,0
2607,STARLINK-32281,FLOCK 4G-21,6.6177,6.652,9.641,463.3,1.4141,34.8,0
2608,STARLINK-4712,STARLINK-36753,4.4275,9.227,6.542,472.7,1.4137,34.8,0
2609,STARLINK-3532,STARLINK-35577,7.4574,8.921,10.826,494.2,1.4138,34.8,0
2610,STARLINK-3694,STARLINK-35559,4.6252,4.678,6.822,485.4,1.4138,34.8,0
2611,STARLINK-37527,STARLINK-37392,8.1678,8.178,11.83,478.0,1.4138,34.8,0
2612,STARLINK-35795,STARLINK-37596,9.7076,9.71,14.005,465.5,1.4136,34.8,0
2613,STARLINK-35478,STARLINK-36403,5.6126,7.709,8.212,466.2,1.4128,34.8,0
2614,STARLINK-30249,STARLINK-30353,7.1712,8.328,10.413,489.1,1.4127,34.8,0
2615,SITRO-AIS 6 (CHIRKIN),STARLINK-32098,6.327,6.368,9.22,492.6,1.4126,34.8,0
2616,STARLINK-33809,STARLINK-37038,8.7512,9.316,12.643,470.2,1.4124,34.8,0
2617,JY1SAT (JO-97),STARLINK-2534,9.3714,9.935,13.516,466.0,1.4121,34.8,0
2618,STARLINK-30560,STARLINK-37743,8.5929,8.647,12.416,471.1,1.412,34.8,0
2619,STARLINK-32094,STARLINK-33810,3.2147,9.419,4.82,492.6,1.4115,34.8,0
2620,STARLINK-30913,STARLINK-31836,7.9479,8.234,11.496,477.9,1.4109,34.7,0
2621,STARLINK-33575,STARLINK-37835,9.8708,9.881,14.207,466.5,1.4107,34.7,0
2622,TIANMU-1 20,STARLINK-34833,9.1398,9.297,13.169,477.0,1.41,34.7,0
2623,GHGSAT-C3,STARLINK-4642,4.7884,6.19,7.033,464.9,1.4099,34.7,0
2624,STARLINK-35710,STARLINK-36920,7.8509,7.874,11.351,485.9,1.4099,34.7,0
2625,STARLINK-31996,ALTAIR (RS65S),3.9947,9.621,5.909,472.8,1.4087,34.7,0
2626,STARLINK-5386,STARLINK-34113,6.7034,8.774,9.724,487.5,1.4086,34.7,0
2627,HIBARI,STARLINK-31807,9.8774,9.878,14.192,482.6,1.4083,34.7,0
2628,STARLINK-5435,STARLINK-34880,8.007,8.065,11.557,470.1,1.4082,34.7,0
2629,STARLINK-4499,STARLINK-35423,8.1313,8.367,11.73,470.2,1.4079,34.7,0
2630,STARLINK-36112,STARLINK-37405,3.8849,5.305,5.75,474.5,1.4076,34.7,0
2631,STARLINK-4143,PIAST-M,9.529,9.565,13.688,522.4,1.4069,34.7,0
2632,STARLINK-32211,STARLINK-34196,8.2589,8.593,11.897,477.0,1.4064,34.7,0
2633,STARLINK-32847,STARLINK-37865,9.4029,9.503,13.505,483.9,1.4063,34.7,0
2634,STARLINK-3675,STARLINK-34680,8.3015,8.533,11.952,472.1,1.4059,34.7,0
2635,STARLINK-2501,STARLINK-37009,6.7966,7.579,9.828,468.5,1.4047,34.6,0
2636,STARLINK-32149,STARLINK-37085,7.4676,7.542,10.768,469.7,1.4044,34.6,0
2637,STARLINK-4261,STARLINK-36129,7.7029,7.725,11.098,491.5,1.4043,34.6,0
2638,STARLINK-30263,STARLINK-35516,7.491,8.17,10.799,483.8,1.4041,34.6,0
2639,STARLINK-3125,STARLINK-3521,6.3683,6.808,9.222,465.0,1.404,34.6,0
2640,STARLINK-32252,STARLINK-37795,4.8288,6.095,7.06,466.9,1.4039,34.6,0
2641,STARLINK-33702,STARLINK-33642,6.9403,6.951,10.023,488.0,1.4037,34.6,0
2642,ASTROCAST-0402,STARLINK-30289,6.1937,9.728,8.973,482.6,1.4034,34.6,0
2643,STARLINK-30467,STARLINK-35210,7.7688,9.869,11.174,487.9,1.4022,34.6,0
2644,STARLINK-6156,STARLINK-32256,6.264,8.39,9.061,490.0,1.4018,34.6,0
2645,STARLINK-32008,STARLINK-37636,7.5464,7.548,10.855,470.6,1.4013,34.6,0
2646,STARLINK-4151,STARLINK-37819,8.6178,8.91,12.356,468.3,1.4013,34.6,0
2647,STARLINK-6258,STARLINK-32524,1.463,3.688,2.33,492.5,1.4011,34.6,0
2648,STARLINK-4097,STARLINK-31967,8.0078,8.574,11.501,477.3,1.4012,34.6,0
2649,STARLINK-32220,STARLINK-36860,5.949,6.283,8.616,490.0,1.4012,34.6,0
2650,STARLINK-36762,STARLINK-37495,4.8219,4.855,7.033,467.5,1.4005,34.6,0
2651,LEMUR-2-DEMBITZ,ICESAT-2,7.5147,9.651,10.799,476.0,1.3998,34.6,0
2652,STARLINK-4544,STARLINK-34229,2.1965,6.2,3.354,485.9,1.3995,34.6,0
2653,STARLINK-31995,STARLINK-37856,8.7622,8.775,12.543,477.9,1.3995,34.6,0
2654,STARLINK-36288,GUOWANG TEST OBJECT D,7.2794,7.381,10.466,464.1,1.3993,34.6,0
2655,HJ-2E,ZORKY-2M 7,6.0109,8.565,8.687,505.4,1.3987,34.5,0
2656,STARLINK-2478,STARLINK-3923,5.8002,9.602,8.391,485.5,1.3985,34.5,0
2657,STARLINK-3343,STARLINK-3533,8.3436,9.435,11.947,484.2,1.3984,34.5,0
2658,STARLINK-34977,STARLINK-35445,8.1894,8.198,11.731,477.7,1.3983,34.5,0
2659,STARLINK-34867,STARLINK-37463,7.6368,7.673,10.958,463.9,1.3983,34.5,0
2660,STARLINK-32441,STARLINK-37638,8.3803,8.477,11.991,484.6,1.3975,34.5,0
2661,2023-091AS,STARLINK-11667 [DTC],7.5166,7.654,10.784,367.4,1.3975,34.5,0
2662,STARLINK-2569,STARLINK-36906,7.772,7.773,11.139,462.8,1.3973,34.5,0
2663,GAOFEN-10R,KUIPER-00083,9.655,9.962,13.769,639.1,1.3972,34.5,0
2664,STARLINK-2491,STARLINK-31694,8.3255,8.385,11.907,472.0,1.3966,34.5,0
2665,STARLINK-2687,STARLINK-34718,8.3311,8.48,11.912,476.7,1.3963,34.5,0
2666,STARLINK-34626,STARLINK-36316,9.0628,9.124,12.93,464.8,1.3959,34.5,0
2667,STARLINK-4097,STARLINK-34815,8.5323,9.352,12.184,473.6,1.3953,34.5,0
2668,STARLINK-31930,STARLINK-35244,8.1725,8.688,11.681,477.3,1.3952,34.5,0
2669,2023-085A,STARLINK-36601,7.8722,8.751,11.261,488.7,1.395,34.5,0
2670,STARLINK-31208,STARLINK-32773,5.3063,5.311,7.678,485.6,1.3944,34.5,0
2671,STARLINK-30801,STARLINK-32774,0.6982,2.61,1.252,484.3,1.3939,34.5,0
2672,STARLINK-30431,STARLINK-31560,7.8913,8.67,11.281,485.6,1.3942,34.5,0
2673,STARLINK-30549,STARLINK-37057,8.0414,9.233,11.49,477.8,1.3942,34.5,0
2674,STARLINK-32424,STARLINK-33773,8.3467,8.952,11.906,471.7,1.3931,34.5,0
2675,STARLINK-3877,STARLINK-4031,3.8238,9.88,5.604,551.8,1.3927,34.5,0
2676,STARLINK-34979,STARLINK-37691,8.5598,8.921,12.199,464.0,1.3926,34.4,0
2677,STARLINK-4180,YAOGAN-43 01D,2.1767,4.165,3.309,481.9,1.3923,34.4,0
2678,STARLINK-35320,STARLINK-36559,5.5523,9.73,8.008,477.0,1.3921,34.4,0
2679,STARLINK-34881,STARLINK-36307,6.9637,8.263,9.973,469.0,1.3922,34.4,0
2680,STARLINK-2436,STARLINK-36319,4.0184,4.24,5.873,475.1,1.3922,34.4,0
2681,STARLINK-32347,STARLINK-37304,4.92,8.936,7.127,467.0,1.392,34.4,0
2682,STARLINK-34329,STARLINK-37468,5.9761,6.379,8.597,477.1,1.392,34.4,0
2683,STARLINK-5808,STARLINK-36150,3.4199,4.752,5.038,484.5,1.3918,34.4,0
2684,STARLINK-5516,STARLINK-36957,1.6973,5.996,2.64,484.1,1.3915,34.4,0
2685,STARLINK-4177,STARLINK-36665,8.4749,8.509,12.061,470.7,1.3903,34.4,0
2686,UHETSAT,STARLINK-33627,9.7027,9.869,13.765,492.7,1.39,34.4,0
2687,STARLINK-3127,STARLINK-35553,8.4496,8.752,12.019,470.9,1.3895,34.4,0
2688,STARLINK-5167,STARLINK-36332,8.4698,9.259,12.043,471.5,1.3891,34.4,0
2689,STARLINK-3197,2024-203A,6.7249,8.279,9.619,480.5,1.389,34.4,0
2690,STARLINK-35622,STARLINK-36719,7.5218,8.703,10.722,477.6,1.3885,34.4,0
2691,STARLINK-32737,STARLINK-36698,6.5197,8.755,9.324,477.4,1.3876,34.4,0
2692,STARLINK-32000,STARLINK-37024,6.2493,6.501,8.943,481.6,1.3867,34.3,0
2693,STARLINK-3705,STARLINK-36894,6.6779,6.679,9.537,477.5,1.3866,34.3,0
2694,STARLINK-31468,STARLINK-32677,6.7429,6.902,9.62,489.8,1.3856,34.3,0
2695,STARLINK-5936,STARLINK-30807,5.4835,8.335,7.875,485.7,1.3856,34.3,0
2696,STARLINK-31485,STARLINK-36595,5.1605,5.905,7.427,492.9,1.3855,34.3,0
2697,STARLINK-31242,STARLINK-35743,5.474,7.933,7.861,485.9,1.3854,34.3,0
2698,STARLINK-30307,STARLINK-33840,6.8939,7.845,9.827,488.1,1.3853,34.3,0
2699,STARLINK-37321,STARLINK-37746,9.5318,9.566,13.473,464.3,1.3844,34.3,0
2700,STARLINK-35199,STARLINK-36705,4.5165,8.725,6.529,475.5,1.3843,34.3,0
2701,MESON-1,STARLINK-36732,4.266,5.206,6.181,463.5,1.384,34.3,0
2702,STARLINK-31450,STARLINK-32657,7.8709,8.421,11.169,485.1,1.3839,34.3,0
2703,STARLINK-5453,STARLINK-37246,6.7236,6.82,9.573,468.5,1.3827,34.3,0
2704,STARLINK-2593,STARLINK-37187,5.0148,5.448,7.208,471.5,1.3822,34.3,0
2705,STARLINK-34375,STARLINK-37250,9.2647,9.516,13.071,477.6,1.381,34.3,0
2706,STARLINK-3133,STARLINK-35584,8.2745,8.509,11.698,465.5,1.3804,34.2,0
2707,STARLINK-34749,STARLINK-35824,4.9977,9.813,7.174,466.9,1.3802,34.2,0
2708,STARLINK-31844,STARLINK-37720,5.2327,7.475,7.496,470.8,1.3798,34.2,0
2709,STARLINK-6266,STARLINK-31098,7.6717,7.97,10.858,488.6,1.3794,34.2,0
2710,STARLINK-4274,STARLINK-35362,2.2816,5.739,3.423,475.0,1.3794,34.2,0
2711,STARLINK-4187,STARLINK-36991,7.73,7.737,10.929,489.7,1.3782,34.2,0
2712,STARLINK-33786,STARLINK-37930,6.0282,6.713,8.583,466.0,1.3781,34.2,0
2713,STARLINK-34508,STARLINK-36626,9.1806,9.35,12.923,483.8,1.3776,34.2,0
2714,STARLINK-5013,STARLINK-30515,0.7361,5.323,1.29,484.4,1.3781,34.2,0
2715,STARLINK-35630,STARLINK-37231,5.3509,9.446,7.646,477.3,1.3774,34.2,0
2716,STARLINK-4533,STARLINK-37060,5.3993,8.353,7.705,481.1,1.3761,34.2,0
2717,STARLINK-3355,STARLINK-37724,4.0318,4.087,5.822,478.4,1.3758,34.2,0
2718,STARLINK-30208,STARLINK-32756,5.3229,5.325,7.596,485.5,1.3754,34.2,0
2719,STARLINK-30590,STARLINK-35836,5.3378,9.177,7.615,485.5,1.3751,34.2,0
2720,STARLINK-2697,STARLINK-36686,8.5431,8.632,12.012,472.3,1.3739,34.1,0
2721,STARLINK-32580,STARLINK-32295,8.0033,8.407,11.269,485.5,1.3737,34.1,0
2722,STARLINK-3833,STARLINK-36960,9.3438,9.58,13.107,463.3,1.3734,34.1,0
2723,STARLINK-34854,STARLINK-35115,4.0979,8.348,5.902,479.0,1.3732,34.1,0
2724,STARLINK-4538,STARLINK-35560,7.6607,8.16,10.793,463.7,1.373,34.1,0
2725,STARLINK-4036,STARLINK-30161,7.5295,9.576,10.612,488.7,1.3729,34.1,0
2726,STARLINK-32937,STARLINK-35928,5.5356,6.779,7.872,491.8,1.3725,34.1,0
2727,STARLINK-31542,STARLINK-36908,5.5326,5.7,7.866,492.2,1.3722,34.1,0
2728,STARLINK-4094,STARLINK-4787,8.4594,9.198,11.879,466.6,1.3718,34.1,0
2729,JILIN-1 07,STARLINK-4714,7.8025,7.842,10.978,467.4,1.3718,34.1,0
2730,STARLINK-34591,STARLINK-36791,6.5356,8.805,9.238,477.3,1.3715,34.1,0
2731,STARLINK-32386,STARLINK-37154,5.2888,5.289,7.527,466.8,1.3713,34.1,0
2732,STARLINK-2413,STARLINK-33629,8.653,8.659,12.137,475.7,1.3709,34.1,0
2733,STARLINK-31909,STARLINK-36532,5.5323,7.863,7.857,492.1,1.3707,34.1,0
2734,STARLINK-5001,STARLINK-30472,7.7388,7.748,10.881,491.2,1.3706,34.1,0
2735,STARLINK-32536,STARLINK-32712,8.0284,9.932,11.278,487.6,1.3706,34.1,0
2736,STARLINK-6317,STARLINK-32642,3.4602,9.834,5.016,484.7,1.3704,34.1,0
2737,STARLINK-3660,STARLINK-34907,7.2782,7.345,10.241,479.1,1.3694,34.1,0
2738,STARLINK-32409,STARLINK-37508,4.814,5.862,6.862,462.5,1.3686,34.0,0
2739,STARLINK-6143,STARLINK-31390,8.0661,9.005,11.313,487.6,1.3686,34.0,0
2740,STARLINK-32169,STARLINK-32783,8.0803,8.623,11.331,486.8,1.3684,34.0,0
2741,STARLINK-32205,STARLINK-35169,8.5259,8.606,11.94,477.0,1.3683,34.0,0
2742,STARLINK-2235,STARLINK-32897,7.8039,7.83,10.95,469.7,1.3681,34.0,0
2743,STARLINK-2461,STARLINK-31135,8.6608,9.218,12.122,482.1,1.368,34.0,0
2744,STARLINK-31871,STARLINK-36039,0.7704,3.656,1.327,483.8,1.3675,34.0,0
2745,STARLINK-4618,STARLINK-37743,8.2901,8.555,11.612,475.4,1.3677,34.0,0
2746,GAOFEN-14 02,STARLINK-36532,9.5235,9.577,13.297,488.1,1.3675,34.0,0
2747,STARLINK-3184,STARLINK-3740,8.639,9.149,12.076,470.8,1.3662,34.0,0
2748,STARLINK-2457,FLOCK 4G-15,9.9703,9.977,13.891,475.0,1.3658,34.0,0
2749,STARLINK-33600,STARLINK-36717,9.2563,9.258,12.914,468.7,1.3657,34.0,0
2750,STARLINK-4128,STARLINK-37303,8.7485,9.863,12.22,474.9,1.3656,34.0,0
2751,STARLINK-30615,STARLINK-36108,5.4028,5.49,7.651,485.3,1.3656,34.0,0
2752,2025-155H,STARLINK-36405,5.1858,5.466,7.354,492.1,1.3654,34.0,0
2753,STARLINK-4724,STARLINK-35491,8.3301,8.336,11.646,476.7,1.3653,34.0,0
2754,STARLINK-2371,STARLINK-34465,8.6935,8.809,12.14,473.1,1.365,34.0,0
2755,STARLINK-1542,STARLINK-30292,8.7498,8.778,12.216,481.4,1.3649,34.0,0
2756,STARLINK-30324,STARLINK-35940,8.0911,8.096,11.314,485.5,1.3646,34.0,0
2757,FLOCK 4G-10,KUIPER-00562,8.0076,8.087,11.199,475.5,1.3645,34.0,0
2758,STARLINK-32572,STARLINK-35629,6.7632,9.001,9.501,465.2,1.3645,34.0,0
2759,STARLINK-4103,STARLINK-35664,2.8575,7.891,4.171,460.6,1.3642,34.0,0
2760,STARLINK-33578,TRANSPORTER-14 OBJECT AC,9.8836,9.989,13.753,479.7,1.3639,34.0,0
2761,STARLINK-2107,STARLINK-36820,5.0062,6.094,7.1,471.5,1.3638,34.0,0
2762,STARLINK-3545,STARLINK-36806,9.6216,9.64,13.394,463.2,1.3637,34.0,0
2763,TIANMU-1 21,STARLINK-33964,9.0681,9.122,12.638,480.1,1.3636,34.0,0
2764,STARLINK-2701,STARLINK-35177,7.4601,8.275,10.438,482.1,1.3626,34.0,0
2765,STARLINK-5358,STARLINK-33817,3.5149,8.352,5.062,484.5,1.3626,33.9,0
2766,STARLINK-31132,STARLINK-32097,8.4654,8.731,11.807,471.8,1.3625,33.9,0
2767,STARLINK-5145,STARLINK-5441,8.6252,8.942,12.023,484.0,1.3623,33.9,0
2768,STARLINK-34665,STARLINK-35816,8.1357,9.424,11.354,486.5,1.3621,33.9,0
2769,STARLINK-2585,STARLINK-37050,5.3243,8.025,7.522,470.3,1.3616,33.9,0
2770,STARLINK-5072,HAWK-10A,4.4397,4.595,6.317,577.7,1.3615,33.9,0
2771,STARLINK-2516,STARLINK-37646,9.5878,9.638,13.326,468.7,1.3615,33.9,0
2772,YAOGAN-43 01G,STARLINK-37111,9.0827,9.27,12.636,481.4,1.3612,33.9,0
2773,STARLINK-6260,STARLINK-35932,5.5752,5.74,7.857,485.7,1.3605,33.9,0
2774,STARLINK-2214,STARLINK-37780,4.9175,4.975,6.96,480.8,1.36,33.9,0
2775,STARLINK-34231,STARLINK-37055,7.5806,7.638,10.58,481.7,1.3598,33.9,0
2776,TOMORROW-S2,STARLINK-37715,9.1632,9.386,12.73,482.0,1.3596,33.9,0
2777,STARLINK-3259,STARLINK-30203,1.96,7.402,2.937,486.3,1.3597,33.9,0
2778,STARLINK-3057,STARLINK-34211,3.2405,8.429,4.677,492.0,1.3594,33.9,0
2779,STARLINK-30853,STARLINK-36090,3.4827,3.936,5.005,492.8,1.3591,33.9,0
2780,GEOSCAN 4 (RS92S4),STARLINK-36583,7.2387,7.743,10.108,461.7,1.3588,33.9,0
2781,STARLINK-2735,STARLINK-36114,5.5747,8.429,7.843,490.5,1.3582,33.9,0
2782,STARLINK-3326,STARLINK-33748,8.0917,8.54,11.261,467.0,1.3581,33.9,0
2783,STARLINK-36249,STARLINK-37296,8.4749,8.485,11.78,478.3,1.3579,33.9,0
2784,STARLINK-35469,STARLINK-37638,6.1807,6.346,8.664,477.4,1.3578,33.9,0
2785,STARLINK-4216,STARLINK-37608,8.4372,9.462,11.725,463.5,1.3575,33.9,0
2786,STARLINK-4207,STARLINK-37067,8.366,9.492,11.625,471.8,1.3571,33.9,0
2787,STARLINK-32801,STARLINK-35800,4.8215,9.392,6.813,462.8,1.3568,33.9,0
2788,STARLINK-2227,STARLINK-34677,8.5468,9.702,11.867,479.3,1.3567,33.9,0
2789,STARLINK-5382,STARLINK-31953,0.7243,7.569,1.254,492.6,1.3567,33.9,0
2790,STARLINK-4272,STARLINK-31220,8.051,9.202,11.194,486.3,1.3567,33.8,0
2791,STARLINK-35270,STARLINK-37426,4.0715,5.669,5.792,473.1,1.356,33.8,0
2792,STARLINK-34474,STARLINK-36597,8.5279,9.657,11.834,477.4,1.3559,33.8,0
2793,STARLINK-3882,STARLINK-36693,9.6325,9.633,13.323,470.0,1.355,33.8,0
2794,STARLINK-11122 [DTC],STARLINK-11449 [DTC],7.5437,8.274,10.489,360.9,1.3545,33.8,0
2795,STARLINK-5659,STARLINK-31884,5.6251,6.081,7.89,485.8,1.3545,33.8,0
2796,STARLINK-33615,STARLINK-34729,8.0051,9.413,11.112,484.4,1.3543,33.8,0
2797,STARLINK-11169 [DTC],STARLINK-11654 [DTC],7.2969,7.883,10.15,359.7,1.3539,33.8,0
2798,STARLINK-3624,STARLINK-4773,3.2176,6.127,4.625,551.3,1.3533,33.8,0
2799,STARLINK-5681,STARLINK-32729,2.423,6.797,3.548,484.5,1.3526,33.8,0
2800,STARLINK-30437,STARLINK-31128,7.5881,7.726,10.534,483.8,1.3526,33.8,0
2801,STARLINK-3449,STARLINK-31772,4.0264,9.425,5.716,460.9,1.3525,33.8,0
2802,STARLINK-35085,STARLINK-35376,7.9353,8.119,11.002,477.8,1.3524,33.8,0
2803,STARLINK-32011,STARLINK-37680,6.3153,9.318,8.81,476.1,1.3522,33.8,0
2804,STARLINK-4162,STARLINK-34768,8.8427,9.268,12.227,469.0,1.3521,33.8,0
2805,STARLINK-3501,STARLINK-35934,7.1395,9.972,9.92,477.5,1.3516,33.8,0
2806,STARLINK-32179,STARLINK-36631,5.7934,5.819,8.099,466.1,1.3513,33.8,0
2807,STARLINK-37534,STARLINK-37897,6.9036,8.61,9.599,477.7,1.3513,33.8,0
2808,STARLINK-5692,STARLINK-31024,8.1978,9.071,11.346,486.3,1.3511,33.8,0
2809,STARLINK-3852,STARLINK-36651,6.0205,6.088,8.4,491.0,1.3504,33.7,0
2810,STARLINK-33837,BANDWAGON-4 OBJECT Q,2.9991,9.694,4.32,484.3,1.3504,33.7,0
2811,STARLINK-2257,STARLINK-32459,8.4139,8.48,11.628,477.6,1.3499,33.7,0
2812,STARLINK-35700,STARLINK-36694,5.5558,5.995,7.769,465.5,1.3498,33.7,0
2813,MONITOR-4 (RS57S),STARLINK-31533,5.272,5.301,7.386,493.2,1.3498,33.7,0
2814,STARLINK-35791,STARLINK-37558,3.1738,3.726,4.553,462.7,1.3495,33.7,0
2815,STARLINK-3902,STARLINK-34879,6.6217,7.059,9.206,489.0,1.3495,33.7,0
2816,STARLINK-3829,KUIPER-00615,8.719,8.724,12.035,486.4,1.3494,33.7,0
2817,STARLINK-3208,STARLINK-4267,7.4404,7.675,10.306,488.5,1.3489,33.7,0
2818,STARLINK-31883,STARLINK-32946,7.4181,7.816,10.275,489.1,1.3488,33.7,0
2819,STARLINK-3687,STARLINK-36242,8.7984,8.945,12.135,473.1,1.3486,33.7,0
2820,STARLINK-4298,TEVEL2-4,9.0829,9.808,12.511,461.8,1.3477,33.7,0
2821,STARLINK-30940,STARLINK-34028,5.4694,9.432,7.635,492.3,1.3467,33.7,0
2822,STARLINK-32128,STARLINK-35089,8.6833,9.214,11.96,473.9,1.3463,33.7,0
2823,SARI-1,STARLINK-36174,6.7864,7.955,9.405,484.6,1.3462,33.7,0
2824,NOAA 20 (JPSS-1),CENTISPACE-1 GROUP 05 O*,4.5956,9.227,6.454,834.0,1.3458,33.7,0
2825,STARLINK-32033,STARLINK-37267,6.4472,8.289,8.943,478.1,1.3454,33.7,0
2826,STARLINK-32091,STARLINK-32515,6.8721,8.018,9.51,489.7,1.3447,33.6,0
2827,STARLINK-3355,STARLINK-37412,8.7921,9.012,12.081,476.2,1.3435,33.6,0
2828,STARLINK-3180,STARLINK-33539,7.0765,7.241,9.775,462.8,1.3434,33.6,0
2829,STARLINK-30586,STARLINK-32715,7.2603,8.938,10.016,488.1,1.3426,33.6,0
2830,STARLINK-32136,STARLINK-35359,6.126,9.475,8.492,481.4,1.3424,33.6,0
2831,STARLINK-4788,STARLINK-36695,5.3239,8.262,7.414,480.9,1.3422,33.6,0
2832,STARLINK-2748,STARLINK-37277,6.5756,6.94,9.094,469.2,1.3422,33.6,0
2833,STARLINK-37043,STARLINK-37765,8.9327,9.667,12.253,478.4,1.3417,33.6,0
2834,STARLINK-4101,STARLINK-36844,7.5282,9.958,10.368,466.3,1.3416,33.6,0
2835,STARLINK-30958,STARLINK-36063,0.7935,7.388,1.333,483.9,1.3417,33.6,0
2836,STARLINK-30972,FLOCK 4G-27,4.0892,5.337,5.752,484.2,1.341,33.6,0
2837,STARLINK-30604,STARLINK-34118,5.6833,8.49,7.889,491.7,1.3409,33.6,0
2838,STARLINK-34543,STARLINK-36328,8.8684,8.948,12.159,475.6,1.3408,33.6,0
2839,STARLINK-4196,STARLINK-31652,8.2587,8.266,11.341,480.4,1.3407,33.6,0
2840,STARLINK-6379,STARLINK-34542,6.224,6.568,8.613,489.7,1.3408,33.6,0
2841,STARLINK-3644,STARLINK-33920,8.834,8.86,12.112,476.0,1.3407,33.6,0
2842,STARLINK-31076,STARLINK-34026,7.128,7.376,9.825,487.2,1.3407,33.6,0
2843,STARLINK-5023,STARLINK-36538,8.1262,8.436,11.157,493.1,1.34,33.6,0
2844,2024-092C,STARLINK-35787,6.0696,6.327,8.398,493.2,1.3395,33.6,0
2845,STARLINK-2667,STARLINK-32845,8.6844,8.723,11.901,476.7,1.3395,33.6,0
2846,FLOCK 4G-8,STARLINK-37715,9.2506,9.402,12.659,485.5,1.3395,33.6,0
2847,STARLINK-31050,STARLINK-33659,5.2894,6.14,7.353,476.4,1.3395,33.6,0
2848,CUBEBEL 2 (EU11S),STARLINK-30848,7.495,8.98,10.305,480.8,1.3392,33.6,0
2849,STARLINK-4160,STARLINK-37242,7.6244,9.552,10.478,477.8,1.3391,33.6,0
2850,STARLINK-2512,STARLINK-32737,8.0003,8.2,10.976,477.6,1.3385,33.5,0
2851,STARLINK-35312,STARLINK-36581,8.9723,9.166,12.276,464.5,1.3384,33.5,0
2852,STARLINK-32172,STARLINK-35319,8.8928,8.899,12.168,473.4,1.3382,33.5,0
2853,TIANMU-1 11,STARLINK-36724,7.391,7.835,10.155,491.9,1.3378,33.5,0
2854,STARLINK-2232,STARLINK-36890,8.9061,9.278,12.181,475.5,1.3377,33.5,0
2855,STARLINK-4135,STARLINK-32389,8.7159,9.567,11.926,471.8,1.3376,33.5,0
2856,STARLINK-3287,STARLINK-5708,5.525,6.146,7.656,483.5,1.3373,33.5,0
2857,STARLINK-4732,STARLINK-37660,6.9204,7.103,9.521,477.8,1.3371,33.5,0
2858,STARLINK-3644,STARLINK-37049,9.547,9.615,13.033,477.7,1.3371,33.5,0
2859,STARLINK-2685,STARLINK-4797,7.6732,9.575,10.527,485.8,1.3371,33.5,0
2860,STARLINK-34172,STARLINK-37492,7.6366,7.637,10.477,468.7,1.3369,33.5,0
2861,STARLINK-5520,GEOSCAN 6 (RS92S6),9.7268,9.834,13.272,481.9,1.337,33.5,0
2862,STARLINK-6215,STARLINK-33714,5.6898,5.714,7.873,492.3,1.3367,33.5,0
2863,STARLINK-36338,STARLINK-36795,6.8164,8.446,9.378,463.9,1.3366,33.5,0
2864,STARLINK-3833,STARLINK-36713,9.4538,9.654,12.895,463.3,1.3357,33.5,0
2865,STARLINK-32025,STARLINK-37270,5.3133,5.664,7.363,462.7,1.3355,33.5,0
2866,STARLINK-37856,STARLINK-37229,1.9832,8.828,2.915,481.3,1.3352,33.5,0
2867,STARLINK-5512,2024-205B,5.0291,8.886,6.981,487.9,1.335,33.5,0
2868,STARLINK-5422,STARLINK-35173,5.1829,7.865,7.184,463.3,1.3346,33.5,0
2869,STARLINK-32429,STARLINK-35184,8.957,8.999,12.219,474.8,1.3344,33.5,0
2870,STARLINK-6149,STARLINK-35132,0.7591,2.07,1.279,492.6,1.3335,33.5,0
2871,STARLINK-6316,TIANMU-1 10,8.7356,9.896,11.92,480.3,1.334,33.5,0
2872,STARLINK-2705,CS1,9.3217,9.324,12.701,467.3,1.3339,33.5,0
2873,STARLINK-30289,STARLINK-35755,6.904,8.298,9.476,487.6,1.3339,33.5,0
2874,STARLINK-2221,STARLINK-34778,8.7651,8.766,11.958,471.7,1.3338,33.5,0
2875,STARLINK-2535,STARLINK-36813,4.2688,4.285,5.96,479.2,1.3337,33.5,0
2876,STARLINK-31121,STARLINK-32539,7.9407,7.951,10.857,488.8,1.3337,33.5,0
2877,STARLINK-5587,STARLINK-34323,8.2175,8.737,11.224,487.1,1.3334,33.5,0
2878,STARLINK-33876,STARLINK-36987,7.4078,7.42,10.144,482.5,1.3334,33.5,0
2879,STARLINK-5173,STARLINK-33549,4.7201,5.71,6.558,490.7,1.3329,33.4,0
2880,YAOGAN-14,STARLINK-35871,8.134,8.877,11.105,495.5,1.3325,33.4,0
2881,STARLINK-31123,STARLINK-37419,5.1738,7.068,7.159,462.6,1.3322,33.4,0
2882,STARLINK-4000,STARLINK-31604,8.6572,8.673,11.799,466.1,1.3321,33.4,0
2883,STARLINK-3130,STARLINK-34267,8.8059,9.152,11.992,469.5,1.3316,33.4,0
2884,STARLINK-4774,STARLINK-36528,3.5648,6.658,5.013,492.4,1.3315,33.4,0
2885,STARLINK-4660,STARLINK-37716,7.8062,7.871,10.654,476.1,1.3307,33.4,0
2886,STARLINK-4170,STARLINK-37484,8.3552,8.956,11.383,464.0,1.3305,33.4,0
2887,STARLINK-32204,STARLINK-37224,7.6011,7.974,10.38,464.7,1.3306,33.4,0
2888,STARLINK-31902,STARLINK-32539,6.5231,9.941,8.945,490.1,1.3305,33.4,0
2889,STARLINK-6212,STARLINK-32468,5.5251,5.558,7.616,492.1,1.3303,33.4,0
2890,STARLINK-5774,NUSAT-50 (NANCY ROMAN),5.5525,5.64,7.651,489.2,1.33,33.4,0
2891,HST,STARLINK-1992,6.3396,8.639,8.698,475.3,1.3301,33.4,0
2892,STARLINK-5377,STARLINK-35433,4.7282,7.299,6.554,490.1,1.3299,33.4,0
2893,STARLINK-11473 [DTC],STARLINK-11692 [DTC],7.9964,8.659,10.897,366.2,1.3295,33.4,0
2894,STARLINK-34000,STARLINK-37122,6.7143,7.016,9.19,469.0,1.3291,33.4,0
2895,STARLINK-5821,STARLINK-36538,7.2026,7.541,9.838,487.7,1.329,33.4,0
2896,STARLINK-2105,STARLINK-3292,8.3326,9.417,11.334,470.0,1.3283,33.4,0
2897,STARLINK-2110,STARLINK-4553,2.5576,5.4,3.663,460.2,1.3283,33.4,0
2898,STARLINK-6232,STARLINK-35879,4.4172,5.628,6.132,485.0,1.3281,33.4,0
2899,FLOCK 4G-26,STARLINK-33809,8.484,9.946,11.532,475.3,1.328,33.4,0
2900,STARLINK-36316,STARLINK-37133,6.2507,8.314,8.565,477.1,1.3278,33.4,0
2901,STARLINK-5717,STARLINK-32680,2.4718,5.479,3.547,484.5,1.3276,33.4,0
2902,STARLINK-34784,STARLINK-37410,8.9263,9.563,12.114,467.9,1.3274,33.4,0
2903,STARLINK-1524,STARLINK-35208,9.0081,9.089,12.221,474.5,1.3272,33.4,0
2904,STARLINK-1548,STARLINK-3512,8.6162,9.771,11.701,478.4,1.3272,33.4,0
2905,STARLINK-33658,STARLINK-34916,9.008,9.018,12.216,474.6,1.3267,33.3,0
2906,STARLINK-31981,STARLINK-35141,8.1119,8.122,11.027,475.9,1.3267,33.3,0
2907,STARLINK-31902,STARLINK-35981,0.7398,4.47,1.246,492.8,1.3258,33.3,0
2908,SKYSAT-C7,STARLINK-37183,6.2972,6.559,8.616,460.0,1.3261,33.3,0
2909,STARLINK-34259,STARLINK-37738,4.2641,4.333,5.916,474.4,1.3252,33.3,0
2910,STARLINK-2685,STARLINK-4797,7.7547,8.052,10.541,476.4,1.3251,33.3,0
2911,STARLINK-6128,STARLINK-35684,0.8238,1.233,1.356,492.5,1.3245,33.3,0
2912,STARLINK-31113,STARLINK-32658,3.618,3.824,5.057,492.6,1.3245,33.3,0
2913,STARLINK-32802,STARLINK-34043,0.7886,6.075,1.309,484.3,1.3241,33.3,0
2914,STARLINK-5785,STARLINK-35910,5.5829,5.59,7.657,485.5,1.3241,33.3,0
2915,MONITOR-3 (RS58S),STARLINK-32636,4.1483,4.991,5.757,484.4,1.324,33.3,0
2916,JILIN-1 GAOFEN 03D09,STARLINK-11240 [DTC],4.3593,8.668,6.036,367.3,1.3239,33.3,0
2917,STARLINK-6194,STARLINK-31420,8.2195,9.04,11.145,484.8,1.3237,33.3,0
2918,STARLINK-3829,STARLINK-30036,5.3467,6.016,7.342,490.0,1.3237,33.3,0
2919,STARLINK-3308,PELICAN-6,5.1485,5.86,7.079,472.7,1.3235,33.3,0
2920,STARLINK-37120,STARLINK-37290,4.8149,4.819,6.637,475.6,1.3235,33.3,0
2921,STARLINK-31174,STARLINK-33725,8.2811,8.387,11.222,487.6,1.3232,33.3,0
2922,STARLINK-32304,STARLINK-36593,6.1309,6.137,8.369,477.5,1.3219,33.3,0
2923,STARLINK-3724,STARLINK-4180,5.9437,8.246,8.115,480.5,1.3209,33.2,0
2924,STARLINK-34459,STARLINK-36625,8.8202,9.209,11.91,477.2,1.3204,33.2,0
2925,JILIN-1 08,STARLINK-34547,6.9075,9.202,9.384,465.7,1.3203,33.2,0
2926,2025-274G,TRANSPORTER-17 OBJECT P,2.6014,8.896,3.697,590.4,1.3197,33.2,0
2927,STARLINK-5791,STARLINK-35736,6.8403,9.874,9.292,489.3,1.3198,33.2,0
2928,STARLINK-34328,STARLINK-36802,9.8864,9.969,13.311,464.4,1.3197,33.2,0
2929,STARLINK-30133,STARLINK-32957,5.5496,7.992,7.586,492.2,1.3194,33.2,0
2930,STARLINK-5682,STARLINK-34038,7.4595,8.457,10.106,488.1,1.3194,33.2,0
2931,STARLINK-36603,STARLINK-36764,5.6197,8.917,7.676,466.6,1.319,33.2,0
2932,STARLINK-35434,GUOWANG TEST OBJECT A,8.7795,9.516,11.838,471.5,1.3183,33.2,0
2933,STARLINK-5453,STARLINK-32474,8.1437,8.144,10.999,469.6,1.3182,33.2,0
2934,STARLINK-4489,STARLINK-37088,6.7977,7.049,9.223,473.0,1.318,33.2,0
2935,STARLINK-2084,STARLINK-34618,9.0841,9.156,12.22,474.8,1.3162,33.2,0
2936,STARLINK-5400,STARLINK-31417,8.4262,8.47,11.352,486.6,1.316,33.2,0
2937,STARLINK-32340,STARLINK-36206,4.958,5.152,6.788,462.4,1.316,33.2,0
2938,STARLINK-3512,STARLINK-34240,8.7706,9.385,11.8,468.9,1.3154,33.2,0
2939,STARLINK-2461,STARLINK-36605,5.5648,8.189,7.582,480.6,1.3152,33.2,0
2940,SEEDS II (CO-66),STARLINK-4763,9.3984,9.46,12.624,466.4,1.3152,33.2,0
2941,STARLINK-3147,STARLINK-35549,8.8264,9.345,11.866,471.6,1.3146,33.1,0
2942,STARLINK-35491,STARLINK-36573,6.731,6.769,9.111,465.5,1.3145,33.1,0
2943,STARLINK-5333,STARLINK-35577,5.7794,8.207,7.858,492.1,1.3142,33.1,0
2944,STARLINK-30762,STARLINK-36993,5.6249,7.093,7.654,491.9,1.314,33.1,0
2945,GAOFEN-9 03,STARLINK-37759,9.6675,9.749,12.962,468.4,1.3136,33.1,0
2946,STARLINK-4770,CUBESX-HSE 3 (RS42S),8.2202,8.599,11.061,473.7,1.3136,33.1,0
2947,STARLINK-6117,STARLINK-36763,5.8055,6.408,7.886,492.1,1.3131,33.1,0
2948,STARLINK-31262,STARLINK-35125,7.2316,7.859,9.755,477.1,1.3126,33.1,0
2949,GAOFEN-9 05,STARLINK-4695,7.9051,9.065,10.63,480.6,1.3115,33.1,0
2950,STARLINK-2507,STARLINK-33915,7.9448,9.952,10.681,475.6,1.3114,33.1,0
2951,STARLINK-2232,STARLINK-37419,9.1088,9.729,12.207,475.1,1.3113,33.1,0
2952,STARLINK-5831,STARLINK-35816,5.819,7.713,7.89,492.1,1.3108,33.1,0
2953,STARLINK-4174,STARLINK-34219,6.0283,6.037,8.16,473.4,1.3101,33.1,0
2954,STARLINK-4164,STARLINK-31983,7.1621,7.449,9.641,465.3,1.3095,33.1,0
2955,STARLINK-31573,STARLINK-35534,8.3271,9.099,11.164,484.9,1.3092,33.0,0
2956,STARLINK-32123,STARLINK-34772,7.3358,8.816,9.866,475.3,1.3092,33.0,0
2957,STARLINK-2257,STARLINK-32141,9.0846,9.571,12.152,473.7,1.3088,33.0,0
2958,STARLINK-32096,STARLINK-35939,4.5411,4.81,6.204,484.8,1.3086,33.0,0
2959,STARLINK-34232,STARLINK-37081,8.8505,9.526,11.841,477.7,1.3083,33.0,0
2960,STARLINK-4481,STARLINK-37362,8.6405,9.876,11.561,465.1,1.3077,33.0,0
2961,STARLINK-35724,STARLINK-36337,8.9796,9.499,11.997,467.8,1.3069,33.0,0
2962,STARLINK-32380,STARLINK-35147,8.7438,8.822,11.687,477.2,1.3067,33.0,0
2963,STARLINK-32081,STARLINK-32853,8.1646,9.779,10.928,469.5,1.3065,33.0,0
2964,STARLINK-3075,STARLINK-34510,6.3027,7.688,8.495,464.1,1.3064,33.0,0
2965,STARLINK-31785,STARLINK-36332,9.1563,9.262,12.221,474.3,1.3062,33.0,0
2966,STARLINK-30125,STARLINK-30467,2.7106,8.552,3.801,492.1,1.3059,33.0,0
2967,STARLINK-4175,STARLINK-4542,5.8388,6.084,7.886,464.3,1.3059,33.0,0
2968,HJ-2E,STARLINK-6249,7.9546,7.962,10.646,495.3,1.3055,33.0,0
2969,STARLINK-2491,STARLINK-3607,9.0922,9.094,12.131,477.3,1.3055,33.0,0
2970,STARLINK-32408,STARLINK-35809,7.2228,7.519,9.689,489.1,1.3053,33.0,0
2971,STARLINK-2499,STARLINK-2648,8.2006,8.24,10.964,475.8,1.3051,33.0,0
2972,STARLINK-31608,STARLINK-37452,8.0726,9.194,10.797,477.6,1.3052,33.0,0
2973,STARLINK-30516,STARLINK-33548,7.4784,7.486,10.019,488.0,1.3048,33.0,0
2974,QPS-SAR-5 (TSUKUYOMI-I),STARLINK-31195,3.132,7.238,4.348,491.2,1.3049,33.0,0
2975,STARLINK-2143,STARLINK-36880,6.1555,6.657,8.292,481.6,1.3047,33.0,0
2976,STARLINK-3602,STARLINK-3989,5.8665,7.677,7.913,480.5,1.3044,33.0,0
2977,STARLINK-5436,STARLINK-32290,6.6612,6.671,8.949,476.2,1.3043,33.0,0
2978,STARLINK-36238,STARLINK-37517,1.4315,9.971,2.126,461.8,1.3031,32.9,0
2979,STARLINK-5569,STARLINK-34119,7.3434,7.942,9.83,491.5,1.3031,32.9,0
2980,STARLINK-2683,STARLINK-37271,9.0047,9.993,11.991,476.5,1.3027,32.9,0
2981,STARLINK-32019,STARLINK-33857,8.4005,8.955,11.202,469.9,1.3025,32.9,0
2982,STARLINK-32902,STARLINK-33810,2.5307,5.653,3.556,492.3,1.3022,32.9,0
2983,STARLINK-2466,STARLINK-3111,6.0576,6.348,8.148,468.4,1.3021,32.9,0
2984,STARLINK-3268,STARLINK-36635,5.1534,5.316,6.969,467.9,1.3018,32.9,0
2985,SAUDISAT 5B,STARLINK-33854,5.1753,7.752,6.996,486.3,1.3015,32.9,0
2986,STARLINK-32155,STARLINK-35363,9.1383,9.848,12.151,475.6,1.3012,32.9,0
2987,STARLINK-2266,STARLINK-32308,8.6893,9.806,11.566,477.9,1.3011,32.9,0
2988,STARLINK-30287,STARLINK-30839,4.7375,5.322,6.416,492.1,1.2994,32.9,0
2989,STARLINK-30277,STARLINK-33544,5.6487,6.843,7.6,485.6,1.2994,32.9,0
2990,STARLINK-2453,STARLINK-3777,8.6243,8.974,11.457,478.9,1.2983,32.9,0
2991,VSP RF B1,STARLINK-31753,8.7664,8.788,11.63,488.3,1.2971,32.8,0
2992,STARLINK-30285,STARLINK-36845,8.09,8.33,10.752,469.0,1.297,32.8,0
2993,STARLINK-4781,STARLINK-31936,8.4074,8.408,11.162,489.3,1.2968,32.8,0
2994,HAWK-7A,STARLINK-36046,7.5188,9.858,10.009,485.9,1.2967,32.8,0
2995,STARLINK-30957,FLOCK 4G-11,5.5652,6.505,7.475,490.9,1.2966,32.8,0
2996,STARLINK-11341 [DTC],STARLINK-11681 [DTC],7.0308,7.591,9.375,359.8,1.2965,32.8,0
2997,STARLINK-2449,STARLINK-36626,6.1934,6.444,8.286,481.2,1.296,32.8,0
2998,STARLINK-1506,STARLINK-36456,7.3537,7.389,9.789,490.9,1.2959,32.8,0
2999,STARLINK-32874,STARLINK-37620,6.4174,7.124,8.575,477.2,1.2958,32.8,0
3000,STARLINK-31559,STARLINK-34113,5.8874,9.22,7.885,485.9,1.2953,32.8,0
3001,STARLINK-34491,STARLINK-37219,7.3188,9.373,9.739,477.6,1.2953,32.8,0
3002,STARLINK-2726,LYNK TOWER 4,8.8883,9.223,11.768,468.6,1.2949,32.8,0
3003,STARLINK-3109,STARLINK-5270,8.7182,9.72,11.546,585.0,1.2947,32.8,0
3004,STARLINK-32012,STARLINK-36979,8.5378,9.321,11.31,485.1,1.2944,32.8,0
3005,STARLINK-11277 [DTC],STARLINK-11469 [DTC],5.5799,8.284,7.479,371.5,1.294,32.8,0
3006,STARLINK-35709,STARLINK-37932,5.959,6.01,7.969,478.5,1.2939,32.8,0
3007,STARLINK-4173,STARLINK-35441,6.6011,6.742,8.796,462.1,1.2933,32.8,0
3008,STARLINK-32711,STARLINK-36375,7.6597,9.128,10.164,488.3,1.2932,32.8,0
3009,STARLINK-2525,STARLINK-4583,8.0856,9.853,10.714,469.1,1.2931,32.8,0
3010,STARLINK-32408,STARLINK-34766,5.6908,6.039,7.611,485.0,1.292,32.8,0
3011,STARLINK-35325,STARLINK-36625,6.687,9.192,8.898,464.8,1.292,32.8,0
3012,STARLINK-32000,STARLINK-37024,6.7451,7.925,8.972,481.6,1.2918,32.7,0
3013,STARLINK-30049,STARLINK-36099,5.7224,6.981,7.65,492.2,1.2917,32.7,0
3014,STARLINK-4514,STARLINK-34511,4.968,8.905,6.675,460.1,1.2916,32.7,0
3015,STARLINK-3204,STARLINK-32233,4.412,8.829,5.955,461.1,1.2912,32.7,0
3016,STARLINK-3190,STARLINK-35545,4.1195,4.185,5.576,473.8,1.2909,32.7,0
3017,STARLINK-5209,STARLINK-30424,5.2919,7.4,7.09,470.5,1.291,32.7,0
3018,STARLINK-34881,STARLINK-37158,8.6067,9.063,11.362,470.3,1.2902,32.7,0
3019,STARLINK-31962,STARLINK-33840,3.7228,8.443,5.061,492.4,1.2901,32.7,0
3020,STARLINK-4304,STARLINK-37508,9.0411,9.074,11.92,475.1,1.2899,32.7,0
3021,STARLINK-34592,STARLINK-35087,6.1646,7.982,8.209,466.3,1.2898,32.7,0
3022,STARLINK-34554,STARLINK-35227,7.5383,9.681,9.979,464.3,1.2896,32.7,0
3023,STARLINK-37555,STARLINK-37578,4.6987,5.758,6.317,424.0,1.2895,32.7,0
3024,STARLINK-30958,STARLINK-36063,0.832,1.649,1.331,492.7,1.2897,32.7,0
3025,STARLINK-31430,STARLINK-37401,6.9999,7.717,9.283,465.5,1.2893,32.7,0
3026,STARLINK-2703,STARLINK-32210,8.3065,8.726,10.967,469.6,1.2892,32.7,0
3027,STARLINK-5215,STARLINK-34884,8.4427,8.487,11.138,469.6,1.2887,32.7,0
3028,STARLINK-2432,STARLINK-32397,9.283,9.38,12.22,474.4,1.2886,32.7,0
3029,STARLINK-3873,STARLINK-6248,7.7129,8.245,10.193,483.4,1.2881,32.7,0
3030,STARLINK-34839,STARLINK-36689,8.7445,9.185,11.518,470.3,1.2877,32.7,0
3031,STARLINK-3127,STARLINK-32591,9.0277,9.097,11.881,471.6,1.2875,32.7,0
3032,STARLINK-32076,STARLINK-32877,9.105,9.551,11.978,476.6,1.2873,32.7,0
3033,STARLINK-4146,STARLINK-37451,9.13,9.181,12.008,470.4,1.287,32.7,0
3034,STARLINK-5806,STARLINK-32644,5.9385,5.959,7.899,485.8,1.2868,32.7,0
3035,STARLINK-3916,STARLINK-6207,8.151,8.796,10.743,485.4,1.2864,32.7,0
3036,STARLINK-5778,STARLINK-33893,3.7465,3.76,5.076,492.4,1.2862,32.7,0
3037,STARLINK-31117,STARLINK-32957,8.2179,8.697,10.821,484.3,1.2855,32.6,0
3038,STARLINK-34410,STARLINK-37088,7.3955,7.419,9.763,465.3,1.2854,32.6,0
3039,STARLINK-3660,STARLINK-33982,9.3061,9.335,12.212,480.6,1.2846,32.6,0
3040,STARLINK-32098,STARLINK-35380,6.3334,9.109,8.391,489.8,1.2843,32.6,0
3041,STARLINK-37071,STARLINK-37483,8.7789,9.37,11.531,477.4,1.2842,32.6,0
3042,STARLINK-35999,STARLINK-37224,5.0282,8.084,6.713,476.5,1.284,32.6,0
3043,STARLINK-32656,STARLINK-35808,5.5305,6.074,7.357,462.0,1.2838,32.6,0
3044,STARLINK-1583,STARLINK-4781,9.2773,9.539,12.167,483.3,1.2838,32.6,0
3045,STARLINK-32084,STARLINK-37501,9.1617,9.208,12.013,482.0,1.2832,32.6,0
3046,STARLINK-31045,STARLINK-32643,4.996,5.039,6.668,485.4,1.2833,32.6,0
3047,STARLINK-30479,STARLINK-33680,4.6089,6.132,6.17,492.3,1.283,32.6,0
3048,ONEWEB-0094,ONEWEB-0227,8.8689,9.663,11.635,1195.9,1.283,32.6,0
3049,STARLINK-4790,STARLINK-35770,4.8812,4.909,6.518,491.3,1.2828,32.6,0
3050,STARLINK-30525,STARLINK-35796,7.6147,7.627,10.025,488.0,1.2828,32.6,0
3051,STARLINK-3782,STARLINK-35208,9.3233,9.324,12.208,475.1,1.2819,32.6,0
3052,STARLINK-30380,STARLINK-30789,8.6115,9.214,11.294,486.0,1.2817,32.6,0
3053,STARLINK-35777,STARLINK-37450,9.8932,9.924,12.936,487.9,1.2817,32.6,0
3054,STARLINK-35873,STARLINK-36250,5.7931,7.466,7.68,475.0,1.2815,32.6,0
3055,STARLINK-31501,STARLINK-33759,5.9099,5.911,7.825,492.6,1.2807,32.6,0
3056,STARLINK-2712,STARLINK-36128,5.8732,6.024,7.777,481.9,1.2805,32.6,0
3057,STARLINK-3230,STARLINK-37890,8.7479,8.754,11.457,477.5,1.2804,32.6,0
3058,STARLINK-3670,STARLINK-37189,9.6434,9.727,12.604,478.2,1.2805,32.6,0
3059,STARLINK-3703,STARLINK-34601,6.4455,8.785,8.507,473.1,1.2801,32.5,0
3060,STARLINK-34593,STARLINK-37620,7.2819,7.761,9.576,477.1,1.2799,32.5,0
3061,STARLINK-3133,STARLINK-34711,6.8955,7.262,9.079,473.5,1.2795,32.5,0
3062,STARLINK-35148,STARLINK-35848,8.941,9.298,11.69,470.9,1.2789,32.5,0
3063,STARLINK-3560,STARLINK-34557,9.0959,9.292,11.887,471.7,1.2787,32.5,0
3064,STARLINK-34466,STARLINK-36708,5.3675,6.352,7.119,477.2,1.2787,32.5,0
3065,AFR-1,STARLINK-32525,7.3255,8.871,9.621,481.3,1.2785,32.5,0
3066,STARLINK-3388,STARLINK-35427,9.0109,9.072,11.775,477.8,1.2784,32.5,0
3067,STARLINK-3918,STARLINK-33694,7.3473,8.901,9.646,489.5,1.2781,32.5,0
3068,STARLINK-32020,STARLINK-35160,9.1786,9.275,11.986,476.1,1.278,32.5,0
3069,STARLINK-33551,STARLINK-35976,4.624,5.829,6.164,491.9,1.2778,32.5,0
3070,STARLINK-2358,STARLINK-35528,9.2612,9.274,12.08,483.2,1.2768,32.5,0
3071,STARLINK-30161,STARLINK-35570,6.1074,8.54,8.052,489.9,1.2766,32.5,0
3072,STARLINK-6074,STARLINK-32614,5.976,9.108,7.883,492.3,1.2764,32.5,0
3073,STARLINK-3346,STARLINK-35568,2.7012,2.716,3.703,491.2,1.2764,32.5,0
3074,STARLINK-3735,STARLINK-35386,9.2798,9.742,12.091,473.2,1.2754,32.5,0
3075,STARLINK-3612,STARLINK-35850,8.3504,9.35,10.905,466.7,1.2754,32.5,0
3076,STARLINK-33746,STARLINK-37219,5.4648,8.986,7.224,467.0,1.2752,32.5,0
3077,STARLINK-32344,STARLINK-37538,7.4319,7.439,9.732,464.7,1.2752,32.5,0
3078,STARLINK-34329,STARLINK-34883,8.0608,9.664,10.533,478.8,1.2751,32.5,0
3079,STARLINK-5801,STARLINK-34186,0.8206,1.888,1.301,483.9,1.2747,32.5,0
3080,STARLINK-4020,STARLINK-32633,3.0472,3.417,4.14,460.3,1.2749,32.5,0
3081,STARLINK-34928,STARLINK-35527,7.9997,9.86,10.451,478.1,1.2746,32.4,0
3082,STARLINK-2097,STARLINK-35672,9.039,9.85,11.775,477.2,1.2745,32.4,0
3083,STARLINK-5574,STARLINK-35150,8.5965,8.597,11.21,485.4,1.2744,32.4,0
3084,STARLINK-3346,STARLINK-31213,5.8016,9.335,7.645,481.7,1.2738,32.4,0
3085,STARLINK-1543,STARLINK-35249,7.2129,7.243,9.44,484.7,1.2735,32.4,0
3086,STARLINK-2455,STARLINK-31262,8.8861,9.774,11.565,477.5,1.2728,32.4,0
3087,YAOGAN-35 02A,STARLINK-35803,2.1655,2.202,3.011,485.2,1.2729,32.4,0
3088,STARLINK-1540,STARLINK-37258,9.0742,9.788,11.794,471.2,1.2717,32.4,0
3089,STARLINK-30370,STARLINK-35469,5.5729,9.793,7.337,473.9,1.2709,32.4,0
3090,STARLINK-5127,STARLINK-5204,7.7834,9.461,10.144,486.2,1.2706,32.4,0
3091,STARLINK-31044,STARLINK-36486,3.7514,9.642,5.02,492.3,1.2704,32.4,0
3092,STARLINK-2613,STARLINK-30616,9.1587,9.177,11.889,476.8,1.2704,32.4,0
3093,STARLINK-34795,STARLINK-37933,5.4678,9.799,7.199,463.0,1.2702,32.4,0
3094,GHGSAT-C3,STARLINK-37341,9.8451,9.937,12.759,472.3,1.2702,32.4,0
3095,ICEYE-X7,STARLINK-32193,8.6702,9.76,11.267,464.1,1.2702,32.4,0
3096,GAOFEN-9 05,STARLINK-32377,7.4643,8.761,9.729,478.3,1.2694,32.4,0
3097,STARLINK-2642,STARLINK-32422,8.9059,9.509,11.558,470.5,1.2693,32.4,0
3098,STARLINK-5742,STARLINK-31039,8.487,8.601,11.021,484.7,1.2687,32.3,0
3099,ION SCV-010,STARLINK-31135,5.2011,9.333,6.846,480.3,1.2675,32.3,0
3100,STARLINK-2161,STARLINK-35947,9.4103,9.454,12.181,475.5,1.2675,32.3,0
3101,STARLINK-6365,STARLINK-35613,8.3086,9.102,10.781,488.7,1.2671,32.3,0
3102,STARLINK-36139,STARLINK-36495,3.7913,3.791,5.052,492.7,1.2658,32.3,0
3103,STARLINK-2225,STARLINK-32129,8.9214,9.712,11.54,477.7,1.2652,32.3,0
3104,STARLINK-1308,STARLINK-11323 [DTC],5.9449,6.589,7.767,358.1,1.264,32.3,0
3105,STARLINK-3948,STARLINK-35774,3.5425,3.635,4.73,473.6,1.2639,32.3,0
3106,STARLINK-3897,STARLINK-35328,5.9224,6.109,7.738,466.9,1.2639,32.3,0
3107,STARLINK-31760,STARLINK-35779,6.9187,8.557,8.994,492.5,1.2634,32.3,0
3108,STARLINK-5808,STARLINK-36150,3.783,3.86,5.032,492.5,1.2634,32.3,0
3109,STARLINK-2161,STARLINK-3354,8.2979,8.298,10.736,478.3,1.2634,32.3,0
3110,STARLINK-34233,STARLINK-35159,9.4007,9.975,12.126,475.8,1.263,32.2,0
3111,STARLINK-4674,STARLINK-37252,8.7072,9.574,11.249,462.8,1.2629,32.2,0
3112,STARLINK-31544,STARLINK-33817,5.8767,6.135,7.675,492.0,1.263,32.2,0
3113,STARLINK-4699,ALTAIR (RS65S),9.7085,9.91,12.507,469.4,1.2622,32.2,0
3114,STARLINK-3709,STARLINK-37342,8.1135,8.285,10.492,479.2,1.262,32.2,0
3115,ASTROCAST-0404,STARLINK-35132,9.1237,9.58,11.765,484.9,1.2618,32.2,0
3116,STARLINK-31973,STARLINK-34921,8.8002,9.2,11.354,486.2,1.2615,32.2,0
3117,STARLINK-4781,STARLINK-32122,7.6835,8.617,9.944,476.0,1.2614,32.2,0
3118,STARLINK-31971,STARLINK-35986,0.8032,2.277,1.265,484.2,1.261,32.2,0
3119,STARLINK-30961,2025-197C,8.324,8.443,10.745,494.4,1.2606,32.2,0
3120,STARLINK-4288,STARLINK-35155,4.1749,8.393,5.513,463.4,1.2601,32.2,0
3121,STARLINK-5356,VSP ROSE,9.4376,9.56,12.144,480.0,1.2601,32.2,0
3122,STARLINK-32170,STARLINK-32951,8.8163,8.839,11.354,486.5,1.2593,32.2,0
3123,STARLINK-2381,STARLINK-32539,6.1883,7.356,8.04,473.1,1.2586,32.2,0
3124,STARLINK-3986,STARLINK-34271,7.1034,7.14,9.19,488.4,1.2583,32.2,0
3125,STARLINK-3998,STARLINK-30556,9.0015,9.003,11.578,472.1,1.2583,32.2,0
3126,STARLINK-35606,STARLINK-37105,7.1441,9.236,9.241,477.5,1.2583,32.2,0
3127,STARLINK-35750,STARLINK-36749,4.7858,9.953,6.27,475.7,1.2576,32.2,0
3128,STARLINK-37163,STARLINK-37658,5.2725,5.659,6.881,467.4,1.2574,32.2,0
3129,STARLINK-31276,STARLINK-36462,0.8964,7.208,1.379,484.1,1.2578,32.2,0
3130,STARLINK-4789,STARLINK-37548,8.6158,9.336,11.084,462.9,1.2573,32.1,0
3131,NANOACE,STARLINK-5747,9.4481,9.48,12.127,496.7,1.2569,32.1,0
3132,STARLINK-35177,STARLINK-35938,6.646,8.13,8.604,484.0,1.2568,32.1,0
3133,STARLINK-34410,STARLINK-36940,4.5002,6.275,5.906,476.0,1.2565,32.1,0
3134,STARLINK-32253,KUIPER-00617,8.9235,9.824,11.463,462.8,1.2564,32.1,0
3135,STARLINK-30767,STARLINK-34870,8.8363,9.29,11.353,486.8,1.2564,32.1,0
3136,STARLINK-3747,STARLINK-35855,6.4227,7.948,8.317,461.7,1.2558,32.1,0
3137,STARLINK-36435,STARLINK-36705,4.9956,7.807,6.524,480.2,1.2557,32.1,0
3138,STARLINK-3294,STARLINK-37725,4.6078,8.895,6.036,476.6,1.2555,32.1,0
3139,STARLINK-35483,STARLINK-36717,7.8015,9.463,10.043,470.5,1.2551,32.1,0
3140,STARLINK-2082,STARLINK-34238,9.5049,9.561,12.178,475.3,1.2548,32.1,0
3141,STARLINK-34618,STARLINK-37738,6.7925,8.748,8.769,477.9,1.2541,32.1,0
3142,STARLINK-31237,STARLINK-34135,4.7101,9.127,6.156,485.2,1.2537,32.1,0
3143,STARLINK-5247,STARLINK-5371,8.8515,9.165,11.348,492.8,1.2537,32.1,0
3144,STARLINK-4554,STARLINK-6347,8.6396,9.555,11.075,494.6,1.2529,32.1,0
3145,STARLINK-6245,STARLINK-33739,7.4442,9.518,9.575,487.4,1.2526,32.1,0
3146,STARLINK-31466,STARLINK-32006,8.7563,9.626,11.218,485.2,1.2525,32.1,0
3147,STARLINK-35020,STARLINK-37148,7.7293,8.065,9.931,481.5,1.2524,32.1,0
3148,STARLINK-32402,STARLINK-34896,6.6184,6.62,8.539,465.1,1.2523,32.1,0
3149,STARLINK-31652,STARLINK-37897,8.4317,8.765,10.809,478.3,1.2522,32.1,0
3150,AEROCUBE 8C,STARLINK-32686,9.3933,9.763,12.01,497.6,1.2519,32.1,0
3151,STARLINK-5355,M-SEL/CORTEZ,7.9489,8.673,10.199,487.8,1.2516,32.0,0
3152,STARLINK-32912,ION SCV-022,7.4699,9.89,9.597,586.7,1.2513,32.0,0
3153,STARLINK-33922,STARLINK-33794,8.8413,9.194,11.311,487.0,1.251,32.0,0
3154,STARLINK-2420,STARLINK-37323,9.5586,9.565,12.207,476.3,1.2509,32.0,0
3155,STARLINK-4278,STARLINK-35034,5.7994,7.339,7.504,461.3,1.2508,32.0,0
3156,STARLINK-11250 [DTC],STARLINK-11667 [DTC],8.2475,9.959,10.566,366.8,1.2508,32.0,0
3157,STARLINK-31912,STARLINK-35977,0.7969,9.251,1.247,492.0,1.2509,32.0,0
3158,STARLINK-34494,STARLINK-37284,4.6565,7.961,6.073,469.9,1.2505,32.0,0
3159,STARLINK-32028,STARLINK-35541,7.9387,8.88,10.177,468.3,1.2504,32.0,0
3160,STARLINK-3884,STARLINK-31566,8.8747,9.508,11.347,493.8,1.2504,32.0,0
3161,STARLINK-32438,STARLINK-37893,7.9358,8.019,10.169,464.8,1.2499,32.0,0
3162,STARLINK-3660,STARLINK-32178,9.3702,9.63,11.962,476.9,1.2499,32.0,0
3163,STARLINK-31093,STARLINK-35232,3.0335,3.034,4.041,462.4,1.2497,32.0,0
3164,STARLINK-4641,STARLINK-30606,7.6305,7.631,9.781,462.8,1.2491,32.0,0
3165,STARLINK-33741,STARLINK-36835,9.3759,9.39,11.961,469.3,1.2491,32.0,0
3166,STARLINK-4058,STARLINK-35129,2.502,4.863,3.373,463.2,1.2483,32.0,0
3167,STARLINK-4212,STARLINK-35974,8.5197,8.662,10.879,485.7,1.2476,32.0,0
3168,STARLINK-3947,HAWK-11C,3.904,9.072,5.119,484.5,1.2473,32.0,0
3169,STARLINK-3782,STARLINK-35223,9.2888,9.349,11.836,471.8,1.2474,32.0,0
3170,STARLINK-30325,STARLINK-32915,5.9578,9.793,7.673,485.5,1.2461,32.0,0
3171,STARLINK-3276,2024-205D,5.7459,6.186,7.409,516.2,1.2461,32.0,0
3172,STARLINK-32882,STARLINK-37265,6.0634,6.122,7.803,477.1,1.2458,31.9,0
3173,STARLINK-30427,FLOCK 4G-33,9.0426,9.074,11.511,488.9,1.2454,31.9,0
3174,STARLINK-33881,STARLINK-34870,6.8843,7.635,8.821,489.2,1.2451,31.9,0
3175,STARLINK-2659,STARLINK-32702,9.0975,9.098,11.576,470.7,1.2451,31.9,0
3176,STARLINK-4020,STARLINK-35376,3.9883,4.117,5.212,460.6,1.2444,31.9,0
3177,STARLINK-33861,STARLINK-34123,7.7927,8.572,9.939,487.1,1.2435,31.9,0
3178,STARLINK-2639,STARLINK-34923,4.6675,6.851,6.052,473.7,1.2433,31.9,0
3179,STARLINK-31563,STARLINK-33925,2.6651,4.1,3.562,484.3,1.2432,31.9,0
3180,STARLINK-5167,STARLINK-35175,9.4988,9.508,12.056,479.3,1.243,31.9,0
3181,STARLINK-2415,STARLINK-36560,5.7165,6.138,7.353,470.8,1.2428,31.9,0
3182,STARLINK-33990,STARLINK-34330,7.0739,7.428,9.038,489.1,1.2425,31.9,0
3183,STARLINK-31337,STARLINK-34967,7.7755,7.776,9.908,484.2,1.2423,31.9,0
3184,STARLINK-5119,STARLINK-33600,7.4195,7.57,9.464,486.3,1.2421,31.9,0
3185,STARLINK-37235,STARLINK-37731,7.5797,9.4,9.659,477.8,1.2416,31.9,0
3186,STARLINK-31324,STARLINK-32114,8.1394,9.695,10.352,468.8,1.2413,31.9,0
3187,STARLINK-6321,STARLINK-35839,3.8823,9.51,5.065,492.8,1.2407,31.9,0
3188,STARLINK-4781,STARLINK-32122,7.8045,9.173,9.93,486.2,1.2406,31.9,0
3189,STARLINK-4791,STARLINK-37062,9.0453,9.513,11.466,470.5,1.2402,31.8,0
3190,STARLINK-6113,STARLINK-35539,8.5953,8.689,10.902,484.1,1.2395,31.8,0
3191,STARLINK-4053,STARLINK-31251,8.4602,8.788,10.733,469.3,1.2393,31.8,0
3192,STARLINK-5870,STARLINK-31734,3.8541,4.717,5.023,492.4,1.239,31.8,0
3193,STARLINK-5585,STARLINK-35878,3.8886,4.081,5.065,492.5,1.2388,31.8,0
3194,STARLINK-33576,STARLINK-37661,5.1919,8.289,6.677,476.6,1.2383,31.8,0
3195,STARLINK-3704,STARLINK-34680,8.8175,9.081,11.163,469.9,1.2379,31.8,0
3196,STARLINK-3632,STARLINK-37566,4.6789,7.629,6.04,475.4,1.238,31.8,0
3197,EZIE-A,STARLINK-36170,8.5665,9.254,10.852,587.8,1.2379,31.8,0
3198,STARLINK-30607,STARLINK-32922,8.9338,9.044,11.306,485.8,1.2378,31.8,0
3199,NUSAT-44 (MARIA MITCHE*),STARLINK-34330,9.5009,9.519,12.004,490.2,1.2374,31.8,0
3200,NUSAT-35 (WILLIAMINA),STARLINK-32489,8.4479,8.856,10.699,461.7,1.2372,31.8,0
3201,STARLINK-5735,STARLINK-33918,3.9199,6.608,5.097,484.7,1.2372,31.8,0
3202,STARLINK-30318,STARLINK-30784,7.5582,8.466,9.597,489.3,1.237,31.8,0
3203,GAOFEN-14 02,STARLINK-35132,8.4005,8.42,10.635,487.6,1.2366,31.8,0
3204,STARLINK-3698,STARLINK-37952,8.7792,9.263,11.101,460.3,1.2363,31.8,0
3205,STARLINK-4575,STARLINK-37538,9.3908,9.686,11.856,476.6,1.2362,31.8,0
3206,MONITOR-2 (RS39S),SHARJAH-SAT-2,9.1353,9.868,11.539,520.6,1.2361,31.8,0
3207,STARLINK-36059,STARLINK-37243,5.1653,5.19,6.63,468.1,1.2357,31.8,0
3208,STARLINK-31179,STARLINK-35962,3.9008,4.895,5.067,484.6,1.2356,31.8,0
3209,STARLINK-36787,STARLINK-37055,4.4403,4.473,5.733,472.8,1.2355,31.8,0
3210,STARLINK-31300,STARLINK-37541,5.1686,9.576,6.631,467.7,1.2351,31.8,0
3211,STARLINK-32652,STARLINK-35399,8.2382,8.243,10.414,468.7,1.2341,31.7,0
3212,STARLINK-3274,STARLINK-32574,9.1677,9.89,11.556,470.6,1.2336,31.7,0
3213,STARLINK-5571,STARLINK-31090,6.7876,7.036,8.618,493.0,1.2333,31.7,0
3214,STARLINK-2745,STARLINK-5514,7.8766,7.894,9.96,483.6,1.2332,31.7,0
3215,STARLINK-37405,STARLINK-36760,9.2167,9.325,11.609,477.5,1.2328,31.7,0
3216,STARLINK-3135,STARLINK-31330,4.4472,4.45,5.726,464.0,1.2321,31.7,0
3217,STARLINK-31411,HERMES-2,9.3747,9.555,11.797,490.9,1.2321,31.7,0
3218,STARLINK-31371,STARLINK-31829,5.9814,6.059,7.614,474.3,1.2318,31.7,0
3219,STARLINK-36686,STARLINK-37516,5.8183,7.417,7.413,477.0,1.2317,31.7,0
3220,STARLINK-2629,STARLINK-36965,9.7008,9.856,12.19,475.2,1.2312,31.7,0
3221,STARLINK-30973,COSMOS 2608,4.7003,9.577,6.033,486.3,1.2311,31.7,0
3222,STARLINK-3125,STARLINK-37713,7.5549,8.92,9.546,479.7,1.231,31.7,0
3223,STARLINK-3160,STARLINK-32603,3.6521,6.103,4.741,476.4,1.2308,31.7,0
3224,STARLINK-11158 [DTC],STARLINK-11524 [DTC],4.7847,5.179,6.135,358.6,1.2308,31.7,0
3225,STARLINK-36068,KUIPER-00159,7.0181,9.233,8.877,578.0,1.2298,31.7,0
3226,STARLINK-4598,STARLINK-36326,8.28,8.544,10.427,478.4,1.2296,31.7,0
3227,STARLINK-4188,STARLINK-5781,8.7674,8.788,11.023,489.2,1.2292,31.7,0
3228,STARLINK-31037,STARLINK-36372,5.0077,8.819,6.4,468.9,1.2289,31.7,0
3229,STARLINK-3942,STARLINK-32738,7.6247,9.599,9.616,462.7,1.2289,31.6,0
3230,STARLINK-3753,STARLINK-35553,6.199,6.25,7.862,462.0,1.2286,31.6,0
3231,STARLINK-3291,STARLINK-33893,7.2071,7.915,9.1,488.4,1.2286,31.6,0
3232,STARLINK-2587,STARLINK-35484,9.691,9.822,12.148,475.6,1.2282,31.6,0
3233,STARLINK-34791,STARLINK-35555,7.8266,7.99,9.855,482.1,1.2278,31.6,0
3234,STARLINK-6351,STARLINK-32008,8.9206,9.274,11.194,488.0,1.2273,31.6,0
3235,BANDWAGON-2 OBJECT D,STARLINK-35509,7.5192,9.599,9.473,482.9,1.2272,31.6,0
3236,STARLINK-5127,STARLINK-5204,8.0784,8.823,10.159,476.2,1.2272,31.6,0
3237,ORBITER SN3,STARLINK-30272,4.6396,9.413,5.936,475.2,1.2265,31.6,0
3238,STARLINK-35632,STARLINK-36839,8.1175,8.14,10.202,484.0,1.2266,31.6,0
3239,STARLINK-2483,STARLINK-35912,9.2446,9.405,11.584,470.5,1.2265,31.6,0
3240,STARLINK-30606,PELICAN-6,7.5472,7.641,9.5,466.4,1.2262,31.6,0
3241,STARLINK-4545,STARLINK-37868,6.6042,7.352,8.342,469.9,1.226,31.6,0
3242,STARLINK-31218,STARLINK-34826,9.5408,9.551,11.942,476.5,1.226,31.6,0
3243,STARLINK-31951,STARLINK-31992,6.5855,6.613,8.318,490.0,1.2258,31.6,0
3244,STARLINK-30290,STARLINK-34959,8.8896,9.532,11.139,484.0,1.2255,31.6,0
3245,STARLINK-30256,QMR-KWT-2 (RS95S),5.5887,9.542,7.093,490.1,1.2253,31.6,0
3246,STARLINK-3252,STARLINK-37804,4.4863,7.618,5.742,476.5,1.2253,31.6,0
3247,STARLINK-30785,STARLINK-31921,6.0188,6.292,7.619,485.6,1.2252,31.6,0
3248,STARLINK-2252,STARLINK-36079,8.6684,9.391,10.865,469.5,1.2251,31.6,0
3249,STARLINK-31875,STARLINK-33875,0.8451,1.701,1.28,484.5,1.2248,31.6,0
3250,STARLINK-32189,STARLINK-37514,6.5386,8.489,8.248,477.4,1.224,31.6,0
3251,STARLINK-3329,STARLINK-35081,8.7723,9.044,10.979,464.0,1.2237,31.6,0
3252,STARLINK-33747,STARLINK-37946,7.1631,9.282,9.01,477.7,1.2237,31.6,0
3253,STARLINK-4170,STARLINK-33533,9.3319,9.753,11.656,465.5,1.2228,31.5,0
3254,STARLINK-5589,STARLINK-34766,6.2105,9.642,7.838,492.3,1.2227,31.5,0
3255,STARLINK-34760,STARLINK-36322,3.3707,7.714,4.365,463.3,1.2224,31.5,0
3256,STARLINK-31961,STARLINK-36139,6.0911,9.985,7.685,484.8,1.2216,31.5,0
3257,STARLINK-31100,STARLINK-36728,8.1758,8.636,10.229,483.3,1.2213,31.5,0
3258,STARLINK-34511,STARLINK-37884,6.4374,7.731,8.101,465.8,1.2205,31.5,0
3259,STARLINK-3344,PVCC,8.3813,9.107,10.473,532.1,1.2204,31.5,0
3260,STARLINK-32230,STARLINK-32614,8.268,8.935,10.328,482.9,1.2197,31.5,0
3261,STARLINK-30071,STARLINK-32714,0.8872,9.691,1.326,492.6,1.2196,31.5,0
3262,STARLINK-37168,STARLINK-37468,2.2059,5.861,2.934,463.8,1.2195,31.5,0
3263,STARLINK-2704,STARLINK-35159,9.3118,9.395,11.6,477.2,1.2195,31.5,0
3264,STARLINK-35629,STARLINK-37103,6.5008,6.501,8.168,476.0,1.219,31.5,0
3265,STARLINK-11348 [DTC],STARLINK-11740 [DTC],6.9914,7.333,8.765,359.4,1.2188,31.5,0
3266,STARLINK-35965,STARLINK-37018,4.9807,8.548,6.314,475.8,1.2188,31.5,0
3267,STARLINK-32737,STARLINK-34228,8.3834,8.573,10.46,478.2,1.2186,31.5,0
3268,STARLINK-35453,STARLINK-36961,6.9949,7.499,8.765,464.7,1.2182,31.5,0
3269,STARLINK-3388,STARLINK-34130,9.0818,9.397,11.304,470.3,1.2179,31.5,0
3270,STARLINK-5134,STARLINK-31584,6.2984,6.529,7.914,490.8,1.2178,31.5,0
3271,STARLINK-34361,STARLINK-37316,7.0412,7.043,8.817,465.1,1.2176,31.4,0
3272,STARLINK-35485,STARLINK-37617,9.708,9.726,12.059,467.6,1.2171,31.4,0
3273,STARLINK-34377,STARLINK-35070,8.7983,9.935,10.948,469.5,1.2167,31.4,0
3274,STARLINK-2725,STARLINK-35259,9.8045,9.831,12.172,475.7,1.2167,31.4,0
3275,STARLINK-32436,STARLINK-37296,7.4774,7.48,9.34,466.3,1.2166,31.4,0
3276,STARLINK-31246,STARLINK-35533,5.4334,8.454,6.852,490.3,1.2163,31.4,0
3277,STARLINK-32411,STARLINK-36257,8.1864,8.354,10.188,477.7,1.2148,31.4,0
3278,STARLINK-2533,STARLINK-35940,5.2629,8.71,6.634,485.0,1.2144,31.4,0
3279,STARLINK-32619,STARLINK-35683,1.7696,1.788,2.391,474.9,1.214,31.4,0
3280,STARLINK-31728,GUOWANG TEST OBJECT D,4.6545,4.948,5.893,490.3,1.2139,31.4,0
3281,STARLINK-4774,STARLINK-33918,6.0968,9.888,7.64,486.0,1.2133,31.4,0
3282,STARLINK-32238,STARLINK-33824,9.1319,9.266,11.322,487.3,1.2133,31.4,0
3283,STARLINK-3677,STARLINK-35679,9.8711,9.89,12.218,475.3,1.2132,31.4,0
3284,STARLINK-30784,STARLINK-32548,8.3987,9.39,10.432,483.1,1.2132,31.4,0
3285,STARLINK-35375,STARLINK-35533,7.6845,7.762,9.559,481.5,1.2124,31.4,0
3286,STARLINK-3326,STARLINK-36701,4.6171,8.111,5.837,473.0,1.2117,31.3,0
3287,STARLINK-31724,STARLINK-32395,5.4568,9.0,6.854,490.2,1.2116,31.3,0
3288,STARLINK-31055,STARLINK-36573,4.9287,4.938,6.214,475.6,1.2116,31.3,0
3289,STARLINK-4204,STARLINK-35939,9.0275,9.242,11.178,486.6,1.2114,31.3,0
3290,STARLINK-5748,STARLINK-30397,7.9895,7.99,9.918,488.0,1.2111,31.3,0
3291,STARLINK-3306,STARLINK-11605 [DTC],9.2474,9.321,11.441,358.2,1.211,31.3,0
3292,STARLINK-30041,STARLINK-36624,3.9665,7.212,5.045,492.0,1.2108,31.3,0
3293,STARLINK-31706,STARLINK-34948,9.5867,9.777,11.85,484.1,1.2108,31.3,0
3294,STARLINK-6080,STARLINK-35375,8.4277,8.819,10.445,483.2,1.2106,31.3,0
3295,STARLINK-5397,STARLINK-35409,6.6732,7.766,8.321,489.7,1.2106,31.3,0
3296,STARLINK-31454,STARLINK-34656,9.4181,9.456,11.642,470.5,1.2104,31.3,0
3297,STARLINK-6030,STARLINK-32245,1.7052,5.651,2.306,493.1,1.2104,31.3,0
3298,STARLINK-4615,STARLINK-30109,9.1576,9.963,11.325,486.3,1.2102,31.3,0
3299,STARLINK-32778,STARLINK-36037,7.8251,8.704,9.711,486.9,1.2101,31.3,0
3300,STARLINK-35422,STARLINK-37772,7.0418,7.051,8.761,477.4,1.2098,31.3,0
3301,STARLINK-31852,STARLINK-35118,5.1598,5.343,6.475,485.1,1.2081,31.3,0
3302,STARLINK-33648,STARLINK-35316,6.3172,8.911,7.869,464.9,1.2074,31.3,0
3303,STARLINK-36769,STARLINK-36922,9.0582,9.216,11.169,484.1,1.2064,31.2,0
3304,STARLINK-35200,STARLINK-37198,4.5638,4.587,5.747,473.7,1.2064,31.2,0
3305,STARLINK-5791,STARLINK-35704,7.5403,8.148,9.336,489.2,1.2062,31.2,0
3306,STARLINK-32830,STARLINK-36702,4.6171,7.828,5.808,474.8,1.2057,31.2,0
3307,STARLINK-2385,VSP RF C1,7.3704,8.032,9.127,473.6,1.2056,31.2,0
3308,STARLINK-31697,STARLINK-35247,5.9719,5.978,7.44,489.7,1.2055,31.2,0
3309,STARLINK-2726,STARLINK-30372,9.2192,9.254,11.355,485.6,1.2055,31.2,0
3310,STARLINK-31152,STARLINK-35463,5.1645,6.878,6.465,485.0,1.2051,31.2,0
3311,OBSERVER-1A,STARLINK-34413,9.2968,9.298,11.438,456.4,1.2044,31.2,0
3312,STARLINK-4809,STARLINK-31825,8.9354,9.893,10.999,479.7,1.204,31.2,0
3313,STARLINK-34485,STARLINK-36359,5.8899,6.383,7.331,476.0,1.2038,31.2,0
3314,STARLINK-31253,STARLINK-36165,9.6678,9.842,11.879,477.0,1.2038,31.2,0
3315,STARLINK-30111,TRANSPORTER-13 OBJECT AH,5.807,9.504,7.229,490.3,1.2034,31.2,0
3316,STARLINK-31272,STARLINK-31452,8.125,8.402,10.017,488.1,1.2032,31.2,0
3317,LEMUR-2-DEMBITZ,STARLINK-6240,5.8565,9.33,7.286,485.9,1.203,31.2,0
3318,STARLINK-35614,STARLINK-37315,7.0345,9.631,8.703,465.4,1.203,31.2,0
3319,STARLINK-32886,STARLINK-37516,6.0276,8.871,7.491,477.2,1.2029,31.2,0
3320,STARLINK-5203,STARLINK-36753,6.5028,7.066,8.06,481.2,1.2025,31.2,0
3321,STARLINK-3534,STARLINK-33621,3.7695,6.747,4.773,475.2,1.2024,31.2,0
3322,STARLINK-31950,STARLINK-32707,6.3488,6.61,7.873,485.9,1.2022,31.2,0
3323,R2,STARLINK-35411,6.3185,7.018,7.834,491.5,1.2018,31.2,0
3324,STARLINK-31727,STARLINK-34192,7.9811,7.981,9.832,491.2,1.2018,31.2,0
3325,STARLINK-30427,STARLINK-31427,7.9703,8.092,9.819,488.0,1.2018,31.2,0
3326,STARLINK-2370,STARLINK-33629,9.3885,9.642,11.52,477.3,1.2014,31.2,0
3327,STARLINK-37220,STARLINK-37161,7.3123,8.931,9.025,465.4,1.2014,31.2,0
3328,STARLINK-2687,STARLINK-35509,4.5178,8.558,5.659,472.6,1.1995,31.1,0
3329,STARLINK-2096,STARLINK-31659,8.3801,9.387,10.291,468.7,1.1994,31.1,0
3330,STARLINK-11240 [DTC],2025-313BE,7.909,9.513,9.721,359.6,1.1988,31.1,0
3331,STARLINK-3679,STARLINK-32299,8.4812,9.568,10.401,468.9,1.1981,31.1,0
3332,VSP ROSE,STARLINK-32525,7.5643,7.758,9.298,481.2,1.1975,31.1,0
3333,STARLINK-30198,STARLINK-35249,5.4895,8.03,6.812,487.7,1.1973,31.1,0
3334,STARLINK-34804,STARLINK-36369,8.8752,8.996,10.846,478.0,1.1951,31.0,0
3335,STARLINK-11349 [DTC],STARLINK-11597 [DTC],9.2031,9.797,11.234,363.3,1.1947,31.0,0
3336,STARLINK-4556,STARLINK-34287,4.464,4.467,5.57,460.8,1.1943,31.0,0
3337,STARLINK-31491,STARLINK-37225,3.8151,3.815,4.793,476.2,1.1937,31.0,0
3338,STARLINK-3548,STARLINK-31015,5.3419,9.1,6.615,483.5,1.1936,31.0,0
3339,STARLINK-3298,STARLINK-35361,8.6534,9.391,10.566,465.0,1.1934,31.0,0
3340,STARLINK-3175,STARLINK-32404,9.5619,9.661,11.649,477.2,1.1933,31.0,0
3341,STARLINK-4730,STARLINK-35578,9.0889,9.888,11.083,477.9,1.1931,31.0,0
3342,HAWK-2A,STARLINK-34272,8.766,8.833,10.696,477.4,1.193,31.0,0
3343,STARLINK-34982,STARLINK-35806,5.7508,5.76,7.097,476.4,1.1926,31.0,0
3344,STARLINK-32079,STARLINK-34155,8.7407,9.245,10.661,483.4,1.1924,31.0,0
3345,STARLINK-2555,STARLINK-37127,9.6668,9.725,11.757,471.5,1.1916,31.0,0
3346,KSM1-A,STARLINK-31917,7.9153,8.622,9.667,491.1,1.1912,31.0,0
3347,STARLINK-4048,STARLINK-35687,6.0737,6.965,7.47,481.7,1.1907,31.0,0
3348,STARLINK-35570,STARLINK-36672,8.4964,9.429,10.353,484.0,1.1905,31.0,0
3349,STARLINK-3750,STARLINK-36982,9.7631,9.893,11.859,469.0,1.1903,31.0,0
3350,STARLINK-31041,STARLINK-36393,9.5167,9.517,11.565,477.4,1.1902,31.0,0
3351,STARLINK-5468,STARLINK-32361,5.7116,7.768,7.036,491.1,1.1902,31.0,0
3352,STARLINK-30433,STARLINK-34846,6.4244,6.425,7.881,485.7,1.1897,30.9,0
3353,STARLINK-6289,STARLINK-36034,7.7341,7.835,9.439,487.4,1.1897,30.9,0
3354,STARLINK-30384,STARLINK-35648,6.4246,6.616,7.88,485.8,1.1895,30.9,0
3355,STARLINK-36096,STARLINK-37287,5.3844,7.482,6.641,476.1,1.1892,30.9,0
3356,STARLINK-32417,STARLINK-35851,9.5036,9.889,11.535,477.8,1.1887,30.9,0
3357,STARLINK-4204,STARLINK-32281,7.4235,7.57,9.056,478.7,1.1879,30.9,0
3358,STARLINK-32124,STARLINK-37237,8.294,8.323,10.087,468.5,1.1875,30.9,0
3359,STARLINK-34460,STARLINK-36669,8.3979,9.35,10.21,484.2,1.1875,30.9,0
3360,STARLINK-33551,STARLINK-35692,8.172,8.179,9.934,487.1,1.1866,30.9,0
3361,STARLINK-34982,STARLINK-35341,9.5184,9.882,11.529,464.0,1.1863,30.9,0
3362,STARLINK-31923,STARLINK-36384,9.076,9.16,10.998,470.8,1.1856,30.9,0
3363,STARLINK-3969,STARLINK-4298,0.7755,5.44,1.156,477.8,1.185,30.9,0
3364,STARLINK-5465,STARLINK-34294,7.0908,8.827,8.64,478.0,1.1851,30.9,0
3365,STARLINK-36626,STARLINK-37329,5.6434,9.175,6.925,476.5,1.1851,30.9,0
3366,STARLINK-32465,STARLINK-36821,4.8881,6.913,6.028,470.2,1.1847,30.9,0
3367,STARLINK-30981,STARLINK-33954,0.9296,5.751,1.338,484.4,1.1845,30.9,0
3368,STARLINK-31028,STARLINK-34157,6.4399,9.303,7.861,492.1,1.1839,30.8,0
3369,STARLINK-32343,STARLINK-34854,8.0191,8.034,9.721,478.7,1.1827,30.8,0
3370,STARLINK-2636,STARLINK-35953,9.4978,9.518,11.469,470.7,1.1826,30.8,0
3371,STARLINK-30273,STARLINK-34820,6.8403,7.674,8.325,465.1,1.1825,30.8,0
3372,STARLINK-3756,STARLINK-37183,8.6238,8.631,10.431,478.3,1.1821,30.8,0
3373,STARLINK-32154,STARLINK-36818,5.6916,6.703,6.963,476.9,1.1819,30.8,0
3374,STARLINK-2298,STARLINK-11586 [DTC],3.7334,5.644,4.646,355.3,1.1812,30.8,0
3375,STARLINK-2364,STARLINK-34812,9.8333,9.901,11.851,477.5,1.1812,30.8,0
3376,STARLINK-5656,STARLINK-35987,0.8897,6.79,1.286,492.5,1.1801,30.8,0
3377,STARLINK-36564,STARLINK-36934,8.8674,9.968,10.69,464.7,1.1789,30.8,0
3378,STARLINK-31857,STARLINK-32945,6.4949,9.873,7.892,485.5,1.1788,30.8,0
3379,STARLINK-2422,STARLINK-30894,8.4989,9.048,10.251,468.6,1.1784,30.7,0
3380,STARLINK-35033,STARLINK-36859,9.3884,9.443,11.299,477.3,1.1784,30.7,0
3381,STARLINK-5537,STARLINK-35915,2.8335,6.418,3.575,492.5,1.1785,30.7,0
3382,STARLINK-31374,STARLINK-33550,8.3068,9.83,10.024,488.5,1.1784,30.7,0
3383,STARLINK-4790,FLOCK 4G-1,8.2145,9.039,9.913,490.9,1.1781,30.7,0
3384,STARLINK-31046,STARLINK-35967,6.179,7.716,7.514,474.8,1.1779,30.7,0
3385,STARLINK-3986,STARLINK-31872,7.1829,7.283,8.696,488.9,1.1779,30.7,0
3386,STARLINK-31403,STARLINK-35196,9.4406,9.511,11.345,486.9,1.1768,30.7,0
3387,STARLINK-6335,STARLINK-36512,6.4729,6.509,7.849,492.7,1.1763,30.7,0
3388,STARLINK-30980,STARLINK-31697,4.1246,6.264,5.084,484.9,1.1756,30.7,0
3389,STARLINK-33605,STARLINK-33932,6.2972,8.055,7.637,492.4,1.1754,30.7,0
3390,STARLINK-5371,STARLINK-36149,3.1136,4.881,3.893,492.5,1.1749,30.7,0
3391,STARLINK-35126,STARLINK-37002,9.7464,9.749,11.683,463.8,1.1746,30.7,0
3392,TANSTAAFL-2,STARLINK-37202,5.7321,8.413,6.965,479.8,1.1741,30.7,0
3393,STARLINK-2400,STARLINK-37465,8.1686,9.27,9.823,469.2,1.1738,30.7,0
3394,STARLINK-32406,STARLINK-37671,5.9584,9.405,7.224,462.4,1.173,30.6,0
3395,STARLINK-30988,STARLINK-32151,5.0271,6.989,6.128,489.4,1.1724,30.6,0
3396,STARLINK-31208,STARLINK-32773,6.3431,6.375,7.671,492.2,1.1724,30.6,0
3397,STARLINK-31964,STARLINK-33792,9.3168,9.323,11.151,484.8,1.1717,30.6,0
3398,STARLINK-3375,STARLINK-33760,3.7823,6.449,4.665,491.6,1.1714,30.6,0
3399,STARLINK-6264,STARLINK-32818,8.8855,8.915,10.642,488.9,1.1713,30.6,0
3400,STARLINK-5960,STARLINK-34192,5.0324,5.15,6.128,492.2,1.1712,30.6,0
3401,STARLINK-35089,STARLINK-35115,7.4879,9.731,9.0,465.2,1.1707,30.6,0
3402,STARLINK-5951,STARLINK-32729,8.2006,9.918,9.833,487.8,1.1705,30.6,0
3403,STARLINK-32960,STARLINK-35871,6.5417,8.901,7.887,492.1,1.1699,30.6,0
3404,STARLINK-4637,STARLINK-35421,3.0617,8.088,3.815,460.8,1.1696,30.6,0
3405,STARLINK-35829,STARLINK-36603,4.9643,5.017,6.04,474.1,1.1696,30.6,0
3406,STARLINK-31949,STARLINK-32812,6.3405,8.081,7.649,490.3,1.1695,30.6,0
3407,STARLINK-5023,STARLINK-30393,9.4844,9.515,11.324,491.5,1.1693,30.6,0
3408,STARLINK-30281,TRANSPORTER-14 OBJECT D,8.0287,8.74,9.619,494.8,1.169,30.6,0
3409,STARLINK-3860,STARLINK-30811,9.8641,9.941,11.764,479.1,1.1689,30.6,0
3410,ZHUHAI-1 OHS-02,STARLINK-36721,8.6569,8.81,10.35,484.1,1.1686,30.6,0
3411,STARLINK-31029,SCS-01 G,4.7141,7.141,5.742,484.8,1.1685,30.6,0
3412,JILIN-1 10,STARLINK-35986,7.2955,7.42,8.757,488.9,1.1683,30.6,0
3413,STARLINK-3972,STARLINK-4563,7.2166,7.983,8.661,459.7,1.1678,30.6,0
3414,STARLINK-3647,STARLINK-31787,3.5674,9.343,4.399,485.9,1.1676,30.6,0
3415,STARLINK-31486,STARLINK-36770,7.416,8.84,8.892,489.7,1.1675,30.5,0
3416,STARLINK-35718,STARLINK-36104,9.0385,9.373,10.784,488.2,1.1673,30.5,0
3417,STARLINK-34972,STARLINK-37489,6.2511,7.696,7.528,466.4,1.1669,30.5,0
3418,STARLINK-3965,STARLINK-36390,7.4019,7.418,8.871,463.8,1.1669,30.5,0
3419,STARLINK-36393,STARLINK-37859,5.1739,8.628,6.271,473.3,1.1669,30.5,0
3420,STARLINK-37107,STARLINK-37398,7.2586,7.283,8.702,477.6,1.1667,30.5,0
3421,STARLINK-32415,STARLINK-34595,6.4803,6.706,7.791,489.8,1.1663,30.5,0
3422,KENT RIDGE 1,SNUGLITE,8.6476,8.704,10.318,491.0,1.1662,30.5,0
3423,STARLINK-32132,STARLINK-36102,8.4555,9.58,10.091,481.9,1.1658,30.5,0
3424,STARLINK-4016,FLOCK 4BE-27,7.1208,7.263,8.533,480.3,1.1656,30.5,0
3425,STARLINK-32802,STARLINK-32957,8.2192,8.257,9.813,487.9,1.1656,30.5,0
3426,STARLINK-6245,STARLINK-36549,8.2426,8.396,9.839,487.8,1.1654,30.5,0
3427,STARLINK-36293,STARLINK-37728,6.3887,8.516,7.677,477.0,1.1652,30.5,0
3428,STARLINK-31843,STARLINK-36935,5.9266,9.574,7.135,481.1,1.1646,30.5,0
3429,STARLINK-31281,STARLINK-34197,5.8374,7.896,7.029,490.0,1.1642,30.5,0
3430,STARLINK-32848,STARLINK-33571,8.4884,9.025,10.113,467.9,1.164,30.5,0
3431,STARLINK-30243,STARLINK-33655,0.9499,5.28,1.338,484.4,1.1636,30.5,0
3432,STARLINK-3641,STARLINK-30803,9.8665,9.966,11.716,477.5,1.1639,30.5,0
3433,STARLINK-30843,STARLINK-35787,6.5388,7.969,7.843,486.0,1.1639,30.5,0
3434,STARLINK-2686,STARLINK-36596,4.7329,4.739,5.732,477.8,1.162,30.4,0
3435,STARLINK-31174,STARLINK-31322,4.1085,9.509,5.006,484.5,1.1619,30.4,0
3436,ONEWEB-0403,ONEWEB-0548,9.8196,9.933,11.638,1192.1,1.1615,30.4,0
3437,STARLINK-34429,STARLINK-36916,5.1117,5.475,6.167,469.4,1.161,30.4,0
3438,STARLINK-30478,STARLINK-31918,7.0537,8.811,8.418,489.9,1.1605,30.4,0
3439,STARLINK-30966,STARLINK-36987,6.746,6.938,8.059,489.9,1.1602,30.4,0
3440,STARLINK-3234,STARLINK-36722,6.6221,6.932,7.915,481.8,1.1602,30.4,0
3441,STARLINK-34561,STARLINK-35500,6.5522,7.332,7.834,473.3,1.1602,30.4,0
3442,STARLINK-4126,STARLINK-36930,7.466,7.728,8.891,465.5,1.1598,30.4,0
3443,STARLINK-30529,STARLINK-32376,5.6932,6.119,6.832,475.6,1.1593,30.4,0
3444,STARLINK-3326,STARLINK-35614,9.5801,9.921,11.335,467.0,1.159,30.4,0
3445,STARLINK-5118,STARLINK-30359,9.5962,9.827,11.342,491.3,1.1578,30.4,0
3446,STARLINK-31649,STARLINK-37378,6.9795,8.279,8.312,476.9,1.1577,30.4,0
3447,STARLINK-32886,STARLINK-37131,6.326,9.455,7.546,466.7,1.1563,30.3,0
3448,STARLINK-5834,STARLINK-35887,5.1596,8.989,6.195,485.1,1.1559,30.3,0
3449,STARLINK-4783,PRSC-E03,9.1605,9.175,10.818,551.9,1.1557,30.3,0
3450,STARLINK-3304,STARLINK-34534,3.2325,7.469,3.966,473.7,1.1554,30.3,0
3451,STARLINK-31786,STARLINK-36921,8.6433,9.169,10.211,484.1,1.1547,30.3,0
3452,STARLINK-30271,STARLINK-35402,3.334,6.202,4.079,485.1,1.1542,30.3,0
3453,STARLINK-4432,STARLINK-30416,4.9403,5.347,5.931,479.3,1.1538,30.3,0
3454,STARLINK-30572,STARLINK-36808,8.6843,9.944,10.248,484.0,1.1535,30.3,0
3455,STARLINK-2757,STARLINK-30273,4.9497,9.294,5.939,481.0,1.1533,30.3,0
3456,STARLINK-2603,STARLINK-35401,8.0787,8.183,9.541,478.7,1.1525,30.3,0
3457,STARLINK-35293,STARLINK-37737,8.1521,8.179,9.623,471.2,1.1522,30.3,0
3458,STARLINK-2107,STARLINK-37011,9.9719,9.972,11.717,482.0,1.1519,30.3,0
3459,STARLINK-2465,STARLINK-2755,3.1169,7.301,3.82,469.8,1.1517,30.3,0
3460,STARLINK-5400,STARLINK-30567,6.4084,6.563,7.608,486.1,1.1513,30.2,0
3461,STARLINK-35566,STARLINK-37724,8.4696,9.213,9.98,483.8,1.1511,30.2,0
3462,STARLINK-31968,STARLINK-32851,8.3705,8.496,9.864,489.2,1.1509,30.2,0
3463,STARLINK-34151,STARLINK-37306,4.7799,4.891,5.73,476.9,1.1506,30.2,0
3464,HORS 1,STARLINK-30922,7.4192,7.65,8.766,492.6,1.1505,30.2,0
3465,STARLINK-32361,STARLINK-35820,8.1346,8.436,9.588,487.3,1.1504,30.2,0
3466,STARLINK-32632,KUIPER-00534,7.0489,7.275,8.336,468.4,1.15,30.2,0
3467,TOMORROW-S3,STARLINK-36031,6.117,6.826,7.264,483.2,1.1499,30.2,0
3468,STARLINK-31753,STARLINK-35060,9.0622,9.22,10.647,483.8,1.1495,30.2,0
3469,STARLINK-34174,STARLINK-36567,5.0465,8.315,6.03,475.0,1.1493,30.2,0
3470,STARLINK-4272,STARLINK-4742,8.5912,9.626,10.097,486.4,1.1485,30.2,0
3471,STARLINK-31020,FLOCK 4G-2,9.6404,9.772,11.3,479.1,1.1483,30.2,0
3472,STARLINK-30445,STARLINK-35591,6.657,6.828,7.873,492.5,1.1482,30.2,0
3473,FLOCK 4G-8,STARLINK-32943,7.1516,7.253,8.441,489.1,1.1482,30.2,0
3474,STARLINK-2088,STARLINK-31417,7.358,8.813,8.676,473.7,1.1479,30.2,0
3475,FLOCK 4G-3,STARLINK-33969,8.072,8.566,9.492,480.9,1.1475,30.2,0
3476,STARLINK-30325,STARLINK-34068,4.203,4.547,5.047,484.6,1.1463,30.2,0
3477,STARLINK-30138,STARLINK-35992,6.6665,9.21,7.87,492.4,1.1461,30.2,0
3478,SAUDISAT 5B,STARLINK-36670,9.7336,9.737,11.385,481.3,1.1461,30.2,0
3479,STARLINK-4499,STARLINK-36273,5.8446,7.123,6.927,468.9,1.146,30.2,0
3480,TYVAK-0130,STARLINK-32085,9.3409,9.343,10.93,490.1,1.1456,30.1,0
3481,STARLINK-31289,STARLINK-36423,6.657,7.1,7.854,492.0,1.1454,30.1,0
3482,STARLINK-35473,STARLINK-36746,6.4097,6.556,7.565,476.9,1.1445,30.1,0
3483,STARLINK-30589,STARLINK-36582,7.2334,7.458,8.504,472.4,1.144,30.1,0
3484,STARLINK-30501,STARLINK-33947,6.1124,6.383,7.22,485.3,1.1438,30.1,0
3485,STARLINK-32102,STARLINK-34640,7.968,9.936,9.342,489.8,1.1437,30.1,0
3486,STARLINK-4589,TIANPING-3A 02,9.6305,9.859,11.239,469.4,1.1433,30.1,0
3487,STARLINK-2603,STARLINK-34310,4.5391,5.462,5.418,485.4,1.1433,30.1,0
3488,STARLINK-4729,2023-104A,7.3355,7.338,8.612,462.7,1.1429,30.1,0
3489,STARLINK-4619,STARLINK-30969,8.2329,8.274,9.635,482.4,1.1425,30.1,0
3490,STARLINK-30477,STARLINK-36214,8.3951,8.673,9.819,487.5,1.1424,30.1,0
3491,STARLINK-4487,STARLINK-34561,5.8633,8.043,6.924,486.2,1.142,30.1,0
3492,STARLINK-3145,STARLINK-34987,6.5114,6.526,7.664,477.1,1.1419,30.1,0
3493,STARLINK-31200,STARLINK-34224,4.2178,4.678,5.043,484.4,1.1415,30.1,0
3494,STARLINK-37168,STARLINK-37468,2.3642,2.948,2.927,480.6,1.1415,30.1,0
3495,SHIYAN-21 (SY-21),STARLINK-32809,8.1562,9.685,9.536,491.4,1.1412,30.1,0
3496,STARLINK-6160,STARLINK-33639,4.2386,4.433,5.065,484.7,1.1411,30.1,0
3497,STARLINK-35239,STARLINK-36695,6.2939,8.096,7.411,467.1,1.1412,30.1,0
3498,HULIANWANG DIGUI-108,HULIANWANG DIGUI-157,6.7027,8.895,7.876,1150.9,1.141,30.1,0
3499,STARLINK-4166,STARLINK-37262,6.3931,7.295,7.523,461.3,1.141,30.1,0
3500,STARLINK-35635,STARLINK-37116,5.8647,9.827,6.919,467.8,1.1409,30.1,0
3501,STARLINK-5382,STARLINK-31953,0.9007,2.042,1.255,484.2,1.1402,30.1,0
3502,KKS-1 (KISEKI),KUIPER-00135,7.298,7.359,8.549,627.0,1.1402,30.0,0
3503,STARLINK-2497,STARLINK-36691,5.722,8.95,6.748,480.5,1.1395,30.0,0
3504,STARLINK-6351,STARLINK-34037,4.2488,9.125,5.065,491.7,1.1385,30.0,0
3505,STARLINK-5605,LEMUR-2-THEFALCONER,5.1091,6.562,6.043,576.0,1.1382,30.0,0
3506,STARLINK-6374,STARLINK-36183,4.2514,9.032,5.066,492.2,1.1381,30.0,0
3507,STARLINK-30758,STARLINK-36448,6.6909,6.696,7.841,492.2,1.1379,30.0,0
3508,STARLINK-31596,STARLINK-32500,6.7293,8.431,7.882,492.2,1.1375,30.0,0
3509,STARLINK-3892,STARLINK-30987,9.6141,9.714,11.161,489.0,1.1372,30.0,0
3510,STARLINK-34635,STARLINK-37819,6.5942,7.4,7.724,466.9,1.1369,30.0,0
3511,STARLINK-4480,ICEYE-X60,9.6945,9.73,11.243,548.6,1.1363,30.0,0
3512,STARLINK-4705,STARLINK-35035,3.5178,3.736,4.224,473.8,1.1362,30.0,0
3513,STARLINK-3907,STARLINK-31884,9.7598,9.79,11.314,494.1,1.136,30.0,0
3514,STARLINK-5850,STARLINK-35720,5.2522,8.56,6.192,485.1,1.1357,30.0,0
3515,STARLINK-35652,STARLINK-36802,7.0812,7.513,8.268,465.2,1.1355,30.0,0
3516,STARLINK-4259,STARLINK-35758,8.3294,9.842,9.684,468.3,1.1354,30.0,0
3517,STARLINK-5239,STARLINK-36733,6.0927,6.149,7.143,476.8,1.1351,30.0,0
3518,STARLINK-34749,STARLINK-37102,8.1862,8.196,9.516,464.2,1.1347,29.9,0
3519,STARLINK-3643,STARLINK-37010,6.7197,7.723,7.848,461.5,1.1342,29.9,0
3520,STARLINK-4564,STARLINK-32092,9.6322,9.662,11.152,489.5,1.1342,29.9,0
3521,TRANSPORTER-10 OBJECT AD,STARLINK-37081,9.6464,9.85,11.166,479.3,1.134,29.9,0
3522,STARLINK-3692,STARLINK-34539,8.723,8.727,10.115,468.3,1.1336,29.9,0
3523,STARLINK-30068,STARLINK-34469,9.2907,9.293,10.752,483.7,1.1329,29.9,0
3524,STARLINK-32390,STARLINK-35522,4.2455,4.491,5.036,492.3,1.1328,29.9,0
3525,STARLINK-2591,STARLINK-37660,4.8979,8.177,5.773,475.9,1.1324,29.9,0
3526,STARLINK-5850,STARLINK-36223,4.2446,4.543,5.032,492.7,1.1322,29.9,0
3527,STARLINK-3576,STARLINK-3702,7.3222,7.342,8.515,473.6,1.132,29.9,0
3528,STARLINK-34760,STARLINK-35601,8.4254,8.611,9.75,476.1,1.1304,29.9,0
3529,STARLINK-5969,STARLINK-35893,5.25,5.972,6.159,492.4,1.1301,29.9,0
3530,STARLINK-32748,STARLINK-35904,5.1735,5.345,6.072,489.4,1.13,29.9,0
3531,STARLINK-3852,STARLINK-31425,9.2919,9.302,10.725,488.4,1.1299,29.9,0
3532,STARLINK-32137,STARLINK-36797,5.3539,5.391,6.275,469.3,1.1298,29.9,0
3533,STARLINK-3978,STARLINK-37148,4.9012,5.649,5.763,478.0,1.1297,29.9,0
3534,STARLINK-36685,STARLINK-37592,5.4531,6.391,6.383,476.2,1.1291,29.8,0
3535,STARLINK-1556,STARLINK-31845,8.2139,9.765,9.5,479.0,1.1291,29.8,0
3536,STARLINK-2506,STARLINK-34908,8.5784,8.609,9.901,467.9,1.1279,29.8,0
3537,STARLINK-4526,STARLINK-36825,6.3316,6.382,7.364,473.7,1.1274,29.8,0
3538,STARLINK-31961,STARLINK-32462,0.9604,3.303,1.308,492.2,1.1272,29.8,0
3539,2023-072F,STARLINK-31550,7.838,8.084,9.06,488.7,1.1271,29.8,0
3540,STARLINK-2499,STARLINK-36168,6.0768,6.403,7.074,471.4,1.127,29.8,0
3541,STARLINK-30222,STARLINK-32592,1.0181,1.426,1.373,492.5,1.1272,29.8,0
3542,STARLINK-2241,STARLINK-37024,5.9075,8.773,6.882,481.1,1.1268,29.8,0
3543,STARLINK-34433,STARLINK-37718,8.5733,9.407,9.885,476.1,1.1267,29.8,0
3544,STARLINK-30225,STARLINK-32614,4.3342,9.122,5.109,492.3,1.1268,29.8,0
3545,STARLINK-35466,STARLINK-36374,4.294,4.798,5.063,492.2,1.1266,29.8,0
3546,STARLINK-2594,STARLINK-31710,7.4851,7.617,8.649,479.2,1.1254,29.8,0
3547,STARLINK-32140,STARLINK-36770,5.458,9.802,6.367,472.8,1.1253,29.8,0
3548,STARLINK-4205,STARLINK-32591,8.3348,8.349,9.604,468.0,1.1253,29.8,0
3549,STARLINK-34635,STARLINK-35187,5.314,5.746,6.204,474.9,1.1251,29.8,0
3550,STARLINK-30298,STARLINK-37713,5.9937,8.564,6.968,477.8,1.125,29.8,0
3551,IRIDE FM6,SUPERVIEW NEO-2 05,7.17,9.298,8.29,502.1,1.1248,29.8,0
3552,STARLINK-5181,STARLINK-34165,9.5702,9.665,10.984,484.2,1.1242,29.7,0
3553,STARLINK-3751,STARLINK-34619,5.5724,8.775,6.487,472.7,1.1238,29.7,0
3554,STARLINK-4166,MISR-C-2,9.525,9.537,10.925,463.9,1.1234,29.7,0
3555,STARLINK-30518,STARLINK-36808,4.9653,8.811,5.802,471.5,1.1233,29.7,0
3556,STARLINK-35067,STARLINK-36764,6.3111,6.449,7.312,476.6,1.123,29.7,0
3557,STARLINK-37312,STARLINK-37536,5.7442,5.847,6.674,468.2,1.1228,29.7,0
3558,STARLINK-3572,STARLINK-32832,9.1563,9.617,10.504,478.2,1.1227,29.7,0
3559,STARLINK-3857,STARLINK-36788,9.4224,9.499,10.8,463.2,1.1224,29.7,0
3560,STARLINK-34965,STARLINK-34752,6.1459,6.185,7.122,476.9,1.1223,29.7,0
3561,STARLINK-30353,STARLINK-30829,4.6783,7.258,5.469,485.5,1.1211,29.7,0
3562,STARLINK-6245,STARLINK-32740,4.3062,5.577,5.049,492.2,1.1205,29.7,0
3563,STARLINK-32866,STARLINK-36874,6.0548,7.533,7.005,467.6,1.1199,29.7,0
3564,KSM1-D,STARLINK-33881,8.4783,9.059,9.712,492.0,1.1191,29.7,0
3565,STARLINK-2563,STARLINK-33629,8.8984,9.295,10.18,468.5,1.1189,29.7,0
3566,STARLINK-31307,STARLINK-36485,0.9611,9.666,1.299,492.1,1.1188,29.6,0
3567,STARLINK-32155,STARLINK-36906,6.8943,9.973,7.935,481.4,1.1185,29.6,0
3568,STARLINK-5241,STARLINK-36107,9.1378,9.382,10.444,491.6,1.1185,29.6,0
3569,STARLINK-2583,STARLINK-37034,7.3125,7.444,8.4,479.5,1.1181,29.6,0
3570,STARLINK-2516,STARLINK-36579,6.1017,7.771,7.037,471.4,1.1167,29.6,0
3571,T1DES 1 (DRAGOON 1),STARLINK-35437,8.4302,8.466,9.632,486.1,1.1161,29.6,0
3572,STARLINK-5442,STARLINK-37316,6.2458,7.481,7.193,480.8,1.1159,29.6,0
3573,STARLINK-3594,STARLINK-37195,5.0979,5.818,5.912,471.2,1.1159,29.6,0
3574,STARLINK-2525,STARLINK-3902,9.4021,9.906,10.715,487.1,1.1159,29.6,0
3575,STARLINK-34272,STARLINK-36379,8.642,8.971,9.864,464.9,1.1156,29.6,0
3576,STARLINK-32431,STARLINK-35125,5.7862,6.017,6.678,476.6,1.1156,29.6,0
3577,STARLINK-4283,STARLINK-34687,9.1826,9.307,10.463,478.3,1.1151,29.6,0
3578,STARLINK-31321,STARLINK-37437,5.9434,6.773,6.851,475.2,1.1152,29.6,0
3579,STARLINK-3111,STARLINK-35208,3.8892,9.077,4.56,476.7,1.1151,29.6,0
3580,STARLINK-33601,STARLINK-37374,5.9009,5.93,6.802,461.2,1.1149,29.6,0
3581,STARLINK-4263,STARLINK-5399,5.6296,9.36,6.499,475.3,1.1148,29.6,0
3582,STARLINK-2356,STARLINK-34900,8.864,8.922,10.102,484.8,1.1145,29.6,0
3583,STARLINK-3193,STARLINK-3278,3.5054,8.172,4.129,476.8,1.1143,29.6,0
3584,STARLINK-3569,STARLINK-33575,3.2135,9.312,3.802,473.7,1.1138,29.6,0
3585,STARLINK-31019,STARLINK-37576,7.0633,9.086,8.09,466.1,1.1138,29.6,0
3586,STARLINK-4158,STARLINK-32305,3.7296,7.244,4.376,460.8,1.1136,29.6,0
3587,STARLINK-2280,STARLINK-30861,8.4874,8.692,9.674,479.7,1.1136,29.6,0
3588,STARLINK-4021,STARLINK-31345,9.6485,9.684,10.962,473.1,1.1131,29.5,0
3589,STARLINK-30773,STARLINK-36038,8.2544,8.488,9.408,481.7,1.1128,29.5,0
3590,STARLINK-31729,STARLINK-36744,0.9874,2.905,1.321,484.1,1.1125,29.5,0
3591,STARLINK-36748,STARLINK-36332,7.7799,7.987,8.872,465.1,1.1118,29.5,0
3592,STARLINK-31890,STARLINK-36380,5.9406,9.716,6.824,481.7,1.1113,29.5,0
3593,TROLL,STARLINK-36993,6.7047,7.735,7.673,489.0,1.1113,29.5,0
3594,STARLINK-2131,STARLINK-11413 [DTC],8.0154,8.05,9.129,360.5,1.1112,29.5,0
3595,STARLINK-6223,STARLINK-31965,1.0351,6.117,1.372,492.4,1.1108,29.5,0
3596,STARLINK-32412,STARLINK-34890,9.2582,9.432,10.508,469.0,1.111,29.5,0
3597,STARLINK-2055,STARLINK-36876,7.0868,9.584,8.09,478.3,1.1102,29.5,0
3598,STARLINK-32296,STARLINK-34762,9.0536,9.264,10.272,478.8,1.1101,29.5,0
3599,STARLINK-3589,STARLINK-31007,6.564,6.566,7.508,473.6,1.11,29.5,0
3600,STARLINK-5806,STARLINK-32890,6.6943,8.91,7.65,492.0,1.1096,29.5,0
3601,STARLINK-35462,STARLINK-36872,8.3843,8.827,9.524,489.5,1.1095,29.5,0
3602,STARLINK-1570,STARLINK-36699,8.8433,9.499,10.014,468.9,1.1073,29.4,0
3603,STARLINK-31662,STARLINK-35470,6.7285,6.74,7.671,485.4,1.1072,29.4,0
3604,STARLINK-30825,STARLINK-37150,9.1015,9.299,10.295,465.3,1.1068,29.4,0
3605,STARLINK-5448,STARLINK-37202,5.6511,5.775,6.474,476.3,1.1065,29.4,0
3606,STARLINK-6259,STARLINK-35542,5.5881,8.867,6.404,489.7,1.1064,29.4,0
3607,STARLINK-34260,STARLINK-34581,9.8659,9.866,11.135,484.4,1.1062,29.4,0
3608,STARLINK-31639,STARLINK-35151,9.4759,9.759,10.703,469.0,1.1062,29.4,0
3609,STARLINK-5117,STARLINK-31255,5.35,8.151,6.139,464.0,1.1061,29.4,0
3610,STARLINK-4599,STARLINK-5237,9.3879,9.416,10.602,478.4,1.1058,29.4,0
3611,STARLINK-32293,STARLINK-32879,7.5961,7.599,8.616,478.8,1.1052,29.4,0
3612,STARLINK-4171,STARLINK-36272,4.9897,6.291,5.735,472.7,1.1051,29.4,0
3613,STARLINK-5710,LIZZIESAT-2 (LS-2),8.9952,9.788,10.157,484.1,1.1046,29.4,0
3614,STARLINK-30590,STARLINK-35836,6.6878,6.835,7.608,492.1,1.1046,29.4,0
3615,STARLINK-35904,STARLINK-36846,7.2693,7.553,8.245,483.9,1.1039,29.4,0
3616,STARLINK-11395 [DTC],STARLINK-11640 [DTC],7.6092,9.008,8.617,367.1,1.1034,29.4,0
3617,STARLING 3,NEONSAT-1A,9.2106,9.291,10.382,530.9,1.1032,29.4,0
3618,STARLINK-30842,STARLINK-35064,6.6573,9.649,7.565,475.2,1.1032,29.4,0
3619,STARLINK-30341,2024-092B,8.0413,8.158,9.087,490.7,1.1026,29.3,0
3620,STARLINK-32423,STARLINK-35550,9.9978,9.998,11.243,470.0,1.1025,29.3,0
3621,STARLINK-3226,STARLINK-36890,9.9201,9.924,11.136,469.6,1.1004,29.3,0
3622,STARLINK-33920,STARLINK-36716,6.8233,6.823,7.729,480.8,1.1005,29.3,0
3623,STARLINK-31773,STARLINK-35366,6.1993,7.579,7.039,490.4,1.1,29.3,0
3624,STARLINK-3607,STARLINK-37409,5.0415,9.875,5.765,475.6,1.0999,29.3,0
3625,STARLINK-5671,STARLINK-35710,5.5358,5.587,6.306,489.9,1.0994,29.3,0
3626,WT 1B,STARLINK-5771,8.69,8.692,9.771,494.3,1.0991,29.3,0
3627,R2,STARLINK-30805,3.4355,3.81,3.992,491.7,1.0981,29.3,0
3628,STARLINK-3885,STARLINK-5830,7.6887,9.583,8.659,488.3,1.0976,29.3,0
3629,STARLINK-5344,STARLINK-34186,6.962,6.98,7.858,492.4,1.0972,29.2,0
3630,STARLINK-35860,STARLINK-37042,5.9702,6.044,6.768,476.7,1.0969,29.2,0
3631,STARLINK-31328,STARLINK-32403,5.4032,9.833,6.145,490.2,1.0967,29.2,0
3632,STARLINK-32136,STARLINK-35359,7.5735,7.71,8.521,481.4,1.0962,29.2,0
3633,STARLINK-4809,STARLINK-32634,9.8942,9.974,11.052,477.8,1.0949,29.2,0
3634,STARLINK-1560,STARLINK-34881,6.9267,6.927,7.802,483.1,1.0948,29.2,0
3635,STARLINK-1807,STARLINK-4672,2.9603,7.355,3.459,460.6,1.0945,29.2,0
3636,STARLINK-31305,STARLINK-36910,6.7637,9.041,7.62,485.4,1.0942,29.2,0
3637,STARLINK-32245,STARLINK-35501,8.6809,9.082,9.71,487.2,1.0934,29.2,0
3638,STARLINK-32144,STARLINK-37209,9.0076,9.495,10.065,478.3,1.0931,29.2,0
3639,STARLINK-1572,STARLINK-36675,8.9104,9.485,9.957,483.6,1.0929,29.2,0
3640,STARLINK-31924,STARLINK-33672,6.7977,6.814,7.647,492.4,1.0928,29.2,0
3641,STARLINK-35849,STARLINK-37788,7.1822,7.337,8.064,476.9,1.0924,29.2,0
3642,STARLINK-2586,STARLINK-37100,7.8401,9.489,8.782,469.2,1.0923,29.2,0
3643,STARLINK-6175,STARLINK-33757,6.7053,9.017,7.542,489.8,1.0922,29.2,0
3644,ICEYE-X4,STARLINK-35365,7.573,7.721,8.489,466.2,1.0921,29.1,0
3645,TIANPING 2B,LEMUR-2-MYRA,2.796,5.79,3.272,581.7,1.0921,29.1,0
3646,STARLINK-32105,2025-180A,6.2236,7.282,7.014,493.4,1.0919,29.1,0
3647,STARLINK-6347,STARLINK-33630,0.9946,6.736,1.304,493.2,1.0916,29.1,0
3648,STARLINK-4715,STARLINK-37315,9.3337,9.733,10.406,463.5,1.0915,29.1,0
3649,STARLINK-5405,STARLINK-32238,8.4835,8.643,9.473,481.9,1.0909,29.1,0
3650,STARLINK-5775,STARLINK-35910,6.9984,7.374,7.848,492.5,1.0902,29.1,0
3651,STARLINK-31973,STARLINK-35743,0.9868,2.458,1.294,492.2,1.0903,29.1,0
3652,STARLINK-3544,STARLINK-37344,5.2511,7.126,5.942,475.2,1.0901,29.1,0
3653,2024-174E,STARLINK-36651,7.237,7.45,8.107,484.1,1.0901,29.1,0
3654,STARLINK-3140,STARLINK-37483,8.5989,8.61,9.591,463.4,1.09,29.1,0
3655,STARLINK-32765,STARLINK-35197,9.1224,9.548,10.158,482.6,1.0896,29.1,0
3656,SALSAT,STARLINK-4567,9.3358,9.795,10.384,469.9,1.0889,29.1,0
3657,STARLINK-6212,STARLINK-32468,6.8019,6.901,7.623,485.7,1.0887,29.1,0
3658,STARLINK-31889,STARLINK-35197,8.5133,8.596,9.486,489.6,1.0887,29.1,0
3659,STARLINK-35435,KUIPER-00615,7.9086,7.927,8.826,482.3,1.0885,29.1,0
3660,STARLINK-6287,STARLINK-31490,8.4384,8.957,9.403,489.6,1.0885,29.1,0
3661,STARLINK-32539,STARLINK-34071,8.9579,9.35,9.967,488.6,1.0883,29.1,0
3662,STARLINK-6244,STARLINK-32624,4.3924,4.755,4.998,484.7,1.0883,29.1,0
3663,STARLINK-31905,STARLINK-34271,4.4338,5.652,5.043,484.6,1.0883,29.1,0
3664,STARLINK-5088,STARLINK-32437,9.5268,9.837,10.58,494.2,1.0877,29.1,0
3665,STARLINK-6372,STARLINK-35734,9.0273,9.948,10.031,482.3,1.0871,29.1,0
3666,STARLINK-33809,STARLINK-35980,9.409,9.712,10.44,482.9,1.0865,29.0,0
3667,SCS-01 D,STARLINK-36608,5.7984,8.99,6.516,484.2,1.0863,29.0,0
3668,STARLINK-33746,STARLINK-36882,5.7939,6.299,6.51,468.5,1.0861,29.0,0
3669,STARLINK-2673,STARLINK-4521,2.8701,9.482,3.334,482.4,1.086,29.0,0
3670,STARLINK-11099 [DTC],STARLINK-11588 [DTC],9.7664,9.778,10.823,362.0,1.0859,29.0,0
3671,STARLINK-30500,STARLINK-31492,9.6089,9.609,10.651,488.8,1.0859,29.0,0
3672,STARLINK-30320,STARLINK-37943,5.094,6.954,5.748,473.8,1.0858,29.0,0
3673,STARLINK-34864,STARLINK-37441,6.3463,6.944,7.107,471.4,1.0857,29.0,0
3674,STARLINK-2517,STARLINK-36808,5.0851,9.437,5.737,476.6,1.0855,29.0,0
3675,STARLINK-3324,STARLINK-31888,9.0308,9.201,10.02,483.7,1.0855,29.0,0
3676,STARLINK-3181,NUSAT-47,9.0111,9.084,9.997,506.6,1.0853,29.0,0
3677,STARLINK-2565,STARLINK-37012,8.8456,9.181,9.813,468.7,1.0848,29.0,0
3678,STARLINK-30239,STARLINK-32922,6.8224,7.77,7.617,485.8,1.0847,29.0,0
3679,STARLINK-32650,STARLINK-37884,5.5718,7.255,6.259,473.3,1.0844,29.0,0
3680,STARLINK-5250,STARLINK-36744,8.2923,8.325,9.209,488.5,1.0844,29.0,0
3681,STARLINK-31101,STARLINK-35582,4.4677,9.828,5.061,492.5,1.0843,29.0,0
3682,STARLINK-30108,STARLINK-33842,8.9623,9.697,9.93,488.1,1.0838,29.0,0
3683,STARLINK-32192,STARLINK-37166,0.2274,5.674,0.463,461.7,1.0833,29.0,0
3684,STARLINK-6310,STARLINK-35981,8.8904,9.005,9.847,487.8,1.0832,29.0,0
3685,STARLINK-33749,STARLINK-34692,9.2076,9.284,10.184,478.6,1.0825,29.0,0
3686,STARLINK-3320,STARLINK-37818,5.2692,8.369,5.92,479.6,1.0824,29.0,0
3687,STARLINK-3556,STARLINK-37425,5.2175,6.6,5.862,471.2,1.082,29.0,0
3688,STARLINK-35117,STARLINK-36520,8.6635,8.839,9.589,481.4,1.0819,29.0,0
3689,STARLINK-33890,STARLINK-37790,5.7763,8.289,6.462,479.7,1.0813,28.9,0
3690,STARLINK-32267,STARLINK-36287,6.9925,7.005,7.777,472.9,1.0813,28.9,0
3691,STARLINK-32636,STARLINK-37465,7.5962,7.659,8.426,472.1,1.0808,28.9,0
3692,STARLINK-4383,STARLINK-35071,5.7497,6.009,6.43,470.8,1.0807,28.9,0
3693,STARLINK-34869,KUIPER-00543,3.1819,6.608,3.655,474.0,1.0808,28.9,0
3694,STARLINK-35402,STARLINK-36201,6.4817,7.044,7.22,488.9,1.0806,28.9,0
3695,STARLINK-30858,STARLINK-33832,1.0225,8.279,1.32,484.0,1.0798,28.9,0
3696,STARLINK-35210,STARLINK-36133,9.3974,9.412,10.358,489.0,1.0793,28.9,0
3697,YAOGAN-14,STARLINK-31303,8.4711,8.786,9.356,493.0,1.079,28.9,0
3698,KUIPER-00038,KUIPER-00430,3.7856,8.57,4.298,630.8,1.0784,28.9,0
3699,STARLINK-3632,STARLINK-37420,4.7433,4.883,5.329,476.6,1.078,28.9,0
3700,STARLINK-32376,STARLINK-37296,9.2487,9.638,10.186,464.1,1.078,28.9,0
3701,STARLINK-31872,STARLINK-33880,4.4998,8.163,5.066,484.6,1.0779,28.9,0
3702,STARLINK-2706,STARLINK-34392,8.7377,9.715,9.633,467.8,1.0778,28.9,0
3703,STARLINK-31852,STARLINK-36450,4.5488,9.603,5.118,492.6,1.0777,28.9,0
3704,STARLINK-1039,STARLINK-35112,5.1384,5.146,5.753,475.8,1.0777,28.9,0
3705,STARLINK-3619,STARLINK-35489,6.4556,8.165,7.151,474.9,1.0744,28.8,0
3706,STARLINK-1443,STARLINK-36169,6.1514,6.227,6.821,458.9,1.0739,28.8,0
3707,STARLINK-36304,STARLINK-37432,5.2775,5.509,5.881,471.1,1.0737,28.8,0
3708,STARLINK-2591,STARLINK-34078,9.8052,9.84,10.741,486.1,1.0735,28.8,0
3709,STARLINK-5544,ICEYE-X39,5.7614,8.785,6.399,583.1,1.0734,28.8,0
3710,STARLINK-5351,STARLINK-35782,7.1164,7.259,7.85,492.0,1.0729,28.8,0
3711,STARLINK-5126,STARLINK-35847,7.1063,8.35,7.835,488.9,1.0724,28.8,0
3712,STARLINK-32426,STARLINK-36547,6.6596,8.089,7.351,490.0,1.0716,28.8,0
3713,STARLINK-31200,STARLINK-32745,6.9173,7.09,7.623,492.2,1.0711,28.7,0
3714,STARLINK-35519,STARLINK-36995,5.2407,6.708,5.827,474.6,1.071,28.7,0
3715,HXMT (HUIYAN),STARLINK-36551,5.6222,7.451,6.235,487.5,1.0709,28.7,0
3716,STARLINK-3781,STARLINK-35679,7.7171,7.73,8.474,467.3,1.0703,28.7,0
3717,STARLINK-30432,STARLINK-36918,6.9451,7.831,7.636,485.9,1.0687,28.7,0
3718,STARLINK-31032,STARLINK-33579,8.4809,8.966,9.269,467.6,1.0677,28.7,0
3719,STARLINK-2469,STARLINK-32503,6.9426,9.397,7.624,489.8,1.0674,28.7,0
3720,STARLINK-30425,STARLINK-30887,6.7267,6.948,7.391,475.1,1.067,28.7,0
3721,STARLINK-34471,STARLINK-36131,6.2779,6.352,6.91,490.0,1.0667,28.7,0
3722,HAWK-2C,STARLINK-4023,5.2749,9.324,5.84,474.0,1.0667,28.7,0
3723,STARLINK-30355,STARLINK-32615,4.5595,4.653,5.076,492.3,1.0665,28.7,0
3724,STARLINK-32424,STARLINK-36572,6.1041,8.454,6.72,476.5,1.066,28.7,0
3725,STARLINK-32840,STARLINK-37664,6.5137,6.816,7.155,476.6,1.0657,28.6,0
3726,STARLINK-32194,STARLINK-36645,6.1026,8.649,6.715,468.3,1.0654,28.6,0
3727,STARLINK-32667,KUIPER-00569,6.4323,7.362,7.066,494.0,1.0654,28.6,0
3728,STARLINK-6270,STARLINK-31919,7.0037,8.682,7.669,485.8,1.0646,28.6,0
3729,STARLINK-35398,STARLINK-37755,8.7163,8.904,9.491,464.6,1.0645,28.6,0
3730,STARLINK-5450,STARLINK-37360,7.9832,8.509,8.708,477.3,1.0641,28.6,0
3731,STARLINK-5013,STARLINK-31860,4.5826,7.041,5.083,492.8,1.0628,28.6,0
3732,STARLINK-5086,STARLINK-30573,7.0063,7.386,7.659,486.4,1.0628,28.6,0
3733,STARLINK-4673,STARLINK-37881,9.483,9.608,10.291,463.4,1.0628,28.6,0
3734,STARLINK-3857,STARLINK-36328,9.326,9.332,10.122,462.7,1.0626,28.6,0
3735,STARLINK-4369,STARLINK-34534,5.7588,9.198,6.331,470.5,1.0625,28.6,0
3736,STARLINK-34123,STARLINK-36834,0.9863,2.51,1.26,484.6,1.0621,28.6,0
3737,HULIANWANG DIGUI-122,HULIANWANG DIGUI-134,7.2323,8.046,7.895,1160.4,1.0623,28.6,0
3738,STARLINK-31014,STARLINK-32425,8.4788,9.636,9.219,478.8,1.0622,28.6,0
3739,STARLINK-30086,STARLINK-34183,7.216,7.219,7.876,485.5,1.062,28.6,0
3740,STARLINK-5651,FLOCK 4G-5,9.5039,9.688,10.305,489.1,1.0619,28.6,0
3741,STARLINK-34873,STARLINK-36693,5.2072,5.517,5.739,472.5,1.0614,28.6,0
3742,STARLINK-6279,STARLINK-32623,1.9964,6.824,2.331,492.8,1.0613,28.6,0
3743,STARLINK-34731,STARLINK-37151,2.2415,2.359,2.59,461.8,1.0608,28.6,0
3744,STARLINK-3131,STARLINK-31604,8.2043,8.902,8.915,478.9,1.0608,28.6,0
3745,STARLINK-34739,KUIPER-00452,8.3199,8.337,9.037,551.8,1.0607,28.6,0
3746,STARLINK-35260,STARLINK-36986,7.7827,7.799,8.465,477.2,1.0604,28.5,0
3747,STARLINK-5485,STARLINK-33760,1.0564,7.032,1.332,492.8,1.0602,28.5,0
3748,STARLINK-37149,STARLINK-37469,6.1508,6.178,6.731,476.2,1.0599,28.5,0
3749,STARLINK-3201,STARLINK-35004,6.8818,7.063,7.502,473.6,1.0593,28.5,0
3750,VSP RF C1,STARLINK-36131,7.3425,7.427,7.987,483.7,1.0589,28.5,0
3751,STARLINK-36567,STARLINK-36856,5.4362,7.532,5.968,464.0,1.0589,28.5,0
3752,STARLINK-33576,STARLINK-37363,6.2188,9.614,6.793,474.2,1.0583,28.5,0
3753,STARLINK-30432,STARLINK-35468,8.1569,8.236,8.842,489.6,1.058,28.5,0
3754,STARLINK-6224,STARLINK-32960,7.0088,8.274,7.625,485.5,1.0577,28.5,0
3755,STARLINK-2748,STARLINK-37100,7.3306,9.194,7.965,477.9,1.0577,28.5,0
3756,STARLINK-32009,STARLINK-32050,7.0695,7.071,7.683,475.3,1.0569,28.5,0
3757,STARLINK-36836,STARLINK-37025,5.6396,5.664,6.168,475.7,1.0562,28.5,0
3758,STARLINK-31523,STARLINK-36327,7.693,7.905,8.335,466.3,1.056,28.5,0
3759,STARLINK-4179,STARLINK-32811,5.1929,7.795,5.694,473.3,1.0558,28.5,0
3760,STARLINK-33900,UMBRA-11,7.5288,7.647,8.157,493.9,1.0554,28.5,0
3761,STARLINK-4800,STARLINK-37140,5.7424,7.045,6.27,473.0,1.0551,28.4,0
3762,STARLINK-31196,STARLINK-35870,7.2475,7.531,7.855,491.9,1.0547,28.4,0
3763,STARLINK-31520,STARLINK-34119,9.232,9.687,9.947,489.6,1.0546,28.4,0
3764,STARLINK-2440,STARLINK-36122,8.9233,9.758,9.621,479.0,1.0546,28.4,0
3765,STARLINK-3235,JAY-D1,5.9769,6.978,6.513,500.1,1.0544,28.4,0
3766,STARLINK-35632,STARLINK-36726,5.4849,9.978,5.994,489.9,1.0544,28.4,0
3767,STARLINK-5170,STARLINK-35541,7.3265,9.662,7.935,472.5,1.0543,28.4,0
3768,STARLINK-36079,STARLINK-36801,8.405,9.545,9.071,465.0,1.0542,28.4,0
3769,STARLINK-32947,STARLINK-35697,7.0454,9.755,7.632,493.1,1.0534,28.4,0
3770,STARLINK-2381,STARLINK-32539,7.4196,7.632,8.026,485.4,1.0533,28.4,0
3771,STARLINK-30571,STARLINK-31052,9.1275,9.684,9.82,488.5,1.0528,28.4,0
3772,STARLINK-3157,STARLINK-30915,2.9851,5.881,3.352,463.3,1.0524,28.4,0
3773,SVYATOBOR 1 (RS60S),STARLINK-36461,7.3435,7.97,7.938,494.8,1.0523,28.4,0
3774,STARLINK-3141,STARLINK-31851,8.5515,8.879,9.209,494.4,1.0523,28.4,0
3775,STARLINK-34892,STARLINK-37390,5.5824,9.963,6.079,473.8,1.0513,28.4,0
3776,STARLINK-5796,HORACIO,5.7129,8.659,6.215,580.9,1.0511,28.4,0
3777,STARLINK-3318,STARLINK-33787,4.3746,4.39,4.808,474.0,1.051,28.4,0
3778,STARLINK-35188,STARLINK-36779,5.739,5.742,6.238,469.5,1.0503,28.4,0
3779,STARLINK-33816,STARLINK-34870,6.7792,7.09,7.33,489.5,1.0503,28.4,0
3780,KUIPER-00095,DOJO,8.4348,8.523,9.065,632.7,1.0498,28.3,0
3781,STARLINK-3980,STARLINK-37343,4.8207,7.996,5.269,464.6,1.0495,28.3,0
3782,STARLINK-31580,STARLINK-32390,7.3827,7.833,7.957,490.2,1.0494,28.3,0
3783,STARLINK-6163,STARLINK-35463,1.0928,4.325,1.356,492.7,1.0489,28.3,0
3784,STARLINK-31325,STARLINK-31898,1.1,8.784,1.364,483.7,1.0492,28.3,0
3785,STARLINK-5657,STARLINK-32805,9.3729,9.994,10.029,488.3,1.0476,28.3,0
3786,STARLINK-34520,STARLINK-36870,6.0751,8.939,6.572,468.5,1.0473,28.3,0
3787,STARLINK-32108,STARLINK-36769,6.569,6.812,7.086,489.9,1.0468,28.3,0
3788,STARLINK-35694,STARLINK-37423,7.2325,7.246,7.775,466.5,1.0461,28.3,0
3789,STARLINK-6185,STARLINK-31098,6.0124,8.733,6.498,489.9,1.046,28.3,0
3790,STARLINK-3075,STARLINK-37364,8.1035,8.865,8.682,466.3,1.0456,28.3,0
3791,STARLINK-36274,STARLINK-37157,5.2828,5.387,5.732,473.0,1.0455,28.3,0
3792,STARLINK-37065,STARLINK-37843,5.2868,6.968,5.735,468.5,1.0452,28.3,0
3793,STARLINK-30125,STARLINK-31435,4.5084,9.892,4.921,489.6,1.0452,28.3,0
3794,STARLINK-2557,STARLINK-34894,8.8824,9.697,9.489,467.8,1.0448,28.2,0
3795,STARLINK-34877,STARLINK-35821,6.8704,8.251,7.385,474.6,1.0445,28.2,0
3796,STARLINK-34212,HUNITY,9.1854,9.537,9.803,482.6,1.0445,28.2,0
3797,STARLINK-35115,STARLINK-35295,7.7592,9.856,8.312,472.2,1.0443,28.2,0
3798,STARLINK-30858,STARLINK-33832,1.0644,3.974,1.32,484.0,1.044,28.2,0
3799,STARLINK-35237,STARLINK-36070,8.54,8.589,9.124,481.3,1.0439,28.2,0
3800,STARLINK-3253,STARLINK-35038,5.6565,5.696,6.11,473.6,1.0433,28.2,0
3801,STARLINK-31257,STARLINK-32642,3.2159,8.504,3.562,492.3,1.0428,28.2,0
3802,STARLINK-35114,STARLINK-37503,6.6951,9.868,7.189,462.9,1.0426,28.2,0
3803,STARLINK-3947,HAWK-11C,4.727,7.28,5.136,471.4,1.0424,28.2,0
3804,STARLINK-31001,STARLINK-32093,3.4967,5.991,3.853,484.9,1.0423,28.2,0
3805,STARLINK-6108,STARLINK-35738,7.171,7.392,7.682,486.2,1.0422,28.2,0
3806,2022-023F,STARLINK-30793,6.8186,9.594,7.314,481.4,1.0421,28.2,0
3807,STARLINK-31913,STARLINK-33869,1.0272,1.505,1.279,492.5,1.0422,28.2,0
3808,STARLINK-2461,STARLINK-37819,5.765,6.806,6.213,479.6,1.0416,28.2,0
3809,STARLINK-31045,STARLINK-32643,6.2146,6.217,6.68,472.8,1.0414,28.2,0
3810,STARLINK-2164,STARLINK-37701,5.4404,5.897,5.872,475.2,1.0411,28.2,0
3811,STARLINK-35539,STARLINK-35529,9.8265,9.974,10.437,484.0,1.0409,28.2,0
3812,STARLINK-2754,STARLINK-34873,8.3194,8.43,8.862,467.4,1.0402,28.2,0
3813,STARLINK-6327,STARLINK-36432,1.0292,4.193,1.278,492.3,1.0397,28.1,0
3814,YAOGAN-35 01C,STARLINK-36198,8.1139,9.174,8.644,491.6,1.0397,28.1,0
3815,STARLINK-31123,STARLINK-36275,1.9033,5.702,2.187,475.6,1.0398,28.1,0
3816,STARLINK-5278,STARLINK-34280,4.4306,4.458,4.813,474.9,1.0394,28.1,0
3817,STARLINK-3680,STARLINK-36782,7.1367,7.164,7.625,470.5,1.0393,28.1,0
3818,STARLINK-32504,STARLINK-35085,5.9349,6.394,6.372,473.3,1.0386,28.1,0
3819,STARLINK-32279,STARLINK-36153,6.3345,7.529,6.782,475.2,1.0379,28.1,0
3820,STARLINK-2533,STARLINK-35940,6.2063,9.463,6.645,472.9,1.0373,28.1,0
3821,STARLINK-2461,STARLINK-37819,5.7873,8.259,6.21,473.9,1.0372,28.1,0
3822,STARLINK-30463,STARLINK-32945,4.652,7.766,5.031,492.5,1.0369,28.1,0
3823,STARLINK-35396,GUOWANG TEST OBJECT D,4.9015,5.062,5.288,460.4,1.0366,28.1,0
3824,STARLINK-30274,STARLINK-35351,5.4861,5.57,5.892,475.1,1.0362,28.1,0
3825,STARLINK-4286,STARLINK-36833,5.3676,6.082,5.766,473.4,1.0356,28.1,0
3826,STARLINK-2741,STARLINK-3611,7.2469,8.782,7.71,467.3,1.0353,28.1,0
3827,STARLINK-4596,STARLINK-37212,9.4943,9.644,10.034,478.6,1.035,28.1,0
3828,STARLINK-34898,STARLINK-36377,6.2167,6.222,6.635,476.3,1.034,28.0,0
3829,STARLINK-3355,STARLINK-34453,8.2235,8.224,8.709,479.0,1.0339,28.0,0
3830,STARLINK-30307,STARLINK-34133,7.2202,9.572,7.668,492.2,1.0334,28.0,0
3831,STARLINK-6209,STARLINK-32961,5.7206,6.154,6.117,485.6,1.0332,28.0,0
3832,STARLINK-32003,STARLINK-37352,1.8251,9.212,2.092,461.5,1.033,28.0,0
3833,STARLINK-5468,STARLINK-30068,4.8185,8.119,5.18,491.5,1.0322,28.0,0
3834,STARLINK-2433,STARLINK-31604,7.8251,7.91,8.283,479.0,1.0321,28.0,0
3835,STARLINK-6170,STARLINK-33739,4.7064,6.032,5.063,484.3,1.0319,28.0,0
3836,STARLINK-3287,STARLINK-30754,6.9198,6.977,7.346,483.4,1.0318,28.0,0
3837,STARLINK-31400,STARLINK-33831,7.202,8.322,7.633,485.5,1.0312,28.0,0
3838,STARLINK-5756,QMR-KWT-2 (RS95S),6.8866,8.244,7.305,490.8,1.0308,28.0,0
3839,STARLINK-5481,STARLINK-34010,4.7203,9.236,5.071,484.9,1.0306,28.0,0
3840,STARLINK-4739,STARLINK-35566,4.4761,5.06,4.819,485.5,1.0306,28.0,0
3841,STARLINK-3160,STARLINK-34553,9.7448,9.909,10.236,475.9,1.0293,27.9,0
3842,STARLINK-5061,STARLINK-35438,7.6489,7.836,8.076,492.1,1.0289,27.9,0
3843,STARLINK-31472,STARLINK-35877,9.4457,9.87,9.923,487.6,1.0287,27.9,0
3844,STARLINK-30916,STARLINK-34926,6.1768,7.499,6.554,476.8,1.0278,27.9,0
3845,STARLINK-31437,STARLINK-36314,8.3838,8.472,8.815,477.7,1.0269,27.9,0
3846,STARLINK-2417,STARLINK-35318,9.1835,9.755,9.635,478.9,1.0268,27.9,0
3847,STARLINK-34623,STARLINK-37361,8.2624,8.612,8.686,465.0,1.0264,27.9,0
3848,STARLINK-2659,STARLINK-35904,4.8048,4.826,5.135,485.5,1.026,27.9,0
3849,STARLINK-30341,2024-092B,8.7631,8.958,9.195,490.8,1.0259,27.9,0
3850,STARLINK-3607,STARLINK-37203,8.732,9.809,9.159,479.0,1.0254,27.9,0
3851,STARLINK-35210,STARLINK-36670,9.0708,9.179,9.503,481.4,1.025,27.9,0
3852,AGGIESAT6 (AGS6),STARLINK-37444,7.1505,9.495,7.53,464.8,1.0244,27.9,0
3853,STARLINK-3287,TRANSPORTER-14 OBJECT D,5.416,9.403,5.753,489.9,1.0244,27.8,0
3854,STARLINK-31148,STARLINK-33838,5.7323,8.697,6.071,490.8,1.0234,27.8,0
3855,STARLINK-37242,STARLINK-37489,6.7494,9.706,7.102,477.9,1.022,27.8,0
3856,STARLINK-32395,STARLINK-34471,8.2297,8.305,8.612,487.6,1.0216,27.8,0
3857,STARLINK-1308,STARLINK-31530,9.3998,9.748,9.8,356.6,1.0209,27.8,0
3858,STARLINK-35509,STARLINK-37455,8.7577,9.561,9.14,483.7,1.0204,27.8,0
3859,STARLINK-34455,STARLINK-37735,6.8492,6.944,7.19,462.9,1.02,27.8,0
3860,STARLINK-34208,STARLINK-35176,5.811,7.856,6.131,469.9,1.02,27.8,0
3861,STARLINK-34366,STARLINK-37743,8.9415,9.925,9.323,477.2,1.0199,27.8,0
3862,STARLINK-33929,STARLINK-35702,8.913,8.935,9.293,481.4,1.0198,27.8,0
3863,STARLINK-31028,STARLINK-34157,7.5188,7.542,7.868,485.6,1.0193,27.8,0
3864,STARLINK-30790,STARLINK-35905,7.6964,8.403,8.043,494.2,1.0186,27.7,0
3865,STARLINK-5694,STARLINK-34002,7.5098,7.927,7.852,492.0,1.0184,27.7,0
3866,STARLINK-32902,STARLINK-35832,2.0688,6.037,2.31,483.8,1.0182,27.7,0
3867,STARLINK-4177,STARLINK-36572,8.8039,8.879,9.152,463.9,1.0164,27.7,0
3868,STARLINK-4405,STARLINK-34610,9.8693,9.999,10.227,460.2,1.0157,27.7,0
3869,STARLINK-35783,STARLINK-36905,7.0316,7.568,7.342,475.1,1.0153,27.7,0
3870,STARLINK-5775,STARLINK-32950,4.7661,6.158,5.039,492.6,1.0147,27.7,0
3871,STARLINK-30566,STARLINK-35676,9.9051,9.93,10.251,488.2,1.0144,27.7,0
3872,STARLINK-31900,STARLINK-35870,1.153,3.869,1.372,492.5,1.014,27.7,0
3873,STARLINK-32621,STARLINK-37833,5.4869,9.341,5.767,472.3,1.0141,27.6,0
3874,STARLINK-4369,STARLINK-34534,6.0585,8.311,6.346,464.1,1.014,27.6,0
3875,STARLINK-31298,STARLINK-33556,7.5596,8.905,7.868,492.0,1.014,27.6,0
3876,STARLINK-32427,STARLINK-33642,4.4721,4.671,4.737,492.3,1.0139,27.6,0
3877,STARLINK-33574,STARLINK-36303,5.6245,6.724,5.904,475.7,1.0136,27.6,0
3878,STARLINK-33774,STARLINK-34959,6.2075,6.27,6.493,472.7,1.0133,27.6,0
3879,STARLINK-5278,STARLINK-32883,6.9317,7.024,7.226,474.9,1.0132,27.6,0
3880,STARLINK-37170,STARLINK-37889,8.7871,9.157,9.103,478.0,1.0129,27.6,0
3881,STARLINK-5731,STARLINK-32934,1.0647,8.371,1.281,492.0,1.0129,27.6,0
3882,STARLINK-31529,STARLINK-32416,2.7214,5.513,2.956,476.6,1.0118,27.6,0
3883,STARLINK-32423,STARLINK-35380,4.8351,8.733,5.094,485.4,1.0117,27.6,0
3884,STARLINK-33785,STARLINK-36404,7.4045,7.685,7.689,481.0,1.0111,27.6,0
3885,STARLINK-31121,STARLINK-35515,7.3526,7.498,7.636,485.8,1.011,27.6,0
3886,STARLINK-33740,STARLINK-36746,9.6268,9.716,9.926,476.9,1.0101,27.6,0
3887,STARLINK-34569,STARLINK-37446,6.2822,9.07,6.547,468.0,1.01,27.6,0
3888,STARLINK-6162,STARLINK-35701,7.3554,9.755,7.63,485.6,1.0099,27.6,0
3889,STARLINK-34267,STARLINK-37410,6.006,6.995,6.268,475.7,1.01,27.6,0
3890,STARLINK-34092,STARLINK-34254,7.6266,7.713,7.902,491.8,1.0096,27.6,0
3891,STARLINK-32807,STARLINK-33919,6.998,7.043,7.266,490.0,1.0094,27.6,0
3892,STARLINK-31290,STARLINK-32414,5.7439,8.031,6.0,490.0,1.0094,27.6,0
3893,STARLINK-2735,STARLINK-32144,6.0997,8.131,6.357,485.3,1.0091,27.5,0
3894,STARLINK-4024,STARLINK-32252,7.6315,7.651,7.897,479.2,1.0084,27.5,0
3895,STARLINK-5802,STARLINK-32871,7.4081,7.966,7.667,485.7,1.0077,27.5,0
3896,DONGPO 08,STARLINK-34866,7.2729,7.281,7.527,480.6,1.0072,27.5,0
3897,STARLINK-3634,STARLINK-33588,4.5966,4.612,4.831,462.0,1.0072,27.5,0
3898,STARLINK-32466,STARLINK-35438,2.1053,9.088,2.321,492.7,1.0068,27.5,0
3899,ICEYE-X7,STARLINK-35395,5.944,6.366,6.186,479.9,1.0068,27.5,0
3900,STARLINK-5021,STARLINK-33864,6.4643,6.746,6.707,481.1,1.0064,27.5,0
3901,STARLINK-31348,STARLINK-32941,4.8709,8.423,5.103,492.8,1.0063,27.5,0
3902,STARLINK-31052,STARLINK-33861,9.4387,9.952,9.7,487.0,1.0064,27.5,0
3903,STARLINK-32248,STARLINK-35558,7.3063,9.433,7.553,473.3,1.0062,27.5,0
3904,STARLINK-32223,STARLINK-37638,7.3779,9.889,7.623,481.3,1.006,27.5,0
3905,STARLINK-31104,STARLINK-11500 [DTC],8.2796,9.169,8.529,363.8,1.0058,27.5,0
3906,HULIANWANG DIGUI-138,HULIANWANG DIGUI-146,7.654,8.337,7.895,1151.5,1.0052,27.5,0
3907,STARLINK-2750,STARLINK-32700,9.4879,9.845,9.736,478.9,1.005,27.5,0
3908,STARLINK-32350,STARLINK-35550,8.9685,9.263,9.214,478.7,1.005,27.5,0
3909,STARLINK-30298,STARLINK-36958,6.7041,6.892,6.935,476.3,1.0045,27.5,0
3910,STARLINK-5585,STARLINK-35689,7.6551,7.673,7.89,492.0,1.0044,27.5,0
3911,STARLINK-32718,STARLINK-32936,7.4006,8.371,7.632,492.2,1.0041,27.5,0
3912,STARLINK-36293,STARLINK-37483,7.0829,8.264,7.31,476.8,1.0037,27.4,0
3913,STARLINK-30594,STARLINK-36329,7.5124,7.514,7.735,476.5,1.0029,27.4,0
3914,STARLINK-4398,STARLINK-35665,9.1225,9.123,9.35,472.6,1.0029,27.4,0
3915,STARLINK-30764,STARLINK-36729,9.4953,9.993,9.723,482.1,1.0029,27.4,0
3916,STARLINK-3884,STARLINK-31584,5.9545,6.292,6.168,487.1,1.0022,27.4,0
3917,STARLINK-30412,STARLINK-32673,6.8713,6.882,7.085,490.0,1.0019,27.4,0
3918,STARLINK-34571,STARLINK-34721,4.9932,5.029,5.197,476.1,1.0007,27.4,0
3919,NUSAT-48 (HENRIETTA LE*),STARLINK-33650,6.9124,8.237,7.117,490.0,1.0006,27.4,0
3920,STARLINK-5831,STARLINK-34686,7.3641,9.396,7.56,489.6,0.9995,27.4,0
3921,STARLINK-5432,STARLINK-32789,7.6709,8.519,7.866,492.1,0.9994,27.4,0
3922,COSMOS 2604,STARLINK-36931,8.8321,8.939,9.025,491.2,0.9992,27.4,0
3923,STARLINK-33912,STARLINK-37615,5.9652,9.528,6.16,472.9,0.9992,27.4,0
3924,STARLINK-32141,STARLINK-33678,8.2119,9.215,8.403,467.1,0.9989,27.3,0
3925,STARLINK-32778,STARLINK-34351,7.7216,8.02,7.912,485.8,0.9988,27.3,0
3926,STARLINK-3250,STARLINK-34998,8.6446,8.657,8.834,485.1,0.9988,27.3,0
3927,STARLINK-35661,STARLINK-36634,5.5747,6.831,5.766,472.1,0.9985,27.3,0
3928,STARLINK-31845,STARLINK-37104,5.6127,7.505,5.8,471.8,0.9978,27.3,0
3929,STARLINK-4584,STARLINK-37466,8.6334,8.776,8.814,477.9,0.9978,27.3,0
3930,STARLINK-31035,STARLINK-32136,8.7547,8.757,8.931,467.4,0.9974,27.3,0
3931,STARLINK-36376,STARLINK-36748,5.7911,6.922,5.964,480.4,0.9955,27.3,0
3932,STARLINK-2159,COSMOS 2600,8.0612,8.422,8.222,326.9,0.9953,27.3,0
3933,SHIYAN-1 (SY-1),STARLINK-36365,6.0626,6.989,6.232,463.4,0.9951,27.3,0
3934,STARLINK-30165,STARLINK-35689,1.146,6.27,1.338,484.2,0.9941,27.3,0
3935,STARLINK-3132,STARLINK-30611,8.2854,8.321,8.426,479.1,0.993,27.2,0
3936,STARLINK-3918,STARLINK-35880,7.7416,7.742,7.886,488.7,0.993,27.2,0
3937,STARLINK-3458,STARLINK-37143,2.1144,4.592,2.298,459.9,0.9929,27.2,0
3938,STARLINK-5843,STARLINK-36139,6.0408,8.532,6.196,484.2,0.9928,27.2,0
3939,2023-072F,STARLINK-32593,8.2131,8.969,8.351,488.4,0.9926,27.2,0
3940,STARLINK-3640,STARLINK-36739,9.8617,9.869,9.98,468.9,0.9919,27.2,0
3941,STARLINK-31463,LEMUR-2-AFFIE-WAUWIE,8.0114,9.225,8.144,483.0,0.9918,27.2,0
3942,STARLINK-31978,STARLINK-36858,6.2732,6.791,6.42,480.1,0.9918,27.2,0
3943,STARLINK-6332,STARLINK-32295,7.4801,9.603,7.615,492.1,0.9915,27.2,0
3944,STARLINK-11140 [DTC],STARLINK-11447 [DTC],8.9508,9.145,9.066,359.9,0.9907,27.2,0
3945,STARLINK-33534,STARLINK-34638,9.3065,9.554,9.418,478.3,0.9907,27.2,0
3946,STARLINK-30602,STARLINK-35653,8.7317,8.984,8.832,489.5,0.9888,27.1,0
3947,STARLINK-3277,STARLINK-35125,7.5878,7.981,7.696,480.8,0.9882,27.1,0
3948,STARLINK-31640,STARLINK-32165,8.1935,8.333,8.294,481.1,0.9881,27.1,0
3949,STARLINK-31291,STARLINK-36898,7.7823,8.009,7.883,492.0,0.9876,27.1,0
3950,STARLINK-30805,STARLINK-31345,8.764,9.465,8.851,481.4,0.9874,27.1,0
3951,STARLINK-31293,STARLINK-34289,8.4832,8.49,8.571,478.9,0.9871,27.1,0
3952,STARLINK-2257,STARLINK-33763,9.8379,9.84,9.908,468.0,0.9871,27.1,0
3953,STARLINK-32128,STARLINK-36290,7.2427,9.269,7.345,463.8,0.9869,27.1,0
3954,QIANFAN-172,QIANFAN-200,9.5006,9.554,9.569,1035.4,0.9864,27.1,0
3955,STARLINK-36588,STARLINK-37003,7.9355,8.211,8.018,477.3,0.9856,27.1,0
3956,STARLINK-31498,STARLINK-33927,7.5512,7.617,7.638,485.8,0.9854,27.1,0
3957,STARLINK-3793,STARLINK-36645,9.6194,9.971,9.673,463.5,0.9851,27.1,0
3958,ICESAT-2,STARLINK-6175,8.6216,9.69,8.689,485.9,0.985,27.1,0
3959,STARLINK-31363,STARLINK-32592,4.9244,6.329,5.044,484.6,0.9843,27.1,0
3960,STARLINK-3155,STARLINK-34605,6.17,9.747,6.27,474.0,0.9843,27.1,0
3961,STARLINK-6290,STARLINK-36186,4.948,5.234,5.064,492.4,0.9837,27.0,0
3962,STARLINK-31029,STARLINK-37730,8.1716,9.254,8.234,483.7,0.9836,27.0,0
3963,STARLINK-4011,STARLINK-32019,1.4245,9.352,1.598,462.5,0.9837,27.0,0
3964,STARLINK-6075,KUIPER-00538,9.4177,9.921,9.455,496.4,0.9831,27.0,0
3965,STARLINK-3883,STARLINK-36623,6.7678,7.896,6.849,488.1,0.983,27.0,0
3966,STARLINK-2722,STARLINK-3372,9.3922,9.617,9.426,532.1,0.9827,27.0,0
3967,STARLINK-2515,STARLINK-36850,5.9533,7.501,6.047,474.3,0.9827,27.0,0
3968,STARLINK-31889,STARLINK-32601,7.6288,7.965,7.693,485.3,0.9827,27.0,0
3969,STARLINK-36160,STARLINK-37660,5.6924,6.046,5.783,471.5,0.9814,27.0,0
3970,STARLINK-33822,STARLINK-34650,5.7879,8.125,5.876,489.6,0.9813,27.0,0
3971,STARLINK-30111,YAOGAN-43 01H,8.3169,8.884,8.357,488.1,0.9812,27.0,0
3972,STARLINK-2647,STARLINK-35718,8.5567,8.565,8.588,473.5,0.9807,27.0,0
3973,STARLINK-1551,STARLINK-36893,5.9117,5.93,5.988,479.4,0.9798,27.0,0
3974,STARLINK-33872,STARLINK-37012,8.8226,9.575,8.84,477.6,0.9798,27.0,0
3975,FLOCK 4G-27,STARLINK-35143,6.1718,6.578,6.24,477.3,0.9793,27.0,0
3976,STARLINK-30208,STARLINK-32756,7.5541,8.681,7.588,492.3,0.9786,26.9,0
3977,STARLINK-2687,STARLINK-35509,5.5742,8.345,5.649,485.4,0.9783,26.9,0
3978,STARLINK-32176,STARLINK-33635,6.7148,7.335,6.765,489.9,0.9783,26.9,0
3979,STARLINK-30069,STARLINK-33847,6.1092,7.716,6.17,485.5,0.9779,26.9,0
3980,STARLINK-5879,STARLINK-36201,4.9697,5.666,5.053,484.7,0.9774,26.9,0
3981,STARLINK-3748,STARLINK-35139,8.4203,8.593,8.425,473.3,0.9773,26.9,0
3982,STARLINK-5796,HORACIO,6.0343,6.112,6.092,577.9,0.9772,26.9,0
3983,STARLINK-30239,STARLINK-32922,7.5895,7.943,7.61,492.0,0.977,26.9,0
3984,STARLINK-35552,KUIPER-00543,9.7702,9.999,9.738,472.3,0.9767,26.9,0
3985,STARLINK-32511,STARLINK-34136,7.3473,9.54,7.367,478.8,0.9761,26.9,0
3986,STARLINK-3192,STARLINK-36591,8.6804,8.686,8.667,464.2,0.976,26.9,0
3987,STARLINK-3560,STARLINK-31440,5.1616,5.162,5.229,472.3,0.9753,26.9,0
3988,STARLINK-31362,STARLINK-37078,4.6337,7.757,4.713,474.8,0.975,26.9,0
3989,STARLINK-30928,TRANSPORTER-12 OBJECT BA,7.3733,7.413,7.384,485.4,0.975,26.9,0
3990,STARLINK-30153,TRANSPORTER-14 OBJECT AE,8.0857,8.119,8.078,495.4,0.9749,26.9,0
3991,STARLINK-32608,STARLINK-33929,8.6443,8.683,8.621,481.4,0.9748,26.9,0
3992,STARLINK-30273,STARLINK-35521,4.2449,9.662,4.331,477.0,0.9744,26.9,0
3993,STARLINK-4399,STARLINK-37077,5.7245,8.094,5.772,472.2,0.9743,26.9,0
3994,STARLINK-4567,STARLINK-30829,1.9659,3.569,2.109,469.8,0.9737,26.9,0
3995,STARLINK-3742,STARLINK-34592,5.105,9.665,5.164,476.7,0.9734,26.8,0
3996,STARLINK-30276,STARLINK-34078,7.6782,7.797,7.666,486.3,0.9731,26.8,0
3997,STARLINK-31318,KUIPER-00646,8.4864,9.699,8.451,471.9,0.9729,26.8,0
3998,STARLINK-30794,HERMES-4,6.9607,6.961,6.966,486.8,0.9728,26.8,0
3999,HAWK-2A,STARLINK-37958,1.9229,9.682,2.065,480.4,0.9727,26.8,0
4000,STARLINK-33613,STARLINK-35210,7.8717,9.43,7.847,490.1,0.9722,26.8,0
4001,STARLINK-32822,STARLINK-33641,8.7398,9.702,8.686,478.9,0.9716,26.8,0
4002,STARLINK-1579,STARLINK-31099,8.3842,8.838,8.334,486.4,0.9709,26.8,0
4003,STARLINK-32568,STARLINK-35197,9.2906,9.367,9.21,489.5,0.9704,26.8,0
4004,STARLINK-6291,STARLINK-6118,5.0024,5.181,5.048,492.5,0.9703,26.8,0
4005,STARLINK-36943,STARLINK-36845,8.5906,9.004,8.528,464.9,0.9701,26.8,0
4006,STARLINK-30181,STARLINK-36124,7.655,7.968,7.617,485.5,0.9697,26.8,0
4007,STARLINK-3902,STARLINK-6113,5.0524,5.565,5.093,491.6,0.9697,26.8,0
4008,STARLINK-2574,STARLINK-31443,8.9735,8.992,8.893,478.7,0.9694,26.8,0
4009,STARLINK-5258,STARLINK-34009,7.6487,8.404,7.607,483.1,0.9692,26.8,0
4010,STARLINK-34297,STARLINK-36373,5.8006,5.929,5.814,471.3,0.9689,26.8,0
4011,STARLINK-32708,STARLINK-35588,1.1696,5.993,1.327,492.3,0.9689,26.7,0
4012,STARLINK-32140,STARLINK-36770,6.3627,9.533,6.356,485.3,0.9685,26.7,0
4013,STARLINK-32239,STARLINK-36947,6.4085,6.765,6.399,468.7,0.9683,26.7,0
4014,STARLINK-5468,STARLINK-34227,2.7784,8.326,2.884,489.3,0.9683,26.7,0
4015,STARLINK-5710,STARLINK-33867,5.0641,9.859,5.097,484.7,0.9683,26.7,0
4016,STARLINK-35421,STARLINK-37035,2.0114,2.075,2.141,475.3,0.9682,26.7,0
4017,STARLINK-3975,STARLINK-37274,8.7111,8.722,8.624,464.7,0.9678,26.7,0
4018,STARLINK-37183,STARLINK-37897,6.8697,7.321,6.837,461.3,0.9671,26.7,0
4019,STARLINK-3592,STARLINK-34819,7.2282,7.23,7.182,462.5,0.9669,26.7,0
4020,STARLINK-32088,2024-205B,8.0315,8.986,7.958,489.0,0.9668,26.7,0
4021,STARLINK-6090,STARLINK-34144,1.2133,3.369,1.366,484.0,0.9665,26.7,0
4022,STARLINK-3958,STARLINK-37839,6.5891,9.47,6.559,469.9,0.9661,26.7,0
4023,STARLINK-4719,STARLINK-33774,8.3561,8.486,8.259,486.5,0.9653,26.7,0
4024,STARLINK-32360,STARLINK-37189,8.6906,9.059,8.581,465.2,0.9652,26.7,0
4025,STARLINK-2692,STARLINK-35540,8.8736,8.892,8.749,479.0,0.9642,26.7,0
4026,STARLINK-36555,KUIPER-00538,3.8222,5.686,3.878,485.6,0.9641,26.7,0
4027,STARLINK-36785,STARLINK-36883,7.2919,9.365,7.222,476.3,0.964,26.7,0
4028,STARLINK-3179,STARLINK-30934,4.411,4.412,4.444,461.8,0.9638,26.6,0
4029,STARLINK-35060,STARLINK-36961,5.9939,7.577,5.967,481.6,0.9634,26.6,0
4030,STARLINK-32247,STARLINK-34236,2.642,8.517,2.736,461.4,0.9627,26.6,0
4031,STARLINK-4596,STARLINK-35610,9.9239,9.947,9.734,487.1,0.9615,26.6,0
4032,NANOSATC-BR1,STARLINK-35550,5.8918,9.136,5.857,472.4,0.9615,26.6,0
4033,STARLINK-4109,STARLINK-6146,6.8836,9.415,6.811,486.9,0.9615,26.6,0
4034,STARLINK-32183,STARLINK-37365,8.3395,8.341,8.208,474.5,0.9612,26.6,0
4035,STARLINK-11294 [DTC],STARLINK-11438 [DTC],7.015,9.615,6.934,359.2,0.9611,26.6,0
4036,STARLINK-4128,STARLINK-35181,6.0724,6.268,6.026,474.7,0.9607,26.6,0
4037,STARLINK-4563,STARLINK-30923,8.4311,8.962,8.292,458.5,0.9607,26.6,0
4038,YAOGAN-36 03A,STARLINK-34377,9.63,9.962,9.443,468.3,0.9606,26.6,0
4039,STARLINK-32491,STARLINK-32778,1.1773,6.491,1.321,492.4,0.9591,26.6,0
4040,STARLINK-4674,STARLINK-36780,6.0307,8.934,5.975,473.6,0.959,26.6,0
4041,STARLINK-6294,2024-205K,7.285,8.714,7.175,487.5,0.9586,26.5,0
4042,STARLINK-4574,STARLINK-37163,4.8038,4.985,4.796,476.4,0.9585,26.5,0
4043,STARLINK-32708,STARLINK-35588,1.1866,1.188,1.328,484.1,0.9577,26.5,0
4044,STARLINK-5947,STARLINK-31629,8.6073,8.874,8.432,489.9,0.9574,26.5,0
4045,STARLINK-32832,STARLINK-37054,8.0868,8.173,7.932,478.9,0.9572,26.5,0
4046,STARLINK-32394,STARLINK-32677,8.0286,9.815,7.875,492.5,0.957,26.5,0
4047,STARLINK-3856,STARLINK-33782,9.0188,9.477,8.821,485.3,0.9568,26.5,0
4048,STARLINK-2161,STARLINK-2666,7.8727,8.125,7.724,472.1,0.9568,26.5,0
4049,STARLINK-5061,STARLINK-32919,7.7533,7.758,7.609,492.1,0.9567,26.5,0
4050,STARLINK-2423,STARLINK-36238,9.9252,9.964,9.686,468.2,0.9566,26.5,0
4051,STARLINK-5372,STARLINK-34153,3.7928,8.856,3.818,484.3,0.9562,26.5,0
4052,STARLINK-32162,STARLINK-35761,6.4667,6.467,6.371,489.8,0.9556,26.5,0
4053,STARLINK-33585,STARLINK-36854,7.6989,7.708,7.545,480.9,0.9552,26.5,0
4054,OTTER PUP 2,FLOCK 4H-20,5.475,9.203,5.416,496.1,0.9544,26.5,0
4055,STARLINK-31351,STARLINK-36727,9.1055,9.226,8.878,467.4,0.9541,26.5,0
4056,STARLINK-3114,STARLINK-34962,8.4147,9.493,8.218,475.5,0.954,26.5,0
4057,STARLINK-4487,STARLINK-34208,8.2651,8.425,8.074,466.7,0.9538,26.4,0
4058,STARLINK-31248,STARLINK-37073,7.5088,9.318,7.351,476.3,0.9536,26.4,0
4059,STARLINK-30268,INNOCUBE (TUBSAT-31),7.2772,8.623,7.129,491.8,0.9534,26.4,0
4060,STARLINK-4048,STARLINK-31537,6.1344,6.134,6.039,491.6,0.9534,26.4,0
4061,STARLINK-32252,STARLINK-36740,5.9423,6.053,5.854,474.4,0.9531,26.4,0
4062,STARLINK-30235,STARLINK-32891,7.7938,7.931,7.616,485.7,0.9527,26.4,0
4063,STARLINK-34086,STARLINK-37542,6.2455,6.316,6.136,469.7,0.952,26.4,0
4064,STARLINK-2475,STARLINK-36391,8.5978,9.035,8.369,469.7,0.9513,26.4,0
4065,STARLINK-30338,STARLINK-34197,9.9754,9.994,9.678,489.3,0.9511,26.4,0
4066,STARLINK-32175,STARLINK-34928,8.3483,9.874,8.131,484.1,0.9512,26.4,0
4067,STARLINK-30168,FLOCK 4G-31,7.1443,8.12,6.983,488.3,0.9508,26.4,0
4068,STARLINK-30158,STARLINK-30784,9.1751,9.176,8.912,489.5,0.9506,26.4,0
4069,STARLINK-31460,STARLINK-35629,3.9856,3.989,3.978,476.5,0.9504,26.4,0
4070,STARLINK-34259,STARLINK-37837,6.8945,7.051,6.741,467.9,0.9502,26.4,0
4071,STARLINK-2406,STARLINK-36707,6.4749,8.672,6.341,480.1,0.95,26.4,0
4072,STARLINK-4641,GENMAT-1,7.5366,7.551,7.35,472.1,0.95,26.4,0
4073,STARLINK-3526,STARLINK-32128,6.8813,7.176,6.727,467.8,0.95,26.4,0
4074,STARLINK-30520,STARLINK-32807,1.1895,4.06,1.32,484.4,0.95,26.4,0
4075,STARLINK-5668,STARLINK-35992,3.5734,4.01,3.583,492.8,0.9495,26.4,0
4076,FLOCK 4G-7,STARLINK-36137,7.402,7.446,7.217,484.9,0.9494,26.4,0
4077,STARLINK-32675,STARLINK-35710,9.1836,9.977,8.903,481.5,0.9488,26.3,0
4078,STARLINK-3903,STARLINK-32715,6.7811,8.299,6.619,487.4,0.9481,26.3,0
4079,STARLINK-31257,STARLINK-32909,1.2385,1.28,1.363,492.6,0.9475,26.3,0
4080,STARLINK-33915,STARLINK-37779,7.2564,7.556,7.057,482.8,0.9464,26.3,0
4081,STARLINK-34156,STARLINK-35596,7.9364,7.939,7.701,466.6,0.9465,26.3,0
4082,STARS (KUKAI),STARLINK-5557,8.9798,9.162,8.688,576.6,0.9464,26.3,0
4083,STARLINK-6090,STARLINK-33706,8.1509,8.153,7.899,492.1,0.9459,26.3,0
4084,STARLINK-4116,JILIN GAOFEN OBJECT C,8.003,9.778,7.752,548.7,0.945,26.3,0
4085,STARLINK-2017,TEVEL2-8,7.2643,9.054,7.053,470.8,0.9449,26.3,0
4086,STARLINK-36738,STARLINK-37073,6.7948,9.654,6.608,468.9,0.9447,26.3,0
4087,STARLINK-5405,STARLINK-35179,8.5998,8.621,8.303,481.0,0.9435,26.2,0
4088,STARLINK-32189,STARLINK-37359,0.2905,4.381,0.463,475.5,0.9439,26.2,0
4089,STARLINK-34469,STARLINK-35504,8.7395,8.823,8.433,489.7,0.9433,26.2,0
4090,STARLINK-30166,STARLINK-32295,6.664,9.501,6.471,492.1,0.9427,26.2,0
4091,STARLINK-32191,STARLINK-35748,7.1223,7.37,6.901,463.2,0.9425,26.2,0
4092,STARLINK-31093,STARLINK-35166,4.2414,4.991,4.185,462.3,0.9423,26.2,0
4093,STARLINK-3647,STARLINK-30084,7.3387,7.671,7.103,495.6,0.9422,26.2,0
4094,STARLINK-3369,STARLINK-33676,3.6416,5.042,3.618,492.7,0.9418,26.2,0
4095,STARLINK-4174,STARLINK-34960,5.2391,6.355,5.121,473.8,0.9415,26.2,0
4096,STARLINK-32449,STARLINK-37256,9.0521,9.534,8.707,467.0,0.9411,26.2,0
4097,LMRST-SAT,GEMINI-POLLUX,6.1609,8.412,5.983,593.4,0.9406,26.2,0
4098,STARLINK-4115,STARLINK-32164,5.0543,8.918,4.938,473.9,0.9398,26.2,0
4099,STARLINK-30276,STARLINK-34078,7.9521,7.974,7.66,491.5,0.9396,26.2,0
4100,STARLINK-37467,GUOWANG TEST OBJECT C,7.087,7.234,6.846,475.2,0.9395,26.2,0
4101,STARLINK-33745,STARLINK-37219,8.1634,8.71,7.856,483.5,0.9393,26.2,0
4102,STARLINK-37114,STARLINK-37312,6.7373,8.318,6.515,476.2,0.9391,26.2,0
4103,STARLINK-3674,STARLINK-37514,7.0914,7.093,6.846,471.6,0.9389,26.1,0
4104,STARLINK-3560,STARLINK-34353,8.8944,9.72,8.538,479.0,0.9388,26.1,0
4105,BUFENG 1B,STARLINK-4521,6.7097,6.78,6.485,481.8,0.9385,26.1,0
4106,STARLINK-32816,STARLINK-36613,8.9241,8.924,8.563,477.4,0.9385,26.1,0
4107,STARLINK-35909,STARLINK-35847,6.6216,6.647,6.401,490.0,0.9383,26.1,0
4108,STARLINK-37460,STARLINK-37412,6.4171,8.359,6.208,476.1,0.9382,26.1,0
4109,2023-104C,STARLINK-36555,8.8464,8.921,8.474,488.0,0.9367,26.1,0
4110,STARLINK-2107,STARLINK-34900,4.5217,5.223,4.422,485.6,0.9365,26.1,0
4111,STARLINK-30813,STARLINK-35247,9.4,9.413,8.99,489.5,0.9365,26.1,0
4112,BALKAN-1,STARLINK-36091,8.1231,8.199,7.788,495.3,0.9357,26.1,0
4113,2025-180E,HYDROGNSS-1,7.2513,7.987,6.97,535.8,0.9354,26.1,0
4114,STARLINK-30940,STARLINK-34028,7.9744,8.847,7.643,485.5,0.935,26.1,0
4115,STARLINK-11325 [DTC],STARLINK-11530 [DTC],9.7436,9.962,9.294,368.7,0.9347,26.1,0
4116,STARLINK-35735,STARLINK-37400,7.612,7.678,7.301,476.3,0.9346,26.1,0
4117,2024-203B,STARLINK-37733,5.4835,6.203,5.303,466.7,0.9331,26.0,0
4118,STARLINK-5441,STARLINK-37398,8.5239,8.772,8.14,467.1,0.9331,26.0,0
4119,STARLINK-32364,STARLINK-35482,5.2021,6.62,5.035,492.3,0.932,26.0,0
4120,STARLINK-31873,STARLINK-36659,5.2192,5.493,5.05,492.5,0.9319,26.0,0
4121,STARLINK-32902,STARLINK-35832,2.2769,5.311,2.308,492.5,0.9318,26.0,0
4122,STARLINK-34104,STARLINK-37425,6.5858,6.744,6.318,475.8,0.9311,26.0,0
4123,KUZGTU 1 (RS47S),STARLINK-31400,9.3846,9.51,8.923,484.6,0.931,26.0,0
4124,STARLINK-3560,STARLINK-31440,5.4087,5.438,5.219,485.7,0.9305,26.0,0
4125,STARLINK-34659,STARLINK-35247,4.0052,4.606,3.911,485.7,0.93,26.0,0
4126,STARLINK-3880,LEMUR-2-LLOYD,6.0286,9.139,5.792,545.0,0.9299,26.0,0
4127,STARLINK-2698,STARLINK-35182,9.1491,9.803,8.692,478.8,0.9297,26.0,0
4128,STARLINK-5130,STARLINK-32210,8.4463,8.65,8.03,461.6,0.9287,25.9,0
4129,STARLINK-32347,STARLINK-36791,8.617,8.62,8.184,477.6,0.9282,25.9,0
4130,BLUEBON,STARLINK-37184,7.7905,8.238,7.415,467.3,0.928,25.9,0
4131,STARLINK-31993,STARLINK-32123,2.5567,4.976,2.558,476.5,0.9279,25.9,0
4132,STARLINK-31631,STARLINK-33941,1.2263,1.777,1.323,492.5,0.9276,25.9,0
4133,STARLINK-4600,STARLINK-30981,2.9153,4.841,2.889,485.0,0.9274,25.9,0
4134,STARLINK-4119,STARLINK-36580,9.2562,9.794,8.768,481.3,0.9272,25.9,0
4135,STARLINK-36828,STARLINK-37359,9.6749,9.678,9.152,467.1,0.9268,25.9,0
4136,STARLINK-6175,STARLINK-32524,6.7547,9.635,6.442,485.1,0.9263,25.9,0
4137,STARLINK-30973,STARLINK-33668,8.8704,9.714,8.394,480.9,0.9254,25.9,0
4138,STARLINK-4276,STARLINK-37570,8.9639,9.198,8.479,465.0,0.9253,25.9,0
4139,STARLINK-3354,STARLINK-35131,7.5454,8.835,7.164,475.8,0.9249,25.9,0
4140,STARLINK-32030,STARLINK-37934,7.8706,8.585,7.464,477.4,0.9248,25.9,0
4141,STARLINK-3930,STARLINK-34398,4.951,7.333,4.763,462.0,0.9247,25.9,0
4142,STARLINK-36782,STARLINK-37161,6.4097,9.121,6.111,475.8,0.9246,25.9,0
4143,STARLINK-3124,STARLINK-31378,7.4506,7.453,7.063,467.9,0.9232,25.8,0
4144,STARLINK-35332,STARLINK-37767,3.0051,4.076,2.959,476.0,0.9232,25.8,0
4145,STARLINK-31291,STARLINK-36898,8.3483,8.745,7.89,485.9,0.923,25.8,0
4146,STARLINK-37298,STARLINK-37889,7.1311,7.91,6.757,476.7,0.9217,25.8,0
4147,ONEWEB-0131,ONEWEB-0101,3.9262,9.13,3.796,1227.9,0.92,25.8,0
4148,STARLINK-32168,STARLINK-33720,4.3766,9.18,4.207,489.8,0.9192,25.7,0
4149,STARLINK-2346,STARLINK-35144,9.1563,9.302,8.598,469.5,0.919,25.7,0
4150,STARLINK-34860,STARLINK-34829,9.2531,9.325,8.685,478.7,0.9187,25.7,0
4151,STARLINK-4585,STARLINK-32420,6.3813,8.853,6.04,495.5,0.9178,25.7,0
4152,STARLINK-6327,STARLINK-34521,8.9221,9.957,8.366,489.0,0.9171,25.7,0
4153,STARLINK-31991,STARLINK-36110,7.2453,7.288,6.825,463.4,0.9167,25.7,0
4154,STARLINK-30822,STARLINK-32532,1.2112,9.409,1.294,492.5,0.917,25.7,0
4155,STARLINK-35823,STARLINK-37724,9.7827,9.791,9.15,477.5,0.9166,25.7,0
4156,STARLINK-31387,STARLINK-35118,6.5577,6.744,6.181,484.8,0.9147,25.6,0
4157,STARLINK-33576,STARLINK-36792,6.6731,9.053,6.285,476.4,0.9144,25.6,0
4158,STARLINK-6224,STARLINK-32208,8.6145,8.716,8.056,480.9,0.9139,25.6,0
4159,STARLINK-6224,STARLINK-32960,8.137,8.275,7.618,492.3,0.9138,25.6,0
4160,STARLINK-30098,STARLINK-5824,8.4132,8.864,7.863,492.4,0.9129,25.6,0
4161,STARLINK-5360,STARLINK-36140,8.1498,8.179,7.62,492.1,0.9126,25.6,0
4162,STARLINK-5762,STARLINK-32878,3.673,4.557,3.529,484.7,0.9112,25.6,0
4163,STARLINK-4036,STARLINK-36627,5.9732,6.001,5.619,490.1,0.9102,25.6,0
4164,STARLINK-36597,STARLINK-37461,7.534,7.546,7.039,476.2,0.9101,25.6,0
4165,STARLINK-5832,STARLINK-36150,6.6012,7.048,6.189,484.9,0.91,25.6,0
4166,STARLINK-30224,STARLINK-32778,2.7395,2.755,2.674,484.1,0.9097,25.5,0
4167,STARLINK-35879,STARLINK-36481,5.3598,8.846,5.053,492.4,0.9088,25.5,0
4168,STARLINK-31394,STARLINK-31737,8.4736,9.102,7.882,492.2,0.9087,25.5,0
4169,STARLINK-31275,STARLINK-31634,8.2117,8.79,7.644,485.8,0.9087,25.5,0
4170,STARLINK-30604,STARLINK-32626,5.411,5.425,5.098,485.1,0.9086,25.5,0
4171,STARLINK-37609,STARLINK-37665,7.0003,9.774,6.54,477.0,0.9083,25.5,0
4172,STARLINK-3191,STARLINK-31098,7.5819,7.594,7.064,476.4,0.9077,25.5,0
4173,YAOGAN-35 01A,STARLINK-6107,5.0943,7.681,4.805,484.4,0.9076,25.5,0
4174,STARLINK-37148,STARLINK-37392,6.9877,7.078,6.523,468.8,0.9075,25.5,0
4175,STARLINK-5334,STARLINK-35716,8.5169,8.701,7.9,492.0,0.9063,25.5,0
4176,STARLINK-31781,STARLINK-33899,6.6467,6.749,6.203,492.2,0.906,25.5,0
4177,STARLINK-2648,STARLINK-37488,9.121,9.121,8.444,483.2,0.9059,25.5,0
4178,STARLINK-5424,STARLINK-32869,8.8474,9.623,8.195,459.5,0.9058,25.5,0
4179,STARLINK-6090,STARLINK-34144,1.3073,3.317,1.364,492.6,0.9049,25.5,0
4180,STARLINK-6168,STARLINK-35428,6.0439,6.474,5.651,485.0,0.905,25.5,0
4181,JY1SAT (JO-97),STARLINK-37401,3.6677,3.68,3.5,480.0,0.9049,25.4,0
4182,STARLINK-5468,STARLINK-30809,6.5213,7.223,6.078,481.6,0.9043,25.4,0
4183,STARLINK-5435,STARLINK-36567,6.8013,7.27,6.331,472.7,0.9043,25.4,0
4184,ONEWEB-0233,ONEWEB-0249,4.0101,7.558,3.806,1197.7,0.904,25.4,0
4185,STARLINK-32161,STARLINK-37147,7.0198,8.614,6.526,468.8,0.9039,25.4,0
4186,STARLINK-37261,STARLINK-37431,6.1423,9.526,5.732,473.0,0.9038,25.4,0
4187,STARLINK-5776,STARLINK-35640,1.2656,7.861,1.323,492.8,0.9027,25.4,0
4188,STARLINK-3677,STARLINK-35128,9.5479,9.631,8.799,468.0,0.9027,25.4,0
4189,STARLINK-31591,STARLINK-34670,8.4076,8.763,7.765,466.9,0.9021,25.4,0
4190,STARLINK-4081,STARLINK-37519,6.2129,6.228,5.785,477.9,0.9021,25.4,0
4191,STARLINK-2563,STARLINK-3801,8.478,8.937,7.823,467.2,0.9015,25.4,0
4192,STARLINK-2615,STARLINK-32698,9.3193,9.789,8.58,479.0,0.9013,25.4,0
4193,BRITE-CA1 (TORONTO),KUIPER-00064,6.6664,7.325,6.188,637.3,0.9012,25.4,0
4194,STARLINK-2123,BANDWAGON-2 OBJECT D,4.3772,7.481,4.124,482.3,0.901,25.4,0
4195,STARLINK-31842,STARLINK-33827,1.2194,4.535,1.279,492.8,0.9011,25.4,0
4196,STARLINK-5086,KUIPER-00569,7.1631,7.209,6.626,492.4,0.8999,25.3,0
4197,STARLINK-35566,STARLINK-36741,7.6921,7.712,7.102,473.4,0.8999,25.3,0
4198,STARLINK-5960,STARLINK-34192,6.6281,7.626,6.135,484.9,0.8985,25.3,0
4199,STARLINK-4299,STARLINK-32699,6.1404,6.288,5.697,481.6,0.8985,25.3,0
4200,STARLINK-34715,STARLINK-35111,9.1466,9.152,8.394,478.7,0.8981,25.3,0
4201,STARLINK-36259,STARLINK-36479,5.4107,6.841,5.038,492.3,0.8979,25.3,0
4202,STARLINK-3245,2024-092B,6.7401,6.917,6.231,476.9,0.8978,25.3,0
4203,STARLINK-2609,STARLINK-35119,8.1552,8.468,7.5,479.2,0.8976,25.3,0
4204,STARLINK-3728,STARLINK-35490,3.0932,4.893,2.954,460.4,0.897,25.3,0
4205,ONEWEB-0128,ONEWEB-0333,4.0437,8.515,3.806,1209.9,0.8969,25.3,0
4206,STARLINK-35425,STARLINK-37043,0.2728,0.566,0.424,461.3,0.8968,25.3,0
4207,STARLINK-31633,STARLINK-36045,6.7005,7.085,6.18,484.6,0.8956,25.3,0
4208,STARLINK-5493,STARLINK-31716,5.0089,5.788,4.664,490.3,0.8954,25.2,0
4209,STARLINK-3502,STARLINK-34784,7.6347,7.745,7.012,483.5,0.895,25.2,0
4210,STARLINK-3637,STARLINK-4641,9.8299,9.83,8.977,462.2,0.895,25.2,0
4211,STARLINK-30133,STARLINK-36519,8.6185,8.97,7.89,492.2,0.8947,25.2,0
4212,STARLINK-2255,STARLINK-31472,9.4539,9.684,8.637,484.3,0.8947,25.2,0
4213,STARLINK-35602,STARLINK-37390,7.0091,7.051,6.449,476.4,0.8946,25.2,0
4214,STARLINK-32351,STARLINK-37617,8.2341,8.431,7.539,483.4,0.8939,25.2,0
4215,DONGPO 09,STARLINK-37132,7.9931,9.123,7.321,461.1,0.8936,25.2,0
4216,STARLINK-35492,STARLINK-36796,8.1701,8.348,7.467,476.9,0.8921,25.2,0
4217,STARLINK-32583,STARLINK-33948,7.9042,8.332,7.227,462.4,0.8918,25.2,0
4218,STARLINK-32044,STARLINK-37104,6.2871,6.332,5.784,472.2,0.8916,25.2,0
4219,STARLINK-4199,STARLINK-6212,6.7434,8.803,6.189,482.7,0.8914,25.2,0
4220,STARLINK-2386,STARLINK-6172,9.9458,9.946,9.033,488.5,0.8903,25.1,0
4221,STARLINK-2598,STARLINK-37025,8.6698,9.486,7.889,481.3,0.8894,25.1,0
4222,STARLINK-31402,STARLINK-32281,4.9932,7.368,4.618,464.8,0.8892,25.1,0
4223,STARLINK-34336,STARLINK-35530,8.0868,8.571,7.368,466.7,0.8891,25.1,0
4224,STARLINK-32032,STARLINK-35503,7.8875,9.728,7.189,462.5,0.8889,25.1,0
4225,STARLINK-2557,STARLINK-37182,9.6753,9.683,8.777,479.0,0.8888,25.1,0
4226,STARLINK-3712,STARLINK-35641,5.3504,5.429,4.933,476.6,0.8888,25.1,0
4227,STARLINK-6187,STARLINK-32151,6.0045,7.505,5.504,489.9,0.8871,25.1,0
4228,CONTINUUM-1,STARLINK-35826,6.4149,7.035,5.867,484.0,0.8869,25.1,0
4229,STARLINK-5215,STARLINK-32402,4.8168,5.943,4.447,468.1,0.8864,25.1,0
4230,STARLINK-33993,LEMUR-2-KRISH,8.2509,8.695,7.488,576.4,0.8861,25.1,0
4231,STARLINK-5173,STARLINK-5716,6.8245,6.835,6.223,480.9,0.8859,25.1,0
4232,STARLINK-31816,STARLINK-33744,7.0412,7.118,6.412,492.3,0.8855,25.0,0
4233,STARLINK-32147,STARLINK-36333,2.43,5.38,2.328,461.2,0.8852,25.0,0
4234,STARLINK-32423,STARLINK-35380,5.5663,9.313,5.103,472.5,0.885,25.0,0
4235,STARLINK-35510,STARLINK-37851,6.8024,6.947,6.195,469.4,0.8847,25.0,0
4236,STARLINK-2614,STARLINK-37285,6.338,8.936,5.784,476.2,0.8847,25.0,0
4237,STARLINK-30815,STARLINK-36958,8.4152,8.823,7.617,480.3,0.8841,25.0,0
4238,STARLINK-31702,STARLINK-33709,8.6765,8.717,7.846,491.9,0.8839,25.0,0
4239,STARLINK-5865,STARLINK-31997,8.5195,9.501,7.707,480.6,0.8839,25.0,0
4240,STARLINK-32928,BANDWAGON-4 OBJECT Q,5.3644,7.666,4.917,489.8,0.8837,25.0,0
4241,STARLINK-30560,STARLINK-35620,7.9534,7.961,7.203,480.4,0.8834,25.0,0
4242,STARLINK-3512,STARLINK-32738,7.7388,8.512,7.013,463.8,0.8834,25.0,0
4243,STARLINK-5918,SATELIOT_1,3.9024,9.398,3.623,581.1,0.8831,25.0,0
4244,STARLINK-36906,KUIPER-00641,9.287,9.965,8.377,471.4,0.883,25.0,0
4245,STARLINK-31133,STARLINK-34182,6.7564,6.793,6.14,492.5,0.8826,25.0,0
4246,FLOCK 4G-34,STARLINK-34670,6.3124,6.455,5.746,481.8,0.8823,25.0,0
4247,STARLINK-3608,KUIPER-00619,5.7145,6.075,5.218,456.1,0.8822,25.0,0
4248,STARLINK-3300,STARLINK-4275,9.1907,9.407,8.284,475.0,0.8821,25.0,0
4249,STARLINK-32711,STARLINK-34095,5.8849,7.217,5.365,488.9,0.8817,25.0,0
4250,STARLINK-2740,STARLINK-31421,8.5257,9.316,7.687,479.1,0.881,24.9,0
4251,STARLINK-3737,STARLINK-3955,6.346,7.59,5.764,473.9,0.8805,24.9,0
4252,STARLINK-5145,STARLINK-33834,4.89,6.166,4.481,480.8,0.8804,24.9,0
4253,STARLINK-3978,STARLINK-37148,6.3503,7.894,5.763,476.2,0.8798,24.9,0
4254,STARLINK-37004,STARLINK-37313,6.6281,8.429,6.007,470.4,0.8797,24.9,0
4255,SHIYAN-1 (SY-1),STARLINK-34990,5.8044,6.996,5.281,463.2,0.8795,24.9,0
4256,STARLINK-35092,STARLINK-37831,7.5058,7.711,6.766,480.4,0.878,24.9,0
4257,STARLINK-34435,STARLINK-37338,8.569,8.795,7.699,477.1,0.878,24.9,0
4258,PUJIANG 2 (PJ-2),LEMUR-2-LIA-MARTIN,9.1379,9.468,8.197,572.8,0.8778,24.9,0
4259,STARLINK-32289,STARLINK-37056,2.2215,3.056,2.124,461.9,0.8771,24.9,0
4260,STARLINK-3204,STARLINK-37941,8.4743,8.479,7.606,465.2,0.8768,24.9,0
4261,SKYKRAFT-1C,STARLINK-30471,8.287,8.63,7.44,489.0,0.8766,24.9,0
4262,STARLINK-31242,STARLINK-35637,6.9936,7.086,6.303,490.0,0.8762,24.8,0
4263,STARLINK-4257,STARLINK-31215,4.3134,8.662,3.953,491.8,0.8758,24.8,0
4264,STARLINK-6324,STARLINK-34147,6.8617,6.975,6.185,485.0,0.8759,24.8,0
4265,STARLINK-30203,STARLINK-36049,8.8223,9.078,7.898,491.8,0.8754,24.8,0
4266,ONEWEB-0497,ONEWEB-0666,4.1533,9.541,3.81,1199.9,0.8752,24.8,0
4267,STARLINK-5572,COSMOS 2602,8.7461,9.65,7.83,486.6,0.8752,24.8,0
4268,STARLINK-30757,STARLINK-32819,1.2606,2.196,1.278,492.3,0.875,24.8,0
4269,STARLINK-5680,STARLINK-36053,1.2694,2.964,1.285,492.8,0.8745,24.8,0
4270,STARLINK-34979,STARLINK-35401,9.1304,9.254,8.147,477.3,0.8732,24.8,0
4271,STARLINK-32209,STARLINK-37142,7.071,8.589,6.349,475.9,0.8732,24.8,0
4272,STARLINK-30225,STARLINK-36196,8.5243,9.024,7.616,485.7,0.873,24.8,0
4273,STARLINK-30868,STARLINK-32417,9.8681,9.998,8.784,467.5,0.8725,24.8,0
4274,STARLINK-37004,STARLINK-37798,6.382,9.487,5.737,472.9,0.8716,24.8,0
4275,STARLINK-36389,STARLINK-35759,6.3866,9.69,5.739,473.5,0.8713,24.7,0
4276,LKW-3,STARLINK-37637,7.3952,9.968,6.614,477.6,0.8708,24.7,0
4277,STARLINK-32378,STARLINK-35637,5.7929,5.935,5.216,485.5,0.8704,24.7,0
4278,STARLINK-32352,STARLINK-36462,8.8811,9.125,7.904,486.0,0.8704,24.7,0
4279,STARLINK-32204,STARLINK-35912,8.5788,8.581,7.637,474.8,0.8699,24.7,0
4280,GEESAT-3 09,KUIPER-00186,8.0158,8.09,7.143,630.9,0.8694,24.7,0
4281,STARLINK-32681,STARLINK-34300,8.9577,9.241,7.962,480.8,0.8694,24.7,0
4282,STARLINK-4126,STARLINK-36801,8.856,9.169,7.873,477.3,0.8694,24.7,0
4283,STARLINK-35902,STARLINK-37313,9.4964,9.5,8.425,477.3,0.8689,24.7,0
4284,STARLINK-3202,STARLINK-3783,5.7678,5.768,5.185,475.1,0.8688,24.7,0
4285,STARLINK-3960,STARLINK-30829,5.196,6.676,4.688,480.7,0.8688,24.7,0
4286,STARLINK-32684,STARLINK-33889,8.8416,8.842,7.853,491.9,0.8685,24.7,0
4287,STARLINK-34187,STARLINK-34386,7.3934,7.413,6.59,490.9,0.8679,24.7,0
4288,STARLINK-32123,STARLINK-35392,5.5494,5.827,4.988,476.5,0.8676,24.7,0
4289,STARLINK-32171,STARLINK-33966,4.0693,4.655,3.701,485.4,0.8669,24.7,0
4290,STARLINK-3844,STARLINK-32347,9.6283,9.641,8.515,473.7,0.8664,24.6,0
4291,STARLINK-32042,STARLINK-36257,9.0868,9.764,8.043,477.5,0.8661,24.6,0
4292,STARLINK-31808,STARLINK-32303,8.9145,8.969,7.884,492.2,0.865,24.6,0
4293,STARLINK-34686,STARLINK-34886,4.8856,4.926,4.399,472.3,0.865,24.6,0
4294,STARLINK-6158,STARLINK-31490,9.9596,9.978,8.782,481.6,0.8644,24.6,0
4295,STARLINK-31652,STARLINK-35143,8.594,8.673,7.602,470.7,0.8645,24.6,0
4296,NETSAT-1,STARLINK-4290,8.9074,9.261,7.867,463.3,0.8638,24.6,0
4297,STARLINK-32668,STARLINK-35620,2.7678,2.828,2.561,492.4,0.8629,24.6,0
4298,STARLINK-36970,STARLINK-37878,6.4445,6.447,5.733,472.5,0.8628,24.6,0
4299,STARLINK-31833,STARLINK-33696,7.2341,8.685,6.411,492.3,0.8624,24.6,0
4300,STARLINK-31094,STARLINK-35430,8.2062,9.656,7.249,489.7,0.8623,24.6,0
4301,STARLINK-4705,STARLINK-35748,5.1918,8.404,4.649,460.7,0.8622,24.6,0
4302,2023-091AS,STARLINK-11072 [DTC],6.5901,9.878,5.852,365.7,0.8618,24.5,0
4303,STARLINK-37065,STARLINK-36981,6.4648,6.682,5.736,472.3,0.8606,24.5,0
4304,STARLINK-4761,ZHANGHENG 1-02 (CSES-2),8.6482,8.648,7.614,515.0,0.8605,24.5,0
4305,STARLINK-3447,STARLINK-36807,6.4764,7.866,5.739,476.9,0.8596,24.5,0
4306,STARLINK-3998,DONGPO 10,7.1328,7.403,6.301,464.4,0.8593,24.5,0
4307,STARLINK-6249,STARLINK-36424,1.2689,3.051,1.262,484.1,0.8591,24.5,0
4308,STARLINK-31852,STARLINK-34115,8.6558,9.605,7.607,492.3,0.859,24.5,0
4309,STARLINK-3231,STARLINK-34401,8.4704,8.472,7.445,466.5,0.8587,24.5,0
4310,STARLINK-32852,STARLINK-33963,8.6442,8.898,7.588,480.5,0.858,24.5,0
4311,STARLINK-30320,STARLINK-34938,6.4983,8.055,5.743,472.7,0.8574,24.5,0
4312,STARLINK-2635,STARLINK-34296,4.9614,5.839,4.425,485.9,0.8573,24.4,0
4313,STARLINK-3839,STARLINK-4534,7.3927,7.592,6.501,479.0,0.8562,24.4,0
4314,STARLINK-11144 [DTC],RASSVET-3 14,8.6935,8.865,7.612,369.5,0.8559,24.4,0
4315,ONEWEB-0304,ONEWEB-0492,8.3937,8.41,7.355,1187.9,0.8559,24.4,0
4316,STARLINK-30141,STARLINK-35249,7.7723,9.249,6.82,480.4,0.8555,24.4,0
4317,STARLINK-30412,STARLINK-30766,6.799,7.711,5.986,489.9,0.8553,24.4,0
4318,STARLINK-4011,STARLINK-32019,1.6647,1.666,1.595,475.8,0.8554,24.4,0
4319,STARLINK-34925,STARLINK-35379,9.597,9.893,8.376,471.8,0.855,24.4,0
4320,STARLINK-6244,STARLINK-36506,1.2766,8.548,1.262,484.1,0.8547,24.4,0
4321,STARLINK-32439,STARLINK-32529,8.1026,8.135,7.095,480.4,0.8546,24.4,0
4322,STARLINK-31819,STARLINK-32441,5.6437,6.458,4.991,490.2,0.8541,24.4,0
4323,STARLINK-5382,STARLINK-30584,5.7124,8.572,5.047,492.6,0.8536,24.4,0
4324,STARLINK-30519,STARLINK-36898,5.7499,9.856,5.075,484.7,0.853,24.4,0
4325,STARLINK-30133,STARLINK-32957,8.7044,9.537,7.594,485.7,0.8528,24.4,0
4326,ASTROCAST-0403,STARLINK-32249,8.0356,8.045,7.023,475.8,0.8528,24.4,0
4327,STARLINK-32604,STARLINK-37281,6.547,6.787,5.753,474.5,0.8527,24.3,0
4328,STARLINK-4670,STARLINK-36439,7.661,8.308,6.702,486.0,0.8526,24.3,0
4329,STARLINK-3324,STARLINK-3963,9.6903,9.768,8.428,474.8,0.8521,24.3,0
4330,STARLINK-33849,STARLINK-34229,5.7213,5.747,5.043,492.6,0.8517,24.3,0
4331,STARLINK-3265,STARLINK-35069,8.775,8.798,7.639,466.8,0.8511,24.3,0
4332,FLOCK 4G-6,STARLINK-35720,8.4448,8.559,7.354,490.5,0.8507,24.3,0
4333,STARLINK-6149,STARLINK-35132,1.3059,8.114,1.281,484.3,0.8507,24.3,0
4334,STARLINK-2034,STARLINK-35949,9.4862,9.488,8.239,467.2,0.8506,24.3,0
4335,STARLINK-36378,STARLINK-35998,9.8485,9.996,8.544,465.2,0.8503,24.3,0
4336,STARLINK-3304,STARLINK-36731,1.8026,1.809,1.702,459.2,0.8499,24.3,0
4337,STARLINK-31774,SCS-01 J,8.4809,8.904,7.371,490.7,0.8491,24.3,0
4338,STARLINK-5704,STARLINK-36656,7.0812,8.041,6.182,484.9,0.849,24.3,0
4339,STARLINK-31061,STARLINK-32905,3.9851,5.82,3.553,484.6,0.849,24.3,0
4340,STARLINK-4174,STARLINK-34541,4.7114,5.953,4.166,473.6,0.8482,24.3,0
4341,STARLINK-31960,STARLINK-32367,9.68,9.714,8.376,489.8,0.8478,24.2,0
4342,STARLINK-31162,KUIPER-00569,3.2366,9.202,2.912,482.6,0.8473,24.2,0
4343,STARLINK-4183,STARLINK-32762,9.3023,9.356,8.052,493.4,0.8474,24.2,0
4344,STARLINK-2475,GUOWANG TEST OBJECT A,3.2555,8.963,2.928,484.7,0.8473,24.2,0
4345,STARLINK-6166,STARLINK-35507,1.3166,5.07,1.285,484.6,0.8473,24.2,0
4346,LEMUR-2-MONSON,STARLINK-31039,8.5767,8.673,7.435,491.2,0.8471,24.2,0
4347,STARLINK-31409,STARLINK-32539,8.0911,8.304,7.02,480.5,0.8467,24.2,0
4348,STARLINK-31041,STARLINK-35070,8.5923,8.968,7.444,479.1,0.8466,24.2,0
4349,STARLINK-3669,STARLINK-37466,6.9154,6.929,6.02,474.0,0.8461,24.2,0
4350,STARLINK-34254,STARLINK-37199,5.9493,9.635,5.202,489.8,0.8459,24.2,0
4351,STARLINK-6181,LIZZIESAT-1 (LS-1),8.2573,8.262,7.152,493.8,0.8457,24.2,0
4352,NUSAT-50 (NANCY ROMAN),STARLINK-37404,6.6129,6.62,5.761,467.8,0.8456,24.2,0
4353,STARLINK-30856,STARLINK-35164,4.5825,5.03,4.043,462.9,0.8454,24.2,0
4354,STARLINK-3572,STARLINK-37634,6.6458,9.888,5.785,474.4,0.845,24.2,0
4355,STARLINK-31900,STARLINK-35870,1.4262,2.819,1.374,484.1,0.8449,24.2,0
4356,STARLINK-35708,STARLINK-36802,7.2701,7.452,6.31,470.3,0.8447,24.2,0
4357,STARLINK-3523,STARLINK-33657,8.3419,9.046,7.21,461.0,0.8441,24.2,0
4358,STARLINK-31088,TIANMU-1 18,9.7033,9.779,8.358,496.6,0.844,24.2,0
4359,STARLINK-31714,STP-S29A OBJECT E,7.6016,8.089,6.574,465.1,0.8426,24.1,0
4360,STARLINK-32779,STARLINK-34475,7.5316,7.535,6.505,462.9,0.8414,24.1,0
4361,STARLINK-5297,PRSC-S1,5.5642,8.039,4.844,551.6,0.8404,24.1,0
4362,AL MUNTHER,STARLINK-36573,1.1535,1.299,1.137,464.8,0.84,24.1,0
4363,STARLINK-32172,STARLINK-34410,6.3076,8.681,5.465,480.6,0.8398,24.1,0
4364,STARLINK-32210,STARLINK-36708,8.8181,9.631,7.572,477.5,0.8396,24.1,0
4365,AETHER-2,STARLINK-35831,6.8539,6.907,5.915,474.6,0.8385,24.0,0
4366,STARLINK-3179,STARLINK-36798,7.3953,8.027,6.369,468.4,0.8385,24.0,0
4367,STARLINK-3591,STARLINK-30398,6.8756,9.301,5.933,487.9,0.8385,24.0,0
4368,STARLINK-31616,STARLINK-37803,6.6608,8.505,5.739,472.7,0.8365,24.0,0
4369,STARLINK-32435,STARLINK-37743,6.7096,9.532,5.774,472.4,0.8356,24.0,0
4370,STARLINK-35022,STARLINK-36356,7.6822,8.357,6.586,466.8,0.8356,24.0,0
4371,STARLINK-32394,STARLINK-35567,5.8613,8.668,5.054,492.8,0.8338,23.9,0
4372,STARLINK-35590,STARLINK-35629,7.4079,9.222,6.343,463.8,0.8337,23.9,0
4373,STARLINK-5025,STARLINK-35184,7.687,9.441,6.565,478.7,0.8324,23.9,0
4374,STARLINK-34156,STARLINK-37268,6.8224,6.879,5.845,478.8,0.8323,23.9,0
4375,2024-203A,STARLINK-36705,6.0752,6.485,5.221,467.7,0.832,23.9,0
4376,STARLINK-31261,STARLINK-36994,9.2185,9.94,7.831,492.5,0.8314,23.9,0
4377,STARLINK-35503,STARLINK-35851,6.2812,7.937,5.388,459.7,0.8313,23.9,0
4378,DONGPO 08,STARLINK-37203,4.26,9.035,3.705,461.7,0.8307,23.9,0
4379,2022-023B,STARLINK-32358,8.6991,9.863,7.389,476.8,0.8303,23.9,0
4380,KONDOR-FKA NO. 1,BALKAN-2,9.3119,9.32,7.898,504.5,0.8303,23.9,0
4381,STARLINK-31498,STARLINK-33927,8.9945,9.071,7.631,492.1,0.83,23.9,0
4382,STARLINK-2470,STARLINK-35938,4.8842,6.442,4.219,472.3,0.8298,23.9,0
4383,STARLINK-32362,STARLINK-32536,5.9742,9.029,5.121,484.8,0.8294,23.8,0
4384,STARLINK-31808,STARLINK-32303,9.3154,9.907,7.891,485.7,0.8293,23.8,0
4385,STARLINK-3708,STARLINK-32336,3.8536,3.881,3.361,460.4,0.8291,23.8,0
4386,STARLINK-3520,STARLINK-5870,9.4538,9.718,7.999,487.2,0.8286,23.8,0
4387,STARLINK-3138,STARLINK-34531,8.0488,8.61,6.834,462.6,0.8285,23.8,0
4388,STARLINK-6117,STARLINK-36517,5.9429,6.038,5.088,485.0,0.8283,23.8,0
4389,SPAWAR-CAL-O,STARLINK-37724,7.1602,9.526,6.092,478.0,0.8277,23.8,0
4390,STARLINK-5789,STARLINK-35193,9.9464,9.946,8.396,481.6,0.8275,23.8,0
4391,STARLINK-31061,STARLINK-36606,9.27,9.729,7.835,492.6,0.8273,23.8,0
4392,STARLINK-37856,STARLINK-37229,3.3347,5.795,2.923,463.5,0.8269,23.8,0
4393,STARLINK-4573,STARLINK-34597,8.1927,8.31,6.939,479.3,0.8268,23.8,0
4394,STARLINK-5411,STARLINK-35433,5.189,8.551,4.454,490.2,0.8265,23.8,0
4395,STARLINK-6247,STARLINK-32763,5.9093,9.98,5.049,492.2,0.8264,23.8,0
4396,STARLINK-2428,STARLINK-35328,7.9208,8.117,6.707,480.5,0.8259,23.8,0
4397,STARLINK-4100,STARLINK-37839,6.9419,8.845,5.897,476.3,0.8257,23.8,0
4398,STARLINK-3500,STARLINK-37278,9.035,9.055,7.624,475.8,0.8256,23.8,0
4399,SITRO-AIS 11 (SHEFFER),STARLINK-37935,6.6233,6.762,5.63,450.8,0.8251,23.8,0
4400,STARLINK-35753,STARLINK-36693,7.5207,9.416,6.367,475.9,0.8247,23.7,0
4401,STARLINK-31058,STARLINK-32819,5.9361,6.685,5.057,492.2,0.8241,23.7,0
4402,STARLINK-4196,STARLINK-34496,8.163,8.167,6.89,465.6,0.8239,23.7,0
4403,STARLINK-2193,STARLINK-4546,8.3325,8.517,7.028,479.2,0.8237,23.7,0
4404,STARLINK-5969,STARLINK-35893,7.2854,8.311,6.166,485.0,0.8237,23.7,0
4405,STARLINK-30713,STARLINK-37110,6.7981,7.92,5.761,472.3,0.8232,23.7,0
4406,SVYATOBOR 1 (RS60S),STARLINK-35734,6.9866,8.132,5.911,488.4,0.8225,23.7,0
4407,STARLINK-34080,STARLINK-35392,7.4929,9.376,6.326,478.5,0.8223,23.7,0
4408,STARLINK-3758,STARLINK-37557,9.7516,9.957,8.178,467.6,0.8218,23.7,0
4409,CELESTIS-17 & SHERPA-FX1,STARLINK-34224,9.1022,9.114,7.637,488.6,0.821,23.7,0
4410,STARLINK-3522,STARLINK-32898,1.8956,3.981,1.72,486.0,0.8208,23.7,0
4411,STARLINK-31506,STARLINK-36387,9.0554,9.208,7.597,473.0,0.8208,23.7,0
4412,STARLINK-3935,STARLINK-4542,3.4819,5.55,3.022,474.0,0.8208,23.7,0
4413,STARLINK-31733,STARLINK-36534,2.5259,7.951,2.236,492.1,0.8203,23.7,0
4414,STARLINK-32227,STARLINK-32625,7.4222,7.75,6.249,490.1,0.8198,23.6,0
4415,STARLINK-2735,STARLINK-32144,7.5768,8.557,6.368,473.1,0.8188,23.6,0
4416,STARLINK-3696,STARLINK-36565,6.8509,6.911,5.767,476.1,0.8179,23.6,0
4417,SPAWAR-CAL-OR,STARLINK-5373,8.3542,9.044,6.992,493.9,0.8174,23.6,0
4418,STARLINK-30812,STARLINK-36578,6.8795,6.921,5.784,481.6,0.817,23.6,0
4419,STARLINK-34290,STARLINK-37369,8.5408,9.06,7.138,462.4,0.8166,23.6,0
4420,STARLINK-31781,STARLINK-33899,7.4064,9.03,6.209,484.9,0.8163,23.6,0
4421,STARLINK-3162,STARLINK-32226,2.7763,6.508,2.428,463.3,0.8158,23.6,0
4422,STARLINK-5119,STARLINK-31310,6.0772,6.083,5.121,481.3,0.8158,23.6,0
4423,STARLINK-36962,STARLINK-37099,8.6706,8.979,7.232,467.0,0.8153,23.5,0
4424,STARLINK-31217,STARLINK-35411,5.9739,6.215,5.032,492.4,0.815,23.5,0
4425,STARLINK-30162,STARLINK-35579,9.4469,9.482,7.863,492.6,0.8151,23.5,0
4426,ONEWEB-0346,ONEWEB-0368,8.8456,9.552,7.37,1184.2,0.8148,23.5,0
4427,STARLINK-35270,STARLINK-36386,7.3244,7.813,6.129,469.9,0.8145,23.5,0
4428,STARLINK-3500,STARLINK-36089,2.4303,3.341,2.142,473.6,0.8144,23.5,0
4429,STARLINK-36139,STARLINK-36495,6.0222,8.816,5.059,484.1,0.8131,23.5,0
4430,STARLINK-2648,STARLINK-35522,5.2872,7.789,4.46,490.0,0.8128,23.5,0
4431,STARLINK-6142,STARLINK-34588,5.0952,5.178,4.304,489.9,0.8128,23.5,0
4432,STARLINK-3741,KUIPER-00476,6.2928,7.576,5.277,462.7,0.8127,23.5,0
4433,STARLINK-32574,STARLINK-36923,8.4231,9.386,7.007,476.7,0.8126,23.5,0
4434,STARLINK-35315,STARLINK-36761,7.8158,9.133,6.509,490.0,0.812,23.5,0
4435,STARLINK-5351,STARLINK-35782,9.4777,9.478,7.857,485.9,0.8119,23.5,0
4436,STARLINK-2682,STARLINK-35908,4.5721,7.771,3.872,472.4,0.8114,23.5,0
4437,STARLINK-30997,STARLINK-32858,5.7663,9.716,4.84,490.0,0.8112,23.5,0
4438,STARLINK-2232,STARLINK-3324,7.7499,8.087,6.443,473.9,0.8105,23.4,0
4439,STARLINK-30834,STARLINK-35988,6.228,6.66,5.207,489.8,0.81,23.4,0
4440,STARLINK-30219,STARLINK-35665,2.2083,9.137,1.95,474.9,0.8097,23.4,0
4441,STARLINK-5282,STARLINK-34569,5.761,5.761,4.823,461.6,0.8091,23.4,0
4442,STARLINK-32362,STARLINK-32959,9.5685,9.652,7.902,492.1,0.8089,23.4,0
4443,STARLINK-3593,STARLINK-30914,2.1549,2.348,1.904,463.3,0.8085,23.4,0
4444,STARLINK-30318,STARLINK-36147,9.2352,9.285,7.626,485.5,0.8082,23.4,0
4445,STARLINK-36838,STARLINK-37954,7.3903,7.425,6.134,474.3,0.8081,23.4,0
4446,STARLINK-33837,BANDWAGON-4 OBJECT M,5.0937,6.184,4.276,483.7,0.8078,23.4,0
4447,HAWK-2B,STARLINK-30493,8.3853,8.668,6.934,482.6,0.8077,23.4,0
4448,STARLINK-31687,STARLINK-34234,9.5079,9.513,7.836,492.7,0.8072,23.4,0
4449,EDISON-1,STARLINK-37060,9.4299,9.485,7.771,464.0,0.807,23.4,0
4450,STARLINK-4080,STARLINK-36447,4.9581,8.99,4.162,491.3,0.8069,23.4,0
4451,STARLINK-32041,STARLINK-36303,7.3217,7.354,6.067,479.8,0.8066,23.4,0
4452,STARLINK-33792,STARLINK-35438,8.0091,9.171,6.621,479.9,0.8065,23.4,0
4453,STARLINK-31935,STARLINK-34182,7.7958,7.817,6.448,484.9,0.8064,23.4,0
4454,STARLINK-30910,STARLINK-37250,6.9408,7.588,5.759,472.3,0.8065,23.4,0
4455,SITRO-AIS 25,BIFROST-DNK,9.2334,9.382,7.606,595.9,0.8063,23.3,0
4456,STARLINK-5803,STARLINK-32628,7.8056,7.808,6.451,492.2,0.8058,23.3,0
4457,STARLINK-4499,STARLINK-33767,9.0225,9.235,7.428,472.7,0.8054,23.3,0
4458,STARLINK-31102,STARLINK-35246,8.6001,9.264,7.083,467.3,0.8049,23.3,0
4459,STARLINK-30385,STARLINK-32799,9.2666,9.267,7.617,492.1,0.8046,23.3,0
4460,STARLINK-31140,STARLINK-37370,7.1441,9.641,5.907,475.1,0.8043,23.3,0
4461,STARLINK-37283,STARLINK-37591,6.9761,7.413,5.77,473.4,0.8041,23.3,0
4462,STARLINK-30130,STARLINK-36770,8.6383,9.447,7.106,480.3,0.804,23.3,0
4463,NUSAT-26 (M SOMERVILLE),STARLINK-37952,7.8055,9.717,6.435,456.8,0.8038,23.3,0
4464,ONEWEB-0338,ONEWEB-0655,4.5448,4.849,3.813,1177.7,0.8036,23.3,0
4465,STARLINK-37172,STARLINK-37499,9.1136,9.123,7.483,476.9,0.8034,23.3,0
4466,STARLINK-34864,STARLINK-35529,9.2787,9.4,7.615,482.6,0.8034,23.3,0
4467,STARLINK-30867,STARLINK-36053,6.1156,7.519,5.073,492.6,0.8032,23.3,0
4468,STARLINK-34643,STARLINK-37117,9.5256,9.531,7.808,475.8,0.8028,23.3,0
4469,STARLINK-2725,STARLINK-32293,8.2537,9.418,6.777,479.4,0.8017,23.2,0
4470,STARLINK-31160,STARLINK-35940,7.3623,9.017,6.062,489.5,0.8016,23.2,0
4471,STARLINK-4392,SEDNA-1,5.6531,7.409,4.691,559.3,0.8015,23.2,0
4472,STARLINK-5731,STARLINK-32934,1.4005,3.163,1.282,484.7,0.801,23.2,0
4473,STARLINK-5367,STARLINK-36139,4.5711,4.958,3.822,492.5,0.8011,23.2,0
4474,STARLINK-3259,STARLINK-31308,2.4629,9.513,2.133,486.2,0.801,23.2,0
4475,STARLINK-5425,GLOBAL-31,5.0887,5.212,4.235,473.6,0.8008,23.2,0
4476,STARLINK-11360 [DTC],STARLINK-11379 [DTC],6.0005,8.382,4.959,368.8,0.7998,23.2,0
4477,STARLINK-37533,STARLINK-37238,7.172,7.291,5.896,471.0,0.7998,23.2,0
4478,STARLINK-5387,STARLINK-33622,1.4007,1.645,1.279,492.7,0.799,23.2,0
4479,STARLINK-30793,STARLINK-32786,7.8167,8.308,6.406,492.4,0.7991,23.2,0
4480,STARLINK-4207,STARLINK-35302,6.931,9.564,5.695,473.7,0.7986,23.2,0
4481,STARLINK-11213 [DTC],STARLINK-11472 [DTC],9.1108,9.131,7.435,371.4,0.7985,23.2,0
4482,STARLINK-5639,STARLINK-36432,9.3812,9.578,7.649,485.4,0.7983,23.2,0
4483,STARLINK-3116,STARLINK-34515,5.6866,6.029,4.696,584.8,0.7977,23.2,0
4484,STARLINK-2427,STARLINK-35175,8.8089,8.874,7.187,485.0,0.7978,23.2,0
4485,STARLINK-32369,STARLINK-37154,7.0023,7.041,5.739,476.8,0.7968,23.1,0
4486,STARLINK-3271,STARLINK-33898,7.442,7.648,6.085,489.1,0.7963,23.1,0
4487,STARLINK-36828,STARLINK-36765,7.3484,8.456,6.001,466.1,0.795,23.1,0
4488,STARLINK-32096,STARLINK-36492,9.3958,9.407,7.626,485.5,0.7947,23.1,0
4489,STARLINK-4011,STARLINK-4439,8.1484,8.826,6.633,477.0,0.7945,23.1,0
4490,STARLINK-4719,STARLINK-36614,6.2788,8.522,5.147,491.0,0.7944,23.1,0
4491,STARLINK-2285,STARLINK-35749,9.4906,9.75,7.698,485.1,0.7944,23.1,0
4492,STARLINK-5485,STARLINK-33760,1.4787,1.733,1.334,483.9,0.7947,23.1,0
4493,STARLINK-31102,2024-203A,7.0758,8.499,5.779,471.9,0.7943,23.1,0
4494,STARLINK-4598,STARLINK-32334,9.2334,9.252,7.486,472.9,0.7936,23.1,0
4495,STARLINK-37184,STARLINK-36666,7.0587,7.676,5.76,473.9,0.7935,23.1,0
4496,STARLINK-30431,STARLINK-34642,7.5569,8.395,6.155,486.1,0.7935,23.1,0
4497,STARLINK-31269,STARLINK-35024,7.7968,7.882,6.345,466.4,0.7934,23.1,0
4498,STARLINK-32549,STARLINK-35495,8.0129,8.079,6.515,480.3,0.7933,23.1,0
4499,STARLINK-3533,STARLINK-4645,8.1102,8.579,6.586,479.3,0.7925,23.0,0
4500,STARLINK-33746,STARLINK-34899,8.5773,8.799,6.954,479.1,0.7923,23.0,0
4501,STARLINK-31315,STARLINK-35735,8.402,8.633,6.815,462.4,0.7923,23.0,0
4502,STARLINK-35638,STARLINK-37331,9.5758,9.989,7.742,466.2,0.792,23.0,0
4503,STARLINK-4286,STARLINK-36891,7.508,8.766,6.105,477.0,0.792,23.0,0
4504,STARLINK-31729,STARLINK-36744,1.4658,3.292,1.319,492.6,0.7918,23.0,0
4505,STARLINK-5346,STARLINK-36410,1.5118,1.553,1.355,492.7,0.7916,23.0,0
4506,STARLINK-3947,STARLINK-32178,7.9069,7.908,6.416,479.3,0.7914,23.0,0
4507,STARLINK-4191,STARLINK-35474,9.8096,9.81,7.917,491.2,0.7909,23.0,0
4508,STARLINK-4004,STARLINK-36639,7.3155,8.389,5.943,475.8,0.7908,23.0,0
4509,STARLINK-32412,STARLINK-35912,8.4899,9.029,6.869,479.2,0.7905,23.0,0
4510,STARLINK-31059,STARLINK-31629,5.8503,8.521,4.779,490.4,0.7899,23.0,0
4511,STARLINK-30592,STARLINK-37496,7.3795,7.471,5.985,470.5,0.7896,23.0,0
4512,STARLINK-34283,STARLINK-37523,2.4058,7.188,2.056,475.2,0.789,23.0,0
4513,STARLINK-2497,STARLINK-35609,9.2479,9.325,7.454,466.8,0.789,23.0,0
4514,STARLINK-34695,STARLINK-37635,8.346,9.854,6.742,468.7,0.7889,23.0,0
4515,STARLINK-30071,STARLINK-32714,1.483,8.6,1.328,484.1,0.7891,23.0,0
4516,STARLINK-30405,STARLINK-32195,8.5929,8.768,6.932,466.6,0.7884,23.0,0
4517,STARLINK-30790,STARLINK-31064,7.2339,7.337,5.859,494.2,0.7881,22.9,0
4518,STARLINK-4148,STARLINK-37248,8.4701,9.676,6.833,462.4,0.7881,22.9,0
4519,STARLINK-31476,STARLINK-35697,4.3554,7.238,3.59,484.1,0.7881,22.9,0
4520,STARLINK-5568,STARLINK-32743,6.1443,6.938,4.999,492.5,0.788,22.9,0
4521,STARLINK-1577,STARLINK-32221,4.7238,4.993,3.878,485.8,0.7876,22.9,0
4522,STARLINK-31324,STARLINK-37754,0.3146,3.413,0.405,475.2,0.787,22.9,0
4523,STARLINK-3606,STARLINK-34759,2.8111,3.211,2.371,460.4,0.7874,22.9,0
4524,STARLINK-32229,STARLINK-32444,2.8137,4.984,2.373,461.9,0.7874,22.9,0
4525,STARLINK-4389,STARLINK-32436,9.0158,9.322,7.247,462.0,0.7864,22.9,0
4526,STARLINK-33679,STARLINK-35175,5.9071,5.914,4.801,489.6,0.7861,22.9,0
4527,STARLINK-2519,STARLINK-34122,9.018,9.026,7.245,470.6,0.786,22.9,0
4528,STARLINK-31348,STARLINK-32941,6.3014,6.931,5.11,484.2,0.786,22.9,0
4529,STARLINK-34901,STARLINK-36937,8.807,9.08,7.078,467.3,0.7858,22.9,0
4530,STARLINK-30763,STARLINK-35736,2.8845,4.72,2.423,487.8,0.7855,22.9,0
4531,ONEWEB-0177,ONEWEB-0366,4.6464,9.929,3.807,1223.9,0.7855,22.9,0
4532,STARLINK-34980,STARLINK-35508,8.2119,8.965,6.605,468.4,0.7852,22.9,0
4533,STARLINK-4184,STARLINK-34915,7.7556,8.474,6.244,475.7,0.7849,22.9,0
4534,STARLINK-31059,STARLINK-31372,9.2997,9.796,7.455,480.5,0.7848,22.9,0
4535,STARLINK-30891,STARLINK-33866,1.4848,7.464,1.32,484.4,0.7835,22.9,0
4536,STARLINK-4097,STARLINK-35402,4.0897,7.773,3.36,484.6,0.7833,22.8,0
4537,STARLINK-33749,STARLINK-35464,9.0693,9.137,7.26,479.1,0.7832,22.8,0
4538,STARLINK-4579,YUNYAO-1 48,8.8815,9.336,7.112,553.3,0.7831,22.8,0
4539,STARLINK-34856,STARLINK-37408,8.9173,9.506,7.138,466.6,0.7829,22.8,0
4540,STARLINK-5801,STARLINK-34186,1.4601,7.716,1.299,492.7,0.7825,22.8,0
4541,STARLINK-5698,STARLINK-30900,6.2497,7.017,5.047,492.6,0.7825,22.8,0
4542,STARLINK-3242,STARLINK-34375,8.0987,9.284,6.493,473.6,0.7824,22.8,0
4543,STARLINK-31500,STARLINK-36728,1.4629,9.987,1.301,492.4,0.7824,22.8,0
4544,STARLINK-5334,STARLINK-35716,9.9179,9.976,7.907,485.8,0.7815,22.8,0
4545,STARLINK-31981,STARLINK-32729,8.2182,9.864,6.572,480.2,0.7807,22.8,0
4546,STARLINK-33626,STARLINK-37351,8.3689,8.934,6.685,475.5,0.7801,22.8,0
4547,FGRST (GLAST),STARLINK-32577,7.6521,7.686,6.121,488.9,0.7795,22.8,0
4548,STARLINK-11343 [DTC],STARLINK-11441 [DTC],4.0748,6.604,3.33,357.4,0.779,22.7,0
4549,STARLINK-3584,STARLINK-31874,9.0049,9.094,7.164,464.0,0.7783,22.7,0
4550,STARLINK-32182,STARLINK-32887,8.5693,8.636,6.815,462.6,0.7771,22.7,0
4551,STARLINK-30147,STARLINK-33861,1.5813,7.712,1.383,484.1,0.7764,22.7,0
4552,STARLINK-31039,STARLINK-33675,6.139,6.925,4.921,490.2,0.7763,22.7,0
4553,STARLINK-32288,STARLINK-34556,6.1925,7.093,4.961,474.9,0.7761,22.7,0
4554,STARLINK-6240,STARLINK-34048,8.1427,8.361,6.468,492.3,0.7753,22.7,0
4555,STARLINK-35326,STARLINK-36947,7.202,9.135,5.736,472.6,0.7749,22.7,0
4556,STARLINK-2655,STARLINK-35593,9.3803,9.414,7.424,479.2,0.7749,22.7,0
4557,STARLINK-35549,STARLINK-36567,7.2135,7.581,5.735,473.3,0.7736,22.6,0
4558,STARLINK-6153,STARLINK-35372,9.9596,9.977,7.858,492.2,0.7735,22.6,0
4559,STARLINK-4183,STARLINK-36729,1.5698,9.769,1.367,489.3,0.7724,22.6,0
4560,ONEWEB-0519,ONEWEB-0567,4.7342,5.633,3.81,1203.9,0.7722,22.6,0
4561,STARLINK-35537,STARLINK-36109,9.2301,9.948,7.28,478.9,0.772,22.6,0
4562,STARLINK-31680,STARLINK-35209,6.3118,6.438,5.024,475.5,0.7715,22.6,0
4563,STARLINK-31324,STARLINK-37007,7.659,7.763,6.064,475.3,0.7716,22.6,0
4564,STARLINK-35182,STARLINK-37115,7.3667,8.779,5.832,474.6,0.7707,22.6,0
4565,STARLINK-35210,STARLINK-36071,5.1936,7.609,4.154,490.1,0.7702,22.5,0
4566,STARLINK-4431,STARLINK-33596,9.4028,9.409,7.392,466.9,0.7698,22.5,0
4567,STARLINK-4259,STARLINK-5453,7.6115,7.981,6.013,483.1,0.7698,22.5,0
4568,STARLINK-31213,STARLINK-34144,7.798,9.924,6.155,484.6,0.7696,22.5,0
4569,STARLINK-37537,STARLINK-37961,2.2982,2.739,1.92,434.1,0.7686,22.5,0
4570,STARLINK-31646,STARLINK-37738,7.2638,7.595,5.734,474.1,0.7682,22.5,0
4571,STARLINK-33697,STARLINK-34536,7.7791,8.821,6.129,489.4,0.7681,22.5,0
4572,STARLINK-3234,STARLINK-33921,3.0647,3.086,2.508,475.5,0.7682,22.5,0
4573,STARLINK-34870,STARLINK-37858,7.52,9.483,5.926,481.4,0.7676,22.5,0
4574,STARLINK-30932,STARLINK-34223,1.5385,9.135,1.334,492.6,0.7673,22.5,0
4575,STARLINK-30434,STARLINK-31985,8.0509,8.052,6.331,490.1,0.7673,22.5,0
4576,STARLINK-11461 [DTC],STARLINK-38071,9.5755,9.824,7.499,359.6,0.7671,22.5,0
4577,STARLINK-4022,STARLINK-4634,5.8593,8.772,4.647,539.4,0.7669,22.5,0
4578,STARLINK-30842,STARLINK-35402,6.3879,7.098,5.048,476.5,0.7663,22.5,0
4579,STARLINK-5902,STARLINK-35736,5.8831,9.831,4.66,489.9,0.7661,22.5,0
4580,STARLINK-5722,STARLINK-33951,6.3583,8.471,5.024,492.3,0.7661,22.5,0
4581,STARLINK-2639,KUIPER-00608,3.7217,9.99,3.003,470.4,0.7657,22.5,0
4582,STARLINK-37759,STARLINK-37798,0.6297,4.12,0.635,481.1,0.7653,22.4,0
4583,STARLINK-4781,STARLINK-31877,5.6197,5.678,4.453,481.2,0.7652,22.4,0
4584,STARLINK-3822,STARLINK-37607,9.0294,9.115,7.053,478.9,0.7642,22.4,0
4585,STARLINK-2408,STARLINK-32127,7.914,8.011,6.197,479.2,0.7637,22.4,0
4586,YAOGAN-36 03A,STARLINK-33741,7.2237,9.813,5.67,462.2,0.7638,22.4,0
4587,STARLINK-33620,STARLINK-33923,9.8122,9.951,7.644,485.8,0.7635,22.4,0
4588,STARLINK-4169,STARLINK-34916,9.4491,9.901,7.365,474.2,0.7633,22.4,0
4589,STARLINK-6254,STARLINK-33625,7.872,7.988,6.161,485.0,0.7633,22.4,0
4590,STARLINK-30067,STARLINK-35654,1.5308,5.14,1.321,492.2,0.7632,22.4,0
4591,ASTROSAT,KUIPER-00601,7.5325,7.819,5.897,623.6,0.7626,22.4,0
4592,STARLINK-30532,STARLINK-34305,9.0502,9.061,7.054,489.7,0.7626,22.4,0
4593,2025-155H,STARLINK-35818,9.1473,9.487,7.125,486.8,0.7623,22.4,0
4594,STARLINK-2607,STARLINK-35210,5.2559,8.115,4.158,486.0,0.7621,22.4,0
4595,STARLINK-2427,STARLINK-37051,8.2441,9.504,6.433,478.9,0.7618,22.4,0
4596,STARLINK-2618,STARLINK-3592,8.7909,8.802,6.847,479.6,0.7615,22.4,0
4597,STARLINK-37200,STARLINK-36337,5.8428,9.565,4.6,476.5,0.7612,22.4,0
4598,STARLINK-3252,STARLINK-34523,8.3915,8.398,6.537,479.2,0.7609,22.3,0
4599,STARLINK-34782,STARLINK-36721,8.0242,9.442,6.254,480.1,0.7604,22.3,0
4600,STARLINK-3542,STARLINK-37379,2.6236,2.74,2.146,462.0,0.76,22.3,0
4601,STARLINK-35204,STARLINK-37226,7.4736,7.867,5.83,470.7,0.7597,22.3,0
4602,STARLINK-35288,STARLINK-37426,8.7335,8.734,6.786,477.5,0.7596,22.3,0
4603,STARLINK-32567,STARLINK-33565,7.9801,9.36,6.213,485.2,0.7595,22.3,0
4604,STARLINK-3822,STARLINK-31263,8.4489,8.453,6.569,466.5,0.7595,22.3,0
4605,STARLINK-5238,STARLINK-36559,8.3617,8.557,6.498,472.6,0.759,22.3,0
4606,STARLINK-32285,STARLINK-36130,6.3742,7.816,4.988,461.9,0.7587,22.3,0
4607,TIANMU-1 10,STARLINK-35295,9.5866,9.882,7.424,486.6,0.7586,22.3,0
4608,HAWK-7A,STARLINK-36852,9.0172,9.307,6.987,492.0,0.758,22.3,0
4609,STARLINK-2735,STARLINK-6238,9.2327,9.945,7.15,489.8,0.758,22.3,0
4610,STARLINK-34906,STARLINK-37761,9.0738,9.147,7.027,479.4,0.7577,22.3,0
4611,STARLINK-32346,STARLINK-32462,9.8458,9.858,7.61,492.0,0.7575,22.3,0
4612,STARLINK-6149,STARLINK-35132,1.492,4.138,1.281,484.3,0.7571,22.3,0
4613,STARLINK-33862,STARLINK-35110,7.3754,9.662,5.733,478.9,0.7568,22.3,0
4614,ONEWEB-0503,ONEWEB-0608,9.5182,9.619,7.351,1197.6,0.7564,22.2,0
4615,ONEWEB-0316,ONEWEB-0508,4.8348,6.91,3.808,1204.1,0.7563,22.2,0
4616,STARLINK-3926,STARLINK-35452,6.2077,8.985,4.844,473.7,0.756,22.2,0
4617,STARLINK-5389,STARLINK-35217,5.9175,6.657,4.624,489.9,0.7559,22.2,0
4618,STARLINK-31739,STARLINK-37298,7.3857,9.938,5.733,472.6,0.7558,22.2,0
4619,STARLINK-35217,STARLINK-36715,9.8402,9.87,7.587,483.7,0.7557,22.2,0
4620,FALCONSAT-6,STARLINK-31581,9.3555,9.416,7.219,484.5,0.7555,22.2,0
4621,STARLINK-34554,STARLINK-36850,7.6543,9.659,5.934,470.7,0.7555,22.2,0
4622,HAWK-5A,STARLINK-37427,7.7107,8.847,5.973,420.8,0.7551,22.2,0
4623,STARLINK-33813,STARLINK-37729,9.3656,9.595,7.222,495.0,0.755,22.2,0
4624,STARLINK-5695,2025-313AK,9.8535,9.855,7.584,497.1,0.7544,22.2,0
4625,STARLINK-2647,STARLINK-32013,9.8551,9.996,7.585,479.3,0.7543,22.2,0
4626,STARLINK-2751,STARLINK-34862,9.346,9.413,7.191,471.1,0.7533,22.2,0
4627,STARLINK-36111,STARLINK-37277,7.987,8.063,6.167,469.7,0.7533,22.2,0
4628,STARLINK-30147,STARLINK-34042,6.5141,6.626,5.057,492.2,0.7532,22.2,0
4629,STARLINK-31472,STARLINK-36670,9.052,9.583,6.963,489.5,0.7526,22.2,0
4630,STARLINK-32822,STARLINK-36392,7.7772,9.729,6.0,475.4,0.7521,22.1,0
4631,STARLINK-31985,STARLINK-36871,8.3664,8.79,6.436,475.3,0.7513,22.1,0
4632,STARLINK-4499,STARLINK-33767,9.6823,9.895,7.415,484.9,0.7503,22.1,0
4633,STARLINK-30313,STARLINK-32094,8.6487,9.767,6.639,480.3,0.7503,22.1,0
4634,STARLINK-2570,STARLINK-34328,8.727,9.818,6.696,466.4,0.7501,22.1,0
4635,STARLINK-30431,STARLINK-34642,8.0322,9.766,6.168,471.9,0.7493,22.1,0
4636,STARLINK-32258,STARLINK-37438,9.3843,9.858,7.176,462.6,0.7487,22.1,0
4637,STARLINK-31500,STARLINK-36728,1.5382,2.528,1.301,492.4,0.7485,22.1,0
4638,STARLINK-4660,STARLINK-35003,2.9279,4.104,2.34,460.5,0.7481,22.1,0
4639,STARLINK-30313,STARLINK-31077,9.3454,9.735,7.135,480.3,0.7475,22.0,0
4640,STARLINK-30833,STARLINK-34302,9.0666,9.072,6.926,466.6,0.7474,22.0,0
4641,STARLINK-37056,STARLINK-36671,3.4544,3.499,2.731,475.8,0.7473,22.0,0
4642,STARLINK-6311,LIZZIESAT-2 (LS-2),9.4929,9.54,7.242,480.2,0.7471,22.0,0
4643,STARLINK-5249,STARLINK-31536,8.1416,8.234,6.23,488.7,0.7469,22.0,0
4644,STARLINK-4103,STARLINK-31713,8.6804,9.439,6.632,473.7,0.7468,22.0,0
4645,STARLINK-4268,STARLINK-32868,2.9538,4.023,2.354,474.6,0.7464,22.0,0
4646,STARLINK-31264,STARLINK-36309,6.5491,6.57,5.037,463.0,0.7463,22.0,0
4647,STARLINK-34882,STARLINK-36695,9.5189,9.637,7.251,476.5,0.7461,22.0,0
4648,STARLINK-30870,STARLINK-33836,1.5698,5.757,1.32,492.5,0.7458,22.0,0
4649,STARLINK-31882,STARLINK-32460,1.4938,1.625,1.263,484.3,0.7457,22.0,0
4650,STARLINK-3632,STARLINK-37459,7.517,8.656,5.751,472.4,0.7452,22.0,0
4651,STARLINK-4791,STARLINK-31740,4.2786,4.568,3.335,472.3,0.7447,22.0,0
4652,STARLINK-33598,STARLINK-37183,3.7182,5.953,2.915,460.1,0.744,22.0,0
4653,STARLINK-5422,STARLINK-32284,2.6434,4.066,2.113,475.3,0.7431,21.9,0
4654,STARLINK-36917,STARLINK-36204,6.2541,6.356,4.795,462.2,0.7429,21.9,0
4655,2024-199BE,STARLINK-34290,9.4807,9.539,7.192,463.4,0.7429,21.9,0
4656,STARLINK-6312,STARLINK-30843,6.6417,7.663,5.082,492.7,0.7428,21.9,0
4657,STARLINK-32849,STARLINK-36867,9.1506,9.177,6.943,476.5,0.7425,21.9,0
4658,STARLINK-5718,STARLINK-33935,6.6594,6.96,5.092,492.4,0.7423,21.9,0
4659,STARLINK-4072,STARLINK-33715,3.6614,3.687,2.866,473.9,0.7422,21.9,0
4660,STARLINK-30536,STARLINK-34694,5.1485,6.46,3.967,489.8,0.7417,21.9,0
4661,STARLINK-31441,STARLINK-37484,2.6143,3.149,2.086,474.7,0.7412,21.9,0
4662,STARLINK-32223,STARLINK-35370,8.4683,8.595,6.426,472.7,0.7413,21.9,0
4663,STARLINK-4052,STARLINK-31528,9.7759,9.786,7.393,475.1,0.7411,21.9,0
4664,STARLINK-6287,STARLINK-36098,8.1738,8.449,6.205,492.1,0.741,21.9,0
4665,STARLINK-4114,STARLINK-37743,7.5352,9.365,5.73,477.5,0.7408,21.9,0
4666,STARLINK-35019,STARLINK-35365,3.2387,7.443,2.547,474.7,0.7407,21.9,0
4667,STARLINK-32223,STARLINK-35370,8.4606,8.465,6.414,485.6,0.7406,21.9,0
4668,ONEWEB-0356,ONEWEB-0673,4.954,5.215,3.815,1199.6,0.7402,21.9,0
4669,STARLINK-30212,STARLINK-31767,2.4444,2.668,1.957,483.0,0.7401,21.9,0
4670,STARLINK-4085,STARLINK-35056,2.8867,9.476,2.282,476.4,0.7393,21.9,0
4671,STARLINK-36856,STARLINK-37352,8.9361,8.937,6.754,467.2,0.7393,21.9,0
4672,STARLINK-31977,STARLINK-34097,6.6223,7.073,5.04,485.2,0.7388,21.8,0
4673,STARLINK-11129 [DTC],STARLINK-37841,8.5596,8.607,6.47,375.2,0.7386,21.8,0
4674,STARLINK-5172,STARLINK-4774,6.2922,6.91,4.794,481.5,0.7384,21.8,0
4675,STARLINK-4607,STARLINK-35365,5.0351,5.251,3.864,472.7,0.7381,21.8,0
4676,STARLINK-31648,STARLINK-37618,7.7926,9.278,5.896,481.6,0.7377,21.8,0
4677,2024-125A,STARLINK-11232 [DTC],9.0144,9.223,6.797,368.2,0.7376,21.8,0
4678,STARLINK-30946,STARLINK-31699,6.6569,9.015,5.057,492.3,0.7375,21.8,0
4679,GLOBAL-19,STARLINK-34627,5.5196,5.759,4.215,460.6,0.7369,21.8,0
4680,2023-085L,STARLINK-35481,8.0833,8.513,6.103,475.4,0.7368,21.8,0
4681,STARLINK-2519,STARLINK-30548,9.0235,9.437,6.794,466.6,0.7366,21.8,0
4682,STARLINK-31099,STARLINK-37224,7.6971,8.863,5.817,480.5,0.7366,21.8,0
4683,T1DES 1 (DRAGOON 1),TRANSPORTER-15 OBJECT H,7.2861,9.05,5.509,504.4,0.7359,21.8,0
4684,STARLINK-34304,STARLINK-35984,8.6418,8.979,6.504,480.2,0.7356,21.8,0
4685,STARLINK-6312,STARLINK-30843,6.7204,7.725,5.088,484.9,0.7352,21.8,0
4686,STARLINK-3507,STARLINK-3660,9.3585,9.904,7.027,480.6,0.7352,21.8,0
4687,STARLINK-3156,STARLINK-4173,5.1891,5.238,3.96,461.9,0.7348,21.8,0
4688,STARLINK-30442,STARLINK-34616,8.2223,8.659,6.188,492.5,0.7347,21.8,0
4689,STARLINK-5856,SATELIOT_2,5.6194,5.639,4.275,580.1,0.7346,21.7,0
4690,STARLINK-3544,STARLINK-35303,9.6319,9.636,7.221,462.6,0.7344,21.7,0
4691,STARLINK-3931,STARLINK-36299,2.9241,7.482,2.294,476.6,0.7343,21.7,0
4692,STARLINK-3518,STARLINK-35213,4.3914,4.417,3.369,460.5,0.7338,21.7,0
4693,ONEWEB-0169,ONEWEB-0185,4.9902,5.176,3.808,1223.8,0.7337,21.7,0
4694,STARLINK-3318,STARLINK-36883,8.4846,9.168,6.367,467.9,0.7331,21.7,0
4695,STARLINK-31676,STARLINK-36532,1.5452,5.332,1.279,484.3,0.7329,21.7,0
4696,STARLINK-34900,STARLINK-37168,8.607,8.763,6.443,475.0,0.7316,21.7,0
4697,STARLINK-4162,STARLINK-36772,7.7325,9.135,5.803,470.3,0.7315,21.7,0
4698,STARLINK-30416,STARLINK-35657,9.2566,9.502,6.915,466.9,0.7312,21.7,0
4699,STARLINK-34513,STARLINK-37141,6.3997,6.979,4.823,462.6,0.7308,21.7,0
4700,STARLINK-30148,STARLINK-36527,6.8054,7.392,5.119,484.8,0.7307,21.7,0
4701,STARLINK-4258,STARLINK-35399,5.7094,8.588,4.315,476.5,0.7302,21.6,0
4702,STARLINK-2555,STARLINK-34324,5.1219,8.517,3.885,485.6,0.73,21.6,0
4703,STARLINK-30427,LEMUR-2-AFFIE-WAUWIE,4.9585,4.97,3.766,491.0,0.7301,21.6,0
4704,STARLINK-3830,STARLINK-35519,7.1661,9.101,5.377,461.0,0.73,21.6,0
4705,STARLINK-35115,STARLINK-35056,7.7119,8.834,5.774,474.4,0.7298,21.6,0
4706,STARLINK-2427,STARLINK-35175,9.665,9.672,7.2,473.2,0.7299,21.6,0
4707,STARLINK-3521,STARLINK-36389,7.7067,8.176,5.767,474.2,0.7294,21.6,0
4708,STARLINK-1017,STARLINK-37048,7.739,8.83,5.787,470.3,0.7289,21.6,0
4709,STARLINK-30816,STARLINK-36450,5.041,5.077,3.82,489.8,0.7289,21.6,0
4710,STARLINK-2426,STARLINK-31229,7.1795,8.413,5.376,466.0,0.7285,21.6,0
4711,STARLINK-3937,STARLINK-37002,9.1646,9.556,6.815,466.3,0.7277,21.6,0
4712,STARLINK-30790,STARLINK-36041,2.8756,5.758,2.237,495.3,0.7273,21.6,0
4713,STARLINK-2111,STARLINK-34594,5.2919,5.477,3.991,485.6,0.7267,21.6,0
4714,STARLINK-35168,STARLINK-36964,0.3926,8.406,0.431,461.7,0.7273,21.6,0
4715,STARLINK-4291,STARLINK-35621,6.6697,7.422,4.989,463.4,0.7262,21.6,0
4716,ONEWEB-0385,ONEWEB-0714,5.046,9.283,3.805,1196.0,0.7253,21.5,0
4717,YAOGAN-35 05C,STARLINK-33662,7.5554,7.843,5.623,495.9,0.725,21.5,0
4718,OBSERVER-1A,STARLINK-32897,7.7923,8.81,5.792,467.6,0.7247,21.5,0
4719,STARLINK-5351,STARLINK-32708,8.7287,9.147,6.464,485.1,0.724,21.5,0
4720,STARLINK-35332,STARLINK-37742,3.8952,8.802,2.964,462.8,0.7238,21.5,0
4721,STARLINK-33949,STARLINK-37541,9.7614,9.906,7.208,471.2,0.7236,21.5,0
4722,STARLINK-3641,STARLINK-31844,8.2659,8.28,6.124,466.3,0.7234,21.5,0
4723,STARLINK-2698,STARLINK-3138,9.5301,9.557,7.032,466.8,0.7227,21.5,0
4724,STARLINK-5049,STARLINK-34032,6.8172,7.25,5.068,484.7,0.7222,21.5,0
4725,STARLINK-4296,STARLINK-30561,4.512,8.921,3.402,473.9,0.722,21.5,0
4726,STARLINK-30839,STARLINK-30940,8.4355,9.0,6.231,485.2,0.7216,21.5,0
4727,STARLINK-31357,STARLINK-32539,5.6856,7.192,4.246,490.1,0.7214,21.4,0
4728,STARLINK-5699,STARLINK-33907,8.7134,8.714,6.427,484.8,0.721,21.4,0
4729,STARLINK-32769,STARLINK-34211,3.4898,3.507,2.659,484.5,0.7206,21.4,0
4730,STARLINK-2378,STARLINK-32890,9.2032,9.495,6.774,487.7,0.7204,21.4,0
4731,STARLINK-35365,STARLINK-37032,2.7524,5.19,2.126,475.0,0.7201,21.4,0
4732,STARLINK-34595,STARLINK-35201,8.0875,9.428,5.964,476.8,0.7196,21.4,0
4733,GLOBAL-32,STARLINK-35652,6.4896,8.685,4.813,473.7,0.7195,21.4,0
4734,STARLINK-34760,STARLINK-37679,7.7903,8.476,5.743,474.1,0.7187,21.4,0
4735,STARLINK-31735,STARLINK-36944,8.7698,8.978,6.443,482.4,0.7183,21.4,0
4736,STARLINK-3608,STARLINK-37432,8.0237,8.75,5.907,475.2,0.7183,21.4,0
4737,STARLINK-32203,STARLINK-36169,9.3111,9.471,6.832,462.2,0.7183,21.4,0
4738,STARLINK-2469,STARLINK-34100,8.9074,9.163,6.538,489.5,0.7179,21.4,0
4739,STARLINK-34189,STARLINK-37179,9.5865,9.6,7.024,474.3,0.7177,21.4,0
4740,STARLINK-4589,STARLINK-37103,5.0039,5.716,3.735,463.2,0.7177,21.4,0
4741,STARLINK-4790,STARLINK-31065,3.7365,7.329,2.824,491.0,0.7174,21.4,0
4742,STARLINK-31213,KUIPER-00440,7.536,9.573,5.548,481.1,0.7172,21.4,0
4743,STARLINK-31996,STARLINK-37232,2.8239,9.178,2.168,461.8,0.717,21.3,0
4744,STARLINK-6249,STARLINK-36424,1.5608,3.35,1.261,492.5,0.7162,21.3,0
4745,STARLINK-31279,STARLINK-32901,1.5988,8.535,1.287,484.3,0.7155,21.3,0
4746,STARLINK-34350,KUIPER-00627,8.5481,8.696,6.257,464.7,0.7152,21.3,0
4747,STARLINK-30814,STARLINK-35354,8.6954,8.7,6.362,480.2,0.7152,21.3,0
4748,TRANSPORTER-14 OBJECT E,2025-313X,7.3266,7.328,5.381,499.8,0.7149,21.3,0
4749,STARLINK-34151,STARLINK-37130,9.5682,9.923,6.978,480.1,0.7144,21.3,0
4750,STARLINK-3273,STARLINK-4718,3.6693,7.222,2.764,463.7,0.7143,21.3,0
4751,STARLINK-4178,STARLINK-31950,8.6896,8.898,6.349,488.2,0.7142,21.3,0
4752,STARLINK-2389,STARLINK-32597,8.5375,8.586,6.237,479.0,0.7138,21.3,0
4753,STARLINK-35668,STARLINK-37881,9.5534,9.557,6.956,467.7,0.7132,21.3,0
4754,STARLINK-4183,STARLINK-31310,8.2751,8.733,6.042,483.7,0.7129,21.3,0
4755,STARLINK-3796,STARLINK-35923,9.1931,9.551,6.69,461.0,0.7122,21.2,0
4756,STARLINK-4164,STARLINK-37831,8.9534,9.694,6.516,477.5,0.7119,21.2,0
4757,STARLINK-5158,STARLINK-37232,7.3373,7.375,5.362,476.8,0.7114,21.2,0
4758,STARLINK-30812,STARLINK-37236,9.1245,9.257,6.63,482.7,0.711,21.2,0
4759,STARLINK-2598,STARLINK-37592,8.6837,9.214,6.316,473.3,0.711,21.2,0
4760,STARLINK-5018,STARLINK-35549,9.0493,9.162,6.572,479.1,0.7105,21.2,0
4761,PCSAT (NO-44),SHIYAN-20C (SY-20C),4.1002,7.97,3.055,791.6,0.7104,21.2,0
4762,STARLINK-32084,STARLINK-35413,9.2253,9.334,6.695,479.0,0.7103,21.2,0
4763,STARLINK-1573,STARLINK-32207,8.4563,8.624,6.146,466.5,0.71,21.2,0
4764,STARLINK-5836,STARLINK-32408,6.9232,8.964,5.055,492.4,0.7097,21.2,0
4765,STARLINK-2346,STARLINK-35183,3.8884,4.98,2.899,485.3,0.7091,21.2,0
4766,STARLINK-31766,STARLINK-37620,9.2771,9.809,6.719,468.6,0.709,21.2,0
4767,STARLINK-2755,STARLINK-34966,7.8963,9.756,5.738,476.6,0.7087,21.2,0
4768,STARLINK-3743,STARLINK-36390,7.9941,8.19,5.807,474.5,0.7087,21.2,0
4769,STARLINK-5186,STARLINK-32722,6.5497,6.617,4.783,475.3,0.7086,21.2,0
4770,STARLINK-31595,STARLINK-35577,6.2621,8.734,4.576,490.1,0.7081,21.1,0
4771,KUIPER-00010,KUIPER-00436,7.5481,9.971,5.48,639.0,0.7073,21.1,0
4772,STARLINK-31123,STARLINK-37609,7.9118,8.17,5.737,473.0,0.7072,21.1,0
4773,STARLINK-31206,STARLINK-33822,5.2299,5.805,3.839,492.6,0.707,21.1,0
4774,STARLINK-3861,STARLINK-4438,9.0612,9.454,6.542,543.9,0.7064,21.1,0
4775,STARLINK-6280,STARLINK-32571,6.8857,8.848,5.003,484.0,0.7061,21.1,0
4776,STARLINK-31679,STARLINK-36611,4.828,5.255,3.549,492.2,0.7058,21.1,0
4777,STARLINK-4091,STARLINK-32644,5.5239,9.945,4.037,481.3,0.7053,21.1,0
4778,STARLINK-5371,STARLINK-36659,8.5844,8.883,6.186,484.8,0.7042,21.1,0
4779,STARLINK-36612,STARLINK-36391,0.6714,4.242,0.613,464.4,0.7035,21.0,0
4780,STARLINK-30891,STARLINK-33866,1.6752,2.236,1.319,492.2,0.7034,21.0,0
4781,STARLINK-1992,STARLINK-37516,8.4453,8.447,6.077,479.8,0.7029,21.0,0
4782,STARLINK-31961,STARLINK-32462,1.6632,3.038,1.31,484.3,0.7031,21.0,0
4783,STARLINK-31978,STARLINK-33768,8.6545,9.527,6.222,479.1,0.7027,21.0,0
4784,STARLINK-30155,STARLINK-32818,8.6946,8.701,6.249,480.5,0.7026,21.0,0
4785,STARLINK-4670,STARLINK-5023,6.4393,9.999,4.664,489.0,0.7025,21.0,0
4786,STARLINK-30479,STARLINK-33680,8.595,8.926,6.176,485.2,0.7022,21.0,0
4787,ONEWEB-0139,ONEWEB-0398,5.1947,7.898,3.788,1231.8,0.7022,21.0,0
4788,STARLINK-33594,STARLINK-37152,9.5626,9.726,6.853,472.7,0.702,21.0,0
4789,STARLINK-36784,STARLINK-37501,8.9541,9.303,6.421,476.3,0.7014,21.0,0
4790,STARLINK-3153,STARLINK-36704,8.4589,8.735,6.072,474.8,0.7012,21.0,0
4791,STARLINK-34625,STARLINK-36567,8.9147,9.095,6.391,468.8,0.7012,21.0,0
4792,STARLINK-6350,STARLINK-32797,6.9958,9.635,5.044,484.5,0.701,21.0,0
4793,STARLINK-3944,LEMUR-2-UNTITLED-SC,9.2872,9.496,6.649,550.1,0.7008,21.0,0
4794,GEESAT-2 07,KUIPER-00121,9.7027,9.747,6.94,628.1,0.7008,21.0,0
4795,STARLINK-30800,STARLINK-31898,8.6024,8.735,6.165,484.6,0.7004,21.0,0
4796,STARLINK-36391,STARLINK-36707,8.3187,8.361,5.966,480.3,0.7003,21.0,0
4797,STARLINK-33579,STARLINK-36667,8.4191,8.42,6.033,479.0,0.7,21.0,0
4798,STARLINK-3535,STARLINK-6207,8.3686,8.37,5.996,493.8,0.6998,20.9,0
4799,STARLINK-31882,STARLINK-32460,1.603,5.325,1.262,492.4,0.6999,20.9,0
4800,STARLINK-30755,STARLINK-32639,1.7616,2.57,1.372,484.2,0.6994,20.9,0
4801,STARLINK-4267,STARLINK-34000,6.7498,7.031,4.858,472.9,0.699,20.9,0
4802,STARLINK-4268,STARLINK-35399,6.6492,6.662,4.787,474.5,0.6989,20.9,0
4803,STARLINK-30753,STARLINK-32120,7.1829,7.242,5.158,481.4,0.6986,20.9,0
4804,STARLINK-4554,STARLINK-31471,4.2254,4.227,3.09,486.9,0.6982,20.9,0
4805,STARLINK-3706,STARLINK-34603,7.7596,9.22,5.551,473.8,0.6974,20.9,0
4806,LEMUR-2-GREENBERG,STARLINK-3632,9.6631,9.771,6.877,467.8,0.6972,20.9,0
4807,STARLINK-2703,STARLINK-35518,9.6774,9.751,6.879,485.3,0.6964,20.9,0
4808,STARLINK-5747,STARLINK-36534,6.6367,7.367,4.756,484.9,0.6957,20.9,0
4809,STARLINK-4267,STARLINK-32341,4.7305,9.908,3.427,490.5,0.6951,20.8,0
4810,STARLINK-2237,STARLINK-31437,9.8803,9.968,7.006,466.5,0.695,20.8,0
4811,STARLINK-5536,STARLINK-36113,8.7244,8.819,6.188,492.3,0.6934,20.8,0
4812,STARLINK-2123,BANDWAGON-2 OBJECT D,5.7698,8.962,4.133,471.4,0.6923,20.8,0
4813,STARLINK-4574,STARLINK-35441,3.2018,8.975,2.354,463.2,0.692,20.8,0
4814,STARLINK-30438,STARLINK-33604,9.7959,9.977,6.916,480.1,0.6919,20.8,0
4815,STARLINK-4180,STARLINK-34867,7.9062,8.593,5.605,479.8,0.6914,20.8,0
4816,WARATAH SEED-1,STARLINK-34638,8.1654,8.445,5.778,468.9,0.6907,20.7,0
4817,STARLINK-3696,STARLINK-31986,5.7934,6.855,4.136,485.7,0.6901,20.7,0
4818,EXCITE,STARLINK-34793,6.683,9.418,4.746,549.7,0.6895,20.7,0
4819,STARLINK-3836,YAOGAN-43 01F,4.5932,9.297,3.304,472.4,0.6893,20.7,0
4820,STARLINK-34925,STARLINK-35158,9.074,9.159,6.385,469.0,0.6885,20.7,0
4821,STARLINK-2213,STARLINK-36674,8.5746,8.902,6.036,479.7,0.6879,20.7,0
4822,STARLINK-34659,STARLINK-37179,8.2206,8.265,5.789,478.3,0.6875,20.7,0
4823,STARLINK-32025,STARLINK-36997,3.1854,7.804,2.326,461.8,0.6871,20.6,0
4824,STARLINK-4212,STARLINK-32608,8.3777,8.535,5.886,491.2,0.6862,20.6,0
4825,STARLINK-2178,STARLINK-31084,9.6916,9.692,6.785,487.9,0.6859,20.6,0
4826,STARLINK-33713,STARLINK-36541,7.2377,9.519,5.099,485.8,0.6856,20.6,0
4827,LEMUR-2-EMBRIONOVIS,STARLINK-35408,8.389,8.435,5.886,466.4,0.6853,20.6,0
4828,STARLINK-5124,STARLINK-31366,7.1068,7.294,5.007,481.0,0.6853,20.6,0
4829,STARLINK-34527,STARLINK-37511,8.6749,8.675,6.067,464.0,0.6836,20.6,0
4830,STARLINK-3976,STARLINK-30268,6.2372,7.805,4.399,491.2,0.6834,20.6,0
4831,STARLINK-4710,STARLINK-36989,5.3408,6.006,3.783,463.8,0.6828,20.6,0
4832,STARLINK-5021,STARLINK-31768,5.563,7.281,3.933,491.3,0.6825,20.5,0
4833,STARLINK-3075,STARLINK-31229,7.3734,7.53,5.166,463.6,0.6821,20.5,0
4834,STARLINK-3591,STARLINK-35989,8.1351,8.284,5.685,487.5,0.6821,20.5,0
4835,STARLINK-32148,STARLINK-36245,9.2684,9.27,6.456,467.0,0.6818,20.5,0
4836,STARLINK-3577,STARLINK-36952,4.4026,8.72,3.138,473.8,0.6818,20.5,0
4837,HAWK-11C,STARLINK-36768,9.896,9.968,6.871,475.7,0.6806,20.5,0
4838,CARTOSAT-2A,KUIPER-00112,8.7614,9.504,6.091,634.2,0.6797,20.5,0
4839,STARLINK-2298,STARLINK-11740 [DTC],9.0672,9.142,6.292,354.5,0.679,20.5,0
4840,STARLINK-35249,STARLINK-37307,8.5782,9.689,5.953,481.4,0.6782,20.4,0
4841,STARLINK-3286,STARLINK-30092,9.7035,9.705,6.714,487.4,0.6779,20.4,0
4842,STARLINK-32567,STARLINK-36660,1.28,3.729,1.003,484.2,0.6777,20.4,0
4843,STARLINK-4164,STARLINK-35317,6.5265,7.344,4.56,463.3,0.6779,20.4,0
4844,STARLINK-5775,STARLINK-35461,5.05,8.791,3.558,490.3,0.6777,20.4,0
4845,STARLINK-30951,STARLINK-35980,1.7675,5.182,1.333,484.2,0.6775,20.4,0
4846,STARLINK-3762,STARLINK-37391,8.6522,9.392,5.998,475.4,0.6776,20.4,0
4847,STARLINK-31845,STARLINK-33621,3.5373,4.429,2.529,461.7,0.6767,20.4,0
4848,STARLINK-36276,STARLINK-37773,8.9515,9.15,6.191,475.8,0.6765,20.4,0
4849,STARLINK-2608,STARLINK-35200,7.8289,8.947,5.428,479.7,0.6761,20.4,0
4850,STARLINK-31196,STARLINK-34153,8.9878,8.988,6.212,491.9,0.6761,20.4,0
4851,STARLINK-2346,STARLINK-35709,7.4105,8.665,5.144,480.5,0.6759,20.4,0
4852,STARLINK-31872,STARLINK-35402,7.7801,9.196,5.39,480.2,0.6754,20.4,0
4853,STARLINK-5801,STARLINK-32915,5.1448,8.374,3.61,484.1,0.6754,20.4,0
4854,STARLINK-5212,STARLINK-31361,8.643,8.703,5.972,466.4,0.6753,20.4,0
4855,STARLINK-2454,STARLINK-32919,9.3593,9.429,6.451,487.7,0.6748,20.4,0
4856,STARLINK-31871,STARLINK-36039,1.7647,9.727,1.326,492.8,0.6749,20.4,0
4857,ASTROCAST-0403,STARLINK-37197,8.6598,9.63,5.972,480.9,0.6741,20.3,0
4858,STARLINK-31294,STARLINK-31545,5.4221,5.424,3.789,490.2,0.6739,20.3,0
4859,STARLINK-6062,STARLINK-34063,9.835,9.962,6.761,487.6,0.6737,20.3,0
4860,STARLINK-3616,STARLINK-33621,6.5172,6.537,4.524,462.0,0.6735,20.3,0
4861,STARLINK-37070,STARLINK-37435,3.6211,4.826,2.573,476.3,0.6734,20.3,0
4862,STARLINK-3589,STARLINK-35099,9.4057,9.472,6.464,461.1,0.6729,20.3,0
4863,STARLINK-31307,STARLINK-36485,1.7307,2.921,1.299,492.1,0.6728,20.3,0
4864,STARLINK-5240,STARLINK-34463,6.9753,6.975,4.824,462.1,0.6723,20.3,0
4865,STARLINK-31127,STARLINK-36669,8.5779,8.929,5.899,481.4,0.672,20.3,0
4866,STARLINK-35494,STARLINK-36604,8.5544,8.626,5.883,471.2,0.672,20.3,0
4867,TEVEL2-4,STARLINK-35496,8.6398,8.657,5.937,471.6,0.6716,20.3,0
4868,STARLINK-31697,KUIPER-00304,6.4966,7.518,4.494,491.5,0.6711,20.3,0
4869,STARLINK-30440,STARLINK-35780,7.2487,9.545,4.996,492.5,0.6707,20.3,0
4870,STARLINK-31842,STARLINK-33827,1.708,7.546,1.279,492.8,0.6703,20.3,0
4871,STARLINK-32186,STARLINK-35490,0.4857,8.745,0.459,475.1,0.6694,20.2,0
4872,STARLINK-32648,STARLINK-35359,8.8488,8.937,6.053,475.2,0.6689,20.2,0
4873,STARLINK-6140,STARLINK-31984,8.7631,9.102,5.995,480.3,0.6689,20.2,0
4874,STARLINK-4564,STARLINK-5246,8.9955,9.126,6.149,493.9,0.6687,20.2,0
4875,STARLINK-36894,STARLINK-37059,8.773,8.959,5.996,470.7,0.6682,20.2,0
4876,STARLINK-30932,STARLINK-34223,1.7977,3.698,1.334,492.6,0.6678,20.2,0
4877,STARLINK-33871,STARLINK-34242,5.0971,5.097,3.53,489.7,0.6664,20.2,0
4878,STARLINK-31735,STARLINK-32679,9.431,9.989,6.418,480.1,0.6664,20.2,0
4879,STARLINK-31927,STARLINK-35600,9.4874,9.891,6.455,485.2,0.6663,20.2,0
4880,STARLINK-2436,STARLINK-3730,8.7116,8.997,5.934,466.6,0.6659,20.2,0
4881,STARLINK-32162,STARLINK-34050,4.7942,5.589,3.316,489.7,0.664,20.1,0
4882,STARLINK-6083,STARLINK-34070,1.7612,4.898,1.302,484.4,0.6639,20.1,0
4883,COSMOS 2550,STARLINK-4399,5.7997,7.788,3.979,474.4,0.6632,20.1,0
4884,STARLINK-32235,STARLINK-37097,2.9919,6.703,2.115,474.2,0.6626,20.1,0
4885,STARLINK-2575,STARLINK-31772,7.7473,8.475,5.265,479.2,0.6625,20.1,0
4886,STARLINK-3612,STARLINK-36959,7.3341,7.735,4.985,463.4,0.6617,20.1,0
4887,STARLINK-5050,STARLINK-36951,6.4287,7.007,4.385,481.3,0.6615,20.0,0
4888,STARLINK-30532,STARLINK-31336,9.2436,9.244,6.244,480.3,0.6612,20.0,0
4889,STARLINK-5375,STARLINK-36516,7.3844,9.855,5.014,492.5,0.6611,20.0,0
4890,STARLINK-32616,STARLINK-32902,5.5836,9.886,3.822,492.9,0.6608,20.0,0
4891,XCUBE-1,KUIPER-00622,7.4384,7.541,5.047,484.9,0.6607,20.0,0
4892,STARLINK-3634,STARLINK-33588,7.1024,9.191,4.822,474.4,0.6603,20.0,0
4893,STARLINK-31407,STARLINK-34119,5.7359,6.802,3.912,484.3,0.659,20.0,0
4894,ONEWEB-0021,ONEWEB-0119,8.3056,8.957,5.599,1233.7,0.6583,20.0,0
4895,MESON-1,STARLINK-35554,8.8418,8.843,5.944,476.6,0.6574,20.0,0
4896,ONEWEB-0178,ONEWEB-0198,5.6115,5.631,3.817,1205.7,0.6568,19.9,0
4897,STARLINK-6223,STARLINK-36258,7.574,7.576,5.103,491.9,0.6564,19.9,0
4898,STARLINK-3249,STARLINK-35664,8.1977,8.586,5.505,460.8,0.6555,19.9,0
4899,STARLINK-5366,STARLINK-35409,7.2626,7.302,4.89,489.8,0.6553,19.9,0
4900,STARLINK-34566,STARLINK-37091,3.7011,7.145,2.554,461.7,0.6547,19.9,0
4901,STARLINK-35177,STARLINK-37391,0.774,8.354,0.638,481.5,0.655,19.9,0
4902,STARLINK-4166,STARLINK-34763,7.1364,9.273,4.799,460.5,0.6541,19.9,0
4903,STARLINK-31861,STARLINK-33801,7.4897,8.192,5.027,492.2,0.6537,19.9,0
4904,STARLINK-31949,STARLINK-33916,9.2223,9.792,6.157,484.7,0.6534,19.9,0
4905,STARLINK-31675,STARLINK-33825,8.7505,8.877,5.841,480.1,0.6526,19.8,0
4906,STARLINK-3323,STARLINK-32714,5.1991,8.852,3.523,492.5,0.6525,19.8,0
4907,STARLINK-31676,STARLINK-36532,1.7606,6.849,1.279,484.3,0.6524,19.8,0
4908,STARLINK-3203,STARLINK-35452,8.2907,9.664,5.539,473.7,0.6524,19.8,0
4909,EDISON-1,STARLINK-35131,8.7281,8.739,5.819,470.8,0.6518,19.8,0
4910,STARLINK-30290,STARLINK-31438,9.4253,9.449,6.273,480.7,0.6517,19.8,0
4911,STARLINK-5246,STARLINK-5850,6.9006,6.95,4.626,485.3,0.6515,19.8,0
4912,STARLINK-4207,STARLINK-36155,5.3085,9.141,3.585,473.7,0.6508,19.8,0
4913,STARLINK-33934,STARLINK-35960,6.4753,8.447,4.343,489.7,0.6506,19.8,0
4914,STARLINK-31115,STARLINK-32742,7.4875,9.52,4.999,492.4,0.6503,19.8,0
4915,STARLINK-3274,STARLINK-4595,3.408,3.491,2.344,485.2,0.6497,19.8,0
4916,STARLINK-3998,STARLINK-30868,8.5528,8.557,5.675,460.4,0.6484,19.7,0
4917,STARLINK-5531,YAOGAN-43 03B,9.6774,9.824,6.403,490.1,0.6482,19.7,0
4918,STARLINK-32426,STARLINK-35449,8.9698,9.272,5.941,490.2,0.6479,19.7,0
4919,STARLINK-5348,STARLINK-30880,9.3047,9.397,6.151,485.1,0.6472,19.7,0
4920,STARLINK-5126,STARLINK-35903,7.7637,8.033,5.151,481.0,0.6468,19.7,0
4921,STARLINK-5444,STARLINK-37119,9.0475,9.631,5.977,479.4,0.6463,19.7,0
4922,FLOCK 4G-30,STARLINK-35093,9.4254,9.638,6.219,468.9,0.6461,19.7,0
4923,STARLINK-35024,STARLINK-35208,9.3324,9.337,6.156,479.1,0.6458,19.7,0
4924,STARLINK-36165,KUIPER-00627,8.3288,8.56,5.507,466.3,0.6457,19.7,0
4925,STARLINK-31529,STARLINK-36064,8.3781,9.944,5.539,476.4,0.6457,19.7,0
4926,STARLINK-32355,STARLINK-32450,1.8219,3.836,1.305,484.7,0.6454,19.7,0
4927,STARLINK-35115,STARLINK-36379,0.7912,8.155,0.639,464.4,0.6447,19.7,0
4928,STARLINK-31142,STARLINK-31344,7.4188,8.033,4.911,490.6,0.6446,19.6,0
4929,STARLINK-2404,STARLINK-3331,6.6481,7.403,4.412,480.7,0.6443,19.6,0
4930,STARLINK-3618,STARLINK-36127,6.3815,7.39,4.239,460.3,0.6441,19.6,0
4931,STARLINK-1554,STARLINK-5470,7.6324,7.654,5.043,480.5,0.6439,19.6,0
4932,STARLINK-33955,STARLINK-34423,8.2436,9.556,5.436,489.7,0.6438,19.6,0
4933,STARLINK-33641,STARLINK-36578,8.8018,9.871,5.792,474.8,0.6434,19.6,0
4934,STARLINK-36353,STARLINK-37199,8.7903,8.826,5.772,479.7,0.642,19.6,0
4935,STARLINK-3934,STARLINK-33723,2.727,2.746,1.877,491.5,0.6413,19.6,0
4936,STARLINK-6083,STARLINK-34070,1.8287,2.18,1.3,492.3,0.6408,19.6,0
4937,STARLINK-5084,STARLINK-35210,5.34,5.422,3.546,490.4,0.6401,19.5,0
4938,STARLINK-31133,STARLINK-34182,9.4035,9.406,6.147,484.8,0.6401,19.5,0
4939,2023-189A,STARLINK-32515,9.4197,9.525,6.153,475.6,0.6396,19.5,0
4940,KSM1-D,STARLINK-35572,9.2375,9.601,6.032,491.5,0.6392,19.5,0
4941,STARLINK-36349,STARLINK-37067,9.0427,9.494,5.899,470.7,0.6382,19.5,0
4942,STARLINK-3907,STARLINK-32774,8.2194,8.221,5.372,488.2,0.6381,19.5,0
4943,STARLINK-35413,STARLINK-36354,9.9744,9.996,6.49,475.9,0.6379,19.5,0
4944,STARLINK-3240,STARLINK-32634,0.49,2.073,0.44,475.3,0.6377,19.5,0
4945,STARLINK-2389,STARLINK-35125,9.3572,9.734,6.095,479.3,0.6377,19.5,0
4946,STARLINK-3203,STARLINK-3295,6.38,9.546,4.192,475.0,0.6371,19.5,0
4947,STARLINK-3607,STARLINK-32036,6.3303,6.37,4.159,463.6,0.6369,19.5,0
4948,STARLINK-4596,STARLINK-31994,8.6264,8.832,5.615,466.2,0.6362,19.4,0
4949,WT 1B,STARLINK-30452,7.4756,7.969,4.881,480.8,0.6359,19.4,0
4950,STARLINK-4159,STARLINK-35748,4.4241,4.921,2.938,460.9,0.6354,19.4,0
4951,STARLINK-5448,STARLINK-36059,3.4635,7.801,2.327,475.1,0.6352,19.4,0
4952,STARLINK-2618,STARLINK-36857,8.2446,8.275,5.355,466.3,0.6341,19.4,0
4953,STARLINK-31514,STARLINK-33664,1.8537,2.095,1.302,492.8,0.634,19.4,0
4954,STARLINK-32208,STARLINK-33689,8.9231,9.285,5.777,480.3,0.6332,19.4,0
4955,STARLINK-4291,STARLINK-31517,6.8037,9.611,4.429,463.4,0.6324,19.3,0
4956,AEROCUBE 8D,STARLINK-3591,8.9988,9.034,5.816,500.8,0.6323,19.3,0
4957,STARLINK-34653,STARLINK-37428,7.1345,7.136,4.634,466.5,0.6318,19.3,0
4958,STARLINK-5509,STARLINK-33907,1.9118,5.308,1.333,484.0,0.6312,19.3,0
4959,STARLINK-3765,STARLINK-5429,9.1207,9.983,5.879,467.7,0.6307,19.3,0
4960,JILIN-1 GAOFEN 3A,STARLINK-5280,6.4314,6.44,4.181,465.3,0.6305,19.3,0
4961,STARLINK-5691,STARLINK-32919,7.8068,7.94,5.048,492.4,0.6305,19.3,0
4962,STARLINK-31973,STARLINK-35743,1.8555,8.234,1.295,484.5,0.63,19.3,0
4963,STARLINK-35599,STARLINK-36791,9.0933,9.43,5.855,474.8,0.63,19.3,0
4964,STARLINK-4040,STARLINK-33829,7.0993,7.391,4.596,466.9,0.6296,19.3,0
4965,STARLINK-3569,STARLINK-36997,9.5834,9.82,6.151,460.8,0.6287,19.3,0
4966,STARLINK-30553,STARLINK-32960,7.8921,8.462,5.085,492.4,0.6284,19.3,0
4967,STARLINK-3129,MONITOR-4 (RS57S),9.5791,9.703,6.145,483.6,0.6284,19.3,0
4968,STARLINK-11194 [DTC],STARLINK-11571 [DTC],6.8721,6.893,4.444,357.7,0.6284,19.3,0
4969,STARLINK-2674,STARLINK-31035,8.1466,8.328,5.243,466.0,0.6282,19.2,0
4970,STARLINK-5892,VERTECS,5.8427,9.239,3.795,580.6,0.628,19.2,0
4971,STARLINK-2639,STARLINK-34923,9.4411,9.73,6.053,479.9,0.6278,19.2,0
4972,STARLINK-4150,STARLINK-36320,2.5594,6.758,1.732,473.7,0.6277,19.2,0
4973,STARLINK-3717,STARLINK-32846,5.1352,5.334,3.347,463.3,0.6273,19.2,0
4974,STARLINK-4199,STARLINK-6344,4.3039,8.169,2.822,482.9,0.6266,19.2,0
4975,STARLINK-3113,STARLINK-34236,0.4948,2.408,0.435,475.2,0.6261,19.2,0
4976,STARLINK-6363,STARLINK-36464,0.3726,4.839,0.359,484.0,0.627,19.2,0
4977,STARLINK-6155,STARLINK-34672,8.8277,9.532,5.648,480.1,0.6256,19.2,0
4978,STARLINK-3966,STARLINK-36332,9.1318,9.132,5.831,466.1,0.6249,19.2,0
4979,STARLINK-4596,FLOCK 4G-22,9.3504,9.493,5.961,485.3,0.6242,19.2,0
4980,STARLINK-32194,STARLINK-37424,0.5418,4.789,0.463,461.7,0.6242,19.2,0
4981,STARLINK-32678,KUIPER-00543,7.3812,7.565,4.731,448.4,0.624,19.1,0
4982,YAOGAN-35 05A,AGGIESAT6 (AGS6),9.4144,9.523,5.998,504.3,0.6239,19.1,0
4983,STARLINK-3157,STARLINK-36837,6.0946,7.325,3.925,476.8,0.6236,19.1,0
4984,STARLINK-11481 [DTC],STARLINK-11640 [DTC],2.2226,8.315,1.511,361.1,0.6237,19.1,0
4985,STARLINK-2545,STARLINK-35883,8.185,9.728,5.223,480.1,0.6229,19.1,0
4986,STARLINK-33857,STARLINK-36686,9.4264,9.427,5.992,466.3,0.6225,19.1,0
4987,KSM1-C,STARLINK-31183,2.5816,2.729,1.731,486.2,0.6223,19.1,0
4988,STARLINK-5371,STARLINK-36512,3.5136,6.619,2.31,493.0,0.622,19.1,0
4989,STARLINK-31777,STARLINK-36031,1.8736,2.462,1.29,492.9,0.6221,19.1,0
4990,STARLINK-5348,STARLINK-32662,7.9772,7.978,5.084,484.7,0.6217,19.1,0
4991,STARLINK-35532,STARLINK-35331,7.7368,7.881,4.932,489.3,0.6214,19.1,0
4992,STARLINK-3737,STARLINK-36878,9.2607,9.409,5.878,474.9,0.6213,19.1,0
4993,STARLINK-4493,STARLINK-36568,9.1433,9.225,5.802,476.3,0.621,19.1,0
4994,STARLINK-35365,STARLINK-37032,3.2317,9.936,2.13,461.8,0.6207,19.1,0
4995,STARLINK-30916,STARLINK-32188,8.0432,8.432,5.116,479.3,0.6206,19.1,0
4996,STARLINK-34561,STARLINK-36600,4.5892,7.255,2.972,490.3,0.6206,19.1,0
4997,STARLINK-31528,STARLINK-35951,9.8574,9.874,6.233,476.1,0.6197,19.0,0
4998,STARLINK-4183,STARLINK-36729,2.007,3.88,1.367,491.4,0.6194,19.0,0
4999,STARLINK-35085,STARLINK-37096,9.2438,9.988,5.847,478.6,0.6191,19.0,0
5000,STARLINK-33796,STARLINK-36488,6.737,9.684,4.289,489.6,0.6183,19.0,0
5001,STARLINK-2106,STARLINK-36395,9.1405,9.544,5.774,476.2,0.6182,19.0,0
5002,STARLINK-31838,STARLINK-34361,9.7258,9.782,6.135,466.2,0.6181,19.0,0
5003,STARLINK-37856,STARLINK-37229,4.5347,4.874,2.923,463.5,0.6174,19.0,0
5004,STARLINK-33937,STARLINK-33907,6.7833,8.32,4.31,490.3,0.6172,19.0,0
5005,STARLINK-31579,STARLINK-36067,9.1433,9.575,5.754,489.8,0.6158,18.9,0
5006,STARLINK-35638,STARLINK-36579,9.8872,9.955,6.21,475.7,0.6156,18.9,0
5007,STARLINK-30226,STARLINK-33612,2.0019,2.802,1.355,492.4,0.6154,18.9,0
5008,STARLINK-31136,STARLINK-37273,3.2298,4.189,2.11,475.4,0.6152,18.9,0
5009,STARLINK-37011,STARLINK-37303,9.1311,9.446,5.741,472.5,0.6153,18.9,0
5010,STARLINK-35075,STARLINK-37663,9.9252,9.983,6.226,480.4,0.6149,18.9,0
5011,STARLINK-36567,STARLINK-36856,9.4827,9.575,5.954,481.0,0.6149,18.9,0
5012,STARLINK-32633,STARLINK-37519,9.4956,9.569,5.959,474.9,0.6146,18.9,0
5013,FLOCK 4G-28,STARLINK-35725,5.1987,7.248,3.317,477.9,0.6144,18.9,0
5014,STARLINK-33564,STARLINK-35531,5.1293,6.597,3.274,489.7,0.6143,18.9,0
5015,STARLINK-2603,STARLINK-34310,8.6431,9.292,5.428,472.5,0.6138,18.9,0
5016,STARLINK-3828,STARLINK-30085,7.6283,9.927,4.801,484.0,0.6133,18.9,0
5017,STARLINK-4615,STARLINK-4722,6.1669,6.258,3.903,488.0,0.613,18.9,0
5018,STARLINK-2703,STARLINK-35927,6.179,6.325,3.908,472.3,0.6126,18.9,0
5019,STARLINK-3244,STARLINK-34219,8.0757,9.417,5.07,466.1,0.6126,18.9,0
5020,STARLINK-32567,STARLINK-34203,3.9988,4.17,2.568,492.7,0.6116,18.8,0
5021,STARLINK-5527,SOAP,5.7202,7.052,3.62,584.7,0.6115,18.8,0
5022,STARLINK-3162,STARLINK-32226,3.7638,8.403,2.424,476.3,0.6115,18.8,0
5023,STARLINK-31586,STARLINK-33688,6.3204,7.769,3.986,489.7,0.6113,18.8,0
5024,STARLINK-2712,STARLINK-30277,8.2744,8.396,5.178,481.3,0.611,18.8,0
5025,STARLINK-6108,STARLINK-32221,7.1942,8.28,4.518,490.2,0.611,18.8,0
5026,JILIN-1 GAOFEN 03D50,STARLINK-36832,7.6268,7.691,4.782,462.1,0.611,18.8,0
5027,STARLINK-31387,STARLINK-33868,8.4012,9.835,5.253,479.9,0.6107,18.8,0
5028,STARLINK-3133,EDISON-1,9.4684,9.487,5.9,469.3,0.6102,18.8,0
5029,STARLINK-3538,STARLINK-37607,3.3321,6.072,2.15,476.5,0.6087,18.8,0
5030,STARLINK-30299,STARLINK-34672,9.6632,9.845,5.996,480.0,0.6079,18.8,0
5031,STARLINK-5721,STARLINK-31595,5.0035,5.202,3.162,490.1,0.6077,18.7,0
5032,STARLINK-31373,STARLINK-37209,0.5939,9.723,0.482,461.6,0.6071,18.7,0
5033,STARLINK-30089,STARLINK-36458,8.0863,9.619,5.029,484.8,0.6069,18.7,0
5034,STARLINK-4261,STARLINK-30801,7.0481,7.081,4.398,487.7,0.6068,18.7,0
5035,STARLINK-6329,STARLINK-35904,9.2701,9.625,5.745,480.4,0.6066,18.7,0
5036,STARLINK-31490,STARLINK-32653,5.7339,9.989,3.599,490.1,0.6065,18.7,0
5037,STARLINK-30407,STARLINK-32287,5.896,6.31,3.697,490.3,0.6065,18.7,0
5038,STARLINK-31827,STARLINK-35526,4.3628,9.189,2.766,485.6,0.6062,18.7,0
5039,ONEWEB-0368,ONEWEB-0680,6.0978,6.697,3.815,1178.0,0.6058,18.7,0
5040,STARLINK-3619,STARLINK-36075,3.3729,6.49,2.163,475.3,0.6054,18.7,0
5041,STARLINK-35337,STARLINK-36930,9.7453,9.903,6.013,474.9,0.6046,18.7,0
5042,STARLINK-6378,STARLINK-32687,2.0302,2.28,1.348,492.5,0.6044,18.7,0
5043,STARLINK-3913,STARLINK-36656,8.6113,8.668,5.315,479.7,0.6032,18.6,0
5044,STARLINK-5902,STARLINK-35179,5.2701,7.626,3.294,490.0,0.6022,18.6,0
5045,STARLINK-2634,STARLINK-37173,9.3863,9.435,5.771,487.8,0.602,18.6,0
5046,STARLINK-2519,STARLINK-36388,9.3318,9.708,5.738,476.8,0.602,18.6,0
5047,STARLINK-5608,STARLINK-36415,1.949,2.247,1.293,484.0,0.6017,18.6,0
5048,STARLINK-11594 [DTC],STARLINK-11731 [DTC],7.8897,8.355,4.867,363.4,0.6016,18.6,0
5049,STARLINK-5805,STARLINK-32904,1.9278,3.232,1.28,492.5,0.6016,18.6,0
5050,STARLINK-3826,STARLINK-36609,9.3404,9.636,5.731,474.4,0.6007,18.6,0
5051,STARLINK-3838,CSC-1,9.349,9.377,5.735,540.9,0.6006,18.6,0
5052,STARLINK-31379,STARLINK-37682,0.4719,7.993,0.403,461.7,0.5998,18.6,0
5053,STARLINK-11640 [DTC],STARLINK-11712 [DTC],9.777,9.885,5.989,363.7,0.6003,18.6,0
5054,STARLINK-3611,STARLINK-33568,6.4577,6.562,3.992,462.3,0.5996,18.5,0
5055,STARLINK-1543,STARLINK-36554,9.2394,9.246,5.655,487.7,0.5991,18.5,0
5056,STARLINK-3162,STARLINK-32247,5.5921,5.691,3.468,475.3,0.5987,18.5,0
5057,KENT RIDGE 1,STARLINK-31554,8.1299,8.132,4.986,491.4,0.5986,18.5,0
5058,STARLINK-31309,STARLINK-32794,2.4645,4.982,1.594,484.0,0.5982,18.5,0
5059,STARLINK-30165,STARLINK-35689,2.0399,6.527,1.338,484.2,0.5973,18.5,0
5060,STARLINK-35293,STARLINK-36920,8.9514,9.668,5.465,480.7,0.5972,18.5,0
5061,FLOCK 4G-21,STARLINK-35543,9.5939,9.594,5.844,479.1,0.5967,18.5,0
5062,STARLINK-4274,STARLINK-35362,5.5468,5.655,3.417,486.7,0.5946,18.4,0
5063,YAOGAN-43 01B,STARLINK-37126,6.291,8.328,3.855,462.9,0.5939,18.4,0
5064,STARLINK-31403,STARLINK-33861,5.7996,6.809,3.559,483.9,0.5932,18.4,0
5065,STARLINK-3881,STARLINK-6307,4.0273,4.043,2.506,483.7,0.5928,18.4,0
5066,STARLINK-5127,STARLINK-36131,5.3627,5.396,3.297,481.4,0.5927,18.4,0
5067,STARLINK-2741,STARLINK-32800,9.3097,9.777,5.633,487.5,0.5923,18.4,0
5068,SHIYAN-1 (SY-1),STARLINK-34990,8.7003,9.263,5.269,477.7,0.592,18.4,0
5069,STARLINK-4619,STARLINK-32155,6.4391,7.401,3.929,486.1,0.5918,18.4,0
5070,ONEWEB-0134,ONEWEB-0149,6.2118,6.422,3.794,1227.8,0.5917,18.4,0
5071,STARLINK-3972,STARLINK-32873,7.8765,7.97,4.779,474.0,0.5917,18.4,0
5072,STARLINK-31744,STARLINK-33941,8.3181,9.656,5.039,492.3,0.5916,18.4,0
5073,STARLINK-1556,STARLINK-36492,9.1158,9.304,5.51,487.9,0.5915,18.3,0
5074,STARLINK-30071,STARLINK-32714,2.0452,4.225,1.328,484.1,0.5915,18.3,0
5075,STARLINK-35720,STARLINK-36770,8.2318,9.194,4.986,479.9,0.5913,18.3,0
5076,STARLINK-2492,STARLINK-5712,9.4778,9.628,5.722,488.0,0.5913,18.3,0
5077,NANOSATC-BR1,STARLINK-36626,5.9968,9.563,3.658,464.5,0.5903,18.3,0
5078,STARLINK-31912,STARLINK-35977,1.9152,4.186,1.248,484.7,0.59,18.3,0
5079,STARLINK-32093,STARLINK-32781,4.2178,4.285,2.606,492.6,0.5899,18.3,0
5080,STARLINK-30755,STARLINK-32639,2.1234,8.238,1.371,492.4,0.5901,18.3,0
5081,KANOPUS-V-IK,STARLINK-3907,9.7197,9.772,5.847,505.1,0.5894,18.3,0
5082,STARLINK-3934,STARLINK-36608,6.6916,8.579,4.059,491.5,0.589,18.3,0
5083,STARLINK-31988,STARLINK-35211,4.7343,4.83,2.904,461.7,0.5885,18.3,0
5084,STARLINK-4619,STARLINK-5348,8.9371,8.945,5.37,480.3,0.5877,18.3,0
5085,STARLINK-3290,STARLINK-35955,8.4506,8.533,5.083,475.7,0.5876,18.3,0
5086,STARLINK-11083 [DTC],STARLINK-11710 [DTC],7.0332,9.309,4.248,358.6,0.5873,18.2,0
5087,WT 1B,STARLINK-31266,5.9255,6.421,3.597,495.2,0.5872,18.2,0
5088,STARLINK-30472,STARLINK-31685,8.3847,8.481,5.04,492.5,0.5871,18.2,0
5089,STARLINK-4364,JILIN GAOFEN OBJECT E,3.7488,4.942,2.318,548.0,0.587,18.2,0
5090,STARLINK-3584,STARLINK-34625,7.9615,8.522,4.784,476.4,0.5862,18.2,0
5091,STARLINK-2371,STARLINK-34997,8.2478,8.846,4.949,466.0,0.5858,18.2,0
5092,STARLINK-32079,STARLINK-32687,8.4948,9.511,5.089,480.0,0.5853,18.2,0
5093,STARLINK-31625,STARLINK-32093,3.7083,4.252,2.286,485.0,0.5849,18.2,0
5094,STARLINK-35031,STARLINK-35346,0.4608,8.789,0.386,475.4,0.5841,18.2,0
5095,STARLINK-5141,STARLINK-35775,8.4172,9.553,5.034,492.8,0.5842,18.2,0
5096,STARLINK-31116,STARLINK-35732,8.7611,9.192,5.23,488.1,0.5836,18.2,0
5097,STARLINK-4109,STARLINK-31291,7.3285,7.734,4.39,486.4,0.5831,18.1,0
5098,STARLINK-2500,STARLINK-30773,4.687,4.961,2.849,485.5,0.583,18.1,0
5099,STARLINK-35070,STARLINK-35428,9.3968,9.399,5.587,485.2,0.5822,18.1,0
5100,STARLINK-6225,STARLINK-35497,5.2479,7.448,3.171,489.6,0.5821,18.1,0
5101,APRIZESAT 6,AEROCUBE 7,7.6618,9.685,4.575,664.9,0.5819,18.1,0
5102,FORMOSAT 7-3,STARLINK-3761,9.1147,9.833,5.418,540.5,0.5817,18.1,0
5103,STARLINK-30182,STARLINK-34234,8.5454,9.889,5.08,492.8,0.5809,18.1,0
5104,STARLINK-30094,STARLINK-35613,6.5387,8.498,3.911,490.1,0.5804,18.1,0
5105,STARLINK-32199,STARLINK-33567,4.1928,4.258,2.549,461.8,0.5803,18.1,0
5106,STARLINK-30385,STARLINK-31939,6.2238,8.77,3.727,490.2,0.5802,18.1,0
5107,STARLINK-31948,STARLINK-35991,1.9711,5.106,1.259,492.4,0.5799,18.1,0
5108,STARLINK-31492,STARLINK-35366,8.5919,8.682,5.099,490.4,0.58,18.1,0
5109,STARLINK-5098,STARLINK-31564,8.1205,8.121,4.824,481.4,0.5798,18.1,0
5110,STARLINK-31205,STARLINK-35732,2.083,4.149,1.322,492.9,0.5791,18.0,0
5111,STARLINK-4699,STARLINK-37332,3.3699,4.495,2.065,473.7,0.5784,18.0,0
5112,STARLINK-3192,STARLINK-37051,3.1708,4.32,1.95,473.7,0.5785,18.0,0
5113,STARLINK-37168,STARLINK-37468,4.8728,5.219,2.934,463.8,0.5784,18.0,0
5114,STARLINK-3651,STARLINK-34594,5.3056,7.068,3.185,485.6,0.5785,18.0,0
5115,STARLINK-5509,STARLINK-33907,2.1085,7.466,1.333,484.0,0.5774,18.0,0
5116,ONEWEB-0013,ONEWEB-0053,3.3781,5.026,2.064,1238.9,0.5768,18.0,0
5117,STARLINK-31810,STARLINK-36650,8.5607,8.563,5.052,492.5,0.5767,18.0,0
5118,STARLINK-2703,STARLINK-35927,6.5664,6.892,3.901,485.6,0.5765,18.0,0
5119,STARLINK-33535,RAWHIDE-1,4.0027,7.77,2.419,493.6,0.5756,18.0,0
5120,ONEWEB-0373,ONEWEB-0590,6.4123,7.178,3.805,1195.8,0.5754,17.9,0
5121,STARLINK-2478,STARLINK-36364,9.7729,9.869,5.738,476.6,0.5754,17.9,0
5122,STARLINK-4304,STARLINK-34000,7.7094,7.711,4.55,467.4,0.5753,17.9,0
5123,STARLINK-6153,STARLINK-30205,7.5618,8.019,4.46,491.5,0.5746,17.9,0
5124,STARLINK-3879,STARLINK-32408,5.9325,6.524,3.522,494.8,0.5743,17.9,0
5125,STARLINK-4399,STARLINK-4640,9.8213,9.835,5.745,472.7,0.5733,17.9,0
5126,STARLINK-31740,STARLINK-31676,9.7574,9.94,5.706,490.3,0.573,17.9,0
5127,STARLINK-31276,STARLINK-36462,2.2032,2.394,1.377,492.5,0.573,17.9,0
5128,SCS-01 E,TRANSPORTER-15 OBJECT CX,0.1132,4.854,0.179,499.5,0.5715,17.9,0
5129,STARLINK-35241,STARLINK-36338,9.8242,9.901,5.743,472.0,0.5729,17.9,0
5130,STARLINK-2734,STARLINK-34716,9.6663,9.684,5.651,466.3,0.5728,17.9,0
5131,STARLINK-33706,STARLINK-35610,2.0323,9.876,1.278,492.5,0.5725,17.9,0
5132,STARLINK-3811,STARLINK-34943,5.2679,5.46,3.129,463.2,0.5722,17.9,0
5133,STARLINK-30365,STARLINK-37199,7.1624,7.63,4.211,490.1,0.572,17.9,0
5134,STARLINK-35459,STARLINK-35374,8.4499,9.106,4.944,466.2,0.5716,17.9,0
5135,STARLINK-3201,STARLINK-34427,7.1569,8.051,4.204,473.8,0.5714,17.8,0
5136,STARLINK-31325,STARLINK-31898,2.1895,3.235,1.362,493.0,0.57,17.8,0
5137,STARLINK-35926,STARLINK-36526,5.4764,8.327,3.235,489.5,0.5699,17.8,0
5138,STARLINK-3578,STARLINK-31087,2.3014,2.688,1.425,489.0,0.5697,17.8,0
5139,STARLINK-2123,BANDWAGON-2 OBJECT D,7.0497,9.775,4.128,471.4,0.5694,17.8,0
5140,STARLINK-2534,STARLINK-34330,8.5282,9.62,4.965,472.4,0.5688,17.8,0
5141,STARLINK-31427,STARLINK-32851,8.7678,9.179,5.09,489.8,0.5676,17.7,0
5142,STARLINK-36982,STARLINK-36238,7.8143,8.23,4.545,461.6,0.5671,17.7,0
5143,STARLINK-30215,STARLINK-30560,7.2226,8.022,4.206,490.3,0.5666,17.7,0
5144,STARLINK-30891,STARLINK-33866,2.1304,5.187,1.32,484.4,0.5664,17.7,0
5145,STARLINK-2387,STARLINK-32447,8.842,8.868,5.121,466.4,0.5664,17.7,0
5146,STARLINK-4534,STARLINK-36647,4.0189,7.614,2.389,491.2,0.5663,17.7,0
5147,STARLINK-4663,STARLINK-37095,3.0774,4.712,1.853,473.8,0.5654,17.7,0
5148,STARLINK-3200,STARLINK-32242,8.5769,8.66,4.963,474.1,0.5655,17.7,0
5149,STARLINK-32044,STARLINK-32167,2.8418,3.938,1.72,476.6,0.5655,17.7,0
5150,STARLINK-2423,STARLINK-32632,6.4755,8.528,3.774,470.2,0.5654,17.7,0
5151,STARLINK-5374,STARLINK-34469,5.3441,6.948,3.133,489.8,0.5651,17.7,0
5152,STARLINK-30071,STARLINK-32714,2.1478,3.309,1.326,492.6,0.5648,17.7,0
5153,STARLINK-3279,STARLINK-35197,3.9443,7.318,2.339,472.1,0.5644,17.7,0
5154,STARLINK-3755,STARLINK-33681,2.9254,8.852,1.759,460.4,0.5628,17.6,0
5155,2024-203A,STARLINK-36705,9.0617,9.372,5.208,484.1,0.5623,17.6,0
5156,STARLINK-5803,STARLINK-34621,6.0323,8.661,3.504,490.0,0.5622,17.6,0
5157,STARLINK-5227,STARLINK-30370,2.7054,4.42,1.632,473.2,0.5617,17.6,0
5158,STARLINK-30566,STARLINK-35429,4.5452,5.095,2.666,485.3,0.5618,17.6,0
5159,STARLINK-5514,STARLINK-34595,9.4017,9.959,5.391,480.1,0.5615,17.6,0
5160,STARLINK-34475,STARLINK-37162,3.151,9.585,1.881,462.6,0.5613,17.6,0
5161,STARLINK-2702,STARLINK-4276,6.0141,9.597,3.486,467.3,0.561,17.6,0
5162,STARLINK-6226,STARLINK-33750,9.9023,9.907,5.662,487.8,0.5605,17.6,0
5163,STARLINK-35221,STARLINK-37334,8.494,9.227,4.868,478.5,0.5599,17.6,0
5164,STARLINK-32044,STARLINK-37552,3.6792,4.618,2.169,461.7,0.5591,17.5,0
5165,STARLINK-33688,STARLINK-34912,8.858,9.033,5.064,480.2,0.5591,17.5,0
5166,STARLINK-4285,STARLINK-4561,9.0524,9.658,5.171,475.2,0.5589,17.5,0
5167,STARLINK-3449,STARLINK-3584,7.2872,9.057,4.184,475.1,0.5588,17.5,0
5168,ONEWEB-0285,ONEWEB-0404,6.5802,7.279,3.788,1231.5,0.5587,17.5,0
5169,STARLINK-6146,STARLINK-35331,2.231,8.413,1.358,484.9,0.5586,17.5,0
5170,ONEWEB-0013,ONEWEB-0037,6.8619,8.653,3.941,1237.1,0.5581,17.5,0
5171,STARLINK-34582,STARLINK-35317,0.5802,4.737,0.435,461.8,0.5575,17.5,0
5172,STARLINK-5712,STARLINK-33827,8.926,9.088,5.092,492.3,0.558,17.5,0
5173,STARLINK-4643,STARLINK-34100,6.7975,7.588,3.904,491.9,0.5579,17.5,0
5174,STARLINK-5717,STARLINK-35539,8.0141,9.314,4.583,480.3,0.5579,17.5,0
5175,STARLINK-31488,STARLINK-36598,8.0639,8.271,4.605,490.0,0.5572,17.5,0
5176,STARLINK-6291,STARLINK-6118,8.8791,9.503,5.054,484.7,0.5567,17.5,0
5177,STARLINK-5699,STARLINK-32757,6.176,7.252,3.549,484.2,0.5566,17.5,0
5178,STARLINK-32680,KUIPER-00440,2.287,2.31,1.384,486.2,0.5565,17.5,0
5179,STARLINK-5512,STARLINK-33958,8.9139,8.938,5.064,492.6,0.5556,17.4,0
5180,STARLINK-32479,STARLINK-32711,7.1433,7.662,4.079,488.9,0.5555,17.4,0
5181,STARLINK-30039,STARLINK-33838,9.2546,9.852,5.251,479.6,0.5554,17.4,0
5182,STARLINK-3992,STARLINK-36941,4.4964,7.023,2.608,490.0,0.5553,17.4,0
5183,STARLINK-4739,STARLINK-35566,8.4965,8.933,4.828,472.3,0.5552,17.4,0
5184,STARLINK-5368,STARLINK-36872,8.8965,9.949,5.036,492.5,0.5536,17.4,0
5185,STARLINK-4274,STARLINK-35362,5.9847,7.053,3.423,475.0,0.5535,17.4,0
5186,STARLINK-31185,STARLINK-34198,2.0557,9.332,1.248,492.3,0.5533,17.4,0
5187,STARLINK-5705,STARLINK-35826,8.9305,9.073,5.048,480.0,0.5529,17.4,0
5188,STARLINK-34581,STARLINK-34854,4.5223,7.6,2.61,472.2,0.5527,17.4,0
5189,STARLINK-31524,STARLINK-35379,9.6201,9.957,5.425,489.7,0.5524,17.4,0
5190,STARLINK-35323,STARLINK-36048,5.3085,7.916,3.042,489.6,0.5522,17.4,0
5191,STARLINK-4599,STARLINK-5795,2.4568,9.664,1.467,492.6,0.5522,17.4,0
5192,STARLINK-31236,STARLINK-35740,4.3598,6.258,2.515,461.6,0.5516,17.3,0
5193,STARLINK-31506,STARLINK-34182,5.7439,7.457,3.276,489.8,0.5512,17.3,0
5194,STARLINK-35073,STARLINK-35059,3.5728,4.138,2.076,548.8,0.5503,17.3,0
5195,STARLINK-31567,STARLINK-33932,6.2657,6.342,3.557,492.7,0.5501,17.3,0
5196,STARLINK-30404,STARLINK-35901,5.4274,7.838,3.092,490.5,0.5495,17.3,0
5197,STARLINK-32021,STARLINK-32179,7.6513,9.742,4.308,466.3,0.5487,17.3,0
5198,STARLINK-4084,STARLINK-35694,8.3347,8.9,4.681,466.3,0.5485,17.3,0
5199,STARLINK-31807,STARLINK-31656,9.6046,9.955,5.374,480.1,0.5481,17.3,0
5200,STARLINK-30404,STARLINK-36147,7.8278,8.287,4.399,479.6,0.548,17.3,0
5201,STARLINK-31905,STARLINK-34271,8.9943,9.218,5.037,492.5,0.5478,17.3,0
5202,STARLINK-4647,STARLINK-30218,7.9119,8.908,4.443,490.0,0.5477,17.2,0
5203,STARLINK-34542,STARLINK-36909,6.6041,7.766,3.726,489.6,0.5476,17.2,0
5204,STARLINK-4395,STARLING 4,6.9368,8.34,3.904,547.5,0.547,17.2,0
5205,STARLINK-6189,XCUBE-1,9.0131,9.111,5.039,490.1,0.5469,17.2,0
5206,JILIN-1 05,STARLINK-37188,8.1123,9.828,4.544,461.5,0.5467,17.2,0
5207,STARLINK-4553,STARLINK-30706,8.9267,9.351,4.988,460.9,0.5465,17.2,0
5208,STARLINK-5382,STARLINK-31953,2.0971,4.59,1.254,492.6,0.5459,17.2,0
5209,STARLINK-30222,STARLINK-32592,2.3223,5.578,1.374,483.9,0.5447,17.2,0
5210,STARLINK-5776,STARLINK-35640,2.2314,2.759,1.325,483.9,0.545,17.2,0
5211,STARLINK-32274,STARLINK-35104,3.7246,6.861,2.135,476.8,0.544,17.2,0
5212,STARLINK-31092,STARLINK-35024,9.2372,9.297,5.133,487.2,0.5439,17.2,0
5213,STARLINK-32378,STARLINK-35637,9.4113,9.554,5.226,472.5,0.5437,17.1,0
5214,STARLINK-5100,STARLINK-32956,0.3654,2.564,0.307,492.8,0.543,17.1,0
5215,NORSAT 4,STARLINK-34546,8.6186,9.963,4.789,581.3,0.5431,17.1,0
5216,STARLINK-6295,STARLINK-36443,2.1217,8.433,1.261,492.3,0.5431,17.1,0
5217,STARLINK-30768,STARLINK-36829,9.1851,9.48,5.091,492.2,0.5425,17.1,0
5218,STARLINK-34294,STARLINK-35304,9.4365,9.437,5.224,465.7,0.5421,17.1,0
5219,STARLINK-33920,STARLINK-37059,7.9806,8.629,4.434,478.8,0.542,17.1,0
5220,STARLINK-4608,STARLINK-37359,8.6566,9.071,4.798,459.9,0.5417,17.1,0
5221,STARLINK-3622,STARLINK-30400,4.5338,8.698,2.564,461.8,0.5416,17.1,0
5222,STARLINK-31882,STARLINK-36462,9.1475,9.149,5.056,484.6,0.5409,17.1,0
5223,STARLINK-5109,STARLINK-37066,8.4072,8.563,4.649,479.1,0.5401,17.1,0
5224,STARLINK-3736,STARLINK-34342,3.7813,3.784,2.149,476.8,0.5398,17.0,0
5225,STARLINK-31720,STARLINK-35710,6.2056,7.444,3.455,489.8,0.5394,17.0,0
5226,STARLINK-2417,STARLINK-31045,4.6698,9.177,2.625,485.8,0.539,17.0,0
5227,STARLINK-3563,STARLINK-3598,4.2122,4.215,2.37,474.1,0.5371,17.0,0
5228,STARLINK-34227,STARLINK-34986,7.5542,8.078,4.143,479.6,0.5343,16.9,0
5229,STARLINK-30269,STARLINK-33632,6.475,6.907,3.565,484.3,0.5341,16.9,0
5230,STARLINK-32002,STARLINK-35546,7.2352,7.325,3.967,472.3,0.5335,16.9,0
5231,STARLINK-2635,STARLINK-32291,4.0976,4.755,2.29,485.5,0.5329,16.9,0
5232,STARLINK-31936,STARLINK-33696,2.2085,8.406,1.281,484.0,0.5319,16.8,0
5233,STARLINK-3785,STARLINK-35851,4.8784,4.957,2.699,459.9,0.5315,16.8,0
5234,STARLINK-30221,STARLINK-34981,7.9072,9.957,4.309,489.8,0.5315,16.8,0
5235,STARLINK-31276,STARLINK-36462,2.3944,5.997,1.379,484.1,0.5315,16.8,0
5236,STARLINK-35177,STARLINK-37391,1.0032,8.982,0.639,463.9,0.5311,16.8,0
5237,STARLINK-36612,STARLINK-36391,0.9515,3.598,0.612,480.5,0.5315,16.8,0
5238,STARLINK-4723,STARLINK-6315,9.8373,9.838,5.332,487.9,0.5312,16.8,0
5239,STARLINK-3197,STARLINK-32030,2.643,8.561,1.51,463.1,0.5311,16.8,0
5240,STARLINK-32472,STARLINK-32500,9.3166,9.775,5.052,484.5,0.5309,16.8,0
5241,STARLINK-30125,STARLINK-30467,6.9693,8.574,3.805,485.1,0.5307,16.8,0
5242,STARLINK-3881,STARLINK-36510,3.5908,5.662,2.011,484.9,0.5305,16.8,0
5243,STARLINK-3294,STARLINK-3818,5.3165,9.842,2.925,461.8,0.5302,16.8,0
5244,STARLINK-33699,STARLINK-33937,4.3944,7.329,2.435,489.9,0.53,16.8,0
5245,STARLINK-31981,STARLINK-32582,8.2272,8.227,4.466,489.9,0.53,16.8,0
5246,STARLINK-2735,STARLINK-35853,9.7662,9.985,5.28,479.8,0.5298,16.8,0
5247,STARLINK-4647,STARLINK-4722,7.1799,7.244,3.91,475.7,0.5298,16.8,0
5248,STARLINK-5249,STARLINK-32922,5.7493,6.15,3.149,487.2,0.5293,16.8,0
5249,STARLINK-31883,STARLINK-36690,5.2338,9.714,2.874,489.8,0.5289,16.8,0
5250,STARLINK-30607,STARLINK-32944,7.2123,8.245,3.919,490.0,0.5287,16.8,0
5251,STARLINK-35468,STARLINK-36429,8.3074,8.331,4.496,480.0,0.5285,16.8,0
5252,STARLINK-30975,STARLINK-35930,2.325,4.701,1.334,484.3,0.5283,16.7,0
5253,STARLINK-31763,STARLINK-33947,2.304,7.064,1.322,492.6,0.528,16.7,0
5254,SNUGLITE-III,LEMUR-2-CLARA,6.8906,7.559,3.744,588.9,0.528,16.7,0
5255,STARLINK-2659,STARLINK-35904,9.5521,9.556,5.145,472.4,0.5276,16.7,0
5256,STARLINK-30318,STARLINK-34092,9.4887,9.603,5.11,492.2,0.5274,16.7,0
5257,STARLINK-3948,STARLINK-32868,3.424,6.016,1.911,460.4,0.5273,16.7,0
5258,STARLINK-32636,STARLINK-33951,9.1718,9.951,4.941,479.8,0.5272,16.7,0
5259,STARLINK-34113,STARLINK-34828,8.7313,8.802,4.708,489.9,0.5271,16.7,0
5260,STARLINK-5246,STARLINK-31166,2.7085,5.418,1.532,493.3,0.5267,16.7,0
5261,STARLINK-3242,STARLINK-30275,5.6569,7.903,3.081,460.5,0.526,16.7,0
5262,STARLINK-3811,STARLINK-32229,3.4807,6.04,1.933,476.6,0.5252,16.7,0
5263,STARLINK-32048,STARLINK-35503,6.5987,6.602,3.568,458.7,0.5248,16.7,0
5264,STARLINK-31978,STARLINK-36681,8.357,9.949,4.487,466.1,0.5244,16.6,0
5265,STARLINK-31557,STARLINK-31918,7.1322,7.146,3.84,490.2,0.5237,16.6,0
5266,STARLINK-2745,STARLINK-35507,8.5091,9.23,4.56,481.5,0.5236,16.6,0
5267,STARLINK-2635,STARLINK-34296,8.2708,8.754,4.434,472.0,0.5234,16.6,0
5268,STARLINK-31971,STARLINK-35986,2.2169,4.163,1.263,492.4,0.5226,16.6,0
5269,STARLINK-4008,STARLINK-32801,9.162,9.302,4.893,473.7,0.5226,16.6,0
5270,STARLINK-3971,STARLINK-36402,3.1263,3.577,1.738,463.2,0.5225,16.6,0
5271,STARLINK-3131,STARLINK-35258,8.8949,9.13,4.74,466.4,0.5212,16.6,0
5272,STARLINK-3658,STARLINK-31979,6.2953,8.939,3.385,460.3,0.5211,16.6,0
5273,STARLINK-34877,STARLINK-35070,7.9996,8.01,4.268,478.6,0.5205,16.5,0
5274,ONEWEB-0200,ONEWEB-0292,7.1234,9.759,3.81,1223.9,0.5203,16.5,0
5275,STARLINK-36611,STARLINK-36618,2.4226,5.877,1.364,492.4,0.5201,16.5,0
5276,STARLINK-3856,STARLINK-31552,7.1661,8.714,3.829,483.7,0.5198,16.5,0
5277,STARLINK-2453,STARLINK-35091,9.1707,9.983,4.869,466.1,0.5196,16.5,0
5278,STARLINK-5304,AGGIESAT6 (AGS6),7.9505,9.743,4.232,480.9,0.5192,16.5,0
5279,STARLINK-31871,STARLINK-36039,2.3541,3.46,1.326,492.7,0.5192,16.5,0
5280,STARLINK-4585,STARLINK-6277,6.1938,6.588,3.315,495.9,0.5185,16.5,0
5281,STARLINK-6346,STARLINK-30292,8.7417,8.969,4.628,490.0,0.5176,16.5,0
5282,STARLINK-6156,STARLINK-35505,2.2819,2.395,1.283,492.8,0.5169,16.5,0
5283,STARLINK-32650,STARLINK-35548,5.1246,5.964,2.752,472.3,0.5168,16.5,0
5284,STARLINK-31835,STARLINK-35113,8.5585,8.995,4.517,479.3,0.5157,16.4,0
5285,STARLINK-6279,STARLINK-32623,4.3251,6.062,2.334,484.1,0.5158,16.4,0
5286,STARLINK-4036,STARLINK-36459,7.791,8.161,4.115,488.9,0.515,16.4,0
5287,STARLINK-31579,STARLINK-35568,5.7064,5.724,3.041,489.8,0.5149,16.4,0
5288,STARLINK-3128,STARLINK-35747,0.5508,4.214,0.386,461.8,0.5141,16.4,0
5289,STARLINK-31440,STARLINK-36289,8.8553,9.446,4.655,480.2,0.5141,16.4,0
5290,STARLINK-31622,STARLINK-36898,2.3529,2.904,1.312,492.5,0.5139,16.4,0
5291,STARLINK-3999,STARLINK-34485,5.8291,5.875,3.097,460.6,0.5137,16.4,0
5292,STARLINK-2031,STARLINK-35231,7.8478,9.745,4.134,465.9,0.5137,16.4,0
5293,STARLINK-2509,STARLINK-31036,8.0453,8.279,4.235,466.1,0.5136,16.4,0
5294,STARLINK-31205,STARLINK-35732,2.38,3.381,1.324,483.8,0.5132,16.4,0
5295,STARLINK-6156,STARLINK-35505,2.3043,5.672,1.285,483.8,0.5131,16.4,0
5296,STARLINK-32909,STARLINK-36113,9.5527,9.702,4.997,492.3,0.5124,16.3,0
5297,STARLINK-3604,STARLINK-31353,9.8474,9.974,5.141,466.3,0.5117,16.3,0
5298,STARLINK-3375,STARLINK-30218,3.1397,5.658,1.705,490.6,0.5105,16.3,0
5299,STARLINK-36904,STARLINK-37716,1.7777,5.427,1.009,480.1,0.5102,16.3,0
5300,STARLINK-32102,STARLINK-31923,6.1824,8.301,3.255,490.0,0.51,16.3,0
5301,STARLINK-4555,STARLINK-35320,3.5927,6.015,1.933,473.8,0.5097,16.3,0
5302,STARLINK-4129,STARLINK-5858,5.3913,5.391,2.847,491.2,0.5092,16.2,0
5303,STARLINK-31971,STARLINK-35986,2.2877,9.741,1.265,484.2,0.5085,16.2,0
5304,STARLINK-11294 [DTC],STARLINK-11413 [DTC],4.4082,9.984,2.339,359.9,0.5076,16.2,0
5305,STARLINK-3005,STARLINK-32918,8.3316,8.462,4.322,581.7,0.5066,16.2,0
5306,STARLINK-2385,STARLINK-30915,8.2126,8.214,4.262,466.0,0.5066,16.2,0
5307,STARLINK-31428,STARLINK-35389,2.3693,2.945,1.3,492.6,0.506,16.2,0
5308,KORSAT-2,STARLINK-34443,6.4972,6.527,3.386,581.2,0.5056,16.2,0
5309,STARLINK-5109,STARLINK-33947,9.6569,9.685,4.98,487.3,0.5052,16.1,0
5310,STARLINK-31948,STARLINK-35991,2.2962,2.481,1.261,484.3,0.5052,16.1,0
5311,STARLINK-31919,STARLINK-34536,9.0588,9.941,4.658,480.2,0.5031,16.1,0
5312,STARLINK-5134,STARLINK-5590,8.7489,9.766,4.502,481.5,0.5031,16.1,0
5313,STARLINK-31415,STARLINK-35237,6.8744,9.871,3.557,490.3,0.5028,16.1,0
5314,STARLINK-4062,STARLINK-36783,2.2441,3.772,1.228,460.2,0.5024,16.1,0
5315,STARLINK-3680,STARLINK-33742,5.9135,7.981,3.071,467.2,0.5023,16.1,0
5316,STARLINK-35747,STARLINK-37385,4.8197,6.51,2.52,474.4,0.502,16.1,0
5317,XCUBE-1,STARLINK-33942,5.5207,9.794,2.87,489.7,0.5017,16.1,0
5318,STARLINK-5742,STARLINK-5587,2.5701,2.841,1.388,484.2,0.5011,16.0,0
5319,STARLINK-30107,STARLINK-36520,2.4049,3.904,1.304,492.8,0.5006,16.0,0
5320,STARLINK-3940,STARLINK-35155,3.0464,4.733,1.625,473.6,0.5006,16.0,0
5321,STARLINK-30799,STARLINK-34038,7.5588,9.492,3.883,492.5,0.5005,16.0,0
5322,STARLINK-30615,STARLINK-35274,9.6717,9.943,4.941,480.3,0.5005,16.0,0
5323,STARLINK-31316,STARLINK-35915,2.3508,4.42,1.276,492.4,0.5002,16.0,0
5324,STARLINK-31644,STARLINK-32650,7.5599,7.644,3.88,466.3,0.5,16.0,0
5325,ONEWEB-0211,ONEWEB-0670,7.4506,8.094,3.825,1218.9,0.5,16.0,0
5326,STARLINK-30713,STARLINK-37294,4.529,4.86,2.362,462.0,0.4995,16.0,0
5327,STARLINK-37263,STARLINK-37502,4.0535,4.168,2.123,475.2,0.4991,16.0,0
5328,GEESAT-2 03,STARLINK-35688,7.4624,8.972,3.824,576.7,0.4991,16.0,0
5329,STARLINK-5778,KUIPER-00608,8.3109,8.58,4.246,488.3,0.4989,16.0,0
5330,STARLINK-30338,STARLINK-34070,9.9165,9.945,5.047,485.0,0.4989,16.0,0
5331,STARLINK-31206,STARLINK-32547,7.0473,7.769,3.613,492.4,0.4985,16.0,0
5332,STARLINK-35619,STARLINK-35891,5.9175,6.103,3.05,489.9,0.4986,16.0,0
5333,STARLINK-31632,STARLINK-33929,7.289,8.319,3.732,479.7,0.4983,16.0,0
5334,STARLINK-3301,STARLINK-35401,4.2194,4.43,2.202,460.4,0.4983,16.0,0
5335,STARLINK-2061,STARLINK-32859,8.3862,8.397,4.276,479.3,0.498,16.0,0
5336,LAPAN-A3,2025-155G,6.6523,6.662,3.41,469.7,0.4976,15.9,0
5337,STARLINK-31163,STARLINK-36633,4.294,7.946,2.236,492.7,0.4976,15.9,0
5338,STARLINK-4371,JILIN GAOFEN OBJECT H,4.7898,5.475,2.48,547.9,0.497,15.9,0
5339,STARLINK-1527,STARLINK-32381,4.3856,6.255,2.276,472.2,0.4963,15.9,0
5340,STARLINK-5714,STARLINK-35894,2.4758,4.426,1.328,492.3,0.4963,15.9,0
5341,STARLINK-3147,STARLINK-37085,8.6544,9.224,4.388,479.2,0.4956,15.9,0
5342,STARLINK-2675,STARLINK-6346,9.3407,9.618,4.722,487.7,0.4949,15.9,0
5343,STARLINK-6136,STARLINK-32120,6.3964,6.472,3.262,481.5,0.4945,15.9,0
5344,STARLINK-1579,STARLINK-32305,8.7198,8.72,4.401,466.4,0.4934,15.8,0
5345,STARLINK-3668,STARLINK-35306,8.8333,8.851,4.454,496.7,0.4931,15.8,0
5346,STARLINK-5710,STARLINK-34645,6.7261,7.082,3.414,490.1,0.4929,15.8,0
5347,STARLINK-4083,STARLINK-32341,8.5726,9.501,4.319,480.7,0.4923,15.8,0
5348,STARLINK-4020,STARLINK-36298,5.5004,5.859,2.803,460.4,0.4917,15.8,0
5349,STARLINK-34823,STARLINK-36090,6.6236,7.846,3.352,490.4,0.4912,15.8,0
5350,STARLINK-33706,STARLINK-35610,2.405,3.05,1.278,492.5,0.4906,15.8,0
5351,STARLINK-2135,STARLINK-35999,8.2709,8.421,4.154,479.4,0.4904,15.8,0
5352,STARLINK-3452,STARLINK-36115,4.1459,7.518,2.13,476.1,0.4901,15.7,0
5353,STARLINK-30520,STARLINK-32807,2.5001,8.515,1.32,484.4,0.4889,15.7,0
5354,STARLINK-5346,STARLINK-36410,2.5769,7.061,1.357,484.0,0.4887,15.7,0
5355,STARLINK-2712,STARLINK-6255,7.0699,7.927,3.546,481.5,0.4878,15.7,0
5356,STARLINK-31554,STARLINK-32245,7.7135,9.091,3.852,492.9,0.4868,15.7,0
5357,STARLINK-6100,STARLINK-34800,9.4822,9.703,4.708,490.2,0.4863,15.6,0
5358,STARLINK-3992,STARLINK-31208,9.1037,9.157,4.522,488.4,0.486,15.6,0
5359,STARLINK-3242,STARLINK-31233,5.783,6.607,2.905,460.6,0.4855,15.6,0
5360,STARLINK-3942,STARLINK-32868,5.5153,8.421,2.774,460.4,0.4854,15.6,0
5361,STARLINK-3700,STARLINK-36917,7.1528,7.311,3.568,466.9,0.4853,15.6,0
5362,STARLINK-1351,STARLINK-11280 [DTC],6.3174,6.447,3.162,357.1,0.4852,15.6,0
5363,STARLINK-4168,STARLINK-31838,5.9808,5.995,2.999,486.2,0.4852,15.6,0
5364,STARLINK-6090,STARLINK-34144,2.6194,9.733,1.366,484.0,0.4845,15.6,0
5365,STARLINK-3231,STARLINK-36743,8.1774,8.857,4.059,479.5,0.4845,15.6,0
5366,STARLINK-5802,STARLINK-36484,2.4038,4.556,1.262,492.6,0.4847,15.6,0
5367,STARLINK-3701,STARLINK-33659,6.3629,7.574,3.178,475.1,0.4842,15.6,0
5368,STARLINK-2443,STARLINK-3327,7.7802,8.821,3.851,467.3,0.4826,15.6,0
5369,STARLINK-4199,STARLINK-31849,3.2832,7.278,1.681,491.9,0.4826,15.5,0
5370,STARLINK-30289,STARLINK-36050,4.5374,6.794,2.284,492.6,0.4821,15.5,0
5371,STARLINK-4107,STARLINK-32889,6.7372,6.9,3.334,462.6,0.4806,15.5,0
5372,STARLINK-32355,STARLINK-32450,2.5146,4.037,1.304,491.9,0.4804,15.5,0
5373,STARLINK-3807,STARLINK-32186,5.0689,7.576,2.529,463.3,0.48,15.5,0
5374,STARLINK-32045,STARLINK-37607,4.3074,5.306,2.163,475.2,0.4799,15.5,0
5375,STARLINK-35560,STARLINK-37006,4.2643,7.023,2.14,475.0,0.4794,15.5,0
5376,STARLINK-31859,STARLINK-31788,9.5228,9.662,4.66,478.2,0.4793,15.5,0
5377,STARLINK-32441,STARLINK-32710,8.8738,8.878,4.348,480.0,0.4792,15.5,0
5378,STARLINK-3332,STARLINK-5658,6.2415,6.241,3.081,481.5,0.4783,15.4,0
5379,STARLINK-5731,STARLINK-32934,2.4781,4.262,1.281,492.0,0.4783,15.4,0
5380,STARLINK-31622,STARLINK-36898,2.548,7.911,1.313,484.1,0.4778,15.4,0
5381,STARLINK-3194,STARLINK-37063,4.312,8.333,2.156,475.1,0.4778,15.4,0
5382,STARLINK-3781,STARLINK-35528,4.8217,8.262,2.397,472.2,0.4773,15.4,0
5383,STARLINK-5445,STARLINK-32347,3.7732,3.799,1.895,460.4,0.4769,15.4,0
5384,STARLINK-4739,MISR-C-1,5.5633,5.7,2.748,470.3,0.4768,15.4,0
5385,STARLINK-4359,LEMUR-2-ROUNDTRIPPER,6.9042,8.699,3.385,550.0,0.4765,15.4,0
5386,STARLINK-4595,STARLINK-35543,1.9899,7.99,1.043,468.6,0.4763,15.4,0
5387,STARLINK-6347,STARLINK-33630,2.5382,5.934,1.304,493.2,0.4762,15.4,0
5388,STARLINK-1524,STARLINK-33917,4.6113,9.399,2.29,472.1,0.476,15.4,0
5389,STARLINK-3196,STARLINK-36787,4.253,6.065,2.118,473.7,0.4756,15.4,0
5390,STARLINK-30036,STARLINK-35451,2.5802,4.642,1.321,493.8,0.4751,15.4,0
5391,STARLINK-36155,STARLINK-37384,0.6278,1.351,0.393,475.1,0.4748,15.3,0
5392,STARLINK-2578,STARLINK-32014,8.3364,8.607,4.04,466.3,0.4733,15.3,0
5393,STARLINK-30359,STARLINK-35438,5.2964,9.892,2.6,492.7,0.473,15.3,0
5394,STARLINK-5719,STARLINK-35402,7.3363,8.841,3.562,489.7,0.4726,15.3,0
5395,2023-072F,STARLINK-36797,2.9767,7.794,1.501,481.7,0.4725,15.3,0
5396,SKYKRAFT-1A,FLOCK 4G-27,6.5841,7.256,3.204,475.4,0.4723,15.3,0
5397,STARLINK-32042,STARLINK-37586,4.2215,4.838,2.087,475.4,0.472,15.3,0
5398,STARLINK-32355,STARLINK-32450,2.5656,8.939,1.305,484.7,0.4719,15.3,0
5399,STARLINK-4006,STARLINK-36521,2.7635,5.809,1.397,491.2,0.4714,15.3,0
5400,STARLINK-3146,STARLINK-35626,3.8505,4.201,1.909,463.3,0.4713,15.2,0
5401,STARLINK-1266,STARLINK-11168 [DTC],4.0932,9.991,2.017,371.7,0.4698,15.2,0
5402,STARLINK-31333,STARLINK-35134,4.3705,4.499,2.145,461.8,0.4693,15.2,0
5403,STARLINK-5757,STARLINK-31603,8.6059,8.7,4.132,480.1,0.4692,15.2,0
5404,STARLINK-30808,STARLINK-35161,5.3657,5.479,2.611,466.5,0.4691,15.2,0
5405,STARLINK-5013,STARLINK-30515,2.5533,7.298,1.29,484.4,0.4685,15.2,0
5406,STARLINK-5449,STARLINK-34887,4.7535,6.579,2.319,475.2,0.4682,15.2,0
5407,STARLINK-4719,STARLINK-30946,9.5911,9.592,4.573,481.6,0.4671,15.1,0
5408,STARLINK-30497,STARLINK-35274,8.242,8.275,3.937,489.9,0.4664,15.1,0
5409,STARLINK-6128,STARLINK-35684,2.7132,7.457,1.358,484.1,0.4662,15.1,0
5410,STARLINK-30165,STARLINK-35689,2.6682,2.679,1.337,492.6,0.4661,15.1,0
5411,STARLINK-5951,STARLINK-35994,8.1306,8.756,3.882,492.1,0.466,15.1,0
5412,STARLINK-30487,STARLINK-35974,2.6579,5.313,1.329,491.5,0.465,15.1,0
5413,STARLINK-4209,STARLINK-34429,9.5682,9.79,4.537,465.9,0.4645,15.1,0
5414,STARLINK-3967,STARLINK-31439,4.3752,5.325,2.125,488.1,0.4645,15.1,0
5415,STARLINK-6379,STARLINK-36654,2.6275,8.236,1.311,483.9,0.4637,15.0,0
5416,STARLINK-3242,STARLINK-35493,2.6723,2.673,1.332,460.4,0.4637,15.0,0
5417,STARLINK-3969,STARLINK-4298,2.2973,5.932,1.156,478.0,0.4629,15.0,0
5418,STARLINK-32081,STARLINK-34320,8.1112,8.184,3.845,479.7,0.4626,15.0,0
5419,STARLINK-35287,STARLINK-36177,5.2295,7.037,2.511,461.9,0.4625,15.0,0
5420,STARLINK-31587,STARLINK-35703,2.5484,9.206,1.27,484.2,0.4621,15.0,0
5421,STARLINK-33814,STARLINK-34981,5.5076,8.134,2.636,489.7,0.4618,15.0,0
5422,STARLINK-30171,STARLINK-33937,5.3772,6.689,2.572,490.1,0.4612,15.0,0
5423,STARLINK-5363,STARLINK-34800,6.4962,6.547,3.087,490.0,0.461,15.0,0
5424,STARLINK-5516,STARLINK-36957,5.5268,7.938,2.637,492.3,0.4605,15.0,0
5425,STARLINK-30067,STARLINK-35654,2.6724,7.633,1.321,492.2,0.4599,14.9,0
5426,GRUS-1C,STARLINK-34081,9.6008,9.687,4.498,572.4,0.4589,14.9,0
5427,STARLINK-2636,STARLINK-34808,5.4612,5.845,2.594,472.3,0.4582,14.9,0
5428,STARLINK-31900,STARLINK-35870,2.7972,9.306,1.372,492.5,0.4578,14.9,0
5429,STARLINK-30806,STARLINK-34934,3.6812,9.846,1.776,464.2,0.4576,14.9,0
5430,STARLINK-11160 [DTC],STARLINK-11727 [DTC],9.6013,9.603,4.485,358.1,0.4576,14.9,0
5431,STARLINK-32271,STARLINK-36931,9.5662,9.567,4.467,490.4,0.4574,14.9,0
5432,STARLINK-30488,STARLINK-36094,2.7098,4.975,1.33,484.2,0.4571,14.9,0
5433,STARLINK-4519,STARLINK-4297,9.0046,9.723,4.204,460.7,0.4567,14.9,0
5434,STARLINK-35487,STARLINK-37374,6.8878,9.444,3.235,480.2,0.4564,14.8,0
5435,STARLINK-30836,STARLINK-32414,8.6791,9.058,4.051,480.0,0.4562,14.8,0
5436,STARLINK-31676,STARLINK-36532,2.6006,2.659,1.278,492.3,0.4563,14.8,0
5437,STARLINK-34124,STARLINK-34661,9.3563,9.497,4.359,466.8,0.4561,14.8,0
5438,STARLINK-5710,STARLINK-31629,6.7638,6.866,3.176,490.0,0.4561,14.8,0
5439,STARLINK-2523,STARLINK-37408,9.3199,9.323,4.339,479.1,0.4558,14.8,0
5440,STARLINK-32519,STARLINK-35659,7.5828,7.652,3.545,479.4,0.4555,14.8,0
5441,2025-234D,FLOCK 4H-31,1.3488,1.679,0.705,505.7,0.4552,14.8,0
5442,STARLINK-31924,STARLINK-32825,7.893,8.172,3.682,489.9,0.455,14.8,0
5443,STARLINK-4701,STARLINK-35213,7.2035,9.692,3.363,473.4,0.4542,14.8,0
5444,STARLINK-1647,STARLINK-31140,9.2065,9.325,4.271,479.3,0.454,14.8,0
5445,STARLINK-32260,STARLINK-34264,5.5901,7.97,2.627,460.7,0.4537,14.8,0
5446,STARLINK-3230,STARLINK-30212,8.3836,9.09,3.894,486.4,0.4537,14.8,0
5447,YAOGAN-35 01A,STARLINK-31762,9.0296,9.302,4.186,494.5,0.4535,14.8,0
5448,STARLINK-32190,STARLINK-37669,0.6545,0.656,0.387,475.8,0.4529,14.8,0
5449,STARLINK-30147,STARLINK-33861,2.8538,5.804,1.383,484.1,0.4529,14.8,0
5450,STARLINK-32567,STARLINK-36660,2.0142,8.699,1.002,492.7,0.4525,14.7,0
5451,STARLINK-4684,STARLINK-34621,4.076,7.777,1.934,472.0,0.4523,14.7,0
5452,STARLINK-35422,STARLINK-37098,4.5405,5.806,2.14,475.2,0.4514,14.7,0
5453,STARLINK-5732,STARLINK-32915,2.7066,3.248,1.31,492.6,0.4507,14.7,0
5454,STARLINK-35217,STARLINK-34856,8.4789,9.495,3.91,485.3,0.4505,14.7,0
5455,STARLINK-32802,STARLINK-34043,2.7075,6.374,1.309,484.3,0.4502,14.7,0
5456,STARLINK-32850,STARLINK-37035,7.4067,7.408,3.425,479.1,0.4503,14.7,0
5457,STARLINK-5451,STARLINK-35440,3.8013,6.622,1.8,487.4,0.4499,14.7,0
5458,STARLINK-5334,STARLINK-31838,9.481,9.613,4.35,487.8,0.4493,14.7,0
5459,SNUGLITE,SCS-01 G,5.802,8.777,2.693,501.5,0.4487,14.6,0
5460,STARLINK-6319,STARLINK-34542,9.5688,9.98,4.383,479.8,0.4487,14.6,0
5461,STARLINK-4164,STARLINK-35639,3.6505,6.071,1.724,462.8,0.4477,14.6,0
5462,STARLINK-30198,STARLINK-36863,7.2193,7.81,3.32,490.9,0.4475,14.6,0
5463,STARLINK-6370,STARLINK-33845,9.0649,9.065,4.144,480.1,0.4473,14.6,0
5464,STARLINK-3130,STARLINK-37469,6.3574,7.454,2.93,463.1,0.4468,14.6,0
5465,TEVEL2-3,STARLINK-37050,6.1054,7.138,2.817,460.9,0.4468,14.6,0
5466,STARLINK-30920,STARLINK-34934,4.6472,4.694,2.163,474.9,0.4462,14.6,0
5467,STARLINK-32443,STARLINK-32873,8.6055,9.728,3.929,465.7,0.4462,14.6,0
5468,STARLINK-1513,STARLINK-34903,5.0737,8.439,2.352,464.5,0.446,14.6,0
5469,STARLINK-4208,STARLINK-4489,6.1837,8.12,2.845,475.2,0.4457,14.6,0
5470,STARLINK-31163,STARLINK-36633,4.8249,5.718,2.239,483.6,0.4456,14.6,0
5471,STARLINK-5141,STARLINK-34912,6.8491,9.297,3.14,489.8,0.4454,14.5,0
5472,STARLINK-2071,STARLINK-32525,9.6387,9.659,4.382,487.8,0.4454,14.5,0
5473,STARLINK-33620,STARLINK-34822,5.6928,7.207,2.62,489.5,0.4446,14.5,0
5474,STARLINK-31501,STARLINK-35618,2.733,2.9,1.304,484.1,0.4446,14.5,0
5475,STARLINK-31353,STARLINK-37402,0.7069,6.647,0.403,461.8,0.4444,14.5,0
5476,STARLINK-30094,STARLINK-34423,5.5835,6.202,2.568,489.9,0.444,14.5,0
5477,STARLINK-2170,STARLINK-34534,8.6435,9.226,3.925,479.3,0.4438,14.5,0
5478,STARLINK-34655,STARLINK-36982,5.1409,5.468,2.369,460.9,0.4436,14.5,0
5479,STARLINK-32179,STARLINK-36247,4.7509,5.079,2.195,475.0,0.4434,14.5,0
5480,STARLINK-3984,STARLINK-31327,8.0976,8.341,3.679,484.6,0.4434,14.5,0
5481,STARLINK-30757,STARLINK-32819,2.6875,8.304,1.279,484.4,0.4429,14.5,0
5482,STARLINK-34475,STARLINK-37144,5.9832,6.023,2.739,476.6,0.443,14.5,0
5483,STARLINK-4261,STARLINK-5249,6.8002,6.851,3.097,488.7,0.4424,14.5,0
5484,STARLINK-3900,STARLINK-30354,4.3048,5.429,1.993,488.0,0.4424,14.5,0
5485,STARLINK-31902,STARLINK-35981,2.6182,7.509,1.246,492.7,0.4421,14.5,0
5486,STARLINK-34304,STARLINK-36519,5.6722,6.471,2.593,489.8,0.4416,14.4,0
5487,STARLINK-5013,STARLINK-30515,2.7259,2.895,1.288,492.6,0.4402,14.4,0
5488,STARLINK-3525,STARLINK-37508,0.7429,4.789,0.415,461.7,0.4401,14.4,0
5489,STARLINK-2550,STARLINK-35496,8.4506,8.473,3.807,479.4,0.4401,14.4,0
5490,STARLINK-31891,STARLINK-34828,8.2966,8.36,3.738,479.9,0.4399,14.4,0
5491,STARLINK-31868,STARLINK-35395,9.4141,9.699,4.226,480.1,0.4396,14.4,0
5492,STARLINK-31356,STARLINK-37132,4.6603,5.83,2.136,475.8,0.4395,14.4,0
5493,KSM1-B,KUIPER-00538,6.9914,6.996,3.159,498.4,0.4393,14.4,0
5494,STARLINK-34151,STARLINK-36112,7.2055,7.405,3.25,478.9,0.4389,14.4,0
5495,STARLINK-1551,STARLINK-34132,9.4906,9.678,4.249,487.7,0.4385,14.4,0
5496,STARLINK-5734,STARLINK-36545,8.029,8.579,3.607,484.4,0.4383,14.4,0
5497,STARLINK-31492,STARLINK-36497,6.4396,6.469,2.903,490.0,0.4372,14.3,0
5498,STARLINK-4695,STARLINK-31358,5.417,5.463,2.454,471.5,0.4369,14.3,0
5499,STARLINK-5891,STARLING 3,9.7108,9.789,4.328,545.8,0.4367,14.3,0
5500,STARLINK-3161,STARLINK-36242,3.2066,7.96,1.487,460.2,0.4365,14.3,0
5501,STARLINK-30411,STARLINK-32778,8.7966,8.925,3.925,492.4,0.4363,14.3,0
5502,STARLINK-3856,STARLINK-33713,7.8852,8.661,3.527,485.4,0.4362,14.3,0
5503,STARLINK-32847,STARLINK-35536,6.2447,7.669,2.81,471.8,0.436,14.3,0
5504,STARLINK-31201,STARLINK-32078,7.2093,7.367,3.222,490.3,0.4349,14.3,0
5505,STARLINK-35771,STARLINK-36471,2.7242,6.83,1.271,483.5,0.4346,14.2,0
5506,STARLINK-35888,STARLINK-36608,8.4627,8.487,3.761,479.3,0.4342,14.2,0
5507,STARLINK-2379,STARLINK-31233,7.9804,8.005,3.552,479.5,0.4342,14.2,0
5508,STARLINK-32715,STARLINK-35514,2.8428,5.28,1.321,492.4,0.4341,14.2,0
5509,STARLINK-31939,STARLINK-32391,5.151,5.178,2.322,490.1,0.4339,14.2,0
5510,STARLINK-34612,STARLINK-36248,5.1765,6.025,2.327,461.4,0.4328,14.2,0
5511,STARLINK-4197,STARLINK-34672,7.7359,8.157,3.432,491.3,0.4325,14.2,0
5512,QIANFAN-40,QIANFAN-182,5.8265,7.767,2.606,1073.4,0.4324,14.2,0
5513,STARLINK-2102,STARLINK-31053,8.2616,9.621,3.657,466.0,0.4322,14.2,0
5514,NANOSATC-BR1,STARLINK-34938,0.9991,1.357,0.518,464.8,0.432,14.2,0
5515,STARLINK-35571,STARLINK-35442,8.0571,9.623,3.563,480.0,0.4315,14.2,0
5516,STARLINK-31809,STARLINK-36872,2.7806,5.851,1.286,492.6,0.4315,14.2,0
5517,STARLINK-2531,STARLINK-35751,8.3509,8.54,3.689,479.2,0.4314,14.2,0
5518,YAOGAN-36 04C,STARLINK-35652,5.5417,7.014,2.474,471.4,0.4309,14.1,0
5519,STARLINK-3742,STARLINK-4268,7.29,8.721,3.225,475.3,0.4306,14.1,0
5520,STARLINK-4109,STARLINK-36433,9.2717,9.272,4.079,496.6,0.4307,14.1,0
5521,STARLINK-31733,STARLINK-34870,6.9496,7.332,3.078,489.8,0.4305,14.1,0
5522,STARLINK-32844,STARLINK-34248,8.5287,9.16,3.756,466.5,0.4303,14.1,0
5523,STARLINK-32909,STARLINK-36554,2.1905,8.16,1.028,483.9,0.43,14.1,0
5524,ONEWEB-0440,ONEWEB-0650,8.6835,8.701,3.817,1185.7,0.4297,14.1,0
5525,STARLINK-5214,STARLINK-35738,8.2986,9.344,3.646,487.6,0.429,14.1,0
5526,STARLINK-31120,STARLINK-37225,4.735,4.745,2.116,461.7,0.4288,14.1,0
5527,STARLINK-3239,STARLINK-4178,8.7387,8.974,3.828,470.6,0.4283,14.1,0
5528,STARLINK-3892,STARLINK-30383,6.3072,7.28,2.786,481.7,0.4281,14.1,0
5529,STARLINK-3902,STARLINK-36465,6.4351,6.759,2.84,492.4,0.428,14.1,0
5530,STARLINK-3850,STARLINK-3874,2.3206,2.544,1.076,523.1,0.4269,14.0,0
5531,STARLINK-4700,STARLINK-35557,1.9097,8.174,0.9,459.9,0.4266,14.0,0
5532,STARLINK-2534,STARLINK-32158,8.5404,9.266,3.73,479.5,0.4268,14.0,0
5533,POLYTECH-UNIVERSE 3 (R*),2025-234B,3.3168,4.967,1.5,508.0,0.4265,14.0,0
5534,STARLINK-35146,STARLINK-35783,9.8384,9.858,4.282,466.0,0.4266,14.0,0
5535,STARLINK-3857,STARLINK-34445,5.0758,7.898,2.248,473.8,0.4261,14.0,0
5536,STARLINK-3460,STARLINK-37200,5.0994,5.266,2.258,477.0,0.4261,14.0,0
5537,STARLINK-2634,STARLINK-35968,8.9379,8.982,3.893,466.0,0.426,14.0,0
5538,STARLINK-30797,STARLINK-34371,5.3236,7.019,2.348,472.5,0.4251,14.0,0
5539,STARLINK-5249,STARLINK-30388,8.5201,8.533,3.707,485.6,0.4251,14.0,0
5540,STARLINK-5020,STARLINK-36090,2.8335,9.177,1.288,483.6,0.4246,14.0,0
5541,STARLINK-2343,STARLINK-30992,9.4262,9.453,4.079,487.8,0.4237,14.0,0
5542,STARLINK-31264,STARLINK-37124,5.8659,7.968,2.57,463.0,0.4237,13.9,0
5543,STARLINK-4797,STARLINK-30336,6.5027,6.671,2.836,482.1,0.4231,13.9,0
5544,STARLINK-31071,STARLINK-36067,2.9124,3.215,1.316,492.5,0.4228,13.9,0
5545,STARLINK-35111,STARLINK-34688,8.4525,8.963,3.652,465.5,0.4221,13.9,0
5546,STARLINK-3343,STARLINK-35579,4.5116,5.154,1.987,491.1,0.4217,13.9,0
5547,STARLINK-35940,STARLINK-35719,6.8449,7.292,2.97,489.8,0.4216,13.9,0
5548,STARLINK-35308,KUIPER-00641,8.6223,9.721,3.718,466.4,0.4214,13.9,0
5549,STARLINK-3754,STARLINK-35712,2.9703,9.619,1.336,473.9,0.4214,13.9,0
5550,STARLINK-3702,STARLINK-37178,3.8892,5.465,1.722,473.9,0.4211,13.9,0
5551,STARLINK-2555,STARLINK-33718,9.4301,9.733,4.053,487.8,0.4209,13.9,0
5552,STARLINK-30771,STARLINK-35591,5.7111,9.958,2.488,489.8,0.4209,13.9,0
5553,STARLINK-31781,STARLINK-36119,2.8901,2.964,1.296,484.0,0.4194,13.8,0
5554,STARLINK-4080,STARLINK-35257,4.6019,4.614,2.013,482.6,0.4192,13.8,0
5555,STARLINK-4190,STARLINK-34399,6.018,8.816,2.604,463.0,0.4188,13.8,0
5556,STARLINK-31912,STARLINK-35977,2.7783,3.568,1.247,492.0,0.4187,13.8,0
5557,STARLINK-3958,STARLINK-33681,3.2588,3.77,1.447,476.4,0.4184,13.8,0
5558,STARLINK-3419,STARLINK-35867,9.0609,9.766,3.869,487.5,0.4178,13.8,0
5559,STARLINK-3976,STARLINK-36541,3.1259,5.537,1.389,489.8,0.4176,13.8,0
5560,STARLINK-4568,STARLINK-35797,5.3316,7.665,2.308,461.7,0.4172,13.8,0
5561,STARLINK-3811,STARLINK-32229,4.4486,6.989,1.936,463.4,0.4165,13.7,0
5562,STARLINK-4544,STARLINK-5608,6.2093,6.343,2.669,486.2,0.4164,13.7,0
5563,STARLINK-31472,STARLINK-32455,5.2185,6.003,2.255,481.9,0.4162,13.7,0
5564,STARLINK-2068,STARLINK-31421,9.2509,9.254,3.933,479.4,0.4162,13.7,0
5565,STARLINK-3522,STARLINK-32898,3.935,5.693,1.721,492.4,0.4162,13.7,0
5566,STARLINK-31084,STARLINK-32277,5.9351,6.586,2.553,489.9,0.4161,13.7,0
5567,STARLINK-5680,STARLINK-36053,2.8927,8.695,1.287,484.0,0.4161,13.7,0
5568,GLOBAL-32,STARLINK-35350,4.3785,4.815,1.903,473.5,0.4156,13.7,0
5569,STARLINK-4567,STARLINK-30829,4.8663,6.878,2.105,483.4,0.4155,13.7,0
5570,STARLINK-34894,STARLINK-36130,5.8486,8.057,2.511,461.8,0.4151,13.7,0
5571,STARLINK-30589,STARLINK-32739,5.3931,9.693,2.321,489.7,0.415,13.7,0
5572,STARLINK-6276,STARLINK-32684,5.9553,8.737,2.554,482.9,0.4149,13.7,0
5573,STARLINK-31631,STARLINK-33941,2.992,5.405,1.324,484.0,0.4148,13.7,0
5574,STARLINK-6232,STARLINK-35517,7.3104,7.338,3.112,490.3,0.4144,13.7,0
5575,STARLINK-30710,STARLINK-37319,5.0527,5.061,2.173,461.7,0.4137,13.7,0
5576,STARLINK-30246,STARLINK-36535,6.7459,9.459,2.873,489.7,0.4136,13.7,0
5577,STARLINK-4121,STARLINK-34253,3.4439,3.462,1.507,476.7,0.4136,13.7,0
5578,STARLINK-33665,STARLINK-36469,2.834,7.939,1.253,483.0,0.413,13.6,0
5579,STARLINK-3862,STARLINK-35553,9.3118,9.484,3.926,465.9,0.4128,13.6,0
5580,STARLINK-30790,STARLINK-34071,7.7907,9.262,3.298,496.2,0.4127,13.6,0
5581,STARLINK-31310,STARLINK-36491,2.954,8.191,1.301,492.5,0.4125,13.6,0
5582,STARLINK-3975,STARLINK-32131,3.8504,4.48,1.665,476.6,0.4111,13.6,0
5583,STARLINK-3570,STARLINK-30348,9.7703,9.771,4.097,487.9,0.4109,13.6,0
5584,STARLINK-2088,STARLINK-35629,6.3167,8.622,2.676,480.4,0.4106,13.6,0
5585,STARLINK-4627,STARLINK-35140,0.7288,9.795,0.381,475.4,0.4102,13.6,0
5586,STARLINK-3194,KUIPER-00490,5.7366,5.798,2.43,477.9,0.4093,13.5,0
5587,STARLINK-6378,STARLINK-32687,3.0985,8.126,1.349,484.3,0.409,13.5,0
5588,STARLINK-2329,STARLINK-31093,6.112,6.257,2.579,466.8,0.4086,13.5,0
5589,STARLINK-31875,STARLINK-33875,2.932,7.981,1.279,492.0,0.4084,13.5,0
5590,STARLINK-31960,STARLINK-35836,3.165,6.742,1.374,484.0,0.4083,13.5,0
5591,STARLINK-3800,STARLINK-31973,5.3815,5.631,2.278,490.4,0.4081,13.5,0
5592,STARLINK-37745,STARLINK-37869,1.3079,5.498,0.614,480.9,0.4072,13.5,0
5593,KSM1-A,STARLINK-5357,4.8915,4.949,2.073,487.0,0.4071,13.5,0
5594,HAWK-C,STARLINK-37791,7.3797,9.608,3.083,460.9,0.4067,13.5,0
5595,STARLINK-33665,STARLINK-36469,2.8753,3.51,1.251,493.5,0.4068,13.5,0
5596,STARLINK-5778,STARLINK-32495,2.9728,6.102,1.29,484.3,0.4066,13.5,0
5597,STARLINK-2104,STARLINK-3913,8.4882,8.722,3.524,485.0,0.4056,13.4,0
5598,STARLINK-11108 [DTC],STARLINK-11523 [DTC],5.2429,5.456,2.207,360.2,0.4055,13.4,0
5599,STARLINK-5739,STARLINK-35777,3.2163,3.294,1.383,484.1,0.4048,13.4,0
5600,STARLINK-32406,STARLINK-37320,5.0071,5.271,2.108,475.2,0.4048,13.4,0
5601,STARLINK-6030,STARLINK-32245,5.5126,7.631,2.309,483.4,0.4042,13.4,0
5602,STARLINK-5452,STARLINK-36337,3.5504,4.255,1.516,460.4,0.4042,13.4,0
5603,STARLINK-31869,STARLINK-37206,6.7178,6.748,2.795,485.7,0.404,13.4,0
5604,STARLINK-32853,STARLINK-34199,9.2749,9.44,3.828,466.2,0.404,13.4,0
5605,STARLINK-5439,STARLINK-34673,4.6197,5.492,1.947,485.7,0.404,13.4,0
5606,STARLINK-5210,STARLINK-5426,3.7085,7.424,1.578,540.1,0.4037,13.4,0
5607,STARLINK-30893,STARLINK-36835,5.9968,8.622,2.498,463.0,0.4031,13.4,0
5608,STARLINK-3829,STARLINK-36117,5.1994,5.427,2.173,489.9,0.4025,13.4,0
5609,STARLINK-30243,STARLINK-33655,3.1294,7.665,1.338,484.4,0.4019,13.3,0
5610,STARLINK-4555,STARLINK-32840,5.667,8.736,2.358,460.7,0.4019,13.3,0
5611,STARLINK-5509,STARLINK-33907,3.129,3.348,1.331,492.5,0.3998,13.3,0
5612,STARLINK-5710,STARLINK-35274,8.7676,8.889,3.583,480.1,0.3995,13.3,0
5613,STARLINK-3998,STARLINK-34824,2.7497,3.153,1.178,472.8,0.3994,13.3,0
5614,STARLINK-3098,STARLINK-35735,1.0114,9.543,0.483,461.7,0.3987,13.3,0
5615,STARLINK-31842,STARLINK-33827,3.0105,3.344,1.28,483.9,0.3987,13.3,0
5616,STARLINK-5805,STARLINK-32904,3.0142,8.904,1.281,484.2,0.3985,13.2,0
5617,STARLINK-31816,STARLINK-35362,7.6239,9.408,3.117,481.1,0.3984,13.2,0
5618,STARLINK-3943,STARLINK-34509,8.3902,9.381,3.421,473.9,0.3982,13.2,0
5619,STARLINK-30593,STARLINK-35389,8.7989,9.142,3.584,480.0,0.3983,13.2,0
5620,STARLINK-31741,STARLINK-34062,3.1079,3.162,1.315,492.5,0.3975,13.2,0
5621,STARLINK-30289,STARLINK-31917,8.7656,8.766,3.564,484.6,0.3975,13.2,0
5622,STARLINK-30333,STARLINK-35362,9.4033,9.902,3.806,480.6,0.3963,13.2,0
5623,SITRO-AIS 19,COSMOS 2582,7.3426,9.318,2.988,588.8,0.3961,13.2,0
5624,STARLINK-32098,STARLINK-35375,8.2859,8.326,3.359,480.0,0.3958,13.2,0
5625,STARLINK-3976,STARLINK-35692,8.5336,8.782,3.455,481.1,0.3956,13.2,0
5626,STARLINK-4201,STARLINK-32279,5.111,9.316,2.099,463.6,0.3952,13.1,0
5627,STARLINK-31872,STARLINK-35814,3.0793,8.446,1.295,492.1,0.3949,13.1,0
5628,STARLINK-5768,STARLINK-35935,3.1568,5.582,1.325,484.2,0.3947,13.1,0
5629,STARLINK-31116,STARLINK-34790,9.3165,9.337,3.747,479.4,0.3937,13.1,0
5630,STARLINK-34588,STARLINK-36105,5.7842,7.2,2.353,490.1,0.3932,13.1,0
5631,STARLINK-34829,STARLINK-35464,9.1005,9.759,3.651,465.9,0.3926,13.1,0
5632,STARLINK-37643,ISS OBJECT YK,9.4525,9.456,3.784,414.1,0.392,13.1,0
5633,STARLINK-4532,STARLINK-30600,8.2775,8.35,3.322,466.1,0.3919,13.1,0
5634,STARLINK-30878,STARLINK-34694,8.9559,9.22,3.587,480.1,0.3918,13.1,0
5635,STARLINK-5768,STARLINK-35935,3.1806,3.436,1.323,492.4,0.3914,13.0,0
5636,STARLINK-6276,STARLINK-32684,6.315,7.795,2.55,494.1,0.3914,13.0,0
5637,STARLINK-30520,STARLINK-32807,3.1692,3.798,1.318,492.2,0.3912,13.0,0
5638,STARLINK-30822,STARLINK-32532,3.1191,8.995,1.295,484.2,0.3902,13.0,0
5639,STARLINK-31941,STARLINK-32792,6.3136,6.314,2.54,492.6,0.39,13.0,0
5640,STARLINK-32135,STARLINK-35629,3.0726,8.87,1.273,476.6,0.389,13.0,0
5641,STARLINK-2475,STARLINK-35327,8.8268,9.558,3.512,487.3,0.3891,13.0,0
5642,STARLINK-3892,STARLINK-30184,7.7266,8.995,3.084,480.7,0.3891,13.0,0
5643,STARLINK-32144,STARLINK-35277,9.2215,9.28,3.665,465.9,0.389,13.0,0
5644,STARLINK-31688,STARLINK-35434,7.1806,7.253,2.869,479.3,0.3887,13.0,0
5645,STARLINK-31788,STARLINK-36375,6.8172,8.405,2.72,489.8,0.3876,12.9,0
5646,STARLINK-31748,STARLINK-33848,8.4684,8.468,3.36,479.9,0.3876,12.9,0
5647,STARLINK-33605,STARLINK-34324,9.3984,9.416,3.714,480.5,0.3869,12.9,0
5648,ONEWEB-0530,ONEWEB-0675,9.6663,9.731,3.812,1199.8,0.3864,12.9,0
5649,STARLINK-31435,STARLINK-36408,5.04,5.802,2.024,489.6,0.3863,12.9,0
5650,STARLINK-31431,STARLINK-34462,9.101,9.94,3.585,466.0,0.3854,12.9,0
5651,STARLINK-31468,STARLINK-32394,5.4087,5.558,2.159,489.9,0.3849,12.9,0
5652,STARLINK-4762,STARLINK-31315,4.1936,8.894,1.691,473.9,0.3849,12.9,0
5653,STARLINK-32449,STARLINK-34485,9.0141,9.179,3.543,479.2,0.3845,12.8,0
5654,STARLINK-3158,STARLINK-30816,4.6932,4.717,1.881,485.6,0.3844,12.8,0
5655,STARLINK-30951,STARLINK-35980,3.2693,8.285,1.333,484.2,0.3842,12.8,0
5656,STARLINK-31753,STARLINK-36412,5.83,8.962,2.317,484.3,0.3842,12.8,0
5657,STARLINK-33600,STARLINK-36165,9.1831,9.268,3.599,479.1,0.3836,12.8,0
5658,STARLINK-4627,STARLINK-35140,0.7956,7.449,0.382,461.6,0.3837,12.8,0
5659,STARLINK-34471,STARLINK-34881,6.605,7.074,2.605,485.3,0.3828,12.8,0
5660,STARLINK-35895,STARLINK-36984,8.6026,9.63,3.367,477.7,0.3825,12.8,0
5661,STARLINK-32708,STARLINK-35588,3.2725,6.884,1.327,492.3,0.3821,12.8,0
5662,NEOSSAT,IRIDIUM 129,8.6872,8.71,3.395,792.7,0.382,12.8,0
5663,STARLINK-30455,STARLINK-32141,7.5769,8.463,2.971,476.8,0.382,12.8,0
5664,YAOGAN-35 01A,STARLINK-31107,2.6714,4.146,1.097,490.2,0.382,12.8,0
5665,STARLINK-30801,STARLINK-32774,3.0761,4.485,1.251,492.3,0.3819,12.8,0
5666,STARLINK-31029,STARLINK-34831,6.4056,7.135,2.518,485.9,0.3812,12.8,0
5667,KSM1-C,STARLINK-30222,2.987,3.008,1.215,486.9,0.3812,12.8,0
5668,STARLINK-34123,STARLINK-36834,3.1078,8.426,1.259,492.2,0.3806,12.7,0
5669,STARLINK-6327,STARLINK-36432,3.1595,8.341,1.278,492.3,0.3804,12.7,0
5670,STARLINK-30763,STARLINK-35736,6.1731,6.991,2.423,487.8,0.3802,12.7,0
5671,STARLINK-2241,STARLINK-32878,9.3003,9.308,3.611,487.6,0.3801,12.7,0
5672,STARLINK-3146,STARLINK-35626,4.8177,9.835,1.905,476.4,0.3797,12.7,0
5673,STARLINK-4476,STARLINK-35472,8.0301,8.03,3.125,466.1,0.3797,12.7,0
5674,STARLINK-30487,STARLINK-35974,3.3042,3.533,1.33,485.3,0.3795,12.7,0
5675,STARLINK-6241,STARLINK-31468,9.0528,9.099,3.509,480.2,0.3792,12.7,0
5676,STARLINK-11134 [DTC],STARLINK-11734 [DTC],5.8436,7.411,2.29,359.6,0.3789,12.7,0
5677,STARLINK-32909,STARLINK-36554,2.51,4.267,1.027,492.3,0.379,12.7,0
5678,STARLINK-33577,STARLINK-37127,8.8893,8.905,3.438,465.6,0.3782,12.7,0
5679,YAOGAN-35 02A,STARLINK-30848,6.4035,9.927,2.491,485.5,0.3772,12.6,0
5680,STARLINK-2109,STARLINK-33857,6.9903,7.798,2.709,469.4,0.3768,12.6,0
5681,STARLINK-30219,STARLINK-35131,4.8322,7.57,1.896,466.1,0.3768,12.6,0
5682,STARLINK-3595,STARLINK-3589,5.8455,6.687,2.276,460.5,0.3765,12.6,0
5683,STARLINK-5468,STARLINK-6283,5.9661,6.953,2.317,482.3,0.3758,12.6,0
5684,STARLINK-30410,STARLINK-35169,7.3252,8.076,2.827,479.8,0.3757,12.6,0
5685,STARLINK-6241,STARLINK-31122,8.3534,9.865,3.211,480.3,0.3754,12.6,0
5686,STARLINK-3977,STARLINK-37371,4.6159,8.041,1.805,463.6,0.3748,12.6,0
5687,STARLINK-4531,STARLINK-32478,8.0752,8.576,3.101,479.4,0.3747,12.6,0
5688,STARLINK-34815,KUIPER-00646,7.1764,7.661,2.763,465.8,0.3746,12.6,0
5689,STARLINK-31777,STARLINK-36031,3.2482,7.974,1.291,483.8,0.3744,12.6,0
5690,STARLINK-36728,STARLINK-37173,5.8746,5.881,2.274,482.1,0.3743,12.6,0
5691,STARLINK-34547,STARLINK-35401,0.9223,4.228,0.419,461.8,0.3733,12.5,0
5692,STARLINK-3159,STARLINK-35712,2.5057,3.214,1.01,460.3,0.3733,12.5,0
5693,STARLINK-2530,STARLINK-37408,8.5672,8.868,3.271,479.1,0.3731,12.5,0
5694,STARLINK-2537,STARLINK-2735,6.6708,7.02,2.561,485.8,0.3727,12.5,0
5695,STARLINK-1506,STARLINK-30077,4.4003,6.587,1.712,490.6,0.3721,12.5,0
5696,STARLINK-5470,KUIPER-00644,3.8489,8.889,1.506,459.8,0.372,12.5,0
5697,STARLINK-32373,STARLINK-32883,6.6004,8.442,2.528,475.0,0.3717,12.5,0
5698,STARLINK-33691,STARLINK-34423,8.1093,9.73,3.089,480.2,0.3718,12.5,0
5699,STARLINK-30225,STARLINK-35427,5.3874,6.076,2.074,489.3,0.3712,12.5,0
5700,STARLINK-2712,STARLINK-36479,8.5949,8.598,3.264,491.1,0.3711,12.5,0
5701,STARLINK-6278,STARLINK-31986,8.974,9.098,3.403,480.2,0.3709,12.5,0
5702,STARLINK-2526,STARLINK-30702,7.0884,7.56,2.701,466.6,0.3706,12.4,0
5703,STARLINK-2063,STARLINK-3735,8.3276,9.606,3.158,467.3,0.3703,12.4,0
5704,STARLINK-2754,STARLINK-31837,8.0431,8.217,3.052,466.1,0.3702,12.4,0
5705,STARLINK-30213,STARLINK-33850,3.3352,3.536,1.307,484.2,0.3697,12.4,0
5706,STARLINK-5244,STARLINK-6079,4.3034,4.315,1.664,491.0,0.3695,12.4,0
5707,STARLINK-2537,STARLINK-2735,6.7536,7.091,2.566,472.5,0.369,12.4,0
5708,STARLINK-3783,STARLINK-36347,2.8019,9.226,1.107,476.5,0.3688,12.4,0
5709,STARLINK-30705,STARLINK-37233,6.2173,6.233,2.364,461.9,0.3684,12.4,0
5710,STARLINK-6124,STARLINK-32524,3.3825,4.976,1.32,491.8,0.3685,12.4,0
5711,STARLINK-5790,STARLINK-32102,3.346,5.985,1.305,492.2,0.368,12.4,0
5712,STARLINK-4052,STARLINK-33740,5.1485,5.154,1.969,473.9,0.3681,12.4,0
5713,STARLINK-5280,STARLINK-32124,8.7487,9.386,3.291,466.1,0.3678,12.4,0
5714,STARLINK-30181,STARLINK-34460,5.5339,7.122,2.108,489.5,0.3676,12.4,0
5715,STARLINK-32191,STARLINK-37321,0.8531,4.83,0.386,475.2,0.3665,12.3,0
5716,STARLINK-3867,STARLINK-34259,8.6487,8.782,3.246,479.4,0.3668,12.3,0
5717,STARLINK-32802,STARLINK-34043,3.3651,3.367,1.308,492.1,0.3669,12.3,0
5718,STARLINK-5608,STARLINK-36415,3.3243,5.797,1.291,492.6,0.3663,12.3,0
5719,STARLINK-32411,STARLINK-35369,5.5539,6.147,2.107,475.1,0.3662,12.3,0
5720,STARLINK-31876,STARLINK-33921,7.1596,7.18,2.694,489.9,0.3661,12.3,0
5721,STARLINK-31820,KUIPER-00608,2.5208,7.37,0.995,470.6,0.3657,12.3,0
5722,STARLINK-30497,STARLINK-32220,7.6726,9.582,2.87,480.7,0.3646,12.3,0
5723,STARLINK-3772,STARLINK-32323,8.5444,8.714,3.188,460.6,0.3646,12.3,0
5724,STARLINK-30358,STARLINK-36081,7.1019,9.494,2.659,492.6,0.3642,12.3,0
5725,STARLINK-6166,STARLINK-35507,3.3295,3.541,1.284,492.1,0.3638,12.2,0
5726,STARLINK-30036,STARLINK-35451,3.4444,3.988,1.323,482.9,0.363,12.2,0
5727,STARLINK-30958,STARLINK-36063,3.4809,5.921,1.333,483.9,0.3621,12.2,0
5728,STARLINK-35654,STARLINK-35908,4.8395,9.252,1.824,488.7,0.3619,12.2,0
5729,STARLINK-3839,STARLINK-33639,9.5353,9.579,3.524,484.0,0.362,12.2,0
5730,STARLINK-4738,STARLINK-35441,8.2812,8.496,3.068,479.2,0.3617,12.2,0
5731,STARLINK-30472,LEMUR-2-AFFIE-WAUWIE,3.9705,9.036,1.508,482.7,0.3616,12.2,0
5732,STARLINK-30384,STARLINK-34673,8.1404,9.765,3.015,480.5,0.3615,12.2,0
5733,STARLINK-30410,STARLINK-31923,6.8532,8.296,2.548,472.3,0.3613,12.2,0
5734,STARLINK-5098,STARLINK-32677,8.5219,9.568,3.151,491.4,0.3613,12.2,0
5735,STARLINK-35521,KUIPER-00534,9.1004,9.702,3.357,462.2,0.361,12.2,0
5736,STARLINK-34283,STARLINK-37523,5.5161,8.054,2.06,462.0,0.3604,12.2,0
5737,STARLINK-4567,STARLINK-30829,5.6516,5.664,2.105,483.2,0.3597,12.1,0
5738,STARLINK-31913,STARLINK-33869,3.3612,5.816,1.28,484.1,0.3594,12.1,0
5739,STARLINK-5088,STARLINK-30266,3.8133,4.098,1.442,490.1,0.3593,12.1,0
5740,STARLINK-4712,STARLINK-33574,8.191,8.317,3.013,479.5,0.3591,12.1,0
5741,STARLINK-2674,STARLINK-34104,7.8712,8.548,2.894,465.9,0.3586,12.1,0
5742,CSC-2,GENA-OT,1.0789,3.431,0.458,517.4,0.3581,12.1,0
5743,STARLINK-3346,STARLINK-36072,4.6917,8.751,1.75,483.7,0.3577,12.1,0
5744,STARLINK-31056,STARLINK-34172,7.9653,9.525,2.921,479.5,0.3577,12.1,0
5745,STARLINK-2735,STARLINK-32448,5.045,9.012,1.874,490.2,0.3573,12.1,0
5746,STARLINK-4174,STARLINK-35510,4.4766,9.4,1.67,460.0,0.3571,12.1,0
5747,STARLINK-31202,STARLINK-34767,7.6206,7.954,2.792,489.2,0.357,12.1,0
5748,STARLINK-5130,STARLINK-30275,4.7456,4.765,1.765,460.3,0.3569,12.1,0
5749,STARLINK-35011,STARLINK-35662,8.1481,8.16,2.971,465.6,0.3559,12.0,0
5750,STARLINK-30243,STARLINK-33655,3.5638,3.725,1.337,492.2,0.3552,12.0,0
5751,STARLINK-5743,STARLINK-31648,8.8518,9.496,3.21,490.0,0.3546,12.0,0
5752,STARLINK-3266,STARLINK-35450,9.6277,9.808,3.484,479.5,0.3545,12.0,0
5753,KUIPER-00051,KUIPER-00094,6.0456,7.426,2.211,629.2,0.354,12.0,0
5754,STARLINK-31325,STARLINK-31898,3.6569,5.28,1.364,483.7,0.3537,12.0,0
5755,STARLINK-5656,STARLINK-35987,3.4375,6.16,1.286,492.5,0.3535,12.0,0
5756,STARLINK-35771,STARLINK-36471,3.3995,6.214,1.271,483.6,0.3531,11.9,0
5757,STARLINK-31020,STARLINK-35150,6.5603,8.143,2.384,489.9,0.3526,11.9,0
5758,STARLINK-5776,STARLINK-35640,3.5546,5.695,1.323,492.8,0.3524,11.9,0
5759,STARLINK-3935,STARLINK-32695,6.4744,7.407,2.351,460.5,0.3522,11.9,0
5760,STARLINK-32120,STARLINK-34080,8.0578,8.085,2.905,486.2,0.3518,11.9,0
5761,STARLINK-3941,STARLINK-35209,5.3874,8.144,1.964,460.4,0.3515,11.9,0
5762,STARLINK-36238,STARLINK-37517,5.8424,6.962,2.122,474.9,0.3512,11.9,0
5763,STARLINK-37759,STARLINK-37798,1.6144,3.895,0.636,464.2,0.3505,11.9,0
5764,STARLINK-34800,STARLINK-36430,5.3539,7.766,1.947,489.5,0.3506,11.9,0
5765,STARLINK-3593,STARLINK-37161,4.7013,5.467,1.717,476.4,0.3503,11.9,0
5766,STARLINK-3651,STARLINK-34594,8.9086,9.955,3.191,472.2,0.3503,11.9,0
5767,STARLINK-2550,STARLINK-31997,6.505,9.397,2.345,472.3,0.3497,11.8,0
5768,STARLINK-4616,STARLINK-35303,5.6769,8.11,2.055,473.6,0.3497,11.8,0
5769,STARLINK-6276,STARLINK-32473,3.5132,4.145,1.298,494.0,0.3496,11.8,0
5770,STARLINK-31659,STARLINK-34596,0.9693,3.522,0.408,461.9,0.3489,11.8,0
5771,STARLINK-30279,STARLINK-30562,8.1504,9.197,2.916,480.4,0.3492,11.8,0
5772,STARLINK-3191,STARLINK-35682,3.9722,4.4,1.456,489.7,0.349,11.8,0
5773,STARLINK-30907,STARLINK-35826,7.1456,7.506,2.562,489.8,0.3488,11.8,0
5774,STARLINK-2443,STARLINK-32496,9.2129,9.244,3.279,487.6,0.3484,11.8,0
5775,TOMORROW-S4,STARLINK-33781,7.8006,9.49,2.786,488.1,0.3482,11.8,0
5776,STARLINK-5246,STARLINK-32364,3.8066,7.1,1.395,489.0,0.3482,11.8,0
5777,STARLINK-31484,STARLINK-36484,6.0054,8.901,2.157,489.7,0.3476,11.8,0
5778,STARLINK-3113,STARLINK-34236,1.0548,1.113,0.436,461.9,0.3475,11.8,0
5779,STARLINK-32189,STARLINK-37359,1.1374,7.299,0.464,461.6,0.3469,11.8,0
5780,STARLINK-30468,STARLINK-34729,6.0672,6.073,2.171,489.9,0.3464,11.7,0
5781,STARLINK-2526,STARLINK-32389,8.0398,8.063,2.85,479.5,0.3459,11.7,0
5782,STARLINK-4743,STARLINK-31346,4.5812,4.629,1.653,472.2,0.3457,11.7,0
5783,STARLINK-4585,STARLINK-35292,4.0398,7.371,1.464,489.7,0.3453,11.7,0
5784,CO3D 2,NUSAT-52,1.7586,5.857,0.676,504.8,0.3451,11.7,0
5785,STARLINK-5345,STARLINK-31997,6.1905,9.716,2.204,489.9,0.3449,11.7,0
5786,STARLINK-3931,STARLINK-36299,6.4657,8.727,2.299,463.1,0.3449,11.7,0
5787,STARLINK-2193,STARLINK-35821,8.1284,8.48,2.867,466.1,0.3442,11.7,0
5788,STARLINK-31770,STARLINK-33916,3.6415,5.872,1.322,483.8,0.3441,11.7,0
5789,STARLINK-31610,STARLINK-35483,9.7032,9.72,3.407,479.7,0.344,11.7,0
5790,STARLINK-5587,STARLINK-30812,6.0939,6.647,2.164,489.7,0.3438,11.7,0
5791,STARLINK-4006,STARLINK-36521,3.8964,9.085,1.406,486.2,0.3432,11.7,0
5792,STARLINK-5739,STARLINK-35777,3.8319,6.588,1.381,492.6,0.3425,11.6,0
5793,STARLINK-32937,STARLINK-33757,5.3347,6.093,1.891,489.0,0.3417,11.6,0
5794,STARLINK-6305,STARLINK-31990,9.6724,9.884,3.37,480.1,0.3414,11.6,0
5795,STARLINK-3984,STARLINK-6254,7.6731,8.585,2.686,485.0,0.3412,11.6,0
5796,STARLINK-32491,STARLINK-32778,3.6736,6.651,1.321,492.4,0.341,11.6,0
5797,STARLINK-3251,STARLINK-3197,6.3964,7.07,2.247,467.3,0.3406,11.6,0
5798,STARLINK-5246,STARLINK-34038,6.519,7.875,2.286,485.7,0.3402,11.6,0
5799,RS-44 & BREEZE-KM R/B,ONEWEB-0405,5.9662,6.844,2.095,1190.3,0.3398,11.5,0
5800,STARLINK-32016,STARLINK-37889,5.9521,7.047,2.089,475.2,0.3396,11.5,0
5801,STARLINK-5422,STARLINK-32284,6.0365,6.119,2.113,475.3,0.3388,11.5,0
5802,STARLINK-3208,KUIPER-00496,7.7503,7.767,2.693,487.9,0.3387,11.5,0
5803,STARLINK-31500,STARLINK-36728,3.6451,5.412,1.302,484.2,0.3386,11.5,0
5804,STARLINK-1286,STARLINK-11524 [DTC],4.9121,9.295,1.73,359.1,0.3384,11.5,0
5805,STARLINK-30801,STARLINK-32774,3.5042,9.569,1.252,484.3,0.338,11.5,0
5806,STARLINK-32877,STARLINK-34878,7.8656,9.038,2.724,479.3,0.3377,11.5,0
5807,STARLINK-30455,STARLINK-31035,7.2907,8.684,2.527,476.8,0.3374,11.5,0
5808,STARLINK-30524,STARLINK-32956,2.8519,4.785,1.028,483.0,0.3368,11.5,0
5809,STARLINK-6209,STARLINK-30290,6.2943,6.492,2.186,489.7,0.3366,11.5,0
5810,STARLINK-32510,STARLINK-32710,3.4965,4.034,1.243,492.5,0.3363,11.4,0
5811,STARLINK-30101,STARLINK-33794,9.1589,9.455,3.145,481.5,0.336,11.4,0
5812,STARLINK-31996,STARLINK-37232,6.2445,8.091,2.164,475.1,0.3358,11.4,0
5813,STARLINK-37294,STARLINK-37489,6.1394,7.005,2.125,462.2,0.3352,11.4,0
5814,STARLINK-31750,STARLINK-34155,3.7285,4.131,1.315,492.6,0.3347,11.4,0
5815,STARLINK-3646,STARLINK-3593,6.5026,8.037,2.244,467.3,0.3348,11.4,0
5816,STARLINK-4298,KUIPER-00562,3.5678,9.041,1.26,479.3,0.3344,11.4,0
5817,STARLINK-3268,STARLINK-4793,7.6958,7.817,2.635,472.7,0.3337,11.4,0
5818,STARLINK-3923,STARLINK-32008,1.1899,2.179,0.463,487.6,0.3331,11.4,0
5819,STARLINK-4534,STARLINK-35928,4.7478,6.051,1.649,490.4,0.3333,11.4,0
5820,STARLINK-31981,STARLINK-32000,7.4697,9.939,2.556,472.1,0.3333,11.4,0
5821,STARLINK-35425,STARLINK-37043,1.072,2.383,0.423,475.6,0.3325,11.3,0
5822,STARLINK-30954,STARLINK-35548,7.916,7.917,2.691,489.8,0.3316,11.3,0
5823,CS1,STARLINK-34842,8.9828,9.234,3.044,464.4,0.3315,11.3,0
5824,STARLINK-1523,STARLINK-32573,7.9792,9.56,2.71,461.1,0.3313,11.3,0
5825,STARLINK-3823,STARLINK-4059,3.7816,8.624,1.316,462.9,0.3305,11.3,0
5826,LIZZIESAT-2 (LS-2),STARLINK-36194,7.6926,9.717,2.608,488.8,0.3304,11.3,0
5827,STARLINK-35198,STARLINK-37417,1.7317,6.551,0.637,481.1,0.3298,11.3,0
5828,PTD-4 (LISA-T),SITRO-AIS-60,6.2071,6.496,2.113,508.2,0.3298,11.3,0
5829,STARLINK-31380,STARLINK-37237,1.2652,9.951,0.482,461.9,0.329,11.2,0
5830,STARLINK-30832,STARLINK-34581,8.5999,9.557,2.895,489.9,0.329,11.2,0
5831,STARLINK-35196,STARLINK-35405,8.966,9.287,3.009,480.3,0.3283,11.2,0
5832,STARLINK-2485,STARLINK-34823,5.0579,5.064,1.724,472.1,0.3279,11.2,0
5833,STARLINK-3760,STARLINK-32380,8.6476,9.094,2.9,465.9,0.3278,11.2,0
5834,STARLINK-6163,STARLINK-35463,3.9399,9.132,1.356,492.7,0.3275,11.2,0
5835,STARLINK-6146,STARLINK-35331,3.9416,4.644,1.356,491.7,0.3274,11.2,0
5836,STARLINK-5374,STARLINK-34561,7.2253,8.812,2.431,489.9,0.3274,11.2,0
5837,STARLINK-30316,STARLINK-32850,8.1039,9.684,2.716,479.2,0.3271,11.2,0
5838,STARLINK-30968,STARLINK-34015,6.8279,7.108,2.296,492.6,0.3267,11.2,0
5839,LYNK TOWER 4,STARLINK-36759,8.8003,9.418,2.939,465.0,0.3265,11.2,0
5840,STARLINK-34123,STARLINK-36834,3.6605,9.98,1.26,484.5,0.3264,11.2,0
5841,STARLINK-31663,STARLINK-34846,3.6924,5.631,1.27,493.0,0.3263,11.2,0
5842,STARLINK-31882,STARLINK-32460,3.667,7.485,1.262,492.4,0.3264,11.1,0
5843,STARLINK-32398,STARLINK-36380,7.6861,7.958,2.57,482.1,0.3259,11.1,0
5844,STARLINK-31695,STARLINK-35851,7.0321,7.934,2.353,475.8,0.3254,11.1,0
5845,STARLINK-31239,STARLINK-37490,6.217,7.903,2.087,475.3,0.3252,11.1,0
5846,STARLINK-2712,STARLINK-32742,7.2771,7.308,2.426,491.0,0.3245,11.1,0
5847,STARLINK-5358,STARLINK-35928,3.8783,7.052,1.323,492.8,0.3244,11.1,0
5848,STARLINK-36157,STARLINK-37435,5.0725,5.072,1.707,462.6,0.3238,11.1,0
5849,STARLINK-1558,STARLINK-32478,8.2669,8.28,2.74,465.9,0.3236,11.1,0
5850,STARLINK-34304,KUIPER-00641,3.3614,9.557,1.152,472.6,0.3235,11.1,0
5851,STARLINK-32192,STARLINK-37166,1.2305,3.038,0.462,475.1,0.323,11.1,0
5852,STARLINK-5627,STARLINK-33814,3.9159,7.664,1.324,492.2,0.3217,11.0,0
5853,STARLINK-31840,STARLINK-36917,6.5586,6.671,2.172,466.6,0.3214,11.0,0
5854,2024-174E,STARLINK-37932,6.9966,6.998,2.312,467.8,0.3213,11.0,0
5855,STARLINK-2424,STARLINK-35163,8.4025,9.867,2.763,465.6,0.3212,11.0,0
5856,STARLINK-3210,STARLINK-32553,7.5746,8.955,2.496,460.4,0.321,11.0,0
5857,STARLINK-2414,STARLINK-35819,8.3536,8.628,2.739,465.7,0.3202,11.0,0
5858,STARLINK-5973,STARLINK-32935,4.0513,4.789,1.36,483.8,0.3199,11.0,0
5859,STARLINK-2579,STARLINK-31421,8.0024,8.634,2.622,466.1,0.3197,11.0,0
5860,STARLINK-4274,STARLINK-6328,8.8125,9.687,2.878,480.4,0.3193,10.9,0
5861,STARLINK-6084,STARLINK-32626,7.024,8.228,2.305,492.1,0.3191,10.9,0
5862,STARLINK-32008,STARLINK-32429,4.7694,5.404,1.586,472.1,0.3192,10.9,0
5863,STARLINK-4254,STARLINK-33829,9.611,9.73,3.13,467.3,0.319,10.9,0
5864,STARLINK-4564,STARLINK-30049,4.8061,6.316,1.597,484.2,0.319,10.9,0
5865,STARLINK-11285 [DTC],STARLINK-11512 [DTC],8.0562,8.152,2.633,358.9,0.3189,10.9,0
5866,STARLINK-2545,STARLINK-32376,8.1946,8.804,2.676,479.6,0.3188,10.9,0
5867,STARLINK-4108,STARLINK-34072,9.1529,9.668,2.98,473.6,0.3186,10.9,0
5868,STARLINK-5680,STARLINK-36053,3.8367,9.947,1.285,492.8,0.3183,10.9,0
5869,STARLINK-3658,STARLINK-34333,5.2338,8.43,1.727,460.3,0.3178,10.9,0
5870,STARLINK-30762,STARLINK-32151,8.2642,8.651,2.689,480.9,0.3177,10.9,0
5871,COSMOS 2550,STARLINK-36345,8.0786,9.522,2.624,468.6,0.317,10.9,0
5872,STARLINK-2514,STARLINK-37241,9.4969,9.982,3.064,457.4,0.316,10.8,0
5873,STARLINK-4089,STARLINK-30494,4.5679,6.762,1.507,490.0,0.3161,10.8,0
5874,STARLINK-5174,STARLINK-31044,7.6964,8.629,2.494,494.9,0.3158,10.8,0
5875,STARLINK-30822,STARLINK-32532,3.8962,4.682,1.294,492.5,0.3159,10.8,0
5876,STARLINK-30503,STARLINK-35526,9.3524,9.36,3.013,480.5,0.3154,10.8,0
5877,STARLINK-31533,STARLINK-32504,9.657,9.663,3.108,480.8,0.3153,10.8,0
5878,STARLINK-3969,STARLINK-4298,3.4765,3.476,1.159,464.2,0.3152,10.8,0
5879,STARLINK-1983,STARLINK-5235,9.2216,9.672,2.968,479.4,0.315,10.8,0
5880,STARLINK-31307,STARLINK-31586,5.4565,6.468,1.782,489.1,0.315,10.8,0
5881,STARLINK-30324,STARLINK-33675,3.804,6.529,1.261,492.6,0.3149,10.8,0
5882,STARLINK-3604,STARLINK-32137,9.0918,9.567,2.925,466.0,0.3148,10.8,0
5883,STARLINK-4043,STARLINK-6083,5.9996,9.319,1.948,495.2,0.3142,10.8,0
5884,STARLINK-37745,STARLINK-37869,1.7605,5.045,0.616,464.4,0.3142,10.8,0
5885,STARLINK-3680,STARLINK-32543,8.1759,8.435,2.631,466.0,0.3141,10.8,0
5886,STARLINK-3219,STARLINK-31648,5.1239,5.242,1.672,472.2,0.3141,10.8,0
5887,STARLINK-2682,STARLINK-31417,6.998,9.225,2.256,485.6,0.3134,10.8,0
5888,CORVUS BC2,YUNYAO-1 45,8.7944,8.81,2.816,553.5,0.3131,10.8,0
5889,STARLINK-5387,STARLINK-33622,3.8914,7.76,1.281,484.0,0.3131,10.8,0
5890,STARLINK-3265,STARLINK-30426,5.5405,5.551,1.797,485.8,0.313,10.8,0
5891,STARLINK-31869,STARLINK-37206,8.7512,8.775,2.801,472.0,0.3129,10.8,0
5892,STARLINK-6223,STARLINK-31965,4.1893,7.761,1.372,492.4,0.3126,10.7,0
5893,STARLINK-31663,STARLINK-34846,3.8723,4.069,1.272,483.6,0.3124,10.7,0
5894,STARLINK-2055,STARLINK-34887,3.7695,8.513,1.239,476.3,0.3121,10.7,0
5895,STARLINK-32880,STARLINK-32810,8.2707,8.443,2.64,465.8,0.3117,10.7,0
5896,STARLINK-34948,STARLINK-36960,1.8263,3.637,0.631,481.1,0.3114,10.7,0
5897,STARLINK-2712,STARLINK-32495,4.5092,4.532,1.464,485.1,0.3109,10.7,0
5898,STARLINK-32197,STARLINK-35159,8.1119,8.145,2.583,466.2,0.3108,10.7,0
5899,STARLINK-31522,STARLINK-32527,8.2201,8.48,2.615,472.3,0.3106,10.7,0
5900,STARLINK-31646,STARLINK-34196,8.5453,8.571,2.715,465.9,0.3105,10.7,0
5901,STARLINK-33735,STARLINK-33929,8.9081,9.496,2.823,480.2,0.3099,10.7,0
5902,STARLINK-32497,HAWK-11C,6.8124,7.271,2.171,489.4,0.3096,10.6,0
5903,STARLINK-30316,KUIPER-00199,3.9115,5.977,1.271,460.2,0.3091,10.6,0
5904,STARLINK-3299,STARLINK-34588,2.3108,6.706,0.775,473.2,0.3087,10.6,0
5905,STARLINK-4550,STARLINK-32141,5.9689,8.708,1.905,476.7,0.3088,10.6,0
5906,SBSS (USA 216),STARLINK-34939,6.8524,7.579,2.177,466.3,0.3087,10.6,0
5907,STARLINK-32863,STARLINK-36689,9.2758,9.815,2.924,465.8,0.3086,10.6,0
5908,STARLINK-4655,STARLINK-31665,4.1784,5.7,1.351,488.9,0.3086,10.6,0
5909,STARLINK-3514,STARLINK-32019,6.2077,7.674,1.977,460.2,0.3085,10.6,0
5910,STARLINK-32171,STARLINK-33617,8.8777,9.313,2.797,466.0,0.3081,10.6,0
5911,STARLINK-6323,STARLINK-36458,3.9458,7.949,1.277,492.5,0.308,10.6,0
5912,STARLINK-4083,STARLINK-30563,7.2036,8.73,2.28,475.1,0.308,10.6,0
5913,STARLINK-31029,STARLINK-36141,8.768,9.229,2.761,480.3,0.3079,10.6,0
5914,STARLINK-3565,STARLINK-5297,5.0609,5.711,1.618,550.7,0.3076,10.6,0
5915,STARLINK-3614,STARLINK-35113,5.2902,7.074,1.688,463.2,0.3075,10.6,0
5916,STARLINK-6363,STARLINK-30205,1.8691,3.053,0.634,483.2,0.3064,10.6,0
5917,STARLINK-5768,STARLINK-34386,6.7501,8.733,2.129,489.7,0.3063,10.6,0
5918,STARLINK-4619,STARLINK-36600,6.8976,8.029,2.174,490.1,0.3063,10.6,0
5919,STARLINK-3555,STARLINK-34028,4.2094,6.946,1.35,488.4,0.3062,10.5,0
5920,STARLINK-31452,STARLINK-36608,9.8623,9.951,3.077,480.0,0.3058,10.5,0
5921,STARLINK-2547,STARLINK-32343,8.8389,9.571,2.764,465.9,0.3058,10.5,0
5922,STARLINK-3294,STARLINK-35478,8.0811,8.3,2.526,476.7,0.305,10.5,0
5923,STARLINK-2094,STARLINK-31985,4.814,7.757,1.529,472.2,0.3049,10.5,0
5924,STARLINK-3369,STARLINK-30289,5.2051,8.493,1.645,488.8,0.3043,10.5,0
5925,STARLINK-30870,STARLINK-33836,4.1458,7.867,1.32,492.5,0.3037,10.5,0
5926,STARLINK-5975,STARLINK-32408,4.0852,6.679,1.302,483.9,0.3038,10.5,0
5927,STARLINK-4106,STARLINK-4058,6.6991,7.878,2.094,467.2,0.3035,10.5,0
5928,STARLINK-1560,STARLINK-35921,4.4523,9.696,1.411,485.5,0.3033,10.5,0
5929,STARLINK-4559,STARLINK-31825,2.641,3.686,0.861,476.5,0.3031,10.5,0
5930,STARLINK-31355,STARLINK-37691,1.1351,9.084,0.405,461.3,0.3033,10.5,0
5931,STARLINK-32079,STARLINK-36860,9.7045,9.995,2.998,480.3,0.3027,10.4,0
5932,STARLINK-31549,STARLINK-35327,4.1018,4.544,1.301,492.1,0.3024,10.4,0
5933,STARLINK-31177,STARLINK-32492,4.1853,4.99,1.324,492.4,0.3019,10.4,0
5934,STARLINK-30798,STARLINK-34189,9.5624,9.837,2.944,489.6,0.3016,10.4,0
5935,STARLINK-6094,STARLINK-34115,4.0641,5.237,1.286,484.2,0.3016,10.4,0
5936,STARLINK-6205,STARLINK-36063,7.579,8.2,2.345,484.4,0.3015,10.4,0
5937,STARLINK-3602,STARLINK-3598,2.5532,8.284,0.83,476.8,0.3015,10.4,0
5938,STARLINK-34394,GUOWANG TEST OBJECT D,4.3907,5.267,1.383,460.0,0.3013,10.4,0
5939,STARLINK-2481,STARLINK-4101,8.1441,8.854,2.511,467.4,0.3009,10.4,0
5940,STARLINK-6189,KUIPER-00622,4.1311,7.101,1.303,489.8,0.3008,10.4,0
5941,STARLINK-4637,STARLINK-37035,5.5006,9.047,1.714,473.9,0.3007,10.4,0
5942,STARLINK-35771,STARLINK-36471,4.0224,4.071,1.269,492.9,0.3005,10.4,0
5943,STARLINK-4581,STARLINK-33646,8.5221,9.014,2.617,484.1,0.3,10.4,0
5944,STARLINK-31441,STARLINK-37484,6.7717,9.56,2.09,462.3,0.2998,10.4,0
5945,STARLINK-4589,STARLINK-32021,9.9111,9.947,3.031,480.7,0.2998,10.4,0
5946,STARLINK-2442,STARLINK-36646,9.6926,9.737,2.964,487.6,0.2996,10.3,0
5947,STARLINK-11424 [DTC],STARLINK-11665 [DTC],6.4045,7.301,1.978,364.7,0.2995,10.3,0
5948,STARLINK-31601,STARLINK-36790,8.2046,9.026,2.517,475.1,0.2995,10.3,0
5949,STARLINK-3748,STARLINK-35920,3.2014,9.121,1.017,474.1,0.299,10.3,0
5950,STARLINK-4092,STARLINK-33964,9.7941,9.92,2.987,486.0,0.2989,10.3,0
5951,STARLINK-3141,STARLINK-30082,4.6804,5.021,1.458,493.5,0.2987,10.3,0
5952,STARLINK-4092,STARLINK-32006,7.3826,8.057,2.264,475.2,0.2986,10.3,0
5953,STARLINK-30423,STARLINK-33914,9.1536,9.246,2.791,487.2,0.2984,10.3,0
5954,STARLINK-6249,STARLINK-36424,4.0326,9.657,1.262,484.1,0.2982,10.3,0
5955,STARLINK-32003,STARLINK-37352,6.806,7.645,2.088,475.7,0.298,10.3,0
5956,STARLINK-3971,STARLINK-36402,5.6196,9.58,1.734,475.9,0.298,10.3,0
5957,STARLINK-30588,STARLINK-35779,3.1423,5.521,0.996,484.7,0.298,10.3,0
5958,KSM1-C,STARLINK-30222,3.8787,5.656,1.215,491.4,0.2979,10.3,0
5959,STARLINK-2371,STARLINK-32795,8.3028,8.306,2.531,465.7,0.2977,10.3,0
5960,STARLINK-35085,STARLINK-36784,9.2569,9.354,2.814,466.3,0.2976,10.3,0
5961,STARLINK-4285,STARLINK-33756,5.5067,5.664,1.698,463.0,0.2975,10.3,0
5962,STARLINK-33665,STARLINK-36469,4.0117,5.652,1.253,483.1,0.2975,10.3,0
5963,STARLINK-2088,STARLINK-31440,4.3446,7.017,1.351,472.0,0.2973,10.3,0
5964,STARLINK-3241,STARLINK-31579,5.395,5.817,1.663,485.5,0.2972,10.3,0
5965,STARLINK-31912,STARLINK-35977,4.0097,8.719,1.248,484.7,0.2965,10.3,0
5966,STARLINK-30076,STARLINK-32502,8.6647,9.568,2.626,492.0,0.2962,10.2,0
5967,STARLINK-3512,STARLINK-31983,7.7069,7.731,2.341,476.8,0.2961,10.2,0
5968,STARLINK-32369,STARLINK-37076,6.507,7.766,1.983,466.8,0.2957,10.2,0
5969,STARLINK-4101,STARLINK-35694,9.0786,9.844,2.741,476.1,0.2954,10.2,0
5970,STARLINK-3736,STARLINK-32181,8.0516,9.578,2.437,476.8,0.2953,10.2,0
5971,STARLINK-3976,STARLINK-36541,4.5088,9.213,1.39,486.6,0.2952,10.2,0
5972,STARLINK-3287,STARLINK-5964,5.52,9.96,1.686,491.5,0.2948,10.2,0
5973,STARLINK-33589,STARLINK-32824,4.2687,5.237,1.317,472.1,0.2947,10.2,0
5974,STARLINK-34351,STARLINK-35749,5.9973,6.453,1.824,488.8,0.2943,10.2,0
5975,STARLINK-31902,STARLINK-35981,4.0468,4.233,1.248,483.9,0.2939,10.2,0
5976,STARLINK-36612,STARLINK-36391,1.8879,3.408,0.613,464.4,0.2936,10.2,0
5977,STARLINK-30770,STARLINK-35362,8.3258,8.414,2.503,489.8,0.2936,10.2,0
5978,STARLINK-31014,KUIPER-00644,3.5526,3.983,1.101,461.1,0.2934,10.2,0
5979,STARLINK-2170,STARLINK-30856,9.565,9.657,2.861,467.0,0.293,10.1,0
5980,STARLINK-3536,HAWK-11A,8.0882,9.314,2.421,469.4,0.2921,10.1,0
5981,JILIN-01 KUANFU 02B 4,2026-106C,2.8952,2.994,0.904,527.7,0.2921,10.1,0
5982,KSM1-C,STARLINK-31363,9.5271,9.786,2.839,491.7,0.2919,10.1,0
5983,STARLINK-3829,STARLINK-35411,6.1876,7.393,1.863,489.7,0.2917,10.1,0
5984,STARLINK-31556,STARLINK-34113,4.3105,6.182,1.315,492.6,0.2915,10.1,0
5985,STARLINK-32803,STARLINK-34828,9.4235,9.424,2.806,480.5,0.2916,10.1,0
5986,STARLINK-3460,STARLINK-35213,7.9415,8.043,2.371,461.9,0.2912,10.1,0
5987,STARLINK-5801,STARLINK-34186,4.2639,6.102,1.299,492.7,0.291,10.1,0
5988,STARLINK-36611,STARLINK-36618,4.4925,4.521,1.366,484.0,0.2911,10.1,0
5989,STARLINK-32864,STARLINK-34907,7.9701,8.226,2.378,474.9,0.2911,10.1,0
5990,STARLINK-6150,STARLINK-31603,7.1757,8.73,2.145,481.1,0.2908,10.1,0
5991,STARLINK-30226,STARLINK-33612,4.4657,8.977,1.357,484.2,0.2908,10.1,0
5992,STARLINK-2500,STARLINK-34903,8.7972,8.825,2.616,478.9,0.2908,10.1,0
5993,STARLINK-2164,STARLINK-30763,5.1781,5.567,1.561,472.1,0.2903,10.1,0
5994,STARLINK-34619,BANDWAGON-4 OBJECT N,3.3515,6.603,1.031,482.0,0.2903,10.1,0
5995,STARLINK-2735,STARLINK-5975,6.815,7.41,2.035,489.4,0.2901,10.1,0
5996,STARLINK-35361,STARLINK-37413,1.9339,7.636,0.619,464.8,0.2901,10.1,0
5997,STARLINK-5408,STARLINK-37420,4.341,4.443,1.315,479.1,0.2896,10.0,0
5998,STARLINK-34550,KUIPER-00562,8.0798,8.439,2.396,478.0,0.2894,10.0,0
5999,STARLINK-2166,STARLINK-35236,8.4535,8.462,2.501,465.8,0.289,10.0,0
6000,STARLINK-31383,STARLINK-35288,7.9543,8.524,2.356,474.0,0.2889,10.0,0
6001,STARLINK-11545 [DTC],HMU-SAT2,7.231,7.598,2.146,359.9,0.2888,10.0,0
6002,STARLINK-3699,STARLINK-35594,8.7766,8.786,2.59,465.8,0.2885,10.0,0
6003,STARLINK-3240,STARLINK-32634,1.3286,1.522,0.441,461.8,0.2885,10.0,0
6004,STARLINK-33706,STARLINK-35610,4.2346,5.693,1.279,483.9,0.2884,10.0,0
6005,STARLINK-32491,STARLINK-32778,4.3863,4.407,1.323,484.1,0.2885,10.0,0
6006,STARLINK-4089,STARLINK-30494,5.035,8.753,1.509,485.1,0.2883,10.0,0
6007,STARLINK-30382,STARLINK-31939,9.1529,9.766,2.696,480.7,0.2883,10.0,0
6008,STARLINK-5036,STARLINK-35616,8.276,8.626,2.443,470.7,0.2882,10.0,0
6009,STARLINK-30797,STARLINK-35092,5.0608,9.911,1.513,485.5,0.2876,10.0,0
6010,STARLINK-11174 [DTC],STARLINK-11477 [DTC],8.0367,8.39,2.365,368.7,0.2871,10.0,0
6011,STARLINK-2101,STARLINK-4036,6.5874,7.41,1.948,472.4,0.287,10.0,0
6012,STARLINK-3897,KUIPER-00428,5.674,7.735,1.686,473.7,0.287,10.0,0
6013,STARLINK-3522,STARLINK-33698,9.7851,9.954,2.865,484.3,0.2869,10.0,0
6014,STARLINK-3986,STARLINK-31773,1.7712,2.022,0.566,473.6,0.2871,10.0,0
6015,STARLINK-4121,STARLINK-34253,5.066,9.789,1.51,463.1,0.2867,10.0,0
6016,STARLINK-3332,STARLINK-30468,4.6746,4.716,1.396,486.0,0.2864,9.9,0
6017,STARLINK-4599,STARLINK-31391,7.64,7.733,2.242,491.6,0.286,9.9,0
6018,STARLINK-30107,STARLINK-36520,4.3708,9.947,1.306,483.8,0.2857,9.9,0
6019,STARLINK-4564,STARLINK-31148,4.5583,8.116,1.358,488.4,0.2854,9.9,0
6020,STARLINK-5731,STARLINK-32934,4.2944,9.925,1.282,484.7,0.2852,9.9,0
6021,STARLINK-33810,STARLINK-35323,9.0477,9.575,2.631,489.6,0.2845,9.9,0
6022,STARLINK-31261,STARLINK-31522,6.1466,8.311,1.804,489.7,0.2842,9.9,0
6023,STARLINK-34582,STARLINK-35317,1.3288,7.609,0.435,475.2,0.2845,9.9,0
6024,STARLINK-6276,STARLINK-32473,4.3783,5.403,1.3,482.9,0.2839,9.9,0
6025,STARLINK-1556,GUOWANG TEST OBJECT A,3.9284,4.753,1.171,485.6,0.2836,9.9,0
6026,STARLINK-4600,STARLINK-30576,5.7245,8.802,1.68,487.0,0.2836,9.9,0
6027,REAL,STARLINK-36575,3.5268,5.308,1.056,479.0,0.2834,9.9,0
6028,STARLINK-4719,STARLINK-30948,7.1334,7.494,2.078,491.2,0.2834,9.9,0
6029,YAOGAN-43 01G,STARLINK-35663,9.5577,9.581,2.762,480.9,0.2831,9.8,0
6030,ONEWEB-0066,ONEWEB-0458,6.5443,8.014,1.909,1235.6,0.2831,9.8,0
6031,STARLINK-32510,STARLINK-32710,4.2019,4.244,1.245,483.9,0.2828,9.8,0
6032,STARLINK-6086,STARLINK-36452,4.2719,8.024,1.262,484.1,0.2822,9.8,0
6033,STARLINK-32952,STARLINK-33749,8.4459,9.107,2.439,487.3,0.2821,9.8,0
6034,STARLINK-5951,STARLINK-32960,4.6297,7.883,1.36,484.0,0.2816,9.8,0
6035,STARLINK-31871,STARLINK-36039,4.5244,9.654,1.327,483.8,0.2809,9.8,0
6036,STARLINK-4165,STARLINK-33814,9.0735,9.109,2.605,487.5,0.2809,9.8,0
6037,STARLINK-31941,STARLINK-35219,4.4648,4.995,1.31,492.6,0.2808,9.8,0
6038,STARLINK-6141,STARLINK-35581,4.3604,7.237,1.279,483.7,0.2805,9.8,0
6039,STARLINK-2534,STARLINK-32185,4.3206,6.837,1.267,472.0,0.2803,9.8,0
6040,STARLINK-36238,STARLINK-37517,7.3748,9.244,2.122,474.7,0.2801,9.8,0
6041,STARLINK-11385 [DTC],UITMSAT-2,5.3241,6.599,1.547,356.6,0.28,9.7,0
6042,STARLINK-5126,STARLINK-31686,4.9555,5.189,1.441,489.6,0.2795,9.7,0
6043,STARLINK-5181,STARLINK-30307,9.866,9.866,2.811,482.6,0.2793,9.7,0
6044,STARLINK-5408,STARLINK-37420,4.5199,6.451,1.318,465.2,0.2792,9.7,0
6045,STARLINK-31428,STARLINK-35389,4.4639,6.093,1.302,484.0,0.2792,9.7,0
6046,STARLINK-3974,STARLINK-6171,6.3703,7.651,1.83,483.3,0.2785,9.7,0
6047,STARLINK-33995,STARLINK-34855,4.5405,4.909,1.32,485.9,0.2785,9.7,0
6048,STARLINK-6244,STARLINK-36506,4.333,5.327,1.262,484.1,0.2784,9.7,0
6049,STARLINK-2402,STARLINK-4647,4.5922,8.552,1.334,486.0,0.2784,9.7,0
6050,STARLINK-4599,STARLINK-5795,5.2079,8.014,1.505,485.2,0.2783,9.7,0
6051,STARLINK-30362,STARLINK-31099,7.1703,9.093,2.047,490.6,0.2777,9.7,0
6052,STARLINK-30885,STARLINK-33789,4.5502,8.904,1.319,492.0,0.2777,9.7,0
6053,STARLINK-5692,STARLINK-33745,9.3181,9.884,2.642,490.0,0.2776,9.7,0
6054,STARLINK-30932,STARLINK-34223,4.6165,5.48,1.336,484.0,0.2774,9.7,0
6055,STARLINK-6083,STARLINK-34070,4.4937,8.647,1.302,484.4,0.2774,9.7,0
6056,STARLINK-31558,STARLINK-33711,4.5115,8.502,1.306,492.6,0.2772,9.7,0
6057,STARLINK-2237,STARLINK-36660,9.3825,9.665,2.655,487.6,0.2771,9.7,0
6058,STARLINK-34491,STARLINK-35895,2.8287,9.38,0.839,476.4,0.277,9.7,0
6059,STARLINK-3829,STARLINK-31207,9.3751,9.388,2.651,480.7,0.2769,9.7,0
6060,STARLINK-30816,STARLINK-36104,8.6526,9.763,2.451,480.7,0.2769,9.7,0
6061,STARLINK-5246,STARLINK-32364,4.8391,4.903,1.395,492.0,0.2768,9.7,0
6062,STARLINK-3892,STARLINK-36519,7.7598,7.809,2.203,481.1,0.2768,9.6,0
6063,STARLINK-31781,STARLINK-36119,4.4777,7.886,1.294,492.5,0.2766,9.6,0
6064,STARLINK-35138,STARLINK-35179,5.2412,6.189,1.503,485.5,0.2762,9.6,0
6065,STARLINK-32849,GUOWANG TEST OBJECT B,3.123,6.096,0.918,473.5,0.2763,9.6,0
6066,STARLINK-3209,STARLINK-37037,7.552,9.697,2.135,475.3,0.2754,9.6,0
6067,STARLINK-32510,STARLINK-32710,4.3271,8.657,1.245,484.0,0.275,9.6,0
6068,STARLINK-3794,STARLINK-36933,5.032,8.167,1.438,474.4,0.2748,9.6,0
6069,STARLINK-3755,STARLINK-33681,6.1882,7.684,1.755,473.5,0.2747,9.6,0
6070,STARLINK-2586,STARLINK-32854,8.6623,8.933,2.435,480.6,0.2748,9.6,0
6071,STARLINK-2109,STARLINK-35324,8.5636,9.629,2.406,465.2,0.2745,9.6,0
6072,STARLINK-32715,STARLINK-35514,4.6299,4.924,1.322,484.0,0.2737,9.6,0
6073,BUFENG 1A,STARLINK-33700,2.2496,2.346,0.67,491.1,0.2735,9.6,0
6074,STARLINK-5742,STARLINK-5587,4.8733,8.928,1.387,492.6,0.2734,9.5,0
6075,STARLINK-4036,STARLINK-32076,7.5747,7.736,2.123,472.5,0.2731,9.5,0
6076,STARLINK-31750,STARLINK-34155,4.629,8.825,1.317,484.1,0.2727,9.5,0
6077,STARLINK-6166,STARLINK-35507,4.5111,8.247,1.285,484.6,0.2728,9.5,0
6078,STARLINK-31501,STARLINK-35618,4.5807,6.704,1.302,492.6,0.2723,9.5,0
6079,STARLINK-32046,STARLINK-34508,5.041,8.567,1.427,471.9,0.2723,9.5,0
6080,STARLINK-4667,STARLINK-37258,5.4789,6.31,1.545,474.0,0.2721,9.5,0
6081,YAOGAN-43 01G,STARLINK-35494,9.6788,9.971,2.686,471.6,0.2719,9.5,0
6082,STARLINK-3637,STARLINK-34145,7.4238,7.871,2.073,475.2,0.2719,9.5,0
6083,STARLINK-31973,STARLINK-35743,4.5662,5.968,1.295,484.5,0.2717,9.5,0
6084,STARLINK-30870,STARLINK-33836,4.6648,4.703,1.322,484.3,0.2717,9.5,0
6085,NUSAT-33 (ALBANIA-2),NASBSAT-1,6.8969,7.856,1.925,494.9,0.2712,9.5,0
6086,STARLINK-4089,STARLINK-31454,9.2186,9.476,2.551,473.7,0.2708,9.5,0
6087,STARLINK-31741,STARLINK-34062,4.6678,7.947,1.317,484.1,0.2706,9.5,0
6088,STARLINK-31203,STARLINK-33744,4.7288,8.801,1.333,492.5,0.2705,9.5,0
6089,STARLINK-6356,STARLINK-32480,4.888,9.239,1.376,492.5,0.2704,9.5,0
6090,STARLINK-30166,STARLINK-32267,6.2129,6.849,1.733,489.2,0.2702,9.4,0
6091,STARLINK-4585,STARLINK-31148,4.8646,4.978,1.362,491.6,0.2689,9.4,0
6092,STARLINK-3197,STARLINK-4067,5.8185,5.895,1.613,467.2,0.268,9.4,0
6093,STARLINK-31490,STARLINK-35588,9.902,9.936,2.708,480.6,0.2681,9.4,0
6094,STARLINK-31854,STARLINK-35509,8.4967,9.148,2.327,490.0,0.2676,9.4,0
6095,STARLINK-34516,STARLINK-37019,6.8262,7.182,1.88,466.2,0.2676,9.4,0
6096,STARLINK-31257,STARLINK-36554,1.0662,2.168,0.338,492.3,0.2669,9.4,0
6097,STARLINK-32757,STARLINK-35904,5.3781,6.024,1.49,488.3,0.2671,9.3,0
6098,STARLINK-3375,STARLINK-33711,7.1405,7.412,1.958,483.1,0.2667,9.3,0
6099,STARLINK-34762,STARLINK-35807,9.4113,9.995,2.563,465.4,0.2667,9.3,0
6100,STARLINK-11468 [DTC],STARLINK-11672 [DTC],8.6349,8.638,2.352,366.4,0.2662,9.3,0
6101,STARLINK-4208,STARLINK-36864,2.6366,3.979,0.755,476.7,0.2662,9.3,0
6102,STARLINK-3536,HAWK-11B,8.4054,8.598,2.29,469.8,0.2661,9.3,0
6103,STARLINK-3172,STARLINK-36997,7.8367,7.839,2.137,476.4,0.2659,9.3,0
6104,STARLINK-31592,STARLINK-36888,4.7373,5.947,1.312,493.0,0.2657,9.3,0
6105,STARLINK-3602,STARLINK-31829,8.1101,9.252,2.208,482.0,0.2657,9.3,0
6106,STARLINK-30080,STARLINK-35570,7.8362,8.014,2.134,489.7,0.2655,9.3,0
6107,STARLINK-33706,STARLINK-35610,4.6197,9.037,1.279,483.9,0.2654,9.3,0
6108,STARLINK-30282,STARLINK-31247,7.005,9.258,1.911,489.6,0.2652,9.3,0
6109,STARLINK-31820,KUIPER-00608,3.5417,9.844,0.992,481.7,0.2651,9.3,0
6110,STARLINK-30807,STARLINK-31799,4.6845,7.808,1.293,492.3,0.2647,9.3,0
6111,STARLINK-3935,STARLINK-32501,9.4766,9.477,2.562,460.4,0.2648,9.3,0
6112,STARLINK-35542,STARLINK-36592,8.8145,9.426,2.381,480.5,0.2641,9.3,0
6113,STARLINK-6233,STARLINK-33933,4.8013,5.175,1.321,492.1,0.2641,9.3,0
6114,STARLINK-31506,STARLINK-31513,6.0025,7.032,1.637,489.2,0.2639,9.2,0
6115,STARLINK-31307,STARLINK-36485,4.7279,5.887,1.3,484.6,0.2638,9.2,0
6116,STARLINK-31353,STARLINK-37402,1.3257,4.281,0.402,475.2,0.2635,9.2,0
6117,STARLINK-32190,STARLINK-37669,1.273,7.328,0.388,461.2,0.2634,9.2,0
6118,CUBESX-HSE 3 (RS42S),STARLINK-36612,3.153,7.047,0.882,479.3,0.263,9.2,0
6119,STARLINK-3256,STARLINK-36592,5.6435,6.733,1.537,484.5,0.263,9.2,0
6120,STARLINK-31279,STARLINK-32901,4.695,5.792,1.287,484.3,0.2629,9.2,0
6121,STARLINK-1523,STARLINK-4283,9.3466,9.543,2.509,465.3,0.2628,9.2,0
6122,STARLINK-30377,STARLINK-31485,0.8245,0.867,0.269,484.3,0.2626,9.2,0
6123,STARLINK-30036,STARLINK-35451,4.8399,9.577,1.321,493.8,0.2621,9.2,0
6124,STARLINK-3302,STARLINK-4299,6.959,9.211,1.877,473.5,0.2622,9.2,0
6125,STARLINK-1478,STARLINK-11716 [DTC],9.701,9.967,2.59,357.0,0.2616,9.2,0
6126,STARLINK-32715,STARLINK-35514,4.8546,8.908,1.321,492.4,0.2613,9.2,0
6127,STARLINK-5451,STARLINK-34100,9.1291,9.279,2.433,486.3,0.2608,9.1,0
6128,STARLINK-31147,STARLINK-35546,8.6063,9.037,2.295,481.0,0.2606,9.1,0
6129,STARLINK-31071,STARLINK-36067,4.8679,8.759,1.318,484.2,0.2601,9.1,0
6130,STARLINK-30815,STARLINK-34261,8.4548,8.81,2.25,466.0,0.26,9.1,0
6131,STARLINK-31167,STARLINK-32851,8.479,8.601,2.254,480.9,0.2597,9.1,0
6132,STARLINK-11289 [DTC],STARLINK-11507 [DTC],5.7301,8.54,1.539,362.1,0.2595,9.1,0
6133,AL MUNTHER,STARLINK-36573,4.1705,6.657,1.134,481.1,0.2595,9.1,0
6134,STARLINK-30128,STARLINK-32170,6.0455,6.831,1.617,488.7,0.2589,9.1,0
6135,STARLINK-34276,STARLINK-35920,8.1846,8.223,2.168,479.4,0.2586,9.1,0
6136,STARLINK-31985,STARLINK-32453,5.9391,8.13,1.584,485.8,0.258,9.1,0
6137,STARLINK-3776,STARLINK-4288,2.8564,5.04,0.788,476.7,0.2578,9.1,0
6138,OTTER PUP 2,2026-027B,6.2411,7.175,1.66,496.1,0.2577,9.1,0
6139,STARLINK-4083,STARLINK-30563,8.6338,8.635,2.275,489.2,0.2575,9.1,0
6140,STARLINK-2395,STARLINK-35710,4.5346,5.603,1.219,472.0,0.2575,9.0,0
6141,STARLINK-31716,STARLINK-31854,8.6881,9.037,2.279,480.9,0.2564,9.0,0
6142,STARLINK-3593,BANDWAGON-2 OBJECT D,8.8791,9.034,2.325,479.1,0.2561,9.0,0
6143,STARLINK-30609,STARLINK-35619,7.4513,8.154,1.958,489.4,0.2559,9.0,0
6144,STARLINK-30273,STARLINK-32632,5.2677,5.424,1.399,480.7,0.2559,9.0,0
6145,STARLINK-31132,STARLINK-35225,8.7495,9.144,2.289,465.9,0.2558,9.0,0
6146,STARLINK-3980,STARLINK-32191,2.6492,8.448,0.728,476.1,0.2555,9.0,0
6147,SUPERVIEW NEO-3 02,IRIDE FM6,2.6615,3.856,0.731,515.3,0.2555,9.0,0
6148,STARLINK-3794,STARLINK-32198,3.6322,4.674,0.979,473.8,0.2555,9.0,0
6149,STARLINK-32199,STARLINK-37380,1.6212,7.649,0.464,461.7,0.2548,9.0,0
6150,STARLINK-32141,STARLINK-31745,9.2999,9.39,2.423,465.9,0.2551,9.0,0
6151,STARLINK-5250,STARLINK-30089,6.6171,7.402,1.736,489.4,0.2547,9.0,0
6152,STARLINK-6168,STARLINK-35559,5.5486,7.396,1.463,482.4,0.2545,9.0,0
6153,STARLINK-3701,STARLINK-34333,3.1737,5.238,0.858,460.3,0.2543,8.9,0
6154,STARLINK-37537,STARLINK-37961,7.3482,7.719,1.92,434.1,0.2544,8.9,0
6155,STARLINK-4543,KUIPER-00561,4.7653,4.782,1.262,457.0,0.2542,8.9,0
6156,STARLINK-3638,STARLINK-34647,8.9271,9.949,2.317,461.8,0.2539,8.9,0
6157,GEOSCAN 2 (RS92S2),STARLINK-37022,4.7451,8.227,1.254,465.4,0.2536,8.9,0
6158,STARLINK-3357,STARLINK-37276,9.3419,9.395,2.418,464.1,0.2534,8.9,0
6159,STARLINK-32120,STARLINK-36504,6.2018,7.301,1.622,490.3,0.2534,8.9,0
6160,STARLINK-6249,STARLINK-36424,4.7764,9.814,1.261,492.5,0.2534,8.9,0
6161,STARLINK-32082,STARLINK-36429,6.2277,7.923,1.628,489.2,0.2533,8.9,0
6162,STARLINK-35269,JILIN GAOFEN OBJECT C,5.0891,5.169,1.339,547.9,0.2532,8.9,0
6163,STARLINK-5802,STARLINK-36484,4.7956,9.149,1.262,492.6,0.2526,8.9,0
6164,STARLINK-5732,STARLINK-32915,5.0281,9.161,1.312,484.0,0.251,8.8,0
6165,STARLINK-3298,STARLINK-4778,8.4418,8.497,2.168,476.6,0.2509,8.8,0
6166,STARLINK-4141,STARLINK-34828,8.8192,9.1,2.261,485.6,0.2507,8.8,0
6167,STARLINK-3128,STARLINK-35747,1.3404,6.747,0.386,475.2,0.2506,8.8,0
6168,STARLINK-30830,STARLINK-32384,5.2906,7.53,1.372,493.3,0.2499,8.8,0
6169,KUIPER-00157,KUIPER-00512,3.8952,6.606,1.022,640.0,0.2496,8.8,0
6170,STARLINK-2092,STARLINK-35623,8.907,9.137,2.269,485.4,0.2491,8.8,0
6171,STARLINK-35666,STARLINK-36286,9.2916,9.301,2.365,475.4,0.2492,8.8,0
6172,2023-091F,SITRO-AIS-60,6.2116,8.559,1.597,505.6,0.2491,8.8,0
6173,STARLINK-31472,STARLINK-32454,6.2016,6.536,1.595,488.9,0.2492,8.8,0
6174,2023-091F,SUPERVIEW NEO-3 01,9.1791,9.444,2.335,495.8,0.249,8.8,0
6175,STARLINK-11370 [DTC],STARLINK-11738 [DTC],6.0943,6.716,1.566,361.9,0.2488,8.8,0
6176,STARLINK-5039,STARLINK-34784,9.4673,9.615,2.402,487.6,0.2485,8.8,0
6177,STARLINK-31872,STARLINK-35814,5.0328,5.577,1.296,484.5,0.2477,8.7,0
6178,STARLINK-31751,STARLINK-35887,4.9302,8.862,1.27,484.4,0.2476,8.7,0
6179,STARLINK-32356,STARLINK-36764,8.7395,8.788,2.213,465.9,0.2476,8.7,0
6180,STARLINK-3287,STARLINK-5964,6.6144,6.849,1.685,485.4,0.2473,8.7,0
6181,STARLINK-4091,STARLINK-6302,6.5602,6.709,1.669,490.4,0.2469,8.7,0
6182,STARLINK-35115,STARLINK-36379,2.391,7.808,0.638,480.9,0.2462,8.7,0
6183,STARLINK-31205,STARLINK-35732,5.1751,9.965,1.322,492.9,0.2459,8.7,0
6184,STARLINK-2092,STARLINK-35623,9.0495,9.122,2.273,472.2,0.2457,8.7,0
6185,STARLINK-4479,STARLINK-31602,8.4898,8.52,2.133,479.5,0.2455,8.7,0
6186,STARLINK-32194,STARLINK-37424,1.6834,7.801,0.462,475.3,0.2453,8.7,0
6187,STARLINK-6163,STARLINK-35463,5.3437,5.783,1.358,484.0,0.245,8.7,0
6188,STARLINK-30524,STARLINK-32956,3.9963,4.066,1.027,493.0,0.2447,8.6,0
6189,STARLINK-4701,STARLINK-4656,3.2344,6.542,0.84,473.8,0.2446,8.6,0
6190,CO3D 3,FLOCK 4H-26,2.6932,8.581,0.707,520.0,0.2444,8.6,0
6191,STARLINK-5244,STARLINK-34103,8.9585,9.711,2.236,488.6,0.2441,8.6,0
6192,STARLINK-4054,STARLINK-36787,2.9292,3.263,0.763,473.8,0.2438,8.6,0
6193,STARLINK-32289,STARLINK-37056,8.4961,9.993,2.12,475.1,0.2438,8.6,0
6194,STARLINK-36612,STARLINK-36391,2.3133,5.359,0.612,480.5,0.2435,8.6,0
6195,STARLINK-5050,STARLINK-32804,5.4803,7.112,1.382,488.7,0.2433,8.6,0
6196,A-SEANSAT-PG1,2024-085C,2.5309,8.105,0.664,461.9,0.2431,8.6,0
6197,STARLINK-32599,STARLINK-35461,8.4455,8.874,2.102,481.3,0.2431,8.6,0
6198,STARLINK-31257,STARLINK-32909,5.4126,8.695,1.364,484.2,0.243,8.6,0
6199,STARLINK-4544,STARLINK-31927,5.4059,7.531,1.361,491.4,0.2428,8.6,0
6200,STARLINK-31234,STARLINK-35891,5.251,9.84,1.323,492.6,0.2427,8.6,0
6201,STARLINK-30213,STARLINK-33850,5.181,6.977,1.306,492.4,0.2427,8.6,0
6202,STARLINK-5719,STARLINK-30842,6.3416,6.833,1.585,490.9,0.2423,8.6,0
6203,STARLINK-5346,STARLINK-36410,5.4155,8.026,1.357,484.0,0.2417,8.5,0
6204,STARLINK-4548,GLOBAL-33,7.8932,7.894,1.953,462.6,0.2413,8.5,0
6205,STARLINK-4740,STARLINK-37761,8.5422,8.75,2.109,460.1,0.2412,8.5,0
6206,STARLINK-3957,STARLINK-32260,2.813,2.847,0.726,460.6,0.241,8.5,0
6207,STARLINK-3209,STARLINK-37037,8.6619,8.681,2.135,475.3,0.2409,8.5,0
6208,STARLINK-31659,STARLINK-34596,1.4924,1.712,0.408,475.1,0.2411,8.5,0
6209,STARLINK-35129,STARLINK-37082,8.6929,8.708,2.142,475.1,0.2409,8.5,0
6210,STARLINK-5246,STARLINK-31166,6.1657,6.766,1.532,487.9,0.2407,8.5,0
6211,FLOCK 4BE-36,TRANSPORTER-12 OBJECT AY,0.9574,6.116,0.278,451.7,0.2402,8.5,0
6212,STARLINK-4016,STARLINK-30290,4.3858,9.352,1.102,472.1,0.2403,8.5,0
6213,STARLINK-3514,STARLINK-34875,3.2145,8.179,0.82,473.9,0.2402,8.5,0
6214,STARLINK-4151,STARLINK-31440,6.6206,8.83,1.637,472.1,0.24,8.5,0
6215,STARLINK-2123,STARLINK-3593,8.5314,9.921,2.095,480.7,0.2399,8.5,0
6216,STARLINK-30702,STARLINK-37340,8.6376,8.998,2.118,462.6,0.2397,8.5,0
6217,STARLINK-4585,STARLINK-30049,6.4622,8.087,1.597,488.6,0.2397,8.5,0
6218,STARLINK-32510,STARLINK-32710,4.9863,6.931,1.243,492.5,0.2397,8.5,0
6219,STARLINK-2266,STARLINK-37101,7.4163,7.794,1.823,479.9,0.2394,8.5,0
6220,STARLINK-2622,STARLINK-3504,8.1364,9.123,1.994,479.3,0.2392,8.5,0
6221,STARLINK-31667,STARLINK-36994,5.3181,8.266,1.319,492.5,0.239,8.5,0
6222,STARLINK-31316,STARLINK-35915,5.1405,9.496,1.276,492.4,0.2389,8.5,0
6223,STARLINK-36303,STARLINK-37353,4.1527,4.199,1.04,462.9,0.2389,8.5,0
6224,STARLINK-3562,HAWK-6A,8.296,9.645,2.029,497.9,0.2388,8.5,0
6225,STARLINK-31292,STARLINK-36500,5.5728,7.149,1.377,492.4,0.2385,8.4,0
6226,CARTOSAT-3,IRIDE FM5,6.2533,8.72,1.537,520.8,0.2382,8.4,0
6227,STARLINK-32236,STARLINK-35350,1.7309,9.233,0.46,475.5,0.2382,8.4,0
6228,STARLINK-32120,STARLINK-33802,8.5343,8.891,2.08,490.8,0.2381,8.4,0
6229,STARLINK-5242,STARLINK-5440,6.1057,8.129,1.501,460.5,0.238,8.4,0
6230,STARLINK-5547,STARLINK-30493,6.6399,7.272,1.626,489.1,0.2377,8.4,0
6231,STARLINK-33577,STARLINK-35113,9.277,9.393,2.253,479.7,0.2377,8.4,0
6232,STARLINK-5117,STARLINK-37358,5.3143,9.129,1.311,476.8,0.2377,8.4,0
6233,STARLINK-32539,KUIPER-00496,9.531,9.881,2.31,486.5,0.2374,8.4,0
6234,STARLINK-31017,STARLINK-36405,5.2907,7.401,1.303,492.8,0.2373,8.4,0
6235,STARLINK-5869,STARLINK-33644,2.249,3.897,0.58,494.4,0.2368,8.4,0
6236,STARLINK-37294,STARLINK-37489,8.7674,9.16,2.125,462.3,0.237,8.4,0
6237,MBZ-SAT,LILIUM-2,2.6458,4.864,0.674,511.2,0.2368,8.4,0
6238,STARLINK-6223,STARLINK-31965,5.6136,5.625,1.374,484.2,0.2363,8.4,0
6239,STARLINK-3752,STARLINK-32378,7.6732,8.133,1.858,466.1,0.236,8.4,0
6240,STARLINK-3963,STARLINK-31647,9.7217,9.726,2.338,465.9,0.2356,8.4,0
6241,STARLINK-34727,STARLINK-37027,1.4567,8.504,0.389,461.1,0.2348,8.3,0
6242,STARLINK-31579,STARLINK-35762,7.8337,7.874,1.884,482.0,0.2345,8.3,0
6243,STARLINK-4589,STARLINK-36247,3.5317,9.667,0.875,476.4,0.2345,8.3,0
6244,STARLINK-4718,STARLINK-32043,6.2989,6.807,1.524,464.9,0.2345,8.3,0
6245,STARLINK-5043,STARLINK-35867,5.5851,7.794,1.354,491.9,0.234,8.3,0
6246,STARLINK-4058,STARLINK-36743,3.468,6.814,0.858,462.8,0.2339,8.3,0
6247,STARLINK-31322,STARLINK-32755,9.5716,9.646,2.286,493.0,0.2339,8.3,0
6248,STARLINK-4270,STARLINK-34814,8.682,8.792,2.077,464.7,0.2338,8.3,0
6249,STARLINK-5187,STARLINK-32485,7.9209,7.94,1.899,489.8,0.2338,8.3,0
6250,STARLINK-3520,STARLINK-37019,8.8929,8.947,2.126,466.6,0.2338,8.3,0
6251,STARLINK-3369,STARLINK-32130,7.7923,9.639,1.867,490.8,0.2336,8.3,0
6252,STARLINK-2717,STARLINK-4552,8.7273,9.3,2.085,465.8,0.2336,8.3,0
6253,STARLINK-3879,STARLINK-32785,5.698,5.791,1.377,492.5,0.2335,8.3,0
6254,STARLINK-4164,STARLINK-32446,3.5567,6.307,0.876,463.2,0.2332,8.3,0
6255,STARLINK-3460,STARLINK-31331,7.9478,9.942,1.9,465.9,0.2332,8.3,0
6256,STARLINK-31971,STARLINK-35986,5.2282,9.622,1.263,492.4,0.2327,8.3,0
6257,STARLINK-3986,STARLINK-32946,9.0683,9.441,2.157,488.7,0.2327,8.3,0
6258,STARLINK-30222,STARLINK-32592,5.7124,9.344,1.374,484.0,0.2324,8.3,0
6259,STARLINK-3505,STARLINK-31311,8.8916,9.793,2.113,472.2,0.2324,8.3,0
6260,STARLINK-30588,STARLINK-35779,4.082,4.099,0.995,493.3,0.2324,8.2,0
6261,STARLINK-4094,STARLINK-30273,7.1929,8.377,1.717,477.0,0.2322,8.2,0
6262,STARLINK-2039,STARLINK-31985,5.2285,6.5,1.26,485.4,0.2321,8.2,0
6263,STARLINK-5176,STARLINK-31135,4.9722,5.2,1.199,485.9,0.2318,8.2,0
6264,STARLINK-35353,STARLINK-37281,2.5593,9.137,0.639,464.0,0.2316,8.2,0
6265,STARLINK-35807,STARLINK-37317,9.2963,9.304,2.2,478.9,0.2317,8.2,0
6266,STARLINK-1564,STARLINK-35474,9.0848,9.116,2.15,487.3,0.2316,8.2,0
6267,STARLINK-33582,STARLINK-37632,6.0598,7.695,1.449,418.5,0.2315,8.2,0
6268,STARLINK-31185,STARLINK-34198,5.2041,5.679,1.248,492.3,0.2309,8.2,0
6269,STARLINK-6131,STARLINK-33838,5.6956,8.106,1.362,488.2,0.231,8.2,0
6270,STARLINK-33706,STARLINK-35610,5.3345,7.463,1.278,492.6,0.2309,8.2,0
6271,STARLINK-32919,STARLINK-35704,5.807,8.912,1.385,487.2,0.2306,8.2,0
6272,STARLINK-5795,STARLINK-33841,5.3467,5.381,1.278,484.7,0.2304,8.2,0
6273,STARLINK-6215,STARLINK-32682,5.6763,5.828,1.353,492.9,0.2302,8.2,0
6274,STARLINK-32326,STARLINK-34386,6.013,8.295,1.43,472.0,0.2302,8.2,0
6275,STARLINK-3753,KUIPER-00554,6.5358,8.687,1.549,456.2,0.23,8.2,0
6276,STARLINK-3927,STARLINK-33696,9.7614,9.875,2.291,487.5,0.23,8.2,0
6277,STARLINK-4574,STARLINK-32371,5.9161,7.066,1.405,480.8,0.2297,8.2,0
6278,STARLINK-31030,STARLINK-32167,3.4885,5.939,0.846,476.7,0.2294,8.2,0
6279,STARLINK-3360,STARLINK-34687,9.3068,9.588,2.177,461.8,0.229,8.1,0
6280,STARLINK-3900,STARLINK-5716,5.6974,5.865,1.35,492.8,0.2289,8.1,0
6281,STARLINK-35115,STARLINK-36379,2.5878,9.093,0.638,480.9,0.2289,8.1,0
6282,STARLINK-11147 [DTC],STARLINK-11480 [DTC],5.8687,6.329,1.388,363.8,0.2287,8.1,0
6283,STARLINK-31936,STARLINK-33696,5.3986,6.521,1.281,484.0,0.2288,8.1,0
6284,STARLINK-4092,STARLINK-36381,6.3705,6.829,1.502,484.3,0.2286,8.1,0
6285,STARLINK-5745,STARLINK-36113,5.5047,5.814,1.303,492.5,0.2284,8.1,0
6286,STARLINK-3369,STARLINK-30289,7.0175,7.432,1.646,492.4,0.2281,8.1,0
6287,STARLINK-3501,STARLINK-31354,7.7276,9.873,1.808,466.0,0.2281,8.1,0
6288,R2,STARLINK-36726,3.7407,3.826,0.899,492.8,0.2281,8.1,0
6289,STARLINK-6140,STARLINK-35283,5.7416,6.035,1.355,492.2,0.2281,8.1,0
6290,STARLINK-31622,STARLINK-36898,5.5631,7.208,1.313,484.1,0.2278,8.1,0
6291,STARLINK-4084,STARLINK-4101,8.6757,8.762,2.021,480.6,0.2277,8.1,0
6292,STARLINK-2432,STARLINK-32820,9.1635,9.17,2.132,486.3,0.2277,8.1,0
6293,STARLINK-4053,STARLINK-35599,9.4132,9.416,2.189,465.9,0.2277,8.1,0
6294,STARLINK-11425 [DTC],STARLINK-11371 [DTC],8.0439,8.38,1.877,365.8,0.2277,8.1,0
6295,STARLINK-6294,STARLINK-33844,5.3192,8.156,1.254,492.3,0.2272,8.1,0
6296,STARLINK-3525,STARLINK-37508,1.6238,2.684,0.414,475.3,0.227,8.1,0
6297,STARLINK-5536,STARLINK-32169,6.2708,7.279,1.469,487.9,0.227,8.1,0
6298,STARLINK-31310,STARLINK-36491,5.5388,7.013,1.301,492.5,0.2267,8.1,0
6299,STARLINK-2222,STARLINK-30353,8.2409,9.281,1.912,472.3,0.2265,8.1,0
6300,STARLINK-3198,STARLINK-36521,7.7067,9.864,1.79,488.2,0.2264,8.1,0
6301,STARLINK-31809,STARLINK-36872,5.4803,8.607,1.286,492.6,0.2264,8.1,0
6302,STARLINK-6280,STARLINK-35572,8.7424,9.772,2.024,489.7,0.2263,8.1,0
6303,STARLINK-31203,STARLINK-33744,5.701,5.786,1.335,484.1,0.2262,8.1,0
6304,STARLINK-5850,STARLINK-32277,9.7523,9.853,2.251,490.0,0.2262,8.1,0
6305,STARLINK-3934,STARLINK-33723,8.2142,8.399,1.9,492.8,0.2258,8.0,0
6306,STARLINK-5680,STARLINK-36053,5.5001,6.609,1.287,484.0,0.2258,8.0,0
6307,STARLINK-3522,STARLINK-32898,7.3323,9.681,1.7,485.1,0.2257,8.0,0
6308,STARLINK-35127,CANVAS,6.3175,7.496,1.471,465.1,0.2257,8.0,0
6309,STARLINK-11465 [DTC],STARLINK-11455 [DTC],6.1338,8.742,1.43,365.5,0.2258,8.0,0
6310,STARLINK-30487,STARLINK-35974,5.6897,9.561,1.329,491.5,0.2256,8.0,0
6311,STARLINK-31690,STARLINK-33982,6.3646,6.368,1.481,488.3,0.2256,8.0,0
6312,STARLINK-32940,STARLINK-35847,8.0591,8.873,1.863,481.8,0.2256,8.0,0
6313,STARLINK-3679,STARLINK-35718,5.3603,7.327,1.251,485.4,0.225,8.0,0
6314,STARLINK-6295,STARLINK-36443,5.4048,6.379,1.261,492.3,0.225,8.0,0
6315,STARLINK-36273,STARLINK-37713,2.5982,4.28,0.629,481.5,0.2248,8.0,0
6316,STARLINK-4191,STARLINK-31828,8.3309,8.736,1.916,487.3,0.2246,8.0,0
6317,2026-052A,2026-134C,2.0494,2.113,0.505,526.7,0.2245,8.0,0
6318,STARLINK-3560,STARLINK-31099,6.14,8.233,1.424,471.1,0.2246,8.0,0
6319,STARLINK-3844,STARLINK-34943,6.413,6.424,1.484,460.1,0.2244,8.0,0
6320,STARLINK-1572,STARLINK-36144,7.2295,8.382,1.664,482.7,0.224,8.0,0
6321,STARLINK-3958,STARLINK-35967,5.3843,7.386,1.25,462.6,0.2238,8.0,0
6322,STARLINK-2663,STARLINK-34305,4.028,4.856,0.946,485.6,0.2237,8.0,0
6323,STARLINK-34727,STARLINK-37027,1.5373,7.568,0.389,475.2,0.2239,8.0,0
6324,STARLINK-5608,STARLINK-36415,5.5793,9.045,1.291,492.6,0.2234,8.0,0
6325,STARLINK-30437,STARLINK-31824,7.9416,8.976,1.817,482.4,0.2232,8.0,0
6326,STARLINK-37745,STARLINK-37869,2.5597,6.476,0.616,464.4,0.2232,8.0,0
6327,STARLINK-3523,STARLINK-36932,2.785,4.446,0.666,460.3,0.2231,8.0,0
6328,STARLINK-5435,STARLINK-31456,6.2347,9.045,1.435,480.5,0.223,8.0,0
6329,STARLINK-30084,STARLINK-33855,5.8427,8.448,1.345,484.0,0.2226,7.9,0
6330,STARLINK-5973,STARLINK-32935,5.9141,6.898,1.358,492.7,0.2221,7.9,0
6331,STARLINK-3204,STARLINK-34817,4.4472,6.323,1.032,460.4,0.2221,7.9,0
6332,STARLINK-31941,STARLINK-35219,5.708,9.922,1.312,484.0,0.2221,7.9,0
6333,STARLINK-31313,STARLINK-32580,8.3373,8.796,1.893,489.3,0.2217,7.9,0
6334,STARLINK-3127,STARLINK-35014,3.0948,4.863,0.73,460.1,0.2216,7.9,0
6335,STARLINK-31992,STARLINK-36466,6.9005,7.442,1.572,489.0,0.2214,7.9,0
6336,STARLINK-32006,STARLINK-32789,5.9488,6.566,1.36,486.9,0.2212,7.9,0
6337,NEXSAT-1,STARLINK-35110,3.6201,8.745,0.845,464.8,0.2212,7.9,0
6338,STARLINK-30858,STARLINK-33832,5.7638,7.4,1.319,492.6,0.2212,7.9,0
6339,STARLINK-5805,STARLINK-32904,5.6031,6.568,1.281,484.3,0.2207,7.9,0
6340,CARTOSAT-3,TRANSPORTER-15 OBJECT CX,6.895,7.532,1.566,520.9,0.2207,7.9,0
6341,STARLINK-31983,STARLINK-33596,8.2451,9.18,1.863,479.7,0.2206,7.9,0
6342,STARLINK-35361,STARLINK-37413,2.5996,7.301,0.618,480.4,0.2207,7.9,0
6343,STARLINK-32099,STARLINK-35495,6.7004,9.934,1.521,488.4,0.2204,7.9,0
6344,STARLINK-2531,STARLINK-37067,8.7233,9.272,1.966,479.0,0.2203,7.9,0
6345,STARLINK-6321,STARLINK-36144,5.75,8.738,1.31,492.9,0.2202,7.9,0
6346,STARLINK-30858,STARLINK-33832,5.7893,6.157,1.318,492.6,0.2201,7.9,0
6347,STARLINK-2640,KUIPER-00420,7.1151,8.159,1.609,480.9,0.22,7.8,0
6348,STARLINK-35361,STARLINK-37413,2.6216,6.713,0.619,464.8,0.2194,7.8,0
6349,STARLINK-2017,STARLINK-34179,6.8655,8.287,1.549,486.0,0.2192,7.8,0
6350,STARLINK-32342,STARLINK-35109,8.5407,8.778,1.913,479.6,0.2189,7.8,0
6351,STARLINK-2227,STARLINK-32017,5.3127,7.355,1.207,485.7,0.2189,7.8,0
6352,STARLINK-4544,STARLINK-30216,9.4009,9.537,2.101,486.8,0.2188,7.8,0
6353,STARLINK-36904,STARLINK-37716,4.436,5.644,1.011,463.4,0.2181,7.8,0
6354,STARLINK-30300,HAWK-11A,8.067,8.159,1.802,489.0,0.218,7.8,0
6355,STARLINK-35361,STARLINK-37413,2.6357,8.479,0.618,480.4,0.2179,7.8,0
6356,STARLINK-5109,STARLINK-30273,6.2453,9.681,1.403,480.8,0.2177,7.8,0
6357,STARLINK-31514,STARLINK-33664,5.7921,7.454,1.303,483.9,0.2175,7.8,0
6358,STARLINK-3332,STARLINK-31731,6.8103,6.964,1.525,489.9,0.2175,7.8,0
6359,STARLINK-3668,STARLINK-33984,7.7142,8.022,1.721,486.8,0.2175,7.8,0
6360,STARLINK-34002,STARLINK-35217,8.3181,8.486,1.849,482.0,0.2171,7.8,0
6361,STARLINK-31039,STARLINK-31423,8.2912,8.817,1.838,489.3,0.2165,7.7,0
6362,STARLINK-2521,STARLINK-35571,4.2584,7.96,0.963,485.9,0.216,7.7,0
6363,STARLINK-11299 [DTC],STARLINK-11730 [DTC],7.5464,8.72,1.672,360.1,0.2158,7.7,0
6364,KSM1-A,STARLINK-31201,4.6941,6.031,1.056,493.1,0.2158,7.7,0
6365,STARLINK-5795,STARLINK-33841,5.7199,8.404,1.277,491.9,0.2157,7.7,0
6366,STARLINK-30471,STARLINK-32512,8.5676,9.444,1.89,487.9,0.2156,7.7,0
6367,STARLINK-2501,STARLINK-33929,4.3143,4.323,0.973,472.1,0.2155,7.7,0
6368,STARLINK-30271,STARLINK-30842,8.2577,8.263,1.822,486.0,0.2154,7.7,0
6369,STARLINK-31751,STARLINK-35887,5.6958,5.973,1.269,492.3,0.2152,7.7,0
6370,STARLINK-31777,STARLINK-36031,5.8068,7.408,1.291,483.8,0.2149,7.7,0
6371,STARLINK-6128,STARLINK-35684,6.1168,8.19,1.358,484.1,0.215,7.7,0
6372,STARLINK-31397,STARLINK-34192,5.9222,7.857,1.316,492.3,0.215,7.7,0
6373,STARLINK-31082,STARLINK-35631,8.7429,8.95,1.921,481.9,0.2148,7.7,0
6374,STARLINK-4276,STARLINK-33733,3.6912,5.172,0.836,463.4,0.2148,7.7,0
6375,STARLINK-35423,STARLINK-37095,1.4482,2.82,0.353,474.9,0.2142,7.7,0
6376,STARLINK-5698,STARLINK-33919,7.3224,8.412,1.613,483.3,0.2144,7.7,0
6377,STARLINK-30755,STARLINK-32639,6.1921,7.696,1.371,492.4,0.2145,7.7,0
6378,AL MUNTHER,STARLINK-36573,5.0918,6.077,1.134,481.1,0.2143,7.7,0
6379,STARLINK-32395,STARLINK-32427,6.9537,8.15,1.532,488.7,0.2142,7.7,0
6380,STARLINK-30863,STARLINK-33914,5.6546,8.656,1.252,492.4,0.2138,7.7,0
6381,STARLINK-2055,STARLINK-5449,4.9171,7.187,1.092,462.1,0.2134,7.6,0
6382,STARLINK-32414,STARLINK-36432,7.0278,8.854,1.543,488.3,0.2135,7.6,0
6383,STARLINK-30127,STARLINK-35569,5.9917,6.163,1.321,492.5,0.2134,7.6,0
6384,STARLINK-35293,STARLINK-36662,8.5666,9.723,1.866,481.3,0.2129,7.6,0
6385,STARLINK-30951,STARLINK-35980,6.0649,6.244,1.332,492.8,0.2126,7.6,0
6386,STARLINK-2245,STARLINK-32293,7.9683,8.047,1.736,466.0,0.2125,7.6,0
6387,STARLINK-32130,STARLINK-33676,9.8005,9.801,2.125,481.3,0.2125,7.6,0
6388,TIANQIN 1 (CAS-6),NIGHTJAR,4.3695,7.607,0.969,586.8,0.2121,7.6,0
6389,STARLINK-2221,STARLINK-37280,8.9325,9.576,1.937,465.8,0.2121,7.6,0
6390,STARLINK-4092,STARLINK-34126,6.4371,6.487,1.408,485.2,0.2121,7.6,0
6391,STARLINK-6327,STARLINK-36432,5.8386,6.173,1.28,484.5,0.212,7.6,0
6392,STARLINK-3618,STARLINK-5282,7.86,8.957,1.708,460.4,0.2119,7.6,0
6393,2024-085D,STARLINK-35100,5.0527,5.499,1.112,463.4,0.2117,7.6,0
6394,STARLINK-30889,STARLINK-33822,6.038,7.992,1.32,484.1,0.2116,7.6,0
6395,STARLINK-30816,STARLINK-34141,6.589,6.969,1.436,488.3,0.2115,7.6,0
6396,STARLINK-4019,STARLINK-32043,7.4667,8.235,1.619,458.7,0.2112,7.6,0
6397,STARLINK-2611,STARLINK-3607,5.6145,9.428,1.227,480.7,0.211,7.6,0
6398,STARLINK-32504,STARLINK-33834,7.9313,9.804,1.715,482.4,0.2109,7.6,0
6399,STARLINK-31736,STARLINK-35598,6.039,6.07,1.314,492.5,0.2106,7.5,0
6400,STARLINK-3180,STARLINK-3456,4.8257,5.019,1.058,474.0,0.2105,7.5,0
6401,STARLINK-32510,STARLINK-32710,5.7106,6.88,1.245,484.0,0.2106,7.5,0
6402,STARLINK-5790,STARLINK-32102,6.0061,9.253,1.305,492.2,0.2103,7.5,0
6403,STARLINK-30789,STARLINK-34163,6.6186,6.66,1.432,484.5,0.21,7.5,0
6404,STARLINK-11253 [DTC],STARLINK-11657 [DTC],9.7309,9.805,2.085,360.1,0.21,7.5,0
6405,STARLINK-3330,STARLINK-4058,8.3367,8.675,1.791,480.8,0.2098,7.5,0
6406,STARLINK-3098,STARLINK-35735,2.0993,6.792,0.482,475.3,0.2096,7.5,0
6407,STARLINK-30422,STARLINK-34265,6.2432,6.507,1.35,486.5,0.2095,7.5,0
6408,STARLINK-2241,STARLINK-35458,8.0799,9.499,1.735,466.1,0.2095,7.5,0
6409,STARLINK-5843,STARLINK-31377,6.427,8.373,1.388,487.8,0.2094,7.5,0
6410,STARLINK-6146,STARLINK-35331,6.2902,7.592,1.358,484.9,0.2092,7.5,0
6411,STARLINK-31685,STARLINK-33922,6.9695,8.151,1.499,488.2,0.2091,7.5,0
6412,STARLINK-4575,STARLINK-33742,8.9414,8.947,1.911,461.6,0.209,7.5,0
6413,STARLINK-30934,STARLINK-37288,0.6548,0.864,0.179,461.5,0.2094,7.5,0
6414,STARLINK-2531,STARLINK-36787,8.5053,8.526,1.818,465.9,0.2088,7.5,0
6415,STARLINK-1199,STARLINK-34067,1.7923,4.984,0.416,464.6,0.2088,7.5,0
6416,STARLINK-4129,STARLINK-33898,6.6271,6.965,1.424,485.7,0.2086,7.5,0
6417,STARLINK-31659,STARLINK-34596,1.7543,6.19,0.408,475.1,0.2088,7.5,0
6418,STARLINK-4294,STARLINK-34763,8.9942,9.246,1.915,479.2,0.2083,7.5,0
6419,STARLINK-33706,STARLINK-35610,5.937,8.735,1.278,492.6,0.2082,7.5,0
6420,STARLINK-2742,STARLINK-32168,5.8195,6.915,1.253,485.7,0.2082,7.5,0
6421,STARLINK-31579,STARLINK-32692,6.4044,6.691,1.372,487.5,0.2077,7.5,0
6422,STARLINK-30942,STARLINK-31391,6.2153,6.676,1.332,484.4,0.2076,7.4,0
6423,STARLINK-3891,STARLINK-33911,7.2554,7.262,1.546,493.8,0.2074,7.4,0
6424,STARLINK-3879,STARLINK-32785,6.4427,8.572,1.377,489.5,0.2073,7.4,0
6425,STARLINK-35423,STARLINK-37095,1.5122,1.521,0.354,461.9,0.2068,7.4,0
6426,STARLINK-4267,STARLINK-6285,6.3351,6.425,1.351,487.2,0.2067,7.4,0
6427,STARLINK-30222,STARLINK-34307,8.3544,8.536,1.768,489.3,0.2067,7.4,0
6428,STARLINK-3138,STARLINK-37374,2.1859,8.64,0.492,460.9,0.2062,7.4,0
6429,STARLINK-30765,KUIPER-00476,7.535,7.899,1.593,489.9,0.2059,7.4,0
6430,STARLINK-31017,STARLINK-36405,6.1417,6.182,1.305,483.8,0.2058,7.4,0
6431,STARLINK-3758,STARLINK-32344,8.9571,9.524,1.882,476.7,0.2055,7.4,0
6432,GEOSCAN 2 (RS92S2),STARLINK-37022,5.8882,8.218,1.251,484.3,0.2055,7.4,0
6433,STARLINK-31295,STARLINK-32481,8.7948,9.55,1.844,482.1,0.205,7.4,0
6434,STARLINK-4544,STARLINK-32725,8.6363,9.989,1.81,488.2,0.2048,7.4,0
6435,STARLINK-36612,STARLINK-36391,2.7898,3.502,0.612,480.5,0.2047,7.4,0
6436,STARLINK-3122,STARLINK-32885,5.0079,6.312,1.065,476.5,0.2045,7.3,0
6437,STARLINK-4272,STARLINK-36909,6.6253,6.668,1.395,489.0,0.2044,7.3,0
6438,STARLINK-5078,STARLINK-31322,6.094,8.714,1.283,484.6,0.2038,7.3,0
6439,STARLINK-4216,STARLINK-32308,8.137,9.415,1.697,473.2,0.2036,7.3,0
6440,STARLINK-31313,STARLINK-36501,6.1907,6.204,1.301,483.9,0.2036,7.3,0
6441,STARLINK-30438,STARLINK-31815,8.5536,9.477,1.78,482.3,0.2033,7.3,0
6442,STARLINK-30982,STARLINK-32287,8.1898,8.861,1.705,482.5,0.2032,7.3,0
6443,STARLINK-32140,STARLINK-32410,8.779,9.545,1.824,465.9,0.2031,7.3,0
6444,STARLINK-1566,STARLINK-34605,8.3921,8.661,1.743,465.7,0.2029,7.3,0
6445,STARLINK-2558,STARLINK-37438,9.3921,9.491,1.945,465.8,0.2028,7.3,0
6446,STARLINK-2303,STARLINK-36380,9.193,9.623,1.904,473.5,0.2027,7.3,0
6447,YAOGAN-35 01A,STARLINK-31107,5.1976,9.351,1.093,489.9,0.2025,7.3,0
6448,STARLINK-32909,STARLINK-36554,4.8821,7.5,1.027,492.3,0.2021,7.3,0
6449,STARLINK-4575,STARLINK-31036,5.1202,7.95,1.075,460.3,0.2021,7.3,0
6450,STARLINK-31768,STARLINK-33923,6.3589,7.67,1.321,492.3,0.2014,7.2,0
6451,STARLINK-30471,STARLINK-31629,6.5245,6.737,1.354,486.8,0.2014,7.2,0
6452,STARLINK-3785,STARLINK-35679,3.8969,7.557,0.825,473.7,0.2014,7.2,0
6453,STARLINK-31587,STARLINK-35703,6.1138,6.712,1.27,484.2,0.2011,7.2,0
6454,STARLINK-3892,STARLINK-32412,5.3456,6.993,1.116,472.5,0.2012,7.2,0
6455,STARLINK-31599,STARLINK-35631,6.7508,9.785,1.397,487.7,0.201,7.2,0
6456,STARLINK-31872,STARLINK-35814,6.2434,7.387,1.295,492.1,0.201,7.2,0
6457,STARLINK-32481,STARLINK-33831,6.5986,6.949,1.365,485.7,0.2008,7.2,0
6458,STARLINK-6189,STARLINK-35535,6.194,6.695,1.284,492.5,0.2008,7.2,0
6459,2023-081W,2025-313AK,7.2855,7.97,1.499,495.8,0.2003,7.2,0
6460,NUSAT-35 (WILLIAMINA),STARLINK-34925,7.4668,8.948,1.531,462.9,0.1997,7.2,0
6461,STARLINK-3943,STARLINK-33807,6.3222,9.122,1.295,473.9,0.1986,7.2,0
6462,STARLINK-31946,STARLINK-35810,6.3229,6.791,1.295,492.4,0.1985,7.1,0
6463,STARLINK-3536,STARLINK-31739,3.9884,7.01,0.83,476.4,0.1982,7.1,0
6464,STARLINK-6164,STARLINK-35969,6.4822,9.459,1.323,492.4,0.198,7.1,0
6465,STARLINK-30071,STARLINK-31045,7.6643,9.724,1.556,483.5,0.1979,7.1,0
6466,STARLINK-3950,STARLINK-35750,7.9823,9.073,1.619,459.5,0.1979,7.1,0
6467,STARLINK-3511,STARLINK-32837,8.2429,8.812,1.67,479.5,0.1978,7.1,0
6468,STARLINK-32167,STARLINK-35627,5.3881,7.081,1.104,463.2,0.1976,7.1,0
6469,STARLINK-4272,STARLINK-31813,9.6756,9.704,1.948,473.5,0.1973,7.1,0
6470,STARLINK-34148,STARLINK-35413,9.1749,9.277,1.849,478.9,0.1972,7.1,0
6471,STARLINK-34694,STARLINK-35678,6.9927,7.596,1.418,488.2,0.1971,7.1,0
6472,STARLINK-5656,STARLINK-35987,6.3329,6.353,1.287,484.3,0.197,7.1,0
6473,STARLINK-4275,STARLINK-32224,9.3568,9.661,1.883,460.3,0.197,7.1,0
6474,STARLINK-5750,STARLINK-33848,6.7252,8.175,1.364,487.2,0.197,7.1,0
6475,STARLINK-11240 [DTC],STARLINK-11420 [DTC],8.7444,8.962,1.762,367.3,0.197,7.1,0
6476,STARLINK-30812,STARLINK-30892,8.7576,8.844,1.764,482.4,0.1969,7.1,0
6477,STARLINK-3918,STARLINK-30394,8.7648,9.1,1.764,483.1,0.1968,7.1,0
6478,GAOFEN-9 05,STARLINK-37941,3.0069,3.481,0.631,479.9,0.1968,7.1,0
6479,STARLINK-31062,STARLINK-33944,8.3596,8.48,1.683,482.8,0.1966,7.1,0
6480,STARLINK-3829,STARLINK-5702,7.3808,9.53,1.49,484.0,0.1965,7.1,0
6481,STARLINK-31138,STARLINK-32601,6.289,7.633,1.275,492.8,0.1965,7.1,0
6482,TYVAK-182A,STARLINK-34845,5.7469,5.749,1.166,547.2,0.1961,7.1,0
6483,STARLINK-34095,STARLINK-34771,7.2395,8.532,1.459,487.6,0.1961,7.1,0
6484,STARLINK-31311,STARLINK-34149,9.197,9.877,1.838,489.2,0.1956,7.1,0
6485,STARLINK-30942,STARLINK-31391,6.5991,7.658,1.33,492.8,0.1956,7.1,0
6486,STARLINK-5824,STARLINK-32711,7.8308,8.114,1.569,489.1,0.1954,7.0,0
6487,GJZ 05,CENTISPACE-1 S7,3.0705,3.137,0.639,979.6,0.1954,7.0,0
6488,STARLINK-2387,STARLINK-31029,6.3679,6.881,1.281,472.3,0.195,7.0,0
6489,STARLINK-34582,STARLINK-35317,2.0283,2.873,0.435,475.2,0.1952,7.0,0
6490,STARLINK-34299,STARLINK-34852,6.8584,9.681,1.375,484.9,0.1948,7.0,0
6491,STARLINK-30863,STARLINK-33914,6.2378,8.415,1.254,484.2,0.1948,7.0,0
6492,STARLINK-2494,STARLINK-35810,8.8947,9.229,1.771,486.6,0.1947,7.0,0
6493,STARLINK-5134,STARLINK-32961,7.5881,7.633,1.515,489.2,0.1945,7.0,0
6494,STARLINK-5130,STARLINK-34997,5.0648,9.266,1.024,473.9,0.1945,7.0,0
6495,STARLINK-3315,STARLINK-31171,9.0259,9.363,1.792,460.4,0.1942,7.0,0
6496,STARLINK-1572,STARLINK-33637,6.9654,8.363,1.389,485.2,0.1938,7.0,0
6497,STARLINK-30355,STARLINK-32156,6.878,7.391,1.372,488.1,0.1938,7.0,0
6498,STARLINK-30814,STARLINK-34169,7.1032,7.517,1.415,484.6,0.1938,7.0,0
6499,STARLINK-3929,STARLINK-32846,3.2424,3.65,0.667,460.3,0.1938,7.0,0
6500,STARLINK-34547,STARLINK-35401,1.9613,6.925,0.418,475.5,0.1934,7.0,0
6501,STARLINK-36612,STARLINK-36391,2.9708,6.293,0.613,464.4,0.1933,7.0,0
6502,STARLINK-30456,STARLINK-31120,6.5044,9.632,1.296,477.4,0.1933,7.0,0
6503,STARLINK-34233,STARLINK-35276,7.2501,7.684,1.439,471.7,0.1932,7.0,0
6504,STARLINK-3758,STARLINK-34395,3.3332,3.506,0.682,463.2,0.193,7.0,0
6505,STARLINK-3197,STARLINK-32030,7.6179,7.619,1.507,476.8,0.1928,7.0,0
6506,STARLINK-31185,STARLINK-34198,6.2843,7.149,1.25,484.3,0.1928,7.0,0
6507,STARLINK-3769,STARLINK-36347,5.616,6.978,1.118,460.3,0.1922,6.9,0
6508,STARLINK-30585,STARLINK-35551,6.8488,8.954,1.355,485.7,0.1922,6.9,0
6509,STARLINK-30882,STARLINK-35070,7.0771,7.303,1.396,479.1,0.1918,6.9,0
6510,STARLINK-5731,STARLINK-30412,7.2017,8.858,1.42,488.2,0.1918,6.9,0
6511,STARLINK-3829,STARLINK-33856,7.1748,7.182,1.414,484.8,0.1917,6.9,0
6512,STARLINK-31179,STARLINK-34423,8.9016,8.912,1.742,482.3,0.1914,6.9,0
6513,STARLINK-5739,STARLINK-33915,7.4692,8.924,1.466,484.3,0.1912,6.9,0
6514,STARLINK-2648,STARLINK-33731,7.0289,8.414,1.382,487.5,0.1912,6.9,0
6515,STARLINK-4036,STARLINK-31815,8.8419,9.52,1.726,487.7,0.1909,6.9,0
6516,STARLINK-30404,STARLINK-31507,8.649,8.722,1.687,482.5,0.1906,6.9,0
6517,STARLINK-33723,STARLINK-34242,7.0695,7.164,1.385,484.9,0.1905,6.9,0
6518,STARLINK-5742,STARLINK-5587,7.0875,8.88,1.387,492.6,0.1903,6.9,0
6519,STARLINK-6233,STARLINK-33933,6.751,7.855,1.322,484.6,0.1902,6.9,0
6520,STARLINK-32017,STARLINK-32449,8.1204,8.729,1.581,485.9,0.19,6.9,0
6521,STARLINK-3447,STARLINK-33567,8.7933,9.191,1.706,479.0,0.1897,6.9,0
6522,STARLINK-35168,STARLINK-36964,2.0653,6.031,0.43,474.6,0.1898,6.9,0
6523,STARLINK-2743,STARLINK-36864,9.6518,9.832,1.866,479.4,0.1894,6.8,0
6524,STARLINK-3577,STARLINK-35883,3.9149,4.384,0.778,474.5,0.1891,6.8,0
6525,STARLINK-5698,STARLINK-33771,6.673,6.983,1.298,484.3,0.1889,6.8,0
6526,STARLINK-34998,STARLINK-36535,7.9987,8.512,1.548,488.3,0.1888,6.8,0
6527,STARLINK-32199,STARLINK-37380,2.2545,5.109,0.464,475.4,0.189,6.8,0
6528,STARLINK-4092,STARLINK-30874,7.1108,8.359,1.379,486.1,0.1886,6.8,0
6529,STARLINK-2621,TOMORROW-S4,8.6683,8.735,1.672,477.2,0.1885,6.8,0
6530,STARLINK-5202,STARLINK-36902,8.3551,8.388,1.612,465.9,0.1884,6.8,0
6531,STARLINK-3757,STARLINK-32313,3.2524,3.728,0.65,463.3,0.1883,6.8,0
6532,STARLINK-32395,STARLINK-36722,8.7227,8.733,1.676,482.4,0.1878,6.8,0
6533,STARLINK-3532,STARLINK-31949,8.0223,8.251,1.544,489.1,0.1878,6.8,0
6534,STARLINK-32510,STARLINK-32710,6.4214,9.094,1.243,492.5,0.1877,6.8,0
6535,STARLINK-31225,STARLINK-36143,6.8847,7.734,1.328,483.9,0.1874,6.8,0
6536,STARLINK-5711,STARLINK-34536,7.2817,8.927,1.402,487.7,0.1874,6.8,0
6537,STARLINK-6332,STARLINK-36656,6.7923,8.313,1.309,492.3,0.1872,6.8,0
6538,ASNARO,TIANYI B,2.6193,2.631,0.527,522.8,0.1869,6.8,0
6539,STARLINK-3161,STARLINK-36242,7.7378,8.474,1.484,473.7,0.187,6.8,0
6540,STARLINK-4707,STARLINK-34867,8.9416,9.275,1.708,474.4,0.1868,6.8,0
6541,STARLINK-4274,STARLINK-34118,8.8975,9.558,1.699,482.3,0.1868,6.8,0
6542,STARLINK-30324,STARLINK-33675,6.5548,9.103,1.261,492.6,0.1867,6.8,0
6543,STARLINK-6294,STARLINK-33844,6.5302,8.678,1.256,484.4,0.1866,6.8,0
6544,STARLINK-11342 [DTC],STARLINK-11746 [DTC],8.4574,9.549,1.615,360.1,0.1865,6.8,0
6545,STARLINK-4294,STARLINK-33913,8.8599,9.417,1.69,479.3,0.1865,6.8,0
6546,STARLINK-2334,STARLINK-35279,3.8866,8.643,0.762,485.2,0.1865,6.8,0
6547,STARLINK-3352,STARLINK-35127,3.4796,4.106,0.685,475.0,0.1862,6.7,0
6548,STARLINK-31566,STARLINK-36956,6.8572,9.298,1.312,492.8,0.1859,6.7,0
6549,STARLINK-6101,STARLINK-34025,6.5471,9.538,1.252,492.3,0.1856,6.7,0
6550,NULINK-1,TRANSPORTER-17 OBJECT E,2.1439,2.37,0.435,588.0,0.1856,6.7,0
6551,STARLINK-2704,STARLINK-32834,8.4895,9.693,1.609,479.3,0.1852,6.7,0
6552,STARLINK-1356,STARLINK-11199 [DTC],1.126,5.654,0.245,373.0,0.1848,6.7,0
6553,STARLINK-32172,STARLINK-36299,8.5089,9.31,1.608,479.3,0.1846,6.7,0
6554,STARLINK-4619,STARLINK-34043,9.3537,9.462,1.764,489.2,0.1846,6.7,0
6555,STARLINK-5379,STARLINK-32507,6.9022,7.328,1.311,492.3,0.1846,6.7,0
6556,STARLINK-3550,STARLINK-33950,8.3693,8.89,1.581,479.6,0.1845,6.7,0
6557,STARLINK-5145,STARLINK-33931,8.5457,9.904,1.61,484.1,0.1841,6.7,0
6558,STARLINK-31663,STARLINK-34846,6.6998,9.931,1.27,493.0,0.1841,6.7,0
6559,STARLINK-30214,STARLINK-35461,7.2279,7.905,1.366,485.8,0.1839,6.7,0
6560,STARLINK-35425,STARLINK-37043,2.1012,3.843,0.423,475.5,0.1838,6.7,0
6561,STARLINK-31558,STARLINK-33711,6.9227,7.021,1.308,484.1,0.1836,6.7,0
6562,STARLINK-5714,STARLINK-35894,7.047,7.57,1.329,484.4,0.1834,6.7,0
6563,STARLINK-5168,STARLINK-30810,7.4459,7.646,1.401,485.0,0.1832,6.6,0
6564,STARLINK-31448,STARLINK-35179,7.845,8.366,1.474,484.0,0.1832,6.6,0
6565,STARLINK-3948,STARLINK-4268,2.2819,2.488,0.455,460.1,0.1833,6.6,0
6566,STARLINK-5958,STARLINK-31358,8.7537,9.94,1.64,482.6,0.1832,6.6,0
6567,STARLINK-32042,KUIPER-00598,7.859,7.93,1.473,464.5,0.1828,6.6,0
6568,STARLINK-2153,MISR-C-2,5.9382,6.656,1.122,471.7,0.1828,6.6,0
6569,STARLINK-30243,STARLINK-31346,7.2879,7.362,1.367,485.8,0.1826,6.6,0
6570,STARLINK-5109,STARLINK-30278,7.4298,7.996,1.389,479.4,0.182,6.6,0
6571,STARLINK-6379,STARLINK-36654,7.0006,7.329,1.309,492.7,0.1818,6.6,0
6572,STARLINK-3856,STARLINK-6295,7.2283,7.339,1.351,490.6,0.1819,6.6,0
6573,STARLINK-5387,STARLINK-33622,6.8626,8.52,1.281,484.0,0.1814,6.6,0
6574,STARLINK-31960,STARLINK-35836,7.3771,9.814,1.374,484.0,0.1813,6.6,0
6575,STARLINK-31736,STARLINK-35598,7.0767,9.502,1.315,484.1,0.1807,6.6,0
6576,STARLINK-31776,STARLINK-32590,7.2844,8.176,1.352,486.5,0.1806,6.6,0
6577,STARLINK-3735,STARLINK-32511,2.3245,6.511,0.456,476.7,0.1806,6.6,0
6578,STARLINK-2621,TOMORROW-S4,9.045,9.558,1.669,483.5,0.1805,6.6,0
6579,STARLINK-4788,STARLINK-32131,7.9901,8.111,1.478,466.0,0.1805,6.5,0
6580,STARLINK-5797,STARLINK-34357,6.6148,7.023,1.229,572.3,0.1803,6.5,0
6581,STARLINK-31261,STARLINK-32638,7.2544,7.496,1.342,493.1,0.18,6.5,0
6582,STARLINK-5683,STARLINK-36128,6.951,7.401,1.286,492.5,0.1798,6.5,0
6583,STARLINK-31809,STARLINK-36872,6.9697,7.012,1.288,484.1,0.1796,6.5,0
6584,STARLINK-31324,STARLINK-37754,2.0688,6.309,0.406,461.7,0.1789,6.5,0
6585,STARLINK-33919,STARLINK-34883,6.7518,6.753,1.244,485.7,0.1789,6.5,0
6586,STARLINK-3916,STARLINK-32082,3.241,6.246,0.615,489.5,0.1787,6.5,0
6587,STARLINK-3747,STARLINK-32312,4.716,4.831,0.876,474.1,0.1782,6.5,0
6588,STARLINK-3800,STARLINK-30229,8.5874,9.494,1.566,489.4,0.1782,6.5,0
6589,STARLINK-32450,STARLINK-34189,7.5158,8.651,1.374,486.6,0.1781,6.5,0
6590,STARLINK-4258,STARLINK-34833,3.6366,3.653,0.683,462.7,0.178,6.5,0
6591,STARLINK-3748,STARLINK-34298,8.4645,9.002,1.539,460.4,0.1776,6.5,0
6592,STARLINK-6129,STARLINK-35938,7.4684,7.605,1.361,487.0,0.1775,6.4,0
6593,STARLINK-2645,STARLINK-4040,3.7533,5.055,0.701,468.0,0.1773,6.4,0
6594,STARLINK-31858,STARLINK-35447,7.2782,7.374,1.325,492.8,0.1772,6.4,0
6595,STARLINK-1566,STARLINK-34227,5.1116,9.546,0.94,485.8,0.177,6.4,0
6596,STARLINK-32348,STARLINK-34921,7.6812,7.761,1.394,485.0,0.1769,6.4,0
6597,STARLINK-32578,STARLINK-35428,7.6069,7.608,1.38,485.3,0.1768,6.4,0
6598,STARLINK-31310,STARLINK-36491,7.1755,7.333,1.302,484.2,0.1765,6.4,0
6599,STARLINK-31554,STARLINK-32277,7.4539,9.807,1.351,486.8,0.1765,6.4,0
6600,STARLINK-11328 [DTC],STARLINK-11695 [DTC],7.5292,9.066,1.363,364.3,0.1763,6.4,0
6601,STARLINK-30852,STARLINK-33854,7.3142,8.541,1.325,484.2,0.1763,6.4,0
6602,STARLINK-35394,STARLINK-36468,8.9545,9.988,1.61,488.6,0.1759,6.4,0
6603,STARLINK-11330 [DTC],STARLINK-11670 [DTC],9.7765,9.969,1.754,366.8,0.1758,6.4,0
6604,STARLINK-3957,STARLINK-32260,3.9233,5.67,0.725,475.1,0.1758,6.4,0
6605,STARLINK-5088,STARLINK-34155,8.7439,8.867,1.57,488.6,0.1755,6.4,0
6606,STARLINK-2738,STARLINK-32321,6.7933,6.825,1.227,472.1,0.1755,6.4,0
6607,STARLINK-31750,STARLINK-34155,7.3042,8.625,1.317,484.1,0.1755,6.4,0
6608,STARLINK-5429,STARLINK-36915,8.566,9.429,1.538,479.4,0.1755,6.4,0
6609,STARLINK-30226,STARLINK-33612,7.5384,8.845,1.357,484.2,0.1754,6.4,0
6610,STARLINK-31313,STARLINK-36501,7.2097,9.495,1.299,492.9,0.1753,6.4,0
6611,STARLINK-5520,STARLINK-36991,7.3785,7.753,1.327,484.2,0.1751,6.4,0
6612,STARLINK-31160,STARLINK-31939,7.5307,7.662,1.354,486.2,0.1751,6.4,0
6613,STARLINK-34573,KUIPER-00543,5.2944,7.045,0.962,473.8,0.1751,6.4,0
6614,STARLINK-37168,STARLINK-37929,5.7104,6.937,1.033,462.0,0.1748,6.4,0
6615,STARLINK-34261,STARLINK-34937,2.2874,2.287,0.435,461.4,0.1749,6.4,0
6616,STARLINK-31279,STARLINK-32901,7.1608,7.52,1.286,492.3,0.1747,6.4,0
6617,STARLINK-3240,STARLINK-32634,2.3254,5.307,0.441,461.8,0.1746,6.4,0
6618,STARLINK-31488,STARLINK-35309,8.7336,9.805,1.56,483.3,0.1746,6.4,0
6619,STARLINK-5975,STARLINK-32408,7.2731,9.856,1.302,483.9,0.1742,6.3,0
6620,LEMUR-2-ROUNDTRIPPER,2025-292H,4.9244,9.248,0.891,549.5,0.1739,6.3,0
6621,STARLINK-2389,STARLINK-31688,8.6121,8.93,1.532,465.8,0.1739,6.3,0
6622,STARLINK-31960,STARLINK-35836,7.6972,7.717,1.372,492.5,0.1737,6.3,0
6623,STARLINK-3525,STARLINK-37508,2.1866,7.649,0.414,475.3,0.1735,6.3,0
6624,STARLINK-32319,KUIPER-00562,2.7625,7.92,0.514,471.8,0.1735,6.3,0
6625,STARLINK-6323,STARLINK-36458,7.1598,8.618,1.277,492.5,0.1735,6.3,0
6626,STARLINK-32650,STARLINK-35849,7.5694,9.958,1.347,466.0,0.1734,6.3,0
6627,STARLINK-33866,STARLINK-33908,7.7603,7.777,1.378,485.4,0.1731,6.3,0
6628,STARLINK-4145,STARLINK-31598,7.8775,7.967,1.398,474.1,0.1731,6.3,0
6629,STARLINK-34131,STARLINK-36442,7.8558,8.903,1.393,487.5,0.1729,6.3,0
6630,STARLINK-3507,STARLINK-37665,8.5983,8.603,1.521,463.0,0.1729,6.3,0
6631,STARLINK-11329 [DTC],STARLINK-11626 [DTC],7.7499,9.566,1.373,365.0,0.1727,6.3,0
6632,STARLINK-32191,STARLINK-37321,2.042,7.424,0.387,461.9,0.1726,6.3,0
6633,TEVEL2-6,STARLINK-35934,7.6039,7.937,1.348,476.9,0.1727,6.3,0
6634,STARLINK-2061,STARLINK-32343,7.9133,8.37,1.4,479.6,0.1726,6.3,0
6635,STARLINK-34276,STARLINK-35382,8.1893,8.298,1.442,465.8,0.1719,6.3,0
6636,STARLINK-32049,STARLINK-31844,8.6991,8.938,1.53,465.8,0.1719,6.3,0
6637,STARLINK-6150,KUIPER-00538,7.3055,8.05,1.288,492.2,0.1716,6.3,0
6638,STARLINK-3505,STARLINK-34486,4.981,5.571,0.887,472.5,0.1712,6.2,0
6639,STARLINK-2611,STARLINK-32736,6.7856,7.77,1.195,485.2,0.1711,6.2,0
6640,STARLINK-5742,STARLINK-5587,7.9067,8.017,1.387,492.6,0.1711,6.2,0
6641,STARLINK-31071,STARLINK-36067,7.5069,8.949,1.318,484.2,0.171,6.2,0
6642,STARLINK-30127,STARLINK-35569,7.5348,8.676,1.323,484.2,0.171,6.2,0
6643,STARLINK-3923,STARLINK-32008,2.5177,8.093,0.464,474.8,0.1707,6.2,0
6644,STARLINK-31208,STARLINK-35179,7.719,8.261,1.352,486.3,0.1707,6.2,0
6645,STARLINK-34475,STARLINK-37088,4.8506,6.977,0.862,476.1,0.1707,6.2,0
6646,STARLINK-2380,STARLINK-35509,8.6049,8.651,1.502,485.6,0.1706,6.2,0
6647,STARLINK-5014,STARLINK-31498,8.8457,9.993,1.543,489.3,0.1706,6.2,0
6648,STARLINK-35031,STARLINK-35346,2.0713,6.663,0.387,461.4,0.1704,6.2,0
6649,STARLINK-6230,STARLINK-33884,7.6277,9.103,1.331,492.5,0.17,6.2,0
6650,STARLINK-33749,STARLINK-34238,8.0323,8.43,1.399,465.4,0.1699,6.2,0
6651,STARLINK-31549,STARLINK-35327,7.4857,8.581,1.302,484.6,0.1694,6.2,0
6652,STARLINK-5382,STARLINK-31953,7.2093,7.498,1.254,492.6,0.1692,6.2,0
6653,STARLINK-32539,STARLINK-35331,7.8998,7.95,1.369,485.3,0.169,6.2,0
6654,STARLINK-34123,STARLINK-36834,7.2558,8.175,1.259,492.2,0.1689,6.2,0
6655,STARLINK-4718,STARLINK-32190,4.5715,5.545,0.805,477.7,0.1687,6.2,0
6656,STARLINK-31471,STARLINK-36103,7.7778,9.484,1.346,492.4,0.1687,6.2,0
6657,STARLINK-32010,STARLINK-35572,7.4493,7.516,1.289,472.1,0.1685,6.1,0
6658,STARLINK-2667,STARLINK-34605,8.4011,9.305,1.449,479.5,0.1685,6.1,0
6659,STARLINK-5429,STARLINK-33618,7.7067,7.758,1.329,479.7,0.1681,6.1,0
6660,STARLINK-5117,STARLINK-32007,9.6916,9.84,1.662,463.1,0.168,6.1,0
6661,STARLINK-30766,STARLINK-32673,7.4179,7.419,1.278,484.7,0.1678,6.1,0
6662,STARLINK-3823,STARLINK-35679,6.1921,9.384,1.072,463.1,0.1677,6.1,0
6663,STARLINK-35226,STARLINK-37079,2.3598,2.395,0.429,461.7,0.1676,6.1,0
6664,STARLINK-2449,STARLINK-32539,6.786,9.495,1.171,472.0,0.1676,6.1,0
6665,STARLINK-34100,STARLINK-35637,8.0635,8.067,1.384,484.6,0.1675,6.1,0
6666,STARLINK-5227,STARLINK-30370,9.5664,9.577,1.635,469.5,0.1674,6.1,0
6667,HAWK-11C,STARLINK-32802,8.7474,8.815,1.498,489.2,0.1674,6.1,0
6668,STARLINK-2476,STARLINK-31603,5.1706,6.39,0.899,485.8,0.1674,6.1,0
6669,STARLINK-30807,STARLINK-31799,7.5304,9.42,1.293,492.3,0.1673,6.1,0
6670,STARLINK-3971,STARLINK-30425,3.2973,9.089,0.585,463.1,0.1673,6.1,0
6671,STARLINK-35106,STARLINK-37718,4.6757,4.704,0.815,476.7,0.1672,6.1,0
6672,STARLINK-30518,STARLINK-33857,7.8698,8.072,1.349,479.4,0.1672,6.1,0
6673,STARLINK-30343,STARLINK-34665,9.7957,9.866,1.667,482.4,0.1668,6.1,0
6674,STARLINK-31203,STARLINK-33744,7.7963,9.142,1.333,492.5,0.1667,6.1,0
6675,STARLINK-34588,STARLINK-36500,7.9381,7.976,1.355,486.0,0.1665,6.1,0
6676,2024-018A,STARLINK-36057,4.4863,4.827,0.78,467.0,0.1664,6.1,0
6677,STARLINK-31558,STARLINK-33711,7.6515,9.01,1.307,492.6,0.1665,6.1,0
6678,STARLINK-32132,STARLINK-34282,8.8658,9.59,1.507,485.9,0.1662,6.1,0
6679,STARLINK-32503,STARLINK-34100,7.7259,7.74,1.316,484.1,0.166,6.1,0
6680,STARLINK-30203,STARLINK-33880,8.1369,9.094,1.383,484.7,0.1659,6.1,0
6681,STARLINK-5721,STARLINK-31719,7.4386,7.607,1.266,483.7,0.1657,6.1,0
6682,STARLINK-3769,KUIPER-00543,9.4545,9.968,1.6,472.6,0.1657,6.1,0
6683,STARLINK-3750,STARLINK-35622,3.6322,4.372,0.635,476.6,0.1657,6.1,0
6684,TYVAK-0130,STARLINK-6127,9.1684,9.376,1.551,485.8,0.1656,6.0,0
6685,STARLINK-31926,STARLINK-37178,8.2178,9.698,1.394,485.3,0.1656,6.0,0
6686,STARLINK-3749,STARLINK-32467,4.9798,8.711,0.857,463.1,0.1655,6.0,0
6687,STARLINK-6094,STARLINK-34115,7.5642,7.992,1.284,492.4,0.1654,6.0,0
6688,STARLINK-31741,STARLINK-34062,7.7622,9.575,1.317,484.1,0.1654,6.0,0
6689,LEMUR-2-LLOYD,2025-292C,4.4072,6.657,0.762,554.0,0.1654,6.0,0
6690,STARLINK-4475,STARLINK-35301,3.3983,5.1,0.595,473.8,0.1654,6.0,0
6691,STARLINK-3987,STARLINK-34511,3.6389,6.583,0.632,460.3,0.1646,6.0,0
6692,STARLINK-2380,STARLINK-35509,8.95,8.973,1.505,471.9,0.1645,6.0,0
6693,STARLINK-34261,STARLINK-34937,2.4381,3.653,0.434,476.0,0.1645,6.0,0
6694,STARLINK-30107,STARLINK-36520,7.7449,8.312,1.306,483.9,0.1644,6.0,0
6695,STARLINK-32727,AGGIESAT6 (AGS6),8.4989,8.55,1.429,464.0,0.1643,6.0,0
6696,STARLINK-6244,STARLINK-36506,7.4759,7.941,1.261,492.5,0.1643,6.0,0
6697,STARLINK-30079,STARLINK-35354,7.851,8.367,1.322,484.2,0.1642,6.0,0
6698,STARLINK-1555,STARLINK-35915,9.579,9.586,1.605,486.7,0.1641,6.0,0
6699,STARLINK-33706,STARLINK-35610,7.6053,7.633,1.279,484.0,0.1639,6.0,0
6700,STARLINK-32447,STARLINK-34831,8.6566,9.861,1.45,479.6,0.1637,6.0,0
6701,STARLINK-2151,STARLINK-31417,9.1162,9.284,1.525,485.5,0.1637,6.0,0
6702,STARLINK-32191,STARLINK-37321,2.167,3.164,0.387,461.9,0.1635,6.0,0
6703,STARLINK-30515,STARLINK-30816,9.419,9.555,1.573,488.9,0.1635,6.0,0
6704,STARLINK-31936,STARLINK-33696,7.6236,7.931,1.279,492.6,0.1635,6.0,0
6705,STARLINK-33742,STARLINK-37888,2.4799,3.188,0.438,476.5,0.1634,6.0,0
6706,STARLINK-5170,BANDWAGON-2 OBJECT D,8.3949,8.911,1.402,482.9,0.1631,6.0,0
6707,STARLINK-3558,STARLINK-32344,3.8065,3.825,0.653,460.4,0.163,6.0,0
6708,STARLINK-5504,STARLINK-35736,9.0376,9.041,1.505,484.0,0.1629,6.0,0
6709,STARLINK-11247 [DTC],STARLINK-11593 [DTC],9.8529,9.857,1.638,366.0,0.1629,6.0,0
6710,STARLINK-34508,STARLINK-36000,8.5297,9.352,1.419,487.8,0.1625,5.9,0
6711,STARLINK-30766,STARLINK-32673,7.6694,9.614,1.277,492.2,0.1623,5.9,0
6712,STARLINK-3923,STARLINK-32008,2.6568,7.324,0.463,488.7,0.1621,5.9,0
6713,STARLINK-30079,STARLINK-35354,7.9399,8.665,1.32,492.4,0.1622,5.9,0
6714,STARLINK-3285,STARLINK-4645,8.1235,8.148,1.35,466.1,0.1622,5.9,0
6715,STARLINK-3977,STARLINK-31359,5.4357,5.898,0.914,476.9,0.1622,5.9,0
6716,STARLINK-2400,STARLINK-31040,8.9427,8.943,1.481,466.1,0.162,5.9,0
6717,STARLINK-5996,STARLINK-36936,7.9874,8.951,1.325,492.4,0.1618,5.9,0
6718,STARLINK-2455,STARLINK-33818,7.4165,8.346,1.228,472.0,0.1612,5.9,0
6719,STARLINK-31778,STARLINK-36903,7.9861,9.354,1.319,492.1,0.1611,5.9,0
6720,STARLINK-4499,STARLINK-31642,3.3747,7.28,0.576,482.2,0.1611,5.9,0
6721,STARLINK-3749,STARLINK-4151,9.5199,9.783,1.564,467.1,0.1609,5.9,0
6722,STARLINK-36904,STARLINK-37716,6.0857,8.989,1.011,463.4,0.1608,5.9,0
6723,STARLINK-4006,STARLINK-36521,8.532,9.648,1.404,490.4,0.1608,5.9,0
6724,STARLINK-32503,STARLINK-34100,7.9729,9.495,1.314,491.9,0.1608,5.9,0
6725,STARLINK-34727,STARLINK-37027,2.2219,5.38,0.389,461.1,0.1606,5.9,0
6726,STARLINK-30885,STARLINK-33789,8.0128,8.184,1.32,484.6,0.1607,5.9,0
6727,STARLINK-2587,STARLINK-37680,5.5801,9.15,0.929,467.1,0.1607,5.9,0
6728,STARLINK-31117,STARLINK-32802,8.4269,8.536,1.385,485.4,0.1605,5.9,0
6729,STARLINK-3742,STARLINK-35500,9.2244,9.26,1.513,467.2,0.1605,5.9,0
6730,STARLINK-30885,STARLINK-33789,8.0222,9.147,1.319,492.0,0.1604,5.9,0
6731,STARLINK-30147,STARLINK-33861,8.4166,8.555,1.381,492.5,0.1603,5.9,0
6732,STARLINK-37745,STARLINK-37869,3.6383,5.485,0.614,480.9,0.16,5.9,0
6733,STARLINK-4742,STARLINK-31706,5.6572,6.125,0.937,472.1,0.16,5.9,0
6734,STARLINK-6295,STARLINK-36443,7.691,8.056,1.262,484.4,0.1599,5.9,0
6735,STARLINK-31309,STARLINK-32794,9.7568,9.791,1.592,492.3,0.1599,5.9,0
6736,STARLINK-31946,STARLINK-35810,7.9092,8.54,1.296,484.4,0.1598,5.9,0
6737,STARLINK-6084,STARLINK-34137,7.872,8.326,1.29,492.3,0.1598,5.9,0
6738,STARLINK-2498,STARLINK-32308,7.6562,8.16,1.255,479.3,0.1597,5.9,0
6739,STARLINK-31066,STARLINK-36714,7.9309,7.951,1.299,484.2,0.1598,5.9,0
6740,STARLINK-5802,STARLINK-36484,7.7305,7.985,1.263,484.2,0.1593,5.8,0
6741,STARLINK-32194,STARLINK-37424,2.7014,3.258,0.462,475.3,0.1592,5.8,0
6742,STARLINK-30127,STARLINK-35847,8.3864,8.693,1.367,485.4,0.1592,5.8,0
6743,STARLINK-31521,STARLINK-36448,9.0309,9.083,1.469,483.9,0.1591,5.8,0
6744,STARLINK-31751,STARLINK-35887,7.8029,8.897,1.27,484.4,0.1587,5.8,0
6745,STARLINK-5732,STARLINK-32915,8.0698,9.157,1.312,484.0,0.1586,5.8,0
6746,STARLINK-5745,STARLINK-36113,8.0328,8.962,1.304,484.2,0.1584,5.8,0
6747,STARLINK-32849,STARLINK-33843,7.6566,7.683,1.244,466.1,0.1583,5.8,0
6748,STARLINK-6160,STARLINK-35482,7.9127,8.532,1.284,492.6,0.1583,5.8,0
6749,STARLINK-31858,STARLINK-35447,8.188,9.501,1.327,483.8,0.1582,5.8,0
6750,STARLINK-2586,STARLINK-34532,8.1175,8.52,1.315,465.7,0.1581,5.8,0
6751,STARLINK-2706,STARLINK-4021,6.7942,7.269,1.105,467.2,0.158,5.8,0
6752,STARLINK-34729,STARLINK-35675,8.3554,8.62,1.351,486.0,0.1579,5.8,0
6753,STARLINK-32652,STARLINK-32888,8.4145,9.003,1.36,479.2,0.1579,5.8,0
6754,STARLINK-2564,STARLINK-35636,8.5255,9.704,1.374,465.8,0.1575,5.8,0
6755,STARLINK-6356,STARLINK-32480,8.5456,9.818,1.376,492.5,0.1573,5.8,0
6756,STARLINK-6294,STARLINK-33844,7.7758,9.461,1.254,492.3,0.1572,5.8,0
6757,GEOSCAN 4 (RS92S4),STARLINK-36366,8.2708,8.555,1.332,480.8,0.1572,5.8,0
6758,STARLINK-30324,STARLINK-33675,7.8343,7.867,1.262,484.1,0.1571,5.8,0
6759,STARLINK-32159,STARLINK-36318,3.568,6.783,0.592,463.0,0.1571,5.8,0
6760,STARLINK-31190,STARLINK-32855,9.1053,9.899,1.46,479.3,0.1569,5.8,0
6761,STARLINK-6179,STARLINK-30426,8.6959,9.711,1.388,487.7,0.156,5.7,0
6762,AL MUNTHER,STARLINK-36573,7.0912,7.526,1.137,464.8,0.1559,5.7,0
6763,STARLINK-30873,STARLINK-35921,8.6306,8.96,1.373,487.7,0.1555,5.7,0
6764,STARLINK-30488,STARLINK-36094,8.3441,8.617,1.328,492.4,0.1554,5.7,0
6765,STARLINK-4261,STARLINK-32586,9.8813,9.887,1.567,495.8,0.1554,5.7,0
6766,STARLINK-5013,STARLINK-30515,8.0919,9.882,1.288,492.6,0.1553,5.7,0
6767,STARLINK-6364,STARLINK-36486,8.1722,8.173,1.3,492.7,0.1553,5.7,0
6768,STARLINK-5940,STARLINK-32590,8.7228,8.791,1.385,487.4,0.1552,5.7,0
6769,STARLINK-3570,STARLINK-34673,7.7989,8.656,1.241,485.9,0.1551,5.7,0
6770,JAY-C,IRIDE FM1,4.0899,4.199,0.666,515.3,0.1552,5.7,0
6771,STARLINK-6086,STARLINK-36452,7.9485,9.255,1.262,484.1,0.1549,5.7,0
6772,STARLINK-2068,STARLINK-31258,9.4249,9.442,1.488,479.4,0.1546,5.7,0
6773,STARLINK-34824,STARLINK-36745,2.3184,7.793,0.389,474.9,0.1545,5.7,0
6774,STARLINK-31949,STARLINK-36619,8.0774,8.087,1.279,492.6,0.1545,5.7,0
6775,STARLINK-6089,STARLINK-31073,9.1101,9.459,1.438,488.2,0.1545,5.7,0
6776,CO3D 1,IRIDE FM2,4.1279,4.413,0.666,518.8,0.1539,5.7,0
6777,STARLINK-35177,STARLINK-37391,3.9478,8.11,0.638,481.5,0.1538,5.6,0
6778,STARLINK-4556,STARLINK-31825,5.4178,6.31,0.863,461.5,0.1536,5.6,0
6779,STARLINK-2123,STARLINK-5412,5.5947,6.784,0.889,467.1,0.1534,5.6,0
6780,STARLINK-3885,STARLINK-35400,8.6082,8.622,1.351,493.3,0.1534,5.6,0
6781,STARLINK-32419,STARLINK-35193,8.6147,8.614,1.35,486.6,0.1532,5.6,0
6782,STARLINK-34721,STARLINK-37440,4.3475,6.315,0.696,476.5,0.1531,5.6,0
6783,STARLINK-11095 [DTC],STARLINK-11258 [DTC],8.9817,9.009,1.405,365.5,0.153,5.6,0
6784,STARLINK-5007,STARLINK-34227,9.7568,9.916,1.522,483.8,0.1529,5.6,0
6785,STARLINK-2385,STARLINK-35158,8.8845,9.807,1.388,479.5,0.1528,5.6,0
6786,CO3D 2,NUSAT-52,4.2251,9.789,0.676,504.8,0.1528,5.6,0
6787,STARLINK-31595,STARLINK-32909,8.725,9.407,1.363,485.8,0.1527,5.6,0
6788,STARLINK-34261,STARLINK-34937,2.6439,3.713,0.434,476.0,0.1526,5.6,0
6789,STARLINK-35425,STARLINK-37043,2.5801,5.487,0.424,461.3,0.1525,5.6,0
6790,STARLINK-31234,STARLINK-35891,8.4985,9.281,1.323,492.6,0.1521,5.6,0
6791,STARLINK-4058,STARLINK-36779,7.9133,8.766,1.234,476.6,0.1521,5.6,0
6792,STARLINK-4778,STARLINK-31361,1.4073,3.264,0.244,475.6,0.1518,5.6,0
6793,STARLINK-30829,STARLINK-35734,7.5145,8.29,1.173,485.8,0.1521,5.6,0
6794,STARLINK-3291,STARLINK-35993,8.8837,9.098,1.379,492.7,0.1518,5.6,0
6795,STARLINK-33930,STARLINK-35773,8.6027,8.897,1.335,484.3,0.1517,5.6,0
6796,STARLINK-3668,STARLINK-31816,8.7226,8.872,1.352,491.4,0.1515,5.6,0
6797,STARLINK-33917,STARLINK-36447,9.0692,9.249,1.404,484.7,0.1515,5.6,0
6798,STARLINK-30991,STARLINK-33878,8.6111,8.967,1.334,492.8,0.1514,5.6,0
6799,STARLINK-5058,STARLINK-36070,8.8182,8.981,1.365,484.2,0.1514,5.6,0
6800,STARLINK-1573,STARLINK-34460,6.2472,7.338,0.975,472.2,0.1512,5.6,0
6801,STARLINK-33806,STARLINK-35022,8.0594,8.557,1.248,471.9,0.1511,5.6,0
6802,STARLINK-5058,STARLINK-36070,8.8246,9.893,1.364,492.6,0.1511,5.6,0
6803,STARLINK-2377,STARLINK-35518,5.8542,7.909,0.915,485.5,0.1511,5.6,0
6804,STARLINK-32689,STARLINK-35086,7.8783,7.879,1.22,465.9,0.151,5.6,0
6805,STARLINK-33930,STARLINK-35773,8.6559,9.307,1.333,492.0,0.1505,5.5,0
6806,STARLINK-6086,STARLINK-36452,8.1759,9.787,1.26,492.6,0.1504,5.5,0
6807,STARLINK-31781,STARLINK-36119,8.4134,9.944,1.294,492.5,0.1502,5.5,0
6808,STARLINK-31554,STARLINK-33686,8.471,8.474,1.302,484.4,0.1502,5.5,0
6809,STARLINK-2097,STARLINK-32077,7.205,8.221,1.112,472.0,0.1502,5.5,0
6810,ZIYUAN 3-03 (ZY 3-03),GAOFEN-11 05,9.1681,9.29,1.406,498.5,0.1501,5.5,0
6811,STARLINK-34659,STARLINK-34691,6.3981,6.41,0.99,485.2,0.15,5.5,0
6812,STARLINK-31843,STARLINK-32739,9.6322,9.907,1.474,485.9,0.1499,5.5,0
6813,STARLINK-5791,STARLINK-35697,8.6405,8.855,1.324,484.0,0.1498,5.5,0
6814,STARLINK-31914,STARLINK-36637,8.3498,8.768,1.28,484.1,0.1497,5.5,0
6815,STARLINK-31941,STARLINK-35219,8.5852,9.441,1.312,484.1,0.1493,5.5,0
6816,STARLINK-5679,STARLINK-36082,8.9532,9.628,1.364,492.3,0.149,5.5,0
6817,STARLINK-33718,STARLINK-35474,8.9286,9.385,1.359,484.1,0.1489,5.5,0
6818,STARLINK-31234,STARLINK-35891,8.7334,9.014,1.325,484.0,0.1483,5.5,0
6819,STARLINK-34148,STARLINK-35549,8.928,8.945,1.354,479.3,0.1483,5.5,0
6820,STARLINK-30807,STARLINK-31799,8.533,8.537,1.295,484.4,0.1483,5.5,0
6821,STARLINK-31914,STARLINK-36637,8.4236,8.959,1.278,492.5,0.1482,5.5,0
6822,STARLINK-2509,STARLINK-34403,8.9884,9.24,1.359,465.6,0.1479,5.4,0
6823,STARLINK-31379,STARLINK-37682,2.5233,6.008,0.403,475.2,0.148,5.4,0
6824,STARLINK-3287,STARLINK-32590,8.1104,8.274,1.228,476.5,0.1478,5.4,0
6825,STARLINK-31030,STARLINK-32167,5.5396,5.541,0.848,463.1,0.1477,5.4,0
6826,STARLINK-30863,STARLINK-33914,8.2868,9.646,1.252,492.4,0.1475,5.4,0
6827,STARLINK-31587,STARLINK-35703,8.3991,8.91,1.269,492.4,0.1476,5.4,0
6828,STARLINK-4743,STARLINK-30392,5.4908,6.15,0.839,485.9,0.1474,5.4,0
6829,STARLINK-31880,STARLINK-33925,8.4876,8.492,1.279,484.0,0.1472,5.4,0
6830,STARLINK-5188,SPACEMOBILE-009,9.4687,9.49,1.424,548.2,0.1473,5.4,0
6831,STARLINK-4552,STARLINK-32251,2.8868,4.291,0.454,474.4,0.1471,5.4,0
6832,STARLINK-34242,STARLINK-36461,9.0115,9.427,1.352,486.5,0.1468,5.4,0
6833,STARLINK-36273,STARLINK-37713,4.0883,4.534,0.629,481.5,0.1467,5.4,0
6834,STARLINK-33597,STARLINK-34440,8.7546,9.757,1.313,479.5,0.1466,5.4,0
6835,STARLINK-3572,STARLINK-34601,3.1044,7.592,0.485,461.9,0.1468,5.4,0
6836,STARLINK-4298,KUIPER-00562,8.4209,9.406,1.262,466.7,0.1464,5.4,0
6837,STARLINK-34760,STARLINK-37065,5.9327,6.063,0.898,476.8,0.1464,5.4,0
6838,STARLINK-33920,STARLINK-35733,7.8658,8.275,1.176,479.1,0.1458,5.4,0
6839,STARLINK-33848,STARLINK-34983,8.3479,9.365,1.245,485.6,0.1456,5.4,0
6840,STARLINK-31566,STARLINK-36956,8.8228,8.823,1.314,483.9,0.1456,5.4,0
6841,STARLINK-3991,STARLINK-37093,8.6826,9.065,1.293,479.5,0.1456,5.4,0
6842,2025-234D,FLOCK 4H-31,4.6326,9.111,0.704,518.8,0.1457,5.4,0
6843,STARLINK-32033,STARLINK-32202,8.5115,9.423,1.259,479.5,0.1445,5.3,0
6844,KSM1-B,STARLINK-36714,5.6847,6.133,0.85,493.4,0.1444,5.3,0
6845,STARLINK-34220,STARLINK-35137,7.6915,9.628,1.139,479.5,0.1443,5.3,0
6846,STARLINK-3754,STARLINK-35712,9.0939,9.108,1.338,460.3,0.144,5.3,0
6847,STARLINK-31860,STARLINK-33899,8.6807,8.834,1.278,492.4,0.1439,5.3,0
6848,STARLINK-4178,STARLINK-32222,9.0166,9.362,1.325,480.1,0.1438,5.3,0
6849,STARLINK-31378,STARLINK-32392,8.2731,8.72,1.217,465.6,0.1436,5.3,0
6850,STARLINK-30819,STARLINK-32629,8.8062,9.416,1.293,492.7,0.1436,5.3,0
6851,STARLINK-3314,STARLINK-35776,4.3151,4.76,0.648,476.5,0.1435,5.3,0
6852,STARLINK-31899,STARLINK-32731,9.2878,9.289,1.361,492.7,0.1434,5.3,0
6853,STARLINK-4298,STARLINK-34994,3.5266,8.484,0.534,460.4,0.1433,5.3,0
6854,2025-234D,FLOCK 4H-31,4.7203,9.418,0.705,505.7,0.1433,5.3,0
6855,STARLINK-2106,STARLINK-33970,8.5631,8.68,1.254,479.4,0.1431,5.3,0
6856,STARLINK-6118,STARLINK-30160,9.2724,9.93,1.353,492.5,0.1428,5.3,0
6857,STARLINK-31556,STARLINK-34113,9.0206,9.202,1.317,484.1,0.1428,5.3,0
6858,STARLINK-30079,STARLINK-35354,9.0673,9.531,1.32,492.4,0.1424,5.3,0
6859,STARLINK-31844,STARLINK-37042,7.8786,7.989,1.15,465.9,0.1424,5.3,0
6860,STARLINK-3287,STARLINK-35529,9.9085,9.911,1.439,475.0,0.1424,5.3,0
6861,STARLINK-31768,STARLINK-33923,9.1497,9.381,1.323,484.4,0.1415,5.2,0
6862,STARLINK-31261,STARLINK-32638,9.2985,9.463,1.344,483.7,0.1415,5.2,0
6863,STARLINK-2435,STARLINK-37034,7.4016,7.954,1.073,479.8,0.1412,5.2,0
6864,STARLINK-35423,STARLINK-37095,2.3115,5.174,0.354,461.9,0.141,5.2,0
6865,LEMUR-2-AFFIE-WAUWIE,STARLINK-36481,2.1838,2.783,0.336,491.8,0.141,5.2,0
6866,2024-110A,2026-106E,9.1446,9.291,1.317,548.1,0.1409,5.2,0
6867,STARLINK-31324,STARLINK-37754,2.6835,2.812,0.406,461.7,0.1408,5.2,0
6868,STARLINK-36155,STARLINK-37384,2.6016,4.529,0.394,462.0,0.1406,5.2,0
6869,STARLINK-2647,STARLINK-35410,8.4868,8.532,1.221,465.8,0.1406,5.2,0
6870,STARLINK-31002,STARLINK-34040,8.7994,9.305,1.261,492.4,0.1401,5.2,0
6871,STARLINK-2121,STARLINK-34815,8.6846,8.759,1.244,479.4,0.14,5.2,0
6872,JILIN-1 07,STARLINK-37725,1.6406,2.684,0.258,463.8,0.1402,5.2,0
6873,STARLINK-5382,STARLINK-31953,8.7784,9.503,1.255,484.2,0.1398,5.2,0
6874,STARLINK-34727,STARLINK-37027,2.582,6.355,0.389,475.2,0.1398,5.2,0
6875,STARLINK-2735,STARLINK-4269,6.6408,7.095,0.954,472.1,0.1395,5.2,0
6876,STARLINK-31177,STARLINK-32492,9.3134,9.932,1.325,484.1,0.1393,5.2,0
6877,STARLINK-31380,STARLINK-37237,3.2565,7.56,0.482,475.0,0.1394,5.2,0
6878,FOSSASAT-2E19 (TAT-E),FLOCK 4H-25,3.9674,7.004,0.58,500.7,0.1392,5.1,0
6879,STARLINK-31592,STARLINK-36888,9.2405,9.619,1.314,483.7,0.1392,5.1,0
6880,STARLINK-36612,STARLINK-36391,4.2098,4.467,0.613,464.4,0.139,5.1,0
6881,TIANMU-1 08,STARLINK-34953,8.6642,8.757,1.232,485.1,0.139,5.1,0
6882,STARLINK-6347,STARLINK-33630,9.2006,9.255,1.306,483.5,0.1389,5.1,0
6883,STARLINK-3128,STARLINK-35747,2.5755,3.124,0.386,475.2,0.1391,5.1,0
6884,STARLINK-6318,STARLINK-34157,9.1658,9.257,1.296,492.5,0.1384,5.1,0
6885,STARLINK-37759,STARLINK-37798,4.3933,6.892,0.635,481.1,0.1382,5.1,0
6886,STARLINK-33890,STARLINK-35647,8.1347,8.62,1.148,465.6,0.1377,5.1,0
6887,STARLINK-37759,STARLINK-37798,4.4111,5.246,0.635,481.1,0.1377,5.1,0
6888,STARLINK-4695,STARLINK-36665,8.4061,8.409,1.184,479.5,0.1376,5.1,0
6889,STARLINK-37759,STARLINK-37798,4.4273,4.977,0.637,464.2,0.1377,5.1,0
6890,STARLINK-34727,STARLINK-37027,2.6315,3.53,0.389,475.2,0.1374,5.1,0
6891,STARLINK-31373,STARLINK-37209,3.3089,7.483,0.482,475.4,0.1374,5.1,0
6892,STARLINK-2571,STARLINK-37182,7.9453,8.013,1.117,479.7,0.1371,5.1,0
6893,STARLINK-4527,STARLINK-32276,6.0635,6.31,0.857,460.4,0.1368,5.1,0
6894,STARLINK-32519,STARLINK-34823,9.2636,9.292,1.293,485.4,0.1366,5.1,0
6895,STARLINK-5749,STARLINK-30227,1.0931,1.454,0.177,492.0,0.1369,5.1,0
6896,STARLINK-6356,STARLINK-32480,9.8992,9.981,1.377,484.3,0.1363,5.0,0
6897,STARLINK-2410,STARLINK-30856,9.0624,9.552,1.262,467.0,0.1362,5.0,0
6898,STARLINK-30453,STARLINK-36461,9.0391,9.186,1.256,483.6,0.1359,5.0,0
6899,STARLINK-33647,STARLINK-34808,9.774,9.883,1.355,487.1,0.1359,5.0,0
6900,STARLINK-31930,STARLINK-32787,2.7767,9.398,0.404,461.5,0.1357,5.0,0
6901,STARLINK-30889,STARLINK-33822,9.5194,9.571,1.319,492.5,0.1357,5.0,0
6902,STARLINK-5408,STARLINK-33640,6.258,6.258,0.876,477.9,0.1356,5.0,0
6903,STARLINK-3370,STARLINK-31337,4.3637,8.52,0.619,485.7,0.1356,5.0,0
6904,STARLINK-35072,STARLINK-36984,2.9642,8.171,0.429,460.7,0.1356,5.0,0
6905,STARLINK-2245,STARLINK-35965,8.1122,8.118,1.126,466.0,0.1355,5.0,0
6906,KUIPER-00618,GUOWANG TEST OBJECT D,8.3507,8.627,1.157,463.8,0.1353,5.0,0
6907,STARLINK-2643,STARLINK-34294,7.8708,9.693,1.092,479.6,0.1353,5.0,0
6908,STARLINK-3643,STARLINK-37318,2.9768,9.203,0.43,473.7,0.1354,5.0,0
6909,STARLINK-34611,STARLINK-37767,2.7357,7.199,0.397,476.3,0.1352,5.0,0
6910,STARLINK-4141,STARLINK-36779,8.6278,9.173,1.193,479.1,0.1351,5.0,0
6911,STARLINK-31930,STARLINK-32787,2.7887,8.099,0.404,475.3,0.1352,5.0,0
6912,STARLINK-33741,KUIPER-00647,1.7558,7.779,0.264,465.1,0.135,5.0,0
6913,STARLINK-30946,STARLINK-31581,9.33,9.723,1.285,492.5,0.1348,5.0,0
6914,STARLINK-5696,STARLINK-34182,9.739,9.739,1.339,484.1,0.1347,5.0,0
6915,STARLINK-3113,STARLINK-34236,3.03,4.318,0.435,475.2,0.1347,5.0,0
6916,STARLINK-3279,STARLINK-31757,9.8158,9.996,1.348,479.4,0.1346,5.0,0
6917,STARLINK-32567,STARLINK-36660,7.264,9.316,1.003,484.2,0.1344,5.0,0
6918,JAY-D2,T.MICROSAT-1,4.4132,7.604,0.62,498.3,0.1344,5.0,0
6919,STARLINK-4024,STARLINK-4719,7.0772,7.079,0.977,473.4,0.1343,5.0,0
6920,STARLINK-31667,STARLINK-36994,9.6461,9.646,1.321,484.1,0.1342,5.0,0
6921,STARLINK-3500,STARLINK-35173,3.1242,3.153,0.446,473.3,0.1342,5.0,0
6922,STARLINK-5608,STARLINK-36415,9.4304,9.535,1.291,492.7,0.1341,5.0,0
6923,PAUSAT-1,SITRO-AIS-65,4.6067,5.993,0.645,494.8,0.1342,5.0,0
6924,STARLINK-5244,STARLINK-35384,2.2871,2.49,0.333,489.8,0.1339,5.0,0
6925,STARLINK-3811,STARLINK-32444,3.1052,7.785,0.443,476.3,0.134,5.0,0
6926,STARLINK-3162,STARLINK-35560,4.1232,4.203,0.579,462.9,0.1339,5.0,0
6927,2024-203C,TIANHUI 7,6.0137,7.606,0.828,489.7,0.1333,4.9,0
6928,STARLINK-31827,STARLINK-34914,8.2624,8.329,1.127,465.8,0.1332,4.9,0
6929,STARLINK-32453,STARLINK-35236,8.9196,8.979,1.214,479.4,0.1331,4.9,0
6930,STARLINK-4686,STARLINK-37071,4.7267,8.046,0.656,460.5,0.1332,4.9,0
6931,2025-108D,FLOCK 4H-24,1.9887,8.567,0.29,518.9,0.1325,4.9,0
6932,STARLINK-3514,STARLINK-36237,4.192,8.775,0.581,460.3,0.1323,4.9,0
6933,JAY-D1,IRIDE FM8,5.6233,6.993,0.77,515.2,0.1322,4.9,0
6934,STARLINK-2031,STARLINK-35580,9.0384,9.225,1.221,479.4,0.1322,4.9,0
6935,STARLINK-33783,STARLINK-35666,8.7056,9.802,1.177,479.0,0.1322,4.9,0
6936,STARLINK-34727,STARLINK-37027,2.7588,4.338,0.389,461.1,0.1315,4.9,0
6937,STARLINK-2569,STARLINK-3638,4.0447,7.958,0.558,474.4,0.1315,4.9,0
6938,STARLINK-6321,STARLINK-36144,9.7955,9.818,1.312,483.8,0.1313,4.9,0
6939,STARLINK-2462,STARLINK-30580,8.319,9.785,1.118,465.9,0.1312,4.9,0
6940,STARLINK-35031,STARLINK-35346,2.7453,4.753,0.386,475.4,0.1311,4.9,0
6941,CSC-2,PAUSAT-1,2.0592,7.183,0.296,493.0,0.131,4.9,0
6942,STARLINK-6164,STARLINK-35969,9.9244,9.932,1.324,484.3,0.1308,4.9,0
6943,STARLINK-35031,STARLINK-35346,2.7628,9.895,0.386,475.3,0.1303,4.8,0
6944,STARLINK-3138,STARLINK-37374,3.567,6.804,0.491,476.0,0.1303,4.8,0
6945,STARLINK-3331,STARLINK-32627,2.9479,6.997,0.409,463.0,0.1299,4.8,0
6946,YAOGAN-14,NUSAT-44 (MARIA MITCHE*),4.3501,4.71,0.591,496.3,0.1299,4.8,0
6947,STARLINK-34795,STARLINK-37136,2.6256,2.628,0.367,463.4,0.1299,4.8,0
6948,STARLINK-35425,STARLINK-37043,3.0713,6.605,0.424,461.3,0.1296,4.8,0
6949,STARLINK-4129,STARLINK-36769,5.5123,5.748,0.737,489.0,0.129,4.8,0
6950,STARLINK-3646,STARLINK-3592,8.821,9.806,1.164,479.5,0.129,4.8,0
6951,STARLINK-1573,STARLINK-35341,8.4539,9.853,1.116,465.8,0.129,4.8,0
6952,STARLINK-34582,STARLINK-35317,3.178,3.27,0.435,461.8,0.1288,4.8,0
6953,STARLINK-6364,STARLINK-36486,9.9022,9.932,1.302,483.9,0.1289,4.8,0
6954,STARLINK-2400,STARLINK-34255,8.1839,9.56,1.08,479.3,0.1288,4.8,0
6955,STARLINK-31169,STARLINK-32499,9.7482,9.909,1.275,492.6,0.1282,4.8,0
6956,NANOSATC-BR1,STARLINK-34938,3.8417,3.843,0.517,482.5,0.1279,4.8,0
6957,STARLINK-4543,STARLINK-32501,2.9629,9.753,0.404,460.4,0.1277,4.7,0
6958,STARLINK-2740,STARLINK-32279,8.4259,9.868,1.098,479.6,0.1273,4.7,0
6959,STARLINK-31912,STARLINK-35977,9.603,9.863,1.248,484.7,0.1273,4.7,0
6960,STARLINK-31454,STARLINK-35281,7.8009,8.292,1.017,465.8,0.1271,4.7,0
6961,STARLINK-32719,STARLINK-34642,8.3491,8.414,1.086,464.6,0.127,4.7,0
6962,STARLINK-34475,STARLINK-37398,4.772,5.345,0.632,476.4,0.1271,4.7,0
6963,STARLINK-34124,STARLINK-35630,9.8782,9.965,1.279,478.4,0.1269,4.7,0
6964,CO3D 2,NUSAT-52,5.1295,5.131,0.676,504.8,0.1268,4.7,0
6965,2024-205H,PELICAN-5,2.9615,9.998,0.401,478.9,0.1268,4.7,0
6966,STARLINK-32567,STARLINK-36660,7.7089,7.756,1.002,492.7,0.1267,4.7,0
6967,STARLINK-6294,STARLINK-33844,9.7365,9.74,1.256,484.4,0.1264,4.7,0
6968,STARLINK-31353,STARLINK-37402,2.9847,9.601,0.402,475.2,0.1262,4.7,0
6969,CO3D 1,FLOCK 4H-10,5.2101,8.805,0.683,519.7,0.1262,4.7,0
6970,STARLINK-35177,STARLINK-37391,4.8645,9.085,0.639,463.9,0.1262,4.7,0
6971,STARLINK-36612,STARLINK-36391,4.6466,7.751,0.612,480.5,0.1263,4.7,0
6972,STARLINK-4209,STARLINK-32200,8.2019,9.475,1.058,479.3,0.1259,4.7,0
6973,STARLINK-34475,STARLINK-37398,4.8367,4.978,0.633,462.8,0.1257,4.7,0
6974,STARLINK-32191,STARLINK-37321,2.8996,2.9,0.386,475.2,0.1245,4.6,0
6975,STARLINK-5561,2024-174B,5.7041,5.713,0.734,562.5,0.1243,4.6,0
6976,HAWK-11A,STARLINK-36110,8.6463,9.642,1.099,476.4,0.1242,4.6,0
6977,STARLINK-3098,STARLINK-35735,3.6902,5.032,0.483,461.6,0.1242,4.6,0
6978,STARLINK-5440,STARLINK-36111,8.7145,8.85,1.107,473.6,0.1242,4.6,0
6979,STARLINK-2047,STARLINK-5227,8.7229,8.727,1.106,479.4,0.124,4.6,0
6980,STARLINK-31987,STARLINK-34429,9.0556,9.228,1.147,465.4,0.1239,4.6,0
6981,STARLINK-4184,STARLINK-32024,6.18,8.065,0.79,461.5,0.1238,4.6,0
6982,STARLINK-2534,STARLINK-31529,9.8223,9.964,1.241,466.9,0.1238,4.6,0
6983,STARLINK-32190,STARLINK-37669,2.9353,5.695,0.387,475.8,0.1234,4.6,0
6984,STARLINK-2695,STARLINK-35599,9.3375,9.359,1.176,465.8,0.1233,4.6,0
6985,STARLINK-4285,STARLINK-34219,3.2914,5.727,0.43,476.7,0.1232,4.6,0
6986,STARLINK-3240,STARLINK-32634,3.3733,8.241,0.44,475.3,0.1231,4.6,0
6987,STARLINK-3355,STARLINK-3327,9.4178,9.423,1.182,480.8,0.1229,4.6,0
6988,STARLINK-3681,STARLINK-30703,9.5227,9.943,1.195,479.5,0.1229,4.6,0
6989,GJZ 04,CENTISPACE-1 S7,5.0221,6.282,0.64,980.3,0.1226,4.6,0
6990,AL MUNTHER,STARLINK-36573,9.0929,9.172,1.137,464.8,0.1224,4.6,0
6991,STARLINK-4160,STARLINK-34237,8.4541,8.596,1.054,465.9,0.1218,4.5,0
6992,STARLINK-3959,DISKSAT C,8.703,9.8,1.081,543.5,0.1214,4.5,0
6993,STARLINK-4700,STARLINK-35557,7.2013,7.334,0.898,473.9,0.1213,4.5,0
6994,STARLINK-2480,STARLINK-35508,8.3201,8.811,1.033,479.4,0.1212,4.5,0
6995,CO3D 3,FLOCK 4H-26,5.6444,7.953,0.708,505.1,0.1211,4.5,0
6996,STARLINK-36155,STARLINK-37384,3.0563,3.295,0.394,462.0,0.121,4.5,0
6997,STARLINK-31331,STARLINK-32137,8.1294,9.254,1.005,479.5,0.1207,4.5,0
6998,STARLINK-32680,BANDWAGON-4 OBJECT N,8.3813,9.871,1.035,488.4,0.1206,4.5,0
6999,STARLINK-37759,STARLINK-37798,5.0826,7.004,0.637,464.2,0.1206,4.5,0
7000,STARLINK-3166,STARLINK-35147,8.5411,8.687,1.051,465.7,0.1202,4.5,0
7001,STARLINK-2245,STARLINK-4304,7.6472,8.696,0.943,466.1,0.1202,4.5,0
7002,STARLINK-4053,STARLINK-33917,8.6982,8.708,1.069,472.1,0.1201,4.5,0
7003,STARLINK-32202,STARLINK-36962,8.1081,8.108,0.997,465.6,0.12,4.5,0
7004,STARLINK-4534,STARLINK-33803,3.8005,8.498,0.48,475.7,0.12,4.5,0
7005,STARLINK-35115,STARLINK-36379,5.1293,8.555,0.639,464.4,0.1199,4.5,0
7006,STARLINK-36904,STARLINK-37716,8.2507,8.496,1.009,480.1,0.1194,4.5,0
7007,STARLINK-32190,STARLINK-37669,3.0499,3.85,0.388,461.3,0.1194,4.5,0
7008,CONNECTA IOT-2,SITRO-AIS-64,3.0517,6.432,0.388,490.1,0.1193,4.4,0
7009,STARLINK-3203,STARLINK-31602,2.9405,5.31,0.373,460.5,0.1188,4.4,0
7010,STARLINK-34280,STARLINK-37378,5.0866,5.116,0.628,476.7,0.1188,4.4,0
7011,STARLINK-34261,STARLINK-34937,3.4668,6.425,0.435,461.4,0.1186,4.4,0
7012,STARLINK-3352,STARLINK-35127,5.6,8.667,0.686,462.1,0.1183,4.4,0
7013,STARLINK-36121,STARLINK-37001,7.1297,7.474,0.865,476.7,0.118,4.4,0
7014,STARLINK-32192,STARLINK-37166,3.7284,9.387,0.462,475.1,0.1176,4.4,0
7015,JAY-D1,LEMUR-2-LAILA,5.9099,8.957,0.718,514.9,0.1175,4.4,0
7016,TIANMU-1 07,STARLINK-35361,9.6525,9.8,1.157,469.2,0.1174,4.4,0
7017,STARLINK-3785,STARLINK-35679,6.8434,6.86,0.827,460.5,0.1174,4.4,0
7018,SWARM A,SWARM C,1.4191,2.282,0.19,414.2,0.1173,4.4,0
7019,STARLINK-3990,STARLINK-35456,4.8873,5.599,0.596,473.5,0.1172,4.4,0
7020,STARLINK-3923,STARLINK-35244,9.404,9.873,1.123,472.2,0.1169,4.4,0
7021,STARLINK-36612,STARLINK-36391,5.0556,5.114,0.612,480.5,0.1164,4.3,0
7022,STARLINK-31353,STARLINK-37402,3.286,3.637,0.403,461.8,0.1156,4.3,0
7023,STARLINK-30212,STARLINK-31059,3.1785,3.301,0.389,491.7,0.1151,4.3,0
7024,STARLINK-3621,STARLINK-5179,4.1704,4.325,0.503,550.6,0.1151,4.3,0
7025,STARLINK-32189,STARLINK-37359,3.8423,4.081,0.463,475.5,0.1145,4.3,0
7026,STARLINK-4799,STARLINK-31449,7.3947,8.064,0.869,479.1,0.1144,4.3,0
7027,STARLINK-32159,STARLINK-35808,3.6425,4.339,0.439,476.5,0.1142,4.3,0
7028,STARLINK-4660,STARLINK-32790,2.1431,2.184,0.268,459.8,0.1144,4.3,0
7029,STARLINK-1570,STARLINK-35243,9.4494,9.508,1.102,465.7,0.1142,4.3,0
7030,STARLINK-34566,STARLINK-34670,8.0653,9.137,0.94,465.6,0.1137,4.3,0
7031,STARLINK-2411,STARLINK-37363,7.3549,9.06,0.859,466.3,0.1137,4.3,0
7032,CO3D 3,FLOCK 4H-26,6.0261,6.081,0.707,520.0,0.1136,4.2,0
7033,STARLINK-2166,STARLINK-33780,9.8071,9.926,1.134,465.9,0.1133,4.2,0
7034,STARLINK-3980,STARLINK-37321,2.8171,5.793,0.342,476.3,0.1134,4.2,0
7035,STARLINK-3294,STARLINK-3793,7.0428,9.746,0.82,475.3,0.1132,4.2,0
7036,STARLINK-3572,STARLINK-31835,9.2764,9.549,1.071,479.6,0.113,4.2,0
7037,STARLINK-2636,STARLINK-37206,8.2694,9.08,0.956,471.8,0.1129,4.2,0
7038,STARLINK-37745,STARLINK-37869,5.247,8.412,0.614,480.9,0.1127,4.2,0
7039,STARLINK-36273,STARLINK-37713,5.3918,6.66,0.631,463.2,0.1128,4.2,0
7040,STARLINK-3201,STARLINK-30614,7.4216,7.494,0.855,473.9,0.1122,4.2,0
7041,STARLINK-34760,STARLINK-37065,7.8209,9.97,0.9,463.0,0.1122,4.2,0
7042,STARLINK-3597,STARLINK-3681,8.6132,9.733,0.987,479.8,0.112,4.2,0
7043,STARLINK-4599,STARLINK-35197,8.424,8.424,0.965,491.3,0.1119,4.2,0
7044,STARLINK-30936,KUIPER-00626,2.0376,7.242,0.25,472.2,0.1117,4.2,0
7045,STARLINK-3146,STARLINK-31714,5.3722,9.332,0.622,462.8,0.1116,4.2,0
7046,STARLINK-35168,STARLINK-36964,3.6589,4.631,0.431,461.7,0.1117,4.2,0
7047,STARLINK-35423,STARLINK-37095,2.9763,3.623,0.354,474.9,0.1115,4.2,0
7048,STARLINK-1356,STARLINK-11199 [DTC],2.0095,3.878,0.246,358.2,0.1113,4.2,0
7049,STARLINK-34802,2026-134E,3.9259,4.09,0.458,562.8,0.111,4.2,0
7050,STARLINK-35198,STARLINK-37417,5.5753,7.597,0.637,481.1,0.1103,4.1,0
7051,STARLINK-4490,STARLINK-37260,3.288,5.509,0.385,473.9,0.1104,4.1,0
7052,STARLINK-2164,STARLINK-36837,7.6327,8.359,0.862,479.6,0.1101,4.1,0
7053,2024-173D,FLOCK 4G-34,2.8231,5.231,0.332,492.9,0.1098,4.1,0
7054,STARLINK-3138,STARLINK-37374,4.2755,4.792,0.492,460.9,0.1099,4.1,0
7055,STARLINK-3344,STARLINK-3189,9.3805,9.955,1.051,537.2,0.1097,4.1,0
7056,STARLINK-31257,STARLINK-36554,2.8905,4.515,0.339,484.2,0.1097,4.1,0
7057,STARLINK-36612,STARLINK-36391,5.399,8.772,0.613,464.4,0.1095,4.1,0
7058,STARLINK-32249,STARLINK-34751,8.0213,9.732,0.898,479.3,0.1092,4.1,0
7059,STARLINK-3913,STARLINK-31987,4.8688,5.264,0.552,485.3,0.1089,4.1,0
7060,STARLINK-3240,STARLINK-32634,3.8476,5.195,0.44,475.3,0.1087,4.1,0
7061,STARLINK-3306,STARLINK-11075 [DTC],8.3019,8.951,0.924,361.9,0.1087,4.1,0
7062,STARLINK-36273,STARLINK-37713,5.5953,5.62,0.629,481.6,0.1085,4.1,0
7063,STARLINK-4719,STARLINK-31311,3.1816,3.643,0.367,489.1,0.1085,4.1,0
7064,STARLINK-4514,STARLINK-30549,5.673,7.994,0.635,473.0,0.1081,4.1,0
7065,STARLINK-3823,STARLINK-35679,9.6936,9.763,1.07,476.4,0.1082,4.1,0
7066,STARLINK-32182,STARLINK-37440,4.0865,8.449,0.463,461.4,0.108,4.1,0
7067,STARLINK-35072,STARLINK-36984,3.7846,6.216,0.428,476.1,0.1074,4.0,0
7068,STARLINK-2119,STARLINK-32207,7.2163,8.413,0.796,471.7,0.1073,4.0,0
7069,YAM-16,HYPERION GR-1,4.0095,8.283,0.451,610.7,0.1071,4.0,0
7070,ICEYE-X60,2026-052D,3.277,5.009,0.372,546.9,0.107,4.0,0
7071,STARLINK-4788,STARLINK-32230,5.557,6.964,0.615,485.8,0.1068,4.0,0
7072,STARLINK-35031,STARLINK-35346,3.4294,7.87,0.387,461.4,0.1066,4.0,0
7073,STARLINK-4686,STARLINK-37071,5.944,6.21,0.655,473.6,0.1066,4.0,0
7074,STARLINK-34948,STARLINK-36960,5.7393,6.857,0.633,464.4,0.1066,4.0,0
7075,STARLINK-2518,STARLINK-32426,8.3608,8.93,0.911,471.8,0.1064,4.0,0
7076,STARLINK-3419,STARLINK-32161,9.3579,9.983,1.016,479.2,0.1063,4.0,0
7077,STARLINK-31380,STARLINK-37237,4.3439,5.78,0.482,461.9,0.1061,4.0,0
7078,STARLINK-4129,STARLINK-36769,6.7851,7.524,0.739,475.7,0.1058,4.0,0
7079,STARLINK-3200,STARLINK-37074,7.6876,8.844,0.832,474.0,0.1055,4.0,0
7080,STARLINK-3703,STARLINK-35595,6.2449,9.576,0.679,474.0,0.1054,4.0,0
7081,STARLINK-4627,STARLINK-35140,3.415,6.048,0.381,475.4,0.1054,4.0,0
7082,STARLINK-4208,STARLINK-33533,4.9958,6.959,0.547,476.6,0.1053,4.0,0
7083,STARLINK-3736,STARLINK-34063,5.2394,8.539,0.573,480.8,0.1053,4.0,0
7084,STARLINK-3128,STARLINK-35747,3.4925,3.557,0.386,461.8,0.1045,3.9,0
7085,STARLINK-30971,STARLINK-35779,3.264,5.206,0.362,484.5,0.1045,3.9,0
7086,STARLINK-1526,STARLINK-33715,8.2192,8.731,0.88,465.9,0.1045,3.9,0
7087,STARLINK-31373,STARLINK-37209,4.4395,5.743,0.482,461.6,0.1039,3.9,0
7088,STARLINK-3120,STARLINK-34652,8.7711,9.181,0.93,466.6,0.1037,3.9,0
7089,GUOWANG TEST OBJECT A,KUIPER-00490,5.7975,6.798,0.621,488.8,0.1035,3.9,0
7090,STARLINK-3113,STARLINK-34236,4.0132,7.048,0.436,461.9,0.1035,3.9,0
7091,BANDWAGON-4 OBJECT Q,STARLINK-36449,2.8835,3.568,0.319,491.4,0.1035,3.9,0
7092,STARLINK-3922,KUIPER-00603,7.6669,7.683,0.811,549.0,0.1031,3.9,0
7093,STARLINK-33741,KUIPER-00647,2.3182,7.461,0.26,474.1,0.1032,3.9,0
7094,STARLINK-31051,STARLINK-32894,1.8474,1.964,0.211,461.4,0.1031,3.9,0
7095,STARLINK-3538,STARLINK-37270,4.0883,4.179,0.439,476.7,0.1024,3.8,0
7096,STARLINK-32369,STARLINK-35489,9.1666,9.704,0.957,465.8,0.1022,3.8,0
7097,STARLINK-4663,STARLINK-35184,2.7354,7.09,0.3,473.6,0.1022,3.8,0
7098,STARLINK-3927,STARLINK-35938,4.5221,4.524,0.482,485.5,0.1021,3.8,0
7099,STARLINK-2224,KUIPER-00496,7.6114,7.773,0.796,484.5,0.1019,3.8,0
7100,STARLINK-32535,TOMORROW-S3,8.8042,8.834,0.916,488.8,0.1017,3.8,0
7101,SNUSAT-2,COSMOS 2604,4.7583,6.333,0.504,492.3,0.1016,3.8,0
7102,STARLINK-34727,STARLINK-37027,3.6364,3.639,0.389,461.1,0.1014,3.8,0
7103,STARLINK-32188,STARLINK-37419,8.9775,9.031,0.931,465.8,0.1014,3.8,0
7104,STARLINK-4673,STARLINK-32816,8.4006,9.077,0.872,473.9,0.1014,3.8,0
7105,2024-199BE,STARLINK-37110,7.4685,9.369,0.777,477.5,0.1013,3.8,0
7106,STARLINK-37745,STARLINK-37869,5.8818,6.848,0.616,464.4,0.1013,3.8,0
7107,STARLINK-32189,STARLINK-37359,4.4028,4.629,0.464,461.6,0.1008,3.8,0
7108,STARLINK-5410,STARLINK-35525,8.4317,9.799,0.869,472.1,0.1007,3.8,0
7109,STARLINK-1308,STARLINK-11189 [DTC],3.6391,3.691,0.385,370.6,0.1003,3.8,0
7110,STARLINK-3942,STARLINK-4268,4.0544,4.363,0.424,474.0,0.0997,3.8,0
7111,STARLINK-4058,STARLINK-36743,8.4115,8.48,0.857,476.7,0.0995,3.7,0
7112,STARLINK-32182,STARLINK-34721,2.1601,3.531,0.234,476.5,0.0991,3.7,0
7113,STARLINK-4175,STARLINK-34892,5.5137,6.469,0.567,467.0,0.0992,3.7,0
7114,STARLINK-31355,STARLINK-37691,3.88,5.509,0.405,461.3,0.0993,3.7,0
7115,STARLINK-36932,STARLINK-37558,2.1414,4.718,0.232,462.5,0.0991,3.7,0
7116,STARLINK-4555,STARLINK-32279,6.4962,9.106,0.66,460.4,0.0986,3.7,0
7117,STARLINK-35198,STARLINK-37417,6.2885,9.341,0.639,464.5,0.0985,3.7,0
7118,STARLINK-3975,STARLINK-32269,7.2356,9.179,0.732,467.3,0.0984,3.7,0
7119,STARLINK-3594,STARLINK-3674,8.6345,8.72,0.866,479.6,0.098,3.7,0
7120,STARLINK-2479,STARLINK-31247,9.4566,9.523,0.946,485.7,0.098,3.7,0
7121,STARLINK-3300,STARLINK-32432,3.9491,7.095,0.406,463.1,0.0979,3.7,0
7122,STARLINK-6363,STARLINK-36464,3.4591,7.375,0.358,494.6,0.0978,3.7,0
7123,STARLINK-32186,STARLINK-35490,4.4989,5.388,0.459,475.1,0.0977,3.7,0
7124,STARLINK-31324,STARLINK-37754,3.9582,4.302,0.405,475.2,0.0974,3.7,0
7125,STARLINK-3749,STARLINK-35590,5.9785,8.887,0.602,463.0,0.0974,3.7,0
7126,SCS-01 K,2025-234D,5.883,5.884,0.593,502.6,0.0975,3.7,0
7127,ZIYUAN 3-02 (ZY 3-02),2024-205P,4.4134,8.494,0.449,522.2,0.0973,3.7,0
7128,STARLINK-4276,STARLINK-35923,4.0095,5.4,0.409,476.9,0.0972,3.7,0
7129,STARLINK-32192,STARLINK-37166,4.5646,4.568,0.463,461.8,0.0972,3.7,0
7130,2025-108B,FLOCK 4H-1,2.9179,3.137,0.303,519.7,0.0972,3.7,0
7131,STARLINK-5100,STARLINK-32956,2.9692,3.214,0.308,482.9,0.0972,3.7,0
7132,STARLINK-31659,STARLINK-34596,4.0104,4.361,0.408,461.9,0.0969,3.7,0
7133,STARLINK-5470,STARLINK-31014,4.0734,8.32,0.413,474.5,0.0966,3.6,0
7134,STARLINK-2634,STARLINK-32520,9.7678,9.768,0.962,479.2,0.0965,3.6,0
7135,STARLINK-2422,STARLINK-36286,8.2276,9.391,0.813,479.7,0.0965,3.6,0
7136,STARLINK-32194,STARLINK-37424,4.6024,4.721,0.463,461.7,0.0964,3.6,0
7137,IRIDE-MS2-HEO-13,TRANSPORTER-17 OBJECT BP,4.4915,8.266,0.452,610.2,0.0963,3.6,0
7138,STARLINK-32843,STARLINK-37129,8.3717,9.333,0.824,465.7,0.0961,3.6,0
7139,STARLINK-3772,STARLINK-34522,6.1177,6.125,0.607,460.4,0.0961,3.6,0
7140,STARLINK-35115,STARLINK-36379,6.4546,8.914,0.638,480.9,0.0959,3.6,0
7141,STARLINK-5127,STARLINK-30789,4.4657,6.874,0.447,475.7,0.0958,3.6,0
7142,MBZ-SAT,LILIUM-2,6.8651,9.958,0.674,511.2,0.0954,3.6,0
7143,STARLINK-35226,STARLINK-37079,4.3019,6.648,0.429,461.7,0.0953,3.6,0
7144,STARLINK-3577,STARLINK-35883,7.9886,8.881,0.78,459.4,0.0953,3.6,0
7145,LONGJIANG 3,KUIPER-00517,7.9571,8.272,0.777,466.9,0.0953,3.6,0
7146,STARLINK-4479,STARLINK-34485,8.6461,9.491,0.841,465.8,0.0951,3.6,0
7147,STARLINK-35108,KUIPER-00437,4.2293,9.132,0.421,472.5,0.095,3.6,0
7148,STARLINK-5278,STARLINK-34151,6.9755,8.694,0.68,479.0,0.0948,3.6,0
7149,CO3D 1,FLOCK 4H-10,7.0061,9.736,0.683,519.7,0.0948,3.6,0
7150,STARLINK-3193,STARLINK-34841,6.9028,7.245,0.67,463.2,0.0943,3.6,0
7151,STARLINK-34547,STARLINK-35401,4.244,4.493,0.418,475.5,0.0941,3.6,0
7152,STARLINK-32319,KUIPER-00562,5.2678,9.852,0.514,483.5,0.094,3.5,0
7153,STARLINK-2590,STARLINK-34073,3.8552,6.644,0.381,471.7,0.094,3.5,0
7154,STARLINK-37181,STARLINK-37742,2.2633,6.133,0.231,462.9,0.0938,3.5,0
7155,STARLINK-34727,STARLINK-37027,3.9434,4.018,0.389,475.2,0.0939,3.5,0
7156,STARLINK-2634,STARLINK-34581,4.7792,6.241,0.467,485.5,0.0938,3.5,0
7157,STARLINK-3756,STARLINK-34523,8.1135,9.456,0.778,465.9,0.0936,3.5,0
7158,STARLINK-3736,STARLINK-32310,5.9381,9.103,0.574,481.0,0.0935,3.5,0
7159,STARLINK-32190,STARLINK-37669,3.9424,6.189,0.387,475.8,0.0934,3.5,0
7160,SKYSAT-C5,STARLINK-37400,3.3336,4.382,0.33,480.2,0.0934,3.5,0
7161,STARLINK-2050,STARLINK-4168,8.273,8.523,0.791,486.1,0.0934,3.5,0
7162,STARLINK-4106,STARLINK-36779,9.0878,9.156,0.866,465.9,0.0932,3.5,0
7163,STARLINK-3749,STARLINK-32467,8.967,9.313,0.855,476.8,0.0933,3.5,0
7164,STARLINK-31378,STARLINK-37019,8.6052,9.728,0.821,466.3,0.0932,3.5,0
7165,COSMOS 2523,EOS-4,7.234,7.312,0.693,529.7,0.0932,3.5,0
7166,STARLINK-3626,STARLINK-3700,7.1731,7.88,0.686,480.8,0.093,3.5,0
7167,STARLINK-36121,STARLINK-37001,9.1308,9.531,0.867,462.3,0.0929,3.5,0
7168,STARLINK-34727,STARLINK-37027,3.9935,4.828,0.389,475.2,0.0928,3.5,0
7169,STARLINK-4627,STARLINK-35140,3.9408,4.724,0.382,461.6,0.0923,3.5,0
7170,STARLINK-4408,STARLINK-35843,8.5267,8.531,0.803,468.9,0.092,3.5,0
7171,STARLINK-2515,STARLINK-35430,4.3975,6.017,0.423,485.7,0.092,3.5,0
7172,STARLINK-3525,STARLINK-37508,4.3126,4.338,0.415,461.7,0.092,3.5,0
7173,STARLINK-32186,STARLINK-35490,4.8122,7.535,0.46,461.8,0.0918,3.5,0
7174,STARLINK-36612,STARLINK-36391,6.5184,6.52,0.613,464.4,0.0912,3.4,0
7175,STARLINK-3457,STARLINK-32702,7.2816,7.696,0.68,473.3,0.0909,3.4,0
7176,STARLINK-2713,STARLINK-34505,4.7356,7.488,0.449,472.0,0.091,3.4,0
7177,STARLINK-31380,STARLINK-37237,5.107,8.626,0.482,461.9,0.0908,3.4,0
7178,STARLINK-2491,STARLINK-3198,6.0683,9.489,0.567,484.5,0.0905,3.4,0
7179,STARLINK-4125,STARLINK-32252,9.4065,9.537,0.863,479.7,0.0898,3.4,0
7180,STARLINK-2379,STARLINK-35179,8.7471,9.592,0.8,485.6,0.0894,3.4,0
7181,STARLINK-2422,STARLINK-3122,7.6059,8.384,0.697,467.1,0.0893,3.4,0
7182,STARLINK-35198,STARLINK-37417,6.9664,8.368,0.639,464.5,0.0892,3.4,0
7183,STARLINK-31355,STARLINK-37691,4.3307,7.8,0.404,475.6,0.0892,3.4,0
7184,STARLINK-4276,STARLINK-35923,4.4046,4.59,0.41,462.6,0.089,3.4,0
7185,STARLINK-3457,STARLINK-32702,7.4655,7.88,0.682,460.5,0.089,3.4,0
7186,STARLINK-4208,STARLINK-33533,5.9627,6.193,0.548,462.9,0.0889,3.4,0
7187,STARLINK-5869,STARLINK-34223,3.9003,7.228,0.364,493.7,0.0888,3.4,0
7188,STARLINK-1548,STARLINK-3783,5.8508,6.846,0.536,467.3,0.0886,3.4,0
7189,STARLINK-3128,STARLINK-35747,4.1725,9.945,0.386,461.8,0.0883,3.3,0
7190,STARLINK-36273,STARLINK-37713,6.94,7.359,0.631,463.2,0.0884,3.3,0
7191,STARLINK-34727,STARLINK-37027,4.2087,4.53,0.389,461.1,0.0882,3.3,0
7192,STARLINK-3329,STARLINK-32596,4.6494,7.232,0.428,460.1,0.0883,3.3,0
7193,STARLINK-6170,STARLINK-31859,3.4401,3.85,0.32,482.0,0.0879,3.3,0
7194,STARLINK-35361,STARLINK-37413,6.8202,8.815,0.618,480.4,0.088,3.3,0
7195,STARLINK-31659,STARLINK-34596,4.4358,6.148,0.408,475.1,0.088,3.3,0
7196,STARLINK-2502,STARLINK-35196,4.4286,5.07,0.407,485.6,0.0879,3.3,0
7197,ASRTU-1 (AO-123),STARLINK-37348,7.9202,8.712,0.714,479.2,0.0879,3.3,0
7198,STARLINK-32410,STARLINK-37178,4.3075,9.702,0.396,463.9,0.0879,3.3,0
7199,SHIJIAN-26 (SJ-26),GAOFEN-14 02,4.4437,5.925,0.407,503.6,0.0876,3.3,0
7200,STARLINK-3352,STARLINK-35127,7.6294,9.936,0.685,475.0,0.0875,3.3,0
7201,STARLINK-5145,STARLINK-33995,4.0808,4.893,0.374,489.2,0.0874,3.3,0
7202,SITRO-AIS 5 (KATYS),STARLINK-35144,4.0723,9.868,0.373,482.2,0.0873,3.3,0
7203,TIANYI D,SITRO-AIS-59,5.5432,9.198,0.5,501.1,0.0871,3.3,0
7204,STARLINK-34948,STARLINK-36960,7.0527,8.264,0.631,481.1,0.087,3.3,0
7205,STARLINK-32182,STARLINK-37440,5.1274,7.792,0.462,475.6,0.0867,3.3,0
7206,STARLINK-3572,STARLINK-34601,5.3766,6.617,0.484,474.9,0.0868,3.3,0
7207,STARLINK-4790,STARLINK-31311,2.2297,5.755,0.211,489.1,0.0868,3.3,0
7208,STARLINK-4085,STARLINK-32237,2.772,2.812,0.257,476.6,0.0865,3.3,0
7209,STARLINK-3747,STARLINK-35339,6.8833,6.989,0.611,474.0,0.0863,3.3,0
7210,STARLINK-32236,STARLINK-35350,5.1438,8.015,0.461,461.4,0.0863,3.3,0
7211,STARLINK-36273,STARLINK-37713,7.0969,7.154,0.629,481.6,0.0862,3.3,0
7212,STARLINK-32199,STARLINK-37380,5.1971,5.464,0.464,461.7,0.086,3.3,0
7213,STARLINK-4011,STARLINK-37365,2.9332,8.151,0.269,462.2,0.0859,3.3,0
7214,STARLINK-3625,STARLINK-36116,2.6067,4.784,0.24,462.3,0.0855,3.2,0
7215,STARLINK-34280,STARLINK-37378,7.1779,7.767,0.63,462.5,0.0854,3.2,0
7216,STARLINK-3694,STARLINK-34323,4.4676,5.111,0.398,485.5,0.0853,3.2,0
7217,STARLINK-3286,STARLINK-3254,7.2253,9.684,0.632,473.5,0.0851,3.2,0
7218,STARLINK-4555,STARLINK-32279,7.5526,7.708,0.659,474.0,0.085,3.2,0
7219,STARLINK-3240,STARLINK-32634,4.9903,8.004,0.441,461.7,0.085,3.2,0
7220,IRIDE-MS2-HEO-13,TRANSPORTER-17 OBJECT BQ,5.1138,5.945,0.45,610.2,0.0847,3.2,0
7221,GAOFEN-9 05,STARLINK-37941,7.2599,7.33,0.632,467.5,0.0847,3.2,0
7222,STARLINK-2029,STARLINK-3752,9.2818,9.295,0.803,466.0,0.0847,3.2,0
7223,2025-234B,FLOCK 4H-14,6.509,8.125,0.568,513.9,0.0847,3.2,0
7224,STARLINK-3523,STARLINK-37558,4.9416,6.087,0.434,461.2,0.0844,3.2,0
7225,STARLINK-31530,STARLINK-11400 [DTC],1.7865,2.013,0.168,356.4,0.0846,3.2,0
7226,STARLINK-4499,STARLINK-33534,6.8363,7.37,0.592,480.5,0.0841,3.2,0
7227,STARLINK-35425,STARLINK-37043,4.8331,9.839,0.423,475.5,0.084,3.2,0
7228,YAM-15,TRANSPORTER-17 OBJECT AU,5.061,7.801,0.441,611.9,0.0838,3.2,0
7229,STARLINK-35361,STARLINK-37413,7.2001,8.751,0.619,464.8,0.0836,3.2,0
7230,STARLINK-3314,STARLINK-4180,6.6221,7.49,0.569,480.7,0.0834,3.2,0
7231,STARLINK-4298,STARLINK-34994,6.2053,8.343,0.533,476.5,0.0832,3.2,0
7232,STARLINK-2427,STARLINK-34645,6.5371,6.537,0.56,472.0,0.0831,3.2,0
7233,STARLINK-3204,STARLINK-34843,7.659,7.688,0.653,473.8,0.0831,3.2,0
7234,STARLINK-32830,STARLINK-37371,5.9038,6.978,0.507,464.3,0.0831,3.1,0
7235,STARLINK-31324,STARLINK-37754,4.6924,9.698,0.405,475.2,0.0828,3.1,0
7236,STARLINK-3965,STARLINK-4276,5.0988,9.152,0.438,461.7,0.0827,3.1,0
7237,TIANYI A,MICE-1,1.652,2.355,0.153,507.1,0.0826,3.1,0
7238,STARLINK-35709,STARLINK-35861,2.7197,3.793,0.241,476.4,0.0825,3.1,0
7239,STARLINK-30906,STARLINK-31615,8.0032,8.053,0.677,480.6,0.0825,3.1,0
7240,ICEYE-X60,2026-052D,4.3435,6.505,0.374,529.0,0.0823,3.1,0
7241,STARLINK-4596,STARLINK-35040,8.3937,9.545,0.705,479.4,0.082,3.1,0
7242,STARLINK-3923,STARLINK-32008,5.4965,5.65,0.464,473.7,0.0815,3.1,0
7243,STARLINK-32192,STARLINK-37166,5.4713,6.266,0.462,475.1,0.0815,3.1,0
7244,2024-174D,STARLINK-37482,3.6839,4.823,0.316,465.0,0.0814,3.1,0
7245,STARLINK-36612,STARLINK-36391,7.3345,7.356,0.612,480.5,0.0812,3.1,0
7246,STARLINK-33798,KUIPER-00549,5.042,7.253,0.426,472.7,0.0813,3.1,0
7247,STARLINK-30971,STARLINK-35779,4.2545,7.235,0.362,493.7,0.0813,3.1,0
7248,STARLINK-3218,STARLINK-34244,3.2279,7.966,0.278,459.9,0.0811,3.1,0
7249,STARLINK-31379,STARLINK-37682,4.7847,5.608,0.403,461.7,0.0808,3.1,0
7250,STARLINK-5058,BANDWAGON-4 OBJECT P,5.365,5.46,0.45,489.0,0.0809,3.1,0
7251,STARLINK-2524,STARLINK-34227,8.5131,9.62,0.705,472.1,0.0809,3.1,0
7252,STARLINK-3758,STARLINK-34395,8.2563,9.539,0.681,476.6,0.0805,3.1,0
7253,STARLINK-35096,STARLINK-37082,9.2557,9.511,0.76,465.4,0.0804,3.1,0
7254,STARLINK-5439,STARLINK-34330,7.3561,7.562,0.608,485.5,0.0805,3.1,0
7255,STARLINK-2491,STARLINK-3198,6.8758,9.748,0.568,471.0,0.0803,3.1,0
7256,STARLINK-3138,STARLINK-37374,5.9086,7.91,0.491,476.0,0.0804,3.1,0
7257,STARLINK-3988,STARLINK-31773,6.9049,6.995,0.57,470.9,0.0802,3.0,0
7258,LEO EXPRESS 2,SHIYAN-33,3.4625,3.979,0.292,514.1,0.0797,3.0,0
7259,STARLINK-32236,STARLINK-35350,5.5797,6.471,0.46,475.5,0.0796,3.0,0
7260,SKYSAT-C5,STARLINK-37400,3.9643,4.545,0.331,463.4,0.0795,3.0,0
7261,STARLINK-3609,STARLINK-36304,2.5129,3.764,0.215,473.2,0.0793,3.0,0
7262,STARLINK-3980,STARLINK-32191,9.0236,9.829,0.729,463.3,0.079,3.0,0
7263,STARLINK-4538,STARLINK-34334,5.9845,9.804,0.489,473.8,0.0791,3.0,0
7264,STARLINK-37745,STARLINK-37869,7.5916,8.116,0.614,480.8,0.0788,3.0,0
7265,STARLINK-2195,STARLINK-4130,7.039,7.451,0.57,473.6,0.0787,3.0,0
7266,STARLINK-34582,STARLINK-35317,5.3291,6.331,0.435,475.2,0.0787,3.0,0
7267,STARLINK-4416,SITRO-AIS 26,8.2052,9.755,0.658,565.8,0.0783,3.0,0
7268,STARLINK-35031,STARLINK-35346,4.7463,4.958,0.387,461.4,0.0782,3.0,0
7269,STARLINK-5408,STARLINK-32422,5.3263,7.654,0.431,478.1,0.078,3.0,0
7270,STARLINK-2439,STARLINK-32515,5.3312,9.122,0.431,472.2,0.0779,3.0,0
7271,STARLINK-32445,STARLINK-35367,4.5907,6.758,0.373,459.2,0.0779,3.0,0
7272,STARLINK-3986,STARLINK-31773,7.0514,7.226,0.564,487.3,0.0778,3.0,0
7273,STARLINK-4011,STARLINK-32270,8.303,8.31,0.662,466.7,0.0779,3.0,0
7274,STARLINK-4627,STARLINK-35140,4.7076,9.553,0.381,475.4,0.0776,3.0,0
7275,STARLINK-3252,STARLINK-32481,4.7149,4.854,0.381,485.7,0.0775,3.0,0
7276,STARLINK-3857,STARLINK-33948,3.5448,6.69,0.29,460.1,0.0774,2.9,0
7277,STARLINK-4278,STARLINK-31499,5.1602,8.329,0.415,460.4,0.0774,2.9,0
7278,STARLINK-34547,STARLINK-35401,5.2309,5.332,0.419,461.8,0.0772,2.9,0
7279,STARLINK-32199,STARLINK-37380,5.8539,5.975,0.464,475.4,0.0766,2.9,0
7280,STARLINK-35471,STARLINK-36274,3.2358,5.121,0.262,474.3,0.0763,2.9,0
7281,STARLINK-3525,STARLINK-37508,5.2353,6.06,0.414,475.3,0.0762,2.9,0
7282,STARLINK-3111,STARLINK-37363,5.7624,6.062,0.454,475.9,0.0761,2.9,0
7283,PAUSAT-1,SITRO-AIS-65,8.2636,9.695,0.643,506.9,0.076,2.9,0
7284,STARLINK-3172,STARLINK-33575,5.2936,5.591,0.417,463.2,0.0759,2.9,0
7285,STARLINK-33949,STARLINK-37274,8.1295,8.795,0.632,465.7,0.0759,2.9,0
7286,CO3D 3,FLOCK 4H-26,9.1476,9.762,0.708,505.1,0.0757,2.9,0
7287,STARLINK-2501,STARLINK-3726,5.8089,7.183,0.455,467.1,0.0757,2.9,0
7288,STARLINK-32525,TANSTAAFL-2,7.7507,9.43,0.602,480.7,0.0757,2.9,0
7289,STARLINK-3923,STARLINK-32008,5.9408,6.397,0.464,473.5,0.0756,2.9,0
7290,STARLINK-31813,STARLINK-37322,8.8279,8.833,0.682,479.2,0.0755,2.9,0
7291,STARLINK-36155,STARLINK-37384,5.0043,6.238,0.393,475.1,0.0755,2.9,0
7292,STARLINK-35072,STARLINK-36984,5.4824,7.05,0.428,476.2,0.0753,2.9,0
7293,STARLINK-3138,STARLINK-37374,6.3261,6.335,0.491,476.1,0.0752,2.9,0
7294,STARLINK-31353,STARLINK-37402,5.1493,5.244,0.402,475.1,0.0752,2.9,0
7295,WT 1B,STARLINK-31940,3.3341,7.582,0.266,490.2,0.0753,2.9,0
7296,2024-094D,BRO-20,4.7309,5.584,0.37,512.4,0.075,2.9,0
7297,SUOMI-100,STARLINK-36629,6.6969,6.714,0.517,467.7,0.075,2.9,0
7298,STARLINK-35168,STARLINK-36964,5.5445,5.545,0.43,474.6,0.0749,2.8,0
7299,STARLINK-31380,STARLINK-37237,6.2525,6.299,0.482,475.0,0.0747,2.8,0
7300,STARLINK-2356,STARLINK-32274,5.6114,8.298,0.434,480.7,0.0747,2.8,0
7301,STARLINK-3502,STARLINK-32683,9.3686,9.807,0.711,465.5,0.0743,2.8,0
7302,CO3D 1,FLOCK 4H-10,8.9983,9.206,0.683,519.7,0.0743,2.8,0
7303,STARLINK-30452,BANDWAGON-4 OBJECT P,4.1207,7.516,0.32,491.8,0.0741,2.8,0
7304,STARLINK-2135,STARLINK-4171,8.7117,8.773,0.66,465.9,0.0741,2.8,0
7305,STARLINK-2684,STARLINK-3311,8.3063,8.505,0.63,479.3,0.0741,2.8,0
7306,STARLINK-2500,STARLINK-3299,5.7492,8.46,0.439,484.2,0.0738,2.8,0
7307,STARLINK-32867,KUIPER-00549,6.8264,6.855,0.517,472.4,0.0736,2.8,0
7308,STARLINK-4101,STARLINK-32706,2.911,4.185,0.229,476.6,0.0736,2.8,0
7309,STARLINK-34727,STARLINK-37027,5.107,7.294,0.389,461.0,0.0733,2.8,0
7310,SENTINEL-2B,HAIYANG-3A,5.6211,9.238,0.427,785.6,0.0734,2.8,0
7311,STARLINK-35226,STARLINK-37079,5.6498,6.12,0.428,474.9,0.0732,2.8,0
7312,STARLINK-5242,STARLINK-33949,8.0864,9.78,0.606,465.7,0.0731,2.8,0
7313,STARLINK-4131,STARLINK-35665,9.254,9.28,0.69,465.8,0.073,2.8,0
7314,STARLINK-3584,STARLINK-34626,6.2709,7.497,0.472,476.6,0.0729,2.8,0
7315,STARLINK-33533,KUIPER-00646,3.4282,5.335,0.264,465.5,0.0728,2.8,0
7316,STARLINK-4159,STARLINK-36762,5.5807,5.679,0.42,473.6,0.0727,2.8,0
7317,STARLINK-36273,STARLINK-37713,8.4834,8.541,0.631,463.2,0.0727,2.8,0
7318,CUBEBEL 2 (EU11S),STARLINK-35170,6.3132,6.546,0.471,483.7,0.0723,2.8,0
7319,STARLINK-3098,STARLINK-35735,6.492,6.505,0.482,475.3,0.072,2.7,0
7320,CO3D 2,IRIDE FM2,9.0519,9.155,0.666,518.7,0.072,2.7,0
7321,MBZ-SAT,LILIUM-2,9.1657,9.215,0.674,511.2,0.072,2.7,0
7322,STARLINK-2232,STARLINK-4285,7.6833,9.831,0.566,467.0,0.0718,2.7,0
7323,STARLINK-36273,STARLINK-37713,8.5868,8.895,0.629,481.6,0.0716,2.7,0
7324,STARLINK-3845,STARLINK-4110,7.5575,9.299,0.554,469.0,0.0714,2.7,0
7325,CSC-2,SITRO-AIS-65,4.7042,4.704,0.35,495.4,0.0714,2.7,0
7326,STARLINK-3157,STARLINK-35138,9.7334,9.741,0.709,467.0,0.0714,2.7,0
7327,STARLINK-4573,STARLINK-35291,5.2042,8.476,0.384,486.1,0.0711,2.7,0
7328,STARLINK-2135,STARLINK-34296,5.0026,8.91,0.368,486.0,0.0707,2.7,0
7329,STARLINK-33752,BANDWAGON-4 OBJECT M,6.0711,6.089,0.443,490.6,0.0706,2.7,0
7330,STARLINK-30377,STARLINK-31485,3.6079,3.735,0.269,493.4,0.0706,2.7,0
7331,STARLINK-2605,STARLINK-34488,5.4071,7.033,0.395,485.5,0.0704,2.7,0
7332,CO3D 3,FLOCK 4H-26,9.8534,9.887,0.708,505.0,0.0704,2.7,0
7333,GENMAT-1,2024-205N,6.2945,9.639,0.456,453.3,0.0702,2.7,0
7334,STARLINK-2395,STARLINK-3156,5.4164,5.417,0.392,467.1,0.0698,2.7,0
7335,STARLINK-34064,STARLINK-37271,8.8588,8.891,0.631,479.3,0.0697,2.7,0
7336,STARLINK-35423,STARLINK-37095,4.8757,8.448,0.354,474.9,0.0697,2.7,0
7337,STARLINK-34727,STARLINK-37027,5.3791,6.863,0.389,475.2,0.0697,2.7,0
7338,LEO EXPRESS 3,SHIYAN-33,4.0092,7.814,0.293,514.1,0.0696,2.7,0
7339,STARLINK-3133,STARLINK-35131,5.8359,5.844,0.419,474.4,0.0694,2.7,0
7340,STARLINK-35031,STARLINK-35346,5.3723,5.467,0.386,475.4,0.0693,2.6,0
7341,STARLINK-2569,STARLINK-3638,7.8601,8.353,0.559,460.3,0.0694,2.6,0
7342,STARLINK-3986,STARLINK-31773,7.9482,7.958,0.565,487.3,0.0693,2.6,0
7343,STARLINK-2604,STARLINK-37238,9.8467,9.914,0.696,466.0,0.0693,2.6,0
7344,STARLINK-4608,STARLINK-4596,7.363,7.569,0.524,480.1,0.0693,2.6,0
7345,STARLINK-3522,STARLINK-34659,8.0871,9.054,0.574,472.7,0.0693,2.6,0
7346,STARLINK-1356,STARLINK-11199 [DTC],3.3393,5.614,0.245,373.0,0.0692,2.6,0
7347,STARLINK-32236,STARLINK-35350,6.4485,9.467,0.46,475.5,0.0692,2.6,0
7348,STARLINK-31383,STARLINK-35239,8.9033,9.132,0.628,472.5,0.069,2.6,0
7349,STARLINK-4577,STARLINK-5465,9.4445,9.627,0.664,463.4,0.0688,2.6,0
7350,STARLINK-3191,STARLINK-32515,5.3698,9.6,0.383,475.7,0.0688,2.6,0
7351,GHGSAT-C4,STARLINK-37157,8.3468,8.382,0.586,463.8,0.0686,2.6,0
7352,GEESAT-3 09,KUIPER-00081,8.2794,8.952,0.582,626.8,0.0686,2.6,0
7353,STARLINK-31930,STARLINK-32787,5.6972,7.639,0.404,461.5,0.0685,2.6,0
7354,STARLINK-3677,STARLINK-34327,4.527,8.132,0.324,485.5,0.0685,2.6,0
7355,STARLINK-37759,STARLINK-37798,9.0704,9.212,0.635,481.1,0.0685,2.6,0
7356,STARLINK-37759,STARLINK-37798,9.0965,9.151,0.637,464.2,0.0685,2.6,0
7357,STARLINK-4208,KUIPER-00646,5.4095,6.486,0.383,468.7,0.0683,2.6,0
7358,STARLINK-36612,STARLINK-36391,8.7993,8.877,0.613,464.4,0.0681,2.6,0
7359,STARLINK-3098,STARLINK-33939,7.7909,9.726,0.545,479.3,0.0682,2.6,0
7360,STARLINK-2400,STARLINK-3125,5.8793,8.222,0.414,480.5,0.0681,2.6,0
7361,STARLINK-5449,STARLINK-5412,3.0889,6.319,0.224,476.8,0.0681,2.6,0
7362,CONNECTA IOT-2,ANISCSAT-1,8.1339,9.221,0.568,494.8,0.0682,2.6,0
7363,STARLINK-3162,STARLINK-35560,8.3177,9.308,0.578,476.1,0.0679,2.6,0
7364,STARLINK-2389,STARLINK-35542,6.0686,6.434,0.424,485.4,0.0676,2.6,0
7365,STARLINK-35031,STARLINK-35346,5.5297,7.189,0.386,475.3,0.0674,2.6,0
7366,STARLINK-33743,KUIPER-00560,5.9637,9.265,0.415,472.1,0.0673,2.6,0
7367,STARLINK-5149,STARLINK-30893,7.944,7.952,0.547,479.5,0.0672,2.6,0
7368,STARLINK-34824,STARLINK-36745,5.5903,8.211,0.389,474.9,0.0672,2.6,0
7369,STARLINK-3138,STARLINK-37374,7.1507,8.212,0.492,460.9,0.0669,2.6,0
7370,STARLINK-2334,STARLINK-35317,9.1984,9.44,0.628,479.2,0.0668,2.6,0
7371,STARLINK-6363,STARLINK-30205,9.2804,9.281,0.634,491.6,0.0669,2.6,0
7372,STARLINK-2498,STARLINK-35559,5.8365,5.845,0.401,472.0,0.0664,2.5,0
7373,STARLINK-3175,STARLINK-33601,7.4115,8.101,0.505,479.8,0.0663,2.5,0
7374,STARLINK-2388,STARLINK-3852,5.8072,6.736,0.399,472.5,0.0664,2.5,0
7375,STARLINK-34727,STARLINK-37027,5.6954,8.787,0.389,461.1,0.066,2.5,0
7376,HAWK-11C,TOMORROW-S4,5.9963,8.358,0.408,485.2,0.0658,2.5,0
7377,STARLINK-33741,KUIPER-00647,3.7518,5.833,0.26,474.2,0.0658,2.5,0
7378,STARLINK-4552,STARLINK-32251,6.7241,6.725,0.455,461.6,0.0657,2.5,0
7379,STARLINK-31373,STARLINK-37209,7.137,7.167,0.482,475.4,0.0657,2.5,0
7380,STARLINK-2698,STARLINK-31506,5.34,5.458,0.363,485.7,0.0655,2.5,0
7381,STARLINK-35072,STARLINK-36984,6.3366,9.707,0.429,460.7,0.0656,2.5,0
7382,STARLINK-32202,STARLINK-32852,4.7799,9.316,0.327,485.7,0.0657,2.5,0
7383,STARLINK-34582,STARLINK-35317,6.4461,8.968,0.435,461.8,0.0655,2.5,0
7384,STARLINK-32191,STARLINK-37321,5.7272,6.259,0.387,461.9,0.0653,2.5,0
7385,STARLINK-31930,STARLINK-32787,5.9773,8.753,0.404,475.3,0.0654,2.5,0
7386,STARLINK-3607,STARLINK-30550,2.5237,2.537,0.178,476.7,0.0654,2.5,0
7387,STARLINK-3705,STARLINK-32294,9.2556,9.939,0.616,465.8,0.0651,2.5,0
7388,STARLINK-3153,STARLINK-34371,9.4169,9.716,0.624,478.7,0.0649,2.5,0
7389,STARLINK-30377,STARLINK-31485,3.9476,4.252,0.269,493.4,0.0649,2.5,0
7390,STARLINK-34611,STARLINK-37742,5.9705,8.45,0.397,462.6,0.0643,2.5,0
7391,STARLINK-4778,STARLINK-37089,3.4912,3.58,0.238,462.0,0.0645,2.5,0
7392,STARLINK-4809,STARLINK-35183,3.6062,4.176,0.243,485.4,0.0638,2.4,0
7393,SPIP,IRIS-F2,6.5117,9.489,0.429,499.0,0.0639,2.4,0
7394,STARLINK-31380,STARLINK-37237,7.3554,7.689,0.483,461.9,0.0639,2.4,0
7395,STARLINK-4766,STARLINK-31497,8.4281,8.428,0.551,465.8,0.0639,2.4,0
7396,YAOGAN-47,LUCA (RS90S),8.3406,8.889,0.544,507.2,0.0637,2.4,0
7397,STARLINK-4552,STARLINK-32251,6.9394,9.252,0.455,461.5,0.0637,2.4,0
7398,STARLINK-34677,STARLINK-37424,9.5311,9.799,0.62,477.9,0.0637,2.4,0
7399,STARLINK-3330,STARLINK-36779,8.6551,8.705,0.562,479.4,0.0635,2.4,0
7400,STARLINK-32186,STARLINK-35490,7.0631,8.359,0.46,461.8,0.0633,2.4,0
7401,STARLINK-36155,STARLINK-37384,6.012,8.58,0.393,475.1,0.0633,2.4,0
7402,STARLINK-3243,STARLINK-32209,8.474,8.989,0.548,479.3,0.0632,2.4,0
7403,STARLINK-32236,STARLINK-35350,7.0916,8.18,0.461,461.4,0.0632,2.4,0
7404,STARLINK-2500,STARLINK-3299,6.7615,8.988,0.44,471.1,0.0632,2.4,0
7405,STARLINK-32194,STARLINK-37424,7.1225,8.159,0.462,475.3,0.0631,2.4,0
7406,CARTOSAT-3,ZORKIY-2M 1,4.6665,7.838,0.307,506.0,0.0631,2.4,0
7407,STARLINK-2575,STARLINK-32697,6.4626,8.917,0.419,485.3,0.0629,2.4,0
7408,STARLINK-2583,STARLINK-34595,6.4457,8.215,0.415,485.6,0.0624,2.4,0
7409,STARLINK-35423,STARLINK-37095,5.4674,6.957,0.354,461.9,0.0625,2.4,0
7410,STARLINK-36612,STARLINK-36391,9.5946,9.781,0.612,480.5,0.0625,2.4,0
7411,STARLINK-2685,STARLINK-4146,5.2202,8.812,0.338,467.5,0.0624,2.4,0
7412,YUXING-3 06,2026-134B,7.9079,9.324,0.506,527.0,0.0624,2.4,0
7413,STARLINK-2497,STARLINK-3960,5.6326,6.189,0.362,467.1,0.0621,2.4,0
7414,STARLINK-2097,STARLINK-35634,8.4156,8.628,0.534,465.6,0.062,2.4,0
7415,ICEYE-X4,STARLINK-36719,6.8684,7.962,0.437,467.8,0.0618,2.4,0
7416,STARLINK-30101,STARLINK-35467,6.9438,7.506,0.441,481.1,0.0617,2.4,0
7417,STARLINK-3526,STARLINK-37518,8.2838,8.285,0.519,465.7,0.0612,2.3,0
7418,STARLINK-2576,STARLINK-34521,5.8038,9.132,0.367,485.1,0.0611,2.3,0
7419,STARLINK-34805,2025-292F,3.7813,5.131,0.243,550.1,0.061,2.3,0
7420,STARLINK-2413,STARLINK-3124,5.8389,8.687,0.367,480.7,0.0608,2.3,0
7421,STARLINK-3130,STARLINK-32882,5.9986,6.105,0.375,463.0,0.0605,2.3,0
7422,STARLINK-32021,STARLINK-31911,8.0981,8.944,0.502,465.8,0.0605,2.3,0
7423,STARLINK-2140,STARLINK-30789,6.5484,6.583,0.407,472.0,0.0603,2.3,0
7424,STARLINK-3937,STARLINK-32572,4.2092,8.87,0.266,460.4,0.0603,2.3,0
7425,STARLINK-35031,STARLINK-35346,6.246,6.612,0.387,461.4,0.06,2.3,0
7426,STARLINK-34261,STARLINK-34937,7.04,8.849,0.435,461.4,0.0601,2.3,0
7427,STARLINK-33681,STARLINK-35967,3.1378,4.123,0.2,474.7,0.0599,2.3,0
7428,STARLINK-4787,STARLINK-37489,3.9919,4.027,0.252,473.8,0.0601,2.3,0
7429,STARLINK-32832,STARLINK-37491,8.7153,9.866,0.535,465.5,0.06,2.3,0
7430,STARLINK-4662,STARLINK-4729,3.3534,6.556,0.212,460.2,0.0597,2.3,0
7431,STARLINK-34734,STARLINK-37558,7.7099,7.793,0.472,467.0,0.0597,2.3,0
7432,STARLINK-4094,STARLINK-35708,2.2156,2.366,0.143,462.9,0.0592,2.3,0
7433,STARLINK-32190,STARLINK-37669,6.363,6.841,0.388,461.3,0.0591,2.3,0
7434,STARLINK-35168,STARLINK-36964,7.0903,9.508,0.431,461.8,0.0591,2.3,0
7435,STARLINK-4573,STARLINK-35259,8.6059,8.997,0.519,465.6,0.0589,2.3,0
7436,STARLINK-1983,KUIPER-00634,3.6503,6.668,0.227,474.8,0.059,2.3,0
7437,JILIN-1 GAOFEN 2B,PIAST-M,2.5931,3.927,0.164,520.2,0.0587,2.3,0
7438,STARLINK-35539,KUIPER-00440,4.4036,9.185,0.27,477.8,0.0586,2.3,0
7439,STARLINK-31324,STARLINK-37754,6.7492,7.989,0.406,461.7,0.0584,2.2,0
7440,STARLINK-2497,STARLINK-31506,6.7306,8.683,0.403,485.7,0.0581,2.2,0
7441,STARLINK-3098,STARLINK-35735,8.1176,8.54,0.483,461.6,0.0581,2.2,0
7442,STARLINK-4162,STARLINK-36785,5.9914,9.955,0.359,473.6,0.058,2.2,0
7443,STARLINK-3923,STARLINK-32008,7.8149,9.824,0.464,474.6,0.0579,2.2,0
7444,STARLINK-1166,STARLINK-11290 [DTC],4.3992,9.08,0.266,370.4,0.0578,2.2,0
7445,SCS-01 E,TRANSPORTER-15 OBJECT CX,2.8958,4.357,0.179,518.8,0.0578,2.2,0
7446,STARLINK-5050,STARLINK-32162,3.0691,3.227,0.189,475.9,0.0578,2.2,0
7447,STARLINK-31930,STARLINK-32787,6.7915,7.24,0.404,475.3,0.0578,2.2,0
7448,STARLINK-3128,STARLINK-35747,6.481,7.176,0.386,475.2,0.0578,2.2,0
7449,STARLINK-4011,STARLINK-35141,7.041,7.183,0.418,466.8,0.0577,2.2,0
7450,STARLINK-2531,STARLINK-3331,5.813,5.942,0.347,467.2,0.0577,2.2,0
7451,STARLINK-34611,STARLINK-37742,6.6824,7.586,0.397,476.4,0.0577,2.2,0
7452,STARLINK-4499,STARLINK-32260,6.428,7.373,0.382,461.3,0.0576,2.2,0
7453,STARLINK-32191,STARLINK-37321,6.5191,8.123,0.387,475.2,0.0576,2.2,0
7454,STARLINK-31379,STARLINK-37682,6.8027,6.813,0.403,475.2,0.0575,2.2,0
7455,STARLINK-3524,STARLINK-37478,8.6827,9.751,0.509,479.6,0.0573,2.2,0
7456,STARLINK-31373,STARLINK-37209,8.24,8.587,0.483,461.6,0.0572,2.2,0
7457,STARLINK-3364,STARLINK-32425,7.0046,7.383,0.41,467.2,0.0569,2.2,0
7458,STARLINK-3138,STARLINK-37374,8.4391,8.827,0.492,461.0,0.057,2.2,0
7459,STARLINK-3712,STARLINK-35596,7.2581,9.631,0.425,476.6,0.057,2.2,0
7460,STARLINK-4060,STARLINK-35510,6.8443,6.845,0.401,473.8,0.0569,2.2,0
7461,STARLINK-31659,STARLINK-34596,6.9858,9.757,0.408,461.9,0.0568,2.2,0
7462,STARLINK-32189,STARLINK-37359,7.9617,9.072,0.464,461.7,0.0569,2.2,0
7463,STARLINK-35072,STARLINK-36984,7.3395,7.406,0.428,476.2,0.0568,2.2,0
7464,STARLINK-3569,STARLINK-37583,7.7907,8.732,0.453,455.8,0.0567,2.2,0
7465,STARLINK-34839,STARLINK-37435,8.1614,8.656,0.474,466.5,0.0567,2.2,0
7466,STARLINK-2666,STARLINK-3782,5.2411,9.343,0.308,485.2,0.0566,2.2,0
7467,STARLINK-35168,STARLINK-36964,7.4209,7.907,0.431,461.7,0.0566,2.2,0
7468,STARLINK-30833,STARLINK-35139,9.4624,9.463,0.546,465.8,0.0565,2.2,0
7469,STARLINK-3231,STARLINK-32334,4.7734,5.093,0.28,472.0,0.0563,2.2,0
7470,STARLINK-30424,STARLINK-36794,8.6174,8.714,0.495,479.5,0.0561,2.2,0
7471,STARLINK-1166,STARLINK-11290 [DTC],4.5561,7.053,0.267,358.1,0.0561,2.2,0
7472,STARLINK-32180,STARLINK-32204,8.2362,8.763,0.473,479.3,0.0561,2.2,0
7473,STARLINK-31701,STARLINK-33859,5.3477,9.608,0.31,491.0,0.0559,2.1,0
7474,STARLINK-4051,STARLINK-36786,5.6139,7.239,0.322,466.7,0.0554,2.1,0
7475,STARLINK-3957,STARLINK-33534,9.1208,9.209,0.515,465.9,0.0553,2.1,0
7476,STARLINK-2612,STARLINK-37464,9.0394,9.663,0.51,465.4,0.0552,2.1,0
7477,STARLINK-3563,STARLINK-35649,3.1349,4.319,0.184,474.0,0.0552,2.1,0
7478,STARLINK-2604,STARLINK-36932,8.2389,8.465,0.465,465.7,0.0551,2.1,0
7479,STARLINK-3826,STARLINK-34840,3.5974,6.06,0.209,476.3,0.055,2.1,0
7480,STARLINK-4107,STARLINK-36828,6.0935,6.106,0.346,481.1,0.055,2.1,0
7481,YAM-15,TRANSPORTER-17 OBJECT AU,7.8638,8.429,0.442,594.2,0.0548,2.1,0
7482,STARLINK-3529,STARLINK-34653,9.1242,9.334,0.51,487.7,0.0547,2.1,0
7483,STARLINK-4800,STARLINK-37419,8.3305,9.591,0.466,465.7,0.0546,2.1,0
7484,HAWK-11B,TOMORROW-S4,6.1105,9.197,0.344,484.8,0.0545,2.1,0
7485,STARLINK-2343,STARLINK-35615,7.1678,7.536,0.401,485.6,0.0544,2.1,0
7486,WT 1B,STARLINK-31940,4.6637,7.609,0.265,488.6,0.0545,2.1,0
7487,STARLINK-31930,STARLINK-32787,7.233,8.206,0.404,461.5,0.0544,2.1,0
7488,STARLINK-32139,STARLINK-35953,9.7594,9.764,0.541,465.8,0.0543,2.1,0
7489,STARLINK-32182,STARLINK-37440,8.3286,9.463,0.462,475.6,0.0542,2.1,0
7490,TIANYI C,BRO-17,3.6862,4.588,0.21,523.1,0.054,2.1,0
7491,STARLINK-3138,STARLINK-37374,8.9449,8.988,0.491,476.0,0.0537,2.1,0
7492,STARLINK-3516,STARLINK-34414,4.3196,4.334,0.242,459.6,0.0535,2.1,0
7493,IRIDE FM5,T.MICROSAT-1,0.2397,0.351,0.024,517.9,0.0546,2.1,0
7494,STARLINK-4778,STARLINK-31361,4.3946,4.638,0.245,462.5,0.0533,2.1,0
7495,CONNECTA IOT-3,2025-108E,3.3673,3.78,0.19,491.7,0.0533,2.0,0
7496,KUIPER-00437,STARLINK-37558,8.2484,8.315,0.449,474.1,0.0531,2.0,0
7497,LEMUR-2-WILSON,LEAP-1,9.9526,9.991,0.54,585.6,0.0532,2.0,0
7498,STARLINK-2367,STARLINK-30425,7.91,7.918,0.43,465.9,0.053,2.0,0
7499,STARLINK-31353,STARLINK-37402,7.4089,8.191,0.403,461.8,0.053,2.0,0
7500,SHIYAN-1 (SY-1),TRANSPORTER-11 OBJECT A,2.8424,4.818,0.161,463.9,0.0529,2.0,0
7501,STARLINK-3702,STARLINK-32469,7.4287,9.605,0.404,460.4,0.053,2.0,0
7502,STARLINK-1356,STARLINK-11199 [DTC],4.4485,8.021,0.246,358.2,0.0529,2.0,0
7503,STARLINK-32199,STARLINK-37380,8.5992,9.121,0.465,461.7,0.0528,2.0,0
7504,STARLINK-1017,STARLINK-34946,7.4525,9.39,0.402,473.9,0.0525,2.0,0
7505,STARLINK-31373,STARLINK-37209,8.9952,9.84,0.482,475.3,0.0524,2.0,0
7506,STARLINK-1807,STARLINK-35709,4.5917,5.552,0.251,463.0,0.0524,2.0,0
7507,ICEYE-X60,2026-052D,6.9454,7.245,0.374,529.0,0.0523,2.0,0
7508,STARLINK-31389,STARLINK-31981,4.8841,9.263,0.266,472.1,0.0523,2.0,0
7509,STARLINK-30934,STARLINK-37288,3.2127,3.267,0.178,475.2,0.0522,2.0,0
7510,STARLINK-3327,STARLINK-35745,3.1438,3.233,0.174,476.7,0.052,2.0,0
7511,STARLINK-4799,STARLINK-37428,7.2806,9.821,0.389,466.1,0.052,2.0,0
7512,STARLINK-32182,STARLINK-37440,8.725,8.865,0.463,461.3,0.0519,2.0,0
7513,STARLINK-31465,STARLINK-31883,4.8944,9.176,0.264,485.9,0.0518,2.0,0
7514,STARLINK-3923,STARLINK-32008,8.7659,8.792,0.464,487.8,0.0518,2.0,0
7515,STARLINK-30706,STARLINK-31846,8.3686,9.382,0.443,466.0,0.0517,2.0,0
7516,STARLINK-4303,STARLINK-30561,4.7205,4.844,0.254,460.3,0.0516,2.0,0
7517,STARLINK-4159,STARLINK-36762,7.9548,8.221,0.421,460.5,0.0516,2.0,0
7518,STARLINK-3314,STARLINK-32651,7.2336,7.39,0.383,463.1,0.0515,2.0,0
7519,STARLINK-33585,STARLINK-37016,9.3918,9.891,0.494,465.5,0.0515,2.0,0
7520,STARLINK-32186,STARLINK-35490,8.7457,9.185,0.459,475.1,0.0513,2.0,0
7521,STARLINK-34824,STARLINK-36745,7.3889,7.467,0.389,474.9,0.0513,2.0,0
7522,STARLINK-3525,STARLINK-37508,7.895,9.72,0.415,461.7,0.0513,2.0,0
7523,CAS500-1,JACKAL-004,7.2779,9.198,0.382,523.4,0.0511,2.0,0
7524,STARLINK-32199,STARLINK-37380,8.8825,9.786,0.465,461.7,0.0512,2.0,0
7525,STARLINK-35031,STARLINK-35346,7.3761,8.148,0.387,461.4,0.0511,2.0,0
7526,STARLINK-2225,STARLINK-3698,7.9282,7.958,0.414,481.0,0.0509,2.0,0
7527,STARLINK-35677,STARLINK-34861,4.4507,4.561,0.237,476.5,0.051,2.0,0
7528,STARLINK-1661,STARLINK-1954,8.9251,9.859,0.464,431.6,0.0508,2.0,0
7529,STARLINK-3771,STARLINK-4557,4.5338,7.677,0.241,473.8,0.0509,2.0,0
7530,SWARM A,SWARM C,3.5254,5.029,0.189,432.8,0.0507,2.0,0
7531,STARLINK-4188,KUIPER-00626,8.896,9.494,0.461,473.5,0.0507,2.0,0
7532,STARLINK-3699,STARLINK-4266,8.1122,9.078,0.421,465.8,0.0506,2.0,0
7533,ION SCV-004,COSMOS 2608,6.0383,8.168,0.316,490.2,0.0507,2.0,0
7534,STARLINK-4208,STARLINK-32134,3.0672,5.476,0.165,463.2,0.0505,1.9,0
7535,STARLINK-2757,STARLINK-33913,9.4532,9.467,0.488,479.3,0.0506,1.9,0
7536,HAWK-2C,STARLINK-34938,8.7008,8.909,0.449,459.8,0.0504,1.9,0
7537,STARLINK-3128,STARLINK-35747,7.4796,9.304,0.386,461.8,0.0503,1.9,0
7538,STARLINK-2101,STARLINK-37225,8.4936,8.966,0.437,465.6,0.0503,1.9,0
7539,STARLINK-32236,STARLINK-35350,8.9667,8.973,0.461,461.4,0.0503,1.9,0
7540,STARLINK-4479,STARLINK-32224,8.4444,9.159,0.433,465.9,0.0501,1.9,0
7541,STARLINK-3162,STARLINK-34585,2.998,4.426,0.16,462.9,0.05,1.9,0
7542,STARLINK-32186,STARLINK-35490,8.9948,8.995,0.46,461.8,0.05,1.9,0
7543,STARLINK-4699,STARLINK-4640,4.2839,4.942,0.224,460.6,0.05,1.9,0
7544,STARLINK-35072,STARLINK-36984,8.3831,8.615,0.429,460.7,0.05,1.9,0
7545,STARLINK-35423,STARLINK-37095,6.9041,9.52,0.354,474.9,0.0498,1.9,0
7546,STARLINK-5979,STARLINK-5538,3.0287,3.029,0.16,546.6,0.0496,1.9,0
7547,STARLINK-2752,STARLINK-3902,8.3792,8.96,0.426,472.5,0.0497,1.9,0
7548,STARLINK-32114,KUIPER-00641,4.8522,6.876,0.249,474.3,0.0493,1.9,0
7549,YAM-16,HYPERION GR-1,8.9673,8.994,0.452,590.4,0.0493,1.9,0
7550,STARLINK-3735,STARLINK-32511,9.0589,9.754,0.457,463.1,0.0494,1.9,0
7551,STARLINK-4047,STARLINK-30829,8.6823,9.111,0.436,465.6,0.0491,1.9,0
7552,STARLINK-2516,STARLINK-31491,8.9153,9.094,0.447,480.6,0.049,1.9,0
7553,STARLINK-31257,STARLINK-36554,6.7202,8.351,0.338,492.3,0.0488,1.9,0
7554,STARLINK-4728,STARLINK-32182,9.6788,9.722,0.482,479.5,0.0488,1.9,0
7555,STARLINK-30934,STARLINK-37288,3.4547,3.865,0.178,475.2,0.0487,1.9,0
7556,STARLINK-1542,STARLINK-32312,8.0713,8.148,0.403,465.7,0.0487,1.9,0
7557,STARLINK-4673,STARLINK-37052,8.0754,8.204,0.403,474.1,0.0487,1.9,0
7558,STARLINK-4673,STARLINK-37052,8.1036,8.267,0.404,459.9,0.0487,1.9,0
7559,STARLINK-3702,STARLINK-32469,8.0895,8.652,0.403,474.0,0.0486,1.9,0
7560,STARLINK-32182,STARLINK-37440,9.3334,9.783,0.463,461.4,0.0486,1.9,0
7561,STARLINK-2178,STARLINK-4085,7.4991,7.584,0.374,480.7,0.0486,1.9,0
7562,STARLINK-32182,STARLINK-37440,9.3249,9.325,0.462,475.6,0.0485,1.9,0
7563,STARLINK-34824,STARLINK-36745,7.8373,8.664,0.39,461.9,0.0485,1.9,0
7564,STARLINK-4194,STARLINK-34319,5.4919,6.431,0.276,460.3,0.0485,1.9,0
7565,STARLINK-4627,STARLINK-35140,7.6677,7.671,0.381,475.4,0.0484,1.9,0
7566,STARLINK-32236,STARLINK-35350,9.3387,9.67,0.46,475.5,0.0482,1.9,0
7567,SBSS (USA 216),GRUS-1E,8.8833,8.899,0.438,581.1,0.0482,1.9,0
7568,STARLINK-5979,STARLINK-5538,3.1219,3.562,0.16,563.8,0.0482,1.9,0
7569,IRIDE-MS2-HEO-13,TRANSPORTER-17 OBJECT BR,9.1405,9.231,0.45,587.1,0.0482,1.9,0
7570,STARLINK-2594,STARLINK-37518,7.9736,9.977,0.391,479.2,0.0478,1.8,0
7571,STARLINK-31596,STARLINK-31472,6.4447,8.755,0.318,481.7,0.0479,1.8,0
7572,STARLINK-1048,STARLINK-11310 [DTC],8.9093,9.898,0.435,354.7,0.0478,1.8,0
7573,STARLINK-31318,STARLINK-32022,7.7398,7.908,0.378,479.3,0.0476,1.8,0
7574,SCS-01 K,2025-313M,7.0611,9.475,0.345,496.0,0.0475,1.8,0
7575,ICEYE-X60,2026-052D,7.6311,8.33,0.372,546.9,0.0475,1.8,0
7576,STARLINK-4525,KUIPER-00603,6.4935,6.504,0.318,543.3,0.0475,1.8,0
7577,STARLINK-4060,STARLINK-35510,8.2664,8.853,0.402,460.1,0.0475,1.8,0
7578,STARLINK-35168,STARLINK-36964,8.8749,9.51,0.43,474.6,0.0474,1.8,0
7579,STARLINK-35031,STARLINK-35346,7.965,9.913,0.387,475.4,0.0474,1.8,0
7580,STARLINK-5018,STARLINK-32697,4.3874,5.82,0.217,472.2,0.0473,1.8,0
7581,STARLINK-36945,KUIPER-00619,7.7129,9.878,0.374,457.4,0.0473,1.8,0
7582,WT 1B,STARLINK-31940,5.4087,6.325,0.265,490.3,0.0472,1.8,0
7583,STARLINK-3742,STARLINK-4490,5.6857,8.078,0.278,461.4,0.0472,1.8,0
7584,STARLINK-3314,STARLINK-32651,7.8946,7.931,0.382,476.5,0.0472,1.8,0
7585,STARLINK-2225,STARLINK-35280,8.4639,8.973,0.409,485.9,0.0472,1.8,0
7586,STARLINK-2241,STARLINK-4534,7.6403,9.598,0.37,473.6,0.0472,1.8,0
7587,STARLINK-31355,STARLINK-37691,8.4175,8.502,0.405,461.3,0.047,1.8,0
7588,SWARM A,SWARM C,3.8386,5.625,0.189,432.8,0.0468,1.8,0
7589,STARLINK-2621,STARLINK-37169,9.353,9.384,0.446,465.5,0.0467,1.8,0
7590,YAM-15,TRANSPORTER-17 OBJECT AU,9.2573,9.726,0.441,611.9,0.0466,1.8,0
7591,HAWK-2C,STARLINK-34938,9.4382,9.838,0.448,480.2,0.0465,1.8,0
7592,STARLINK-33583,KUIPER-00534,6.0276,6.824,0.288,461.3,0.0462,1.8,0
7593,STARLINK-5145,STARLINK-33995,7.9124,8.156,0.374,475.4,0.0461,1.8,0
7594,STARLINK-3133,STARLINK-35131,8.912,9.337,0.42,459.6,0.0461,1.8,0
7595,STARLINK-5458,STARLINK-35455,8.1421,8.43,0.383,465.7,0.0459,1.8,0
7596,STARLINK-30778,TOMORROW-S3,5.8504,6.805,0.277,488.6,0.0458,1.8,0
7597,STARLINK-3589,STARLINK-35525,4.658,4.978,0.222,460.2,0.0457,1.8,0
7598,STARLINK-4049,STARLINK-4193,4.9248,7.816,0.234,476.9,0.0457,1.8,0
7599,STARLINK-2227,STARLINK-34197,9.7514,9.798,0.455,472.1,0.0457,1.8,0
7600,STARLINK-4779,STARLINK-37282,8.3397,9.148,0.389,465.2,0.0456,1.8,0
7601,HAWK-2A,STARLINK-35115,9.116,9.14,0.423,459.8,0.0454,1.8,0
7602,STARLINK-4132,STARLINK-32195,7.9675,8.416,0.371,465.9,0.0454,1.8,0
7603,STARLINK-4060,STARLINK-32240,4.8522,6.023,0.229,474.0,0.0453,1.7,0
7604,STARLINK-4627,STARLINK-35140,8.2298,8.519,0.382,461.6,0.0453,1.7,0
7605,STARLINK-2742,STARLINK-34752,8.368,9.372,0.387,479.3,0.0452,1.7,0
7606,STARLINK-35031,STARLINK-35346,8.356,8.362,0.387,475.3,0.0452,1.7,0
7607,2021-050D,FLOCK 4H-22,6.3567,7.673,0.296,515.9,0.0451,1.7,0
7608,SCS-01 F,TRANSPORTER-15 OBJECT AB,3.5577,3.728,0.169,500.5,0.045,1.7,0
7609,STARLINK-34276,STARLINK-34298,8.2675,9.157,0.379,465.8,0.0448,1.7,0
7610,STARLINK-30971,STARLINK-35779,7.884,8.194,0.362,493.7,0.0448,1.7,0
7611,STARLINK-3520,STARLINK-37378,8.337,8.409,0.382,466.5,0.0447,1.7,0
7612,STARLINK-2627,STARLINK-35634,8.6225,9.994,0.394,465.9,0.0447,1.7,0
7613,2025-108D,FLOCK 4H-24,6.3016,6.917,0.29,508.2,0.0446,1.7,0
7614,STARLINK-31190,STARLINK-32129,8.2832,8.655,0.379,479.5,0.0447,1.7,0
7615,STARLINK-31355,STARLINK-37691,8.8471,8.959,0.404,475.6,0.0447,1.7,0
7616,TIANYI D,AE5RB,9.3146,9.913,0.425,498.9,0.0447,1.7,0
7617,STARLINK-32034,STARLINK-32360,8.3008,9.298,0.379,465.8,0.0446,1.7,0
7618,STARLINK-3765,STARLINK-34217,3.128,3.416,0.148,476.6,0.0445,1.7,0
7619,JILIN-1 KUANFU 01,JILIN GAOFEN OBJECT G,7.2012,7.662,0.329,547.8,0.0445,1.7,0
7620,STARLINK-32865,STARLINK-32884,8.279,8.644,0.377,479.6,0.0445,1.7,0
7621,NUSAT-49 (KLARA DAN VO*),OTTER,2.8445,2.846,0.135,472.4,0.0443,1.7,0
7622,STARLINK-4535,STARLINK-32306,7.3287,8.2,0.334,473.4,0.0444,1.7,0
7623,STARLINK-34541,STARLINK-35403,9.2004,9.4,0.417,479.3,0.0444,1.7,0
7624,STARLINK-2741,STARLINK-3873,7.4899,7.492,0.34,487.3,0.0442,1.7,0
7625,STARLINK-4686,STARLINK-32235,5.8088,5.879,0.265,461.3,0.0441,1.7,0
7626,STARLINK-32261,STARLINK-33792,4.6467,6.5,0.214,472.1,0.0442,1.7,0
7627,LEMUR-2-AFFIE-WAUWIE,STARLINK-36481,7.4227,8.014,0.336,484.4,0.0441,1.7,0
7628,STARLINK-4208,KUIPER-00646,8.54,9.718,0.382,473.3,0.0437,1.7,0
7629,STARLINK-33571,STARLINK-37933,8.7513,9.235,0.392,475.0,0.0438,1.7,0
7630,STARLINK-4020,STARLINK-30612,6.3334,6.56,0.286,473.8,0.0438,1.7,0
7631,POLAR SCOUT YUKON,2024-085D,5.7334,8.093,0.259,463.1,0.0437,1.7,0
7632,STARLINK-5238,STARLINK-30703,6.0462,6.046,0.272,464.9,0.0435,1.7,0
7633,STARLINK-4627,STARLINK-35140,8.5692,9.273,0.381,475.4,0.0434,1.7,0
7634,STARLINK-3172,STARLINK-33575,9.4032,9.423,0.417,476.4,0.0434,1.7,0
7635,SKYSAT-C5,STARLINK-37400,7.4242,8.292,0.33,480.2,0.0433,1.7,0
7636,STARLINK-3753,STARLINK-34315,4.0755,6.67,0.185,460.7,0.0433,1.7,0
7637,STARLINK-30377,STARLINK-31485,6.0312,6.719,0.269,484.3,0.0432,1.7,0
7638,STARLINK-2545,STARLINK-31437,8.1661,9.3,0.36,465.7,0.043,1.7,0
7639,2025-108E,ZORKY-2M 7,8.4175,9.196,0.37,503.5,0.0429,1.7,0
7640,STARLINK-4778,STARLINK-31361,5.5181,7.092,0.245,462.4,0.0428,1.7,0
7641,STARLINK-4158,STARLINK-35590,4.8854,5.275,0.217,474.0,0.0427,1.6,0
7642,STARLINK-3931,STARLINK-34897,5.3329,6.572,0.236,476.6,0.0427,1.6,0
7643,STARLINK-3625,STARLINK-36116,5.431,6.017,0.24,476.3,0.0426,1.6,0
7644,STARLINK-5209,STARLINK-35319,8.907,8.994,0.386,464.9,0.0424,1.6,0
7645,STARLINK-31379,STARLINK-37682,9.3705,9.61,0.404,461.7,0.0422,1.6,0
7646,STARLINK-33741,KUIPER-00647,6.0926,8.215,0.265,465.1,0.0421,1.6,0
7647,STARLINK-30605,STARLINK-32512,8.7384,9.79,0.375,479.7,0.042,1.6,0
7648,STARLINK-31615,STARLINK-33844,8.1074,8.147,0.348,488.2,0.0419,1.6,0
7649,STARLINK-4800,STARLINK-32787,9.2675,9.292,0.396,479.1,0.0418,1.6,0
7650,STARLINK-35031,STARLINK-35346,9.1102,9.517,0.387,461.4,0.0416,1.6,0
7651,STARLINK-31051,STARLINK-32894,4.8638,5.24,0.21,476.5,0.0415,1.6,0
7652,STARLINK-2452,STARLINK-34511,8.5928,9.903,0.365,479.2,0.0415,1.6,0
7653,STARLINK-34824,STARLINK-36745,9.2021,9.978,0.389,474.9,0.0414,1.6,0
7654,SCS-01 L,2025-313M,7.6084,7.72,0.323,495.3,0.0414,1.6,0
7655,SCS-01 F,LUCA (RS90S),8.3197,8.906,0.351,495.2,0.0412,1.6,0
7656,STARLINK-3964,STARLINK-34787,5.0438,5.145,0.216,460.2,0.0412,1.6,0
7657,STARLINK-31930,STARLINK-32787,9.7109,9.711,0.404,461.6,0.0408,1.6,0
7658,2023-117F,LEMUR-2-BASS,5.2759,6.802,0.223,447.5,0.0407,1.6,0
7659,STARLINK-4194,STARLINK-34319,6.5721,6.674,0.275,473.9,0.0406,1.6,0
7660,STARLINK-1527,STARLINK-34293,8.5415,9.08,0.354,479.4,0.0405,1.6,0
7661,STARLINK-5214,STARLINK-32284,9.1446,9.434,0.377,479.6,0.0403,1.6,0
7662,STARLINK-4588,STARLINK-32265,8.8283,9.286,0.363,465.5,0.0402,1.6,0
7663,STARLINK-2193,STARLINK-30321,7.9742,8.361,0.328,479.4,0.0401,1.6,0
7664,2024-205H,2024-205K,3.4577,5.049,0.146,473.4,0.0399,1.5,0
7665,STARLINK-3130,STARLINK-32882,9.2019,9.265,0.375,476.5,0.0399,1.5,0
7666,STARLINK-35827,STARLINK-35826,5.65,8.902,0.233,471.8,0.0398,1.5,0
7667,STARLINK-3278,STARLINK-4106,8.9722,9.377,0.365,479.6,0.0398,1.5,0
7668,2024-094A,PRSC-EO1,6.1656,9.772,0.253,511.0,0.0397,1.5,0
7669,STARLINK-2732,STARLINK-34001,8.5189,9.684,0.346,465.7,0.0397,1.5,0
7670,STARLINK-30822,TANSTAAFL-2,7.9318,8.883,0.322,488.3,0.0396,1.5,0
7671,STARLINK-3160,STARLINK-34637,6.5898,6.903,0.268,476.5,0.0395,1.5,0
7672,STARLINK-34824,STARLINK-36745,9.7017,9.778,0.39,461.9,0.0394,1.5,0
7673,STARLINK-3329,STARLINK-35752,5.8639,9.134,0.237,460.2,0.0391,1.5,0
7674,STARLINK-34886,STARLINK-36254,7.9027,9.804,0.316,466.0,0.039,1.5,0
7675,STARLINK-33624,STARLINK-36436,7.9652,8.324,0.319,479.8,0.0391,1.5,0
7676,STARLINK-3293,STARLINK-37052,8.7189,9.444,0.348,479.7,0.039,1.5,0
7677,STARLINK-1356,STARLINK-11199 [DTC],6.1055,6.107,0.245,373.0,0.0389,1.5,0
7678,TIANYI C,FLOCK 4H-12,7.7232,8.591,0.307,520.2,0.0387,1.5,0
7679,STARLINK-3618,STARLINK-34241,3.5226,3.725,0.144,460.3,0.0387,1.5,0
7680,STARLINK-4212,STARLINK-33648,6.3821,7.475,0.255,488.4,0.0387,1.5,0
7681,STARLINK-2630,STARLINK-35046,8.1654,8.55,0.324,465.9,0.0387,1.5,0
7682,STARLINK-5094,STARLINK-34585,5.4814,5.482,0.219,459.9,0.0385,1.5,0
7683,STARLINK-30377,STARLINK-31485,6.8206,7.24,0.269,484.3,0.0383,1.5,0
7684,STARLINK-1554,STARLINK-34427,8.2639,8.478,0.324,479.3,0.0383,1.5,0
7685,STARLINK-32836,STARLINK-35848,9.415,9.419,0.364,465.6,0.0379,1.5,0
7686,WT 1B,STARLINK-31940,6.8022,9.589,0.265,488.6,0.0378,1.5,0
7687,STARLINK-2628,STARLINK-36308,8.6072,8.699,0.333,479.5,0.0378,1.5,0
7688,FLOCK 4G-7,FLOCK 4G-24,3.4457,4.409,0.138,472.2,0.0379,1.5,0
7689,STARLINK-33585,STARLINK-37156,8.9243,9.031,0.341,465.3,0.0374,1.5,0
7690,STARLINK-33533,KUIPER-00646,6.859,7.241,0.263,474.4,0.0373,1.4,0
7691,DMSP 5D-3 F17 (USA 191),YUNHAI-3 02,5.2043,6.163,0.201,847.6,0.0372,1.4,0
7692,STARLINK-30829,STARLINK-32250,9.0344,9.068,0.34,479.4,0.0368,1.4,0
7693,STARLINK-2611,STARLINK-34661,7.4258,8.22,0.281,465.9,0.0368,1.4,0
7694,STARLINK-2725,STARLINK-30565,9.6985,9.701,0.364,465.8,0.0368,1.4,0
7695,STARLINK-37090,STARLINK-36671,6.235,6.235,0.235,462.8,0.0365,1.4,0
7696,STARLINK-3989,STARLINK-36345,7.9293,9.021,0.296,466.5,0.0364,1.4,0
7697,STARLINK-30296,STARLINK-36786,7.6269,8.246,0.285,465.5,0.0364,1.4,0
7698,STARLINK-2213,STARLINK-36761,4.4789,5.449,0.17,485.8,0.0363,1.4,0
7699,STARLINK-3292,STARLINK-35111,7.8762,9.043,0.293,479.3,0.0363,1.4,0
7700,STARLINK-31051,STARLINK-32894,5.5949,5.625,0.21,476.4,0.0362,1.4,0
7701,STARLINK-5244,STARLINK-35384,9.0267,9.032,0.334,474.9,0.0362,1.4,0
7702,SCORPION (RS89S),ALSAT-3B,2.0513,2.539,0.082,511.8,0.0364,1.4,0
7703,STARLINK-33799,STARLINK-33815,8.3495,8.42,0.309,465.9,0.0361,1.4,0
7704,STARLINK-3449,STARLINK-32674,5.9864,7.581,0.223,460.3,0.036,1.4,0
7705,STARLINK-33741,KUIPER-00647,7.1209,8.586,0.263,465.1,0.0359,1.4,0
7706,STARLINK-32021,STARLINK-35247,5.2584,6.286,0.196,472.0,0.0359,1.4,0
7707,STARLINK-3690,STARLINK-5240,8.1696,9.084,0.299,465.9,0.0357,1.4,0
7708,STARLINK-35085,STARLINK-35751,8.0719,8.656,0.296,478.9,0.0358,1.4,0
7709,2024-094A,PRSC-EO1,6.8662,6.868,0.252,532.7,0.0357,1.4,0
7710,STARLINK-4091,STARLINK-32144,8.1042,8.259,0.296,473.5,0.0356,1.4,0
7711,STARLINK-3172,STARLINK-32025,5.076,5.108,0.188,463.3,0.0356,1.4,0
7712,MERCURY ONE (M1),2025-313AG,3.6406,3.74,0.136,502.6,0.0354,1.4,0
7713,STARLINK-34992,STARLINK-35712,8.1927,9.632,0.296,479.2,0.0353,1.4,0
7714,STARLINK-2720,STARLINK-4190,6.5555,6.691,0.238,480.9,0.0352,1.4,0
7715,STARLINK-33681,STARLINK-35967,5.5209,6.881,0.201,461.3,0.0351,1.4,0
7716,STARLINK-32313,STARLINK-33785,8.1373,8.538,0.293,465.9,0.0351,1.4,0
7717,STARLINK-3802,STARLINK-34527,5.8606,6.805,0.212,460.9,0.035,1.4,0
7718,STARLINK-4474,STARLINK-30565,6.9373,7.266,0.249,474.1,0.0349,1.4,0
7719,STARLINK-32297,STARLINK-33751,8.1954,8.203,0.291,465.9,0.0347,1.3,0
7720,STARLINK-1983,KUIPER-00634,6.3209,8.711,0.226,484.4,0.0347,1.3,0
7721,STARLINK-4212,STARLINK-32121,7.4493,7.779,0.265,487.1,0.0346,1.3,0
7722,STARLINK-33533,KUIPER-00646,7.3914,7.395,0.263,474.4,0.0346,1.3,0
7723,STARLINK-5155,STARLINK-35947,5.3025,5.638,0.19,473.9,0.0345,1.3,0
7724,FLOCK 4G-27,BLUEBON,6.7606,8.532,0.24,489.6,0.0345,1.3,0
7725,STARLINK-3755,STARLINK-34272,6.1905,6.569,0.219,460.3,0.0343,1.3,0
7726,NUSAT-49 (KLARA DAN VO*),OTTER,3.7355,3.829,0.135,491.5,0.0343,1.3,0
7727,STARLINK-2134,STARLINK-34323,5.4199,6.415,0.192,485.5,0.0342,1.3,0
7728,STARLINK-33640,KUIPER-00634,8.5479,9.117,0.298,478.9,0.0341,1.3,0
7729,STARLINK-2586,STARLINK-34500,7.307,7.536,0.255,466.1,0.034,1.3,0
7730,STARLINK-4112,STARLINK-31441,9.3721,9.393,0.324,465.8,0.0338,1.3,0
7731,SAUDISAT 5A,COSMOS 2605,6.7625,7.794,0.236,499.3,0.0339,1.3,0
7732,STARLINK-2657,STARLINK-34492,9.8926,9.903,0.341,465.8,0.0338,1.3,0
7733,STARLINK-30274,STARLINK-31253,8.1932,9.708,0.283,479.5,0.0337,1.3,0
7734,STARLINK-4732,STARLINK-35485,8.5133,9.535,0.293,479.7,0.0336,1.3,0
7735,STARLINK-3802,STARLINK-34527,6.0819,6.309,0.211,473.3,0.0336,1.3,0
7736,RESURS-P 4,STARLINK-36930,3.1457,3.235,0.112,465.4,0.0335,1.3,0
7737,CONNECTA IOT-3,LEMUR-2-STAS-GORBUK,9.5832,9.862,0.327,516.2,0.0334,1.3,0
7738,STARLINK-3175,STARLINK-32031,8.0315,8.043,0.275,466.0,0.0334,1.3,0
7739,STARLINK-35221,STARLINK-37158,9.2771,9.604,0.315,466.0,0.0332,1.3,0
7740,STARLINK-2748,STARLINK-3859,7.7435,9.079,0.263,471.6,0.0331,1.3,0
7741,STARLINK-34835,STARLINK-36843,8.0876,8.946,0.273,479.2,0.0329,1.3,0
7742,STARLINK-32112,STARLINK-33577,9.0915,9.441,0.307,479.8,0.033,1.3,0
7743,STARLINK-1356,STARLINK-11199 [DTC],7.243,7.499,0.246,358.2,0.0331,1.3,0
7744,STARLINK-5444,STARLINK-32840,7.8419,7.864,0.265,466.0,0.033,1.3,0
7745,SWARM A,SWARM C,5.5659,5.998,0.19,414.2,0.033,1.3,0
7746,STARLINK-3564,STARLINK-35395,4.4473,4.985,0.152,485.3,0.0327,1.3,0
7747,STARLINK-32790,STARLINK-34816,6.2098,7.873,0.21,479.5,0.0328,1.3,0
7748,STARLINK-3158,STARLINK-32178,8.0359,8.524,0.268,466.0,0.0325,1.3,0
7749,STARLINK-2640,STARLINK-3323,9.5238,9.535,0.316,486.8,0.0325,1.3,0
7750,STARLINK-3252,STARLINK-34597,8.4697,8.54,0.281,479.5,0.0324,1.3,0
7751,STARLINK-2682,STARLINK-31616,9.3135,9.616,0.307,479.5,0.0323,1.3,0
7752,STARLINK-3606,STARLINK-36204,7.0334,8.037,0.231,474.5,0.0319,1.2,0
7753,STARLINK-35919,STARLINK-35791,4.5207,5.964,0.151,472.7,0.032,1.2,0
7754,STARLINK-2373,STARLINK-5094,6.9929,7.122,0.23,455.2,0.032,1.2,0
7755,STARLINK-2431,STARLINK-3829,5.9956,6.959,0.197,485.9,0.0318,1.2,0
7756,STARLINK-2725,STARLINK-31984,4.4114,5.457,0.145,472.1,0.0314,1.2,0
7757,STARLINK-3724,STARLINK-34551,5.8263,6.272,0.19,476.7,0.0315,1.2,0
7758,FLOCK 4Q-11,2024-016D,7.2853,7.474,0.235,407.0,0.0314,1.2,0
7759,STARLINK-3298,STARLINK-4618,7.2602,9.969,0.234,460.6,0.0314,1.2,0
7760,STARLINK-3612,STARLINK-36238,6.3764,6.416,0.205,476.5,0.0312,1.2,0
7761,BRO-17,AC1-003,0.6623,0.723,0.027,524.7,0.0313,1.2,0
7762,STARLINK-2495,STARLINK-35399,8.3217,8.59,0.263,479.3,0.0309,1.2,0
7763,STARLINK-32585,KUIPER-00496,6.0345,7.546,0.192,468.4,0.0308,1.2,0
7764,STARLINK-3847,STARLINK-30893,8.6129,8.652,0.271,465.8,0.0308,1.2,0
7765,ONEWEB-0606,HULIANWANG DIGUI-66,9.8042,9.983,0.306,1173.6,0.0306,1.2,0
7766,STARLINK-32182,STARLINK-34721,7.4693,7.595,0.235,462.9,0.0306,1.2,0
7767,STARLINK-3755,STARLINK-34272,6.954,8.029,0.219,473.8,0.0306,1.2,0
7768,STARLINK-32034,KUIPER-00569,7.8451,7.882,0.246,485.9,0.0306,1.2,0
7769,FLOCK 4H-31,2025-313Z,4.3686,4.432,0.139,504.9,0.0304,1.2,0
7770,STARLINK-2542,STARLINK-32082,4.8032,4.961,0.152,471.9,0.0304,1.2,0
7771,STARLINK-3819,STARLINK-35667,6.9254,7.885,0.217,473.9,0.0305,1.2,0
7772,STARLINK-2736,STARLINK-4256,9.8433,9.912,0.304,465.9,0.0303,1.2,0
7773,AE5RC,ZORKIY-2M-VPE,4.2581,4.594,0.135,493.1,0.0303,1.2,0
7774,STARLINK-37090,STARLINK-36671,7.5702,7.711,0.235,476.1,0.0302,1.2,0
7775,STARLINK-3700,STARLINK-31142,4.7272,4.779,0.148,471.5,0.03,1.2,0
7776,STARLINK-2504,STARLINK-35609,7.8466,9.346,0.241,465.8,0.03,1.2,0
7777,STARLINK-1558,STARLINK-34553,8.6478,9.135,0.265,465.8,0.03,1.2,0
7778,2024-094C,SCS-01 A,7.3514,8.728,0.226,513.4,0.0299,1.2,0
7779,STARLINK-3516,STARLINK-34414,7.8874,8.056,0.241,474.4,0.0298,1.2,0
7780,STARLINK-3819,STARLINK-35667,7.0801,9.029,0.217,460.2,0.0298,1.2,0
7781,STARLINK-2621,STARLINK-34647,9.2369,9.243,0.28,479.0,0.0297,1.2,0
7782,STARLINK-3675,STARLINK-31127,4.6123,5.155,0.143,472.0,0.0297,1.2,0
7783,STARLINK-4595,STARLINK-35038,5.9272,5.927,0.181,464.6,0.0295,1.2,0
7784,AE5RC,ZORKIY-2M-VPE,4.3484,5.895,0.135,506.7,0.0297,1.2,0
7785,STARLINK-1443,STARLINK-35621,6.2998,7.253,0.192,472.4,0.0295,1.1,0
7786,STARLINK-3449,STARLINK-32674,7.4027,9.847,0.223,473.8,0.0293,1.1,0
7787,SAUDISAT 5A,COSMOS 2605,7.877,8.337,0.236,483.3,0.0292,1.1,0
7788,STARLINK-30934,STARLINK-37288,5.9075,6.558,0.179,461.5,0.0293,1.1,0
7789,STARLINK-2046,STARLINK-34481,9.0074,9.226,0.269,466.2,0.0292,1.1,0
7790,STARLINK-4020,STARLINK-30612,9.6784,9.699,0.286,460.3,0.029,1.1,0
7791,STARLINK-35677,STARLINK-34861,7.9886,8.006,0.237,462.7,0.0289,1.1,0
7792,STARLINK-32188,STARLINK-35183,5.595,5.842,0.168,485.3,0.029,1.1,0
7793,STARLINK-3329,STARLINK-35752,7.9689,9.554,0.237,473.8,0.029,1.1,0
7794,STARLINK-2432,STARLINK-34585,8.1586,8.188,0.241,479.1,0.0288,1.1,0
7795,UTMN 2 (RS27S),STARLINK-35057,2.8988,3.115,0.089,479.3,0.0287,1.1,0
7796,STARLINK-2367,STARLINK-3971,5.2015,6.183,0.155,467.1,0.0287,1.1,0
7797,STARLINK-2615,STARLINK-32438,8.9951,9.565,0.264,479.5,0.0287,1.1,0
7798,STARLINK-2535,STARLINK-32078,4.8919,4.934,0.146,485.8,0.0287,1.1,0
7799,STARLINK-4723,STARLINK-34819,8.5004,9.149,0.249,465.6,0.0286,1.1,0
7800,STARLINK-3929,KUIPER-00490,8.2626,9.135,0.242,464.2,0.0286,1.1,0
7801,TRANSPORTER-15 OBJECT CN,FORESAIL-1 PRIME,2.3195,2.369,0.072,522.5,0.0286,1.1,0
7802,STARLINK-32411,STARLINK-34906,7.6218,8.096,0.222,465.6,0.0284,1.1,0
7803,STARLINK-4403,STARLINK-4384,5.7803,6.108,0.17,566.2,0.0284,1.1,0
7804,STARLINK-4712,STARLINK-31264,9.3289,9.587,0.27,466.9,0.0283,1.1,0
7805,2024-173E,PHI 1,7.966,8.771,0.231,502.8,0.0283,1.1,0
7806,STARLINK-4000,STARLINK-37355,6.1424,7.083,0.179,460.3,0.0282,1.1,0
7807,STARLINK-4532,STARLINK-33715,8.3481,8.435,0.24,465.9,0.0281,1.1,0
7808,STARLINK-34856,STARLINK-37158,8.3466,8.72,0.24,465.7,0.0281,1.1,0
7809,STARLINK-3363,STARLINK-31230,4.676,5.828,0.137,473.9,0.0281,1.1,0
7810,STARLINK-2592,STARLINK-32690,7.8542,7.908,0.225,479.7,0.0279,1.1,0
7811,STARLINK-3250,STARLINK-30562,9.6741,9.879,0.276,485.8,0.028,1.1,0
7812,ICEYE-X6,STARLINK-5482,5.9576,6.099,0.17,563.3,0.0276,1.1,0
7813,STARLINK-32139,STARLINK-35908,5.6664,6.305,0.162,485.6,0.0276,1.1,0
7814,2024-205Q,NAHLA,4.9754,5.467,0.143,522.1,0.0276,1.1,0
7815,CONNECTA IOT-3,ZORKY-2M 7,6.3574,7.175,0.181,509.3,0.0276,1.1,0
7816,STARLINK-2701,STARLINK-4288,8.5017,8.814,0.239,467.3,0.0275,1.1,0
7817,STARLINK-31811,STARLINK-32078,6.6492,8.211,0.188,485.7,0.0274,1.1,0
7818,STARLINK-1356,STARLINK-11199 [DTC],8.7226,9.939,0.245,373.1,0.0275,1.1,0
7819,STARLINK-5199,STARLINK-31146,6.7937,7.678,0.192,473.9,0.0275,1.1,0
7820,STARLINK-4778,STARLINK-37089,8.475,8.497,0.237,476.3,0.0273,1.1,0
7821,STARLINK-4474,STARLINK-30565,8.9167,9.864,0.249,460.3,0.0273,1.1,0
7822,STARLINK-3612,STARLINK-36238,7.3255,7.358,0.206,463.0,0.0274,1.1,0
7823,STARLINK-3977,STARLINK-31772,4.9963,5.354,0.142,464.3,0.0273,1.1,0
7824,STARLINK-3692,STARLINK-31039,5.1641,6.188,0.146,472.1,0.0272,1.1,0
7825,STARLINK-34702,STARLINK-37169,8.6676,8.67,0.241,464.9,0.0272,1.1,0
7826,STARLINK-4609,STARLINK-35159,6.6432,6.727,0.185,477.9,0.027,1.1,0
7827,STARLINK-33733,GUOWANG TEST OBJECT B,8.9015,9.15,0.245,466.0,0.0269,1.1,0
7828,STARLINK-2740,STARLINK-32221,5.5943,6.753,0.156,472.1,0.0269,1.1,0
7829,STARLINK-4728,STARLINK-34721,9.0018,9.245,0.248,480.4,0.027,1.1,0
7830,STARLINK-3969,KUIPER-00562,7.2098,7.493,0.2,471.0,0.027,1.1,0
7831,STARLINK-2590,STARLINK-32720,9.5984,9.857,0.264,479.6,0.0269,1.1,0
7832,STARLINK-34400,STARLINK-35368,8.8742,8.902,0.244,465.8,0.0269,1.0,0
7833,STARLINK-3746,STARLINK-34485,5.8652,5.88,0.163,460.4,0.0269,1.0,0
7834,STARLINK-2234,STARLINK-35595,9.4737,9.768,0.26,465.7,0.0269,1.0,0
7835,STARLINK-5443,STARLINK-5408,8.5113,8.514,0.234,478.2,0.0269,1.0,0
7836,STARLINK-2499,STARLINK-34790,8.7148,9.33,0.238,479.1,0.0267,1.0,0
7837,STARLINK-4730,STARLINK-34858,9.1468,9.252,0.249,465.9,0.0266,1.0,0
7838,STARLINK-4718,STARLINK-31844,6.9341,7.136,0.19,468.5,0.0266,1.0,0
7839,STARLINK-2098,STARLINK-34672,5.9668,7.592,0.163,472.0,0.0264,1.0,0
7840,STARLINK-3623,STARLINK-37210,6.9723,7.022,0.189,461.1,0.0264,1.0,0
7841,STARLINK-3609,STARLINK-35942,7.8597,8.419,0.212,459.5,0.0263,1.0,0
7842,STARLINK-3172,STARLINK-32025,6.9412,6.974,0.187,476.6,0.0262,1.0,0
7843,STARLINK-32350,STARLINK-35231,9.4494,9.646,0.252,479.3,0.0261,1.0,0
7844,STARLINK-34371,STARLINK-34582,8.5643,9.968,0.229,466.1,0.0261,1.0,0
7845,STARLINK-2502,STARLINK-35563,9.2103,9.552,0.245,465.9,0.026,1.0,0
7846,STARLINK-3965,KUIPER-00594,8.0112,8.773,0.214,467.5,0.0261,1.0,0
7847,STARLINK-3764,STARLINK-32259,7.9657,8.513,0.212,479.7,0.026,1.0,0
7848,STARLINK-34136,STARLINK-34561,6.629,7.538,0.177,471.4,0.0259,1.0,0
7849,STARLINK-4778,STARLINK-37089,8.9635,9.225,0.237,476.2,0.0259,1.0,0
7850,STARLINK-4188,STARLINK-32149,9.7175,9.81,0.257,487.6,0.0259,1.0,0
7851,STARLINK-2711,STARLINK-34474,8.6061,8.623,0.227,479.3,0.0258,1.0,0
7852,STARLINK-3162,STARLINK-3132,6.1006,6.935,0.162,480.2,0.0257,1.0,0
7853,STARLINK-3724,STARLINK-34551,7.1941,7.268,0.19,463.0,0.0257,1.0,0
7854,STARLINK-2683,STARLINK-32553,8.3734,8.373,0.22,479.2,0.0257,1.0,0
7855,STARLINK-32244,STARLINK-35333,8.9452,8.953,0.234,465.8,0.0256,1.0,0
7856,STARLINK-4316,TIANMU-1 20,6.1115,6.523,0.161,481.4,0.0255,1.0,0
7857,STARLINK-1556,STARLINK-32224,7.9333,8.482,0.207,465.8,0.0255,1.0,0
7858,STARLINK-4533,STARLINK-32359,8.6011,9.511,0.224,479.2,0.0255,1.0,0
7859,STARLINK-30101,STARLINK-31363,7.6576,8.879,0.2,489.3,0.0255,1.0,0
7860,STARLINK-2031,STARLINK-5454,8.1935,9.857,0.213,465.8,0.0254,1.0,0
7861,STARLINK-2533,STARLINK-31939,5.12,5.569,0.135,485.8,0.0254,1.0,0
7862,STARLINK-30934,STARLINK-37288,6.8871,7.098,0.179,461.6,0.0253,1.0,0
7863,STARLINK-2017,STARLINK-31122,5.4257,5.779,0.142,472.2,0.0252,1.0,0
7864,STARLINK-4739,STARLINK-34655,9.7439,9.75,0.249,479.2,0.025,1.0,0
7865,STARLINK-34760,STARLINK-35526,9.6022,9.602,0.245,483.0,0.025,1.0,0
7866,STARLINK-33681,STARLINK-35967,7.8695,9.491,0.201,474.7,0.0249,1.0,0
7867,STARLINK-4778,STARLINK-31361,9.6513,9.651,0.245,475.7,0.0249,1.0,0
7868,STARLINK-30412,STARLINK-35485,4.2983,4.351,0.112,485.9,0.0249,1.0,0
7869,STARLINK-2063,STARLINK-32814,9.2556,9.357,0.234,466.0,0.0247,1.0,0
7870,STARLINK-3623,STARLINK-37210,7.4461,7.824,0.189,473.1,0.0247,1.0,0
7871,STARLINK-2170,STARLINK-36769,5.7137,6.389,0.146,472.0,0.0247,1.0,0
7872,STARLINK-34220,STARLINK-37180,9.4315,9.529,0.237,479.2,0.0246,1.0,0
7873,STARLINK-2415,STARLINK-37469,8.7453,8.746,0.22,465.6,0.0246,1.0,0
7874,STARLINK-3931,STARLINK-34897,9.4262,9.71,0.236,463.0,0.0245,1.0,0
7875,STARLINK-4146,STARLINK-32698,5.9061,5.907,0.15,478.1,0.0246,1.0,0
7876,TIANYI C,BRO-17,8.4988,9.955,0.211,507.9,0.0243,0.9,0
7877,STARLINK-4283,STARLINK-32573,8.2499,8.296,0.205,465.8,0.0243,0.9,0
7878,STARLINK-4208,STARLINK-32134,6.619,7.441,0.165,476.7,0.0242,0.9,0
7879,STARLINK-5051,STARLINK-35237,8.1854,9.189,0.202,485.8,0.0241,0.9,0
7880,STARLINK-32223,STARLINK-35237,6.7997,7.345,0.169,471.7,0.0241,0.9,0
7881,STARLINK-2566,STARLINK-32005,4.5984,4.608,0.116,472.1,0.0242,0.9,0
7882,SITRO-AIS-61,ALSAT-3A,5.7166,7.017,0.142,503.9,0.024,0.9,0
7883,STARLINK-30923,STARLINK-36206,9.7535,9.95,0.236,473.7,0.0237,0.9,0
7884,STARLINK-2410,STARLINK-34645,6.2988,7.285,0.154,471.9,0.0237,0.9,0
7885,STARLINK-1577,STARLINK-2251,7.4222,7.459,0.18,473.3,0.0236,0.9,0
7886,STARLINK-1557,STARLINK-34365,8.1026,8.16,0.196,465.8,0.0236,0.9,0
7887,ALTAIR (RS65S),STARLINK-37195,8.1195,9.531,0.197,476.6,0.0237,0.9,0
7888,STARLINK-3450,STARLINK-34513,6.6107,7.404,0.161,473.9,0.0236,0.9,0
7889,STARLINK-32512,STARLINK-34249,9.1301,9.221,0.219,479.4,0.0235,0.9,0
7890,STARLINK-3131,STARLINK-35061,9.2354,9.693,0.221,479.0,0.0234,0.9,0
7891,FLOCK 4G-7,FLOCK 4G-24,5.6922,6.643,0.138,491.2,0.0234,0.9,0
7892,STARLINK-4531,STARLINK-32174,9.3291,9.487,0.222,479.4,0.0233,0.9,0
7893,STARLINK-2755,STARLINK-3294,9.1638,9.819,0.218,480.5,0.0233,0.9,0
7894,STARLINK-34602,STARLINK-36348,8.2958,9.518,0.196,479.3,0.0231,0.9,0
7895,2025-313Z,2025-313AS,2.1669,2.366,0.055,509.4,0.0232,0.9,0
7896,NUSAT-35 (WILLIAMINA),STARLINK-36327,5.2488,5.779,0.125,463.2,0.0229,0.9,0
7897,STARLINK-31280,STARLINK-34918,7.9961,8.055,0.187,479.3,0.0228,0.9,0
7898,STARLINK-4201,STARLINK-5444,5.6263,6.075,0.132,481.4,0.0227,0.9,0
7899,LEMUR-2-STAS-GORBUK,ZORKY-2M 7,6.3262,6.484,0.147,503.2,0.0225,0.9,0
7900,STARLINK-2370,STARLINK-32735,6.1266,6.19,0.143,480.4,0.0226,0.9,0
7901,TRANSPORTER-15 OBJECT L,SITRO-AIS-60,7.5926,8.467,0.176,504.6,0.0226,0.9,0
7902,STARLINK-2454,STARLINK-35516,3.9942,4.004,0.094,485.5,0.0224,0.9,0
7903,YAOGAN-30 03A,YAOGAN-30 11C,7.1264,7.208,0.165,564.9,0.0225,0.9,0
7904,ZORKIY-2M-VPE,GALAPAGOS-UTE-SWSU,2.6767,2.686,0.065,506.0,0.0226,0.9,0
7905,STARLINK-31836,STARLINK-35955,4.8044,4.862,0.112,485.5,0.0224,0.9,0
7906,STARLINK-5155,STARLINK-35947,8.3703,9.102,0.19,460.2,0.0222,0.9,0
7907,STARLINK-4403,STARLINK-4384,7.4644,7.467,0.17,549.5,0.0222,0.9,0
7908,SWARM A,SWARM C,8.3564,8.463,0.19,414.1,0.0222,0.9,0
7909,2023-085L,STARLINK-36715,4.4614,4.718,0.103,480.5,0.0221,0.9,0
7910,STARLINK-5057,STARLINK-34073,8.0217,8.512,0.181,485.9,0.022,0.9,0
7911,STARLINK-34371,STARLINK-35317,9.2429,9.243,0.207,465.8,0.0219,0.9,0
7912,STARLINK-4564,STARLINK-32017,2.7185,3.2,0.064,489.0,0.0219,0.9,0
7913,STARLINK-2685,STARLINK-32698,8.4215,9.223,0.188,479.4,0.0218,0.9,0
7914,STARLINK-1560,STARLINK-34395,9.261,9.267,0.205,465.8,0.0217,0.8,0
7915,IRIDE FM8,FLOCK 4H-36,1.741,1.84,0.042,518.3,0.0216,0.8,0
7916,STARLINK-4779,STARLINK-35202,7.0789,7.231,0.157,464.9,0.0216,0.8,0
7917,STARLINK-4094,STARLINK-35708,6.4398,6.442,0.143,476.6,0.0215,0.8,0
7918,STARLINK-2431,STARLINK-35686,8.3166,8.358,0.183,465.7,0.0215,0.8,0
7919,STARLINK-2537,STARLINK-32395,6.4145,7.167,0.142,472.1,0.0215,0.8,0
7920,STARLINK-2746,STARLINK-34001,8.3504,8.545,0.183,465.8,0.0214,0.8,0
7921,TRANSPORTER-10 OBJECT AD,STARLINK-37203,3.6911,3.804,0.083,478.8,0.0213,0.8,0
7922,STARLINK-1460,STARLINK-2119,6.8337,7.14,0.148,464.6,0.021,0.8,0
7923,STARLINK-32136,STARLINK-35926,7.519,7.892,0.163,472.1,0.0211,0.8,0
7924,STARLINK-4000,STARLINK-37355,8.304,9.759,0.178,473.8,0.0209,0.8,0
7925,UNICORN-2L,FLOCK 4H-16,6.2949,7.075,0.136,517.9,0.0209,0.8,0
7926,IRIDE FM3,2025-313AL,5.9084,6.111,0.128,498.2,0.021,0.8,0
7927,BEE-1000,COSMIC,2.6104,3.02,0.059,590.1,0.021,0.8,0
7928,STARLINK-4718,STARLINK-31844,8.8804,9.232,0.189,481.7,0.0208,0.8,0
7929,STARLINK-5025,STARLINK-34469,8.5814,9.296,0.182,485.4,0.0207,0.8,0
7930,STARLINK-30424,STARLINK-31644,7.7061,8.213,0.164,466.1,0.0207,0.8,0
7931,STARLINK-2426,STARLINK-35402,6.3502,6.464,0.136,472.2,0.0208,0.8,0
7932,2024-174A,SUPERVIEW NEO-2 05,2.7927,2.824,0.062,523.5,0.0207,0.8,0
7933,STARLINK-3450,STARLINK-34513,7.5905,7.806,0.161,460.1,0.0207,0.8,0
7934,STARLINK-34074,STARLINK-34122,7.1532,7.49,0.152,471.8,0.0207,0.8,0
7935,STARLINK-2378,STARLINK-37332,9.0091,9.546,0.19,465.9,0.0206,0.8,0
7936,STARLINK-3341,STARLINK-35727,5.2555,5.298,0.112,464.3,0.0205,0.8,0
7937,STARLINK-1591,STARLINK-32822,8.2669,9.604,0.174,465.9,0.0206,0.8,0
7938,STARLINK-2675,STARLINK-3334,8.432,9.172,0.177,480.7,0.0205,0.8,0
7939,STARLINK-2235,STARLINK-35559,5.1115,6.001,0.109,485.8,0.0205,0.8,0
7940,STARLINK-2387,STARLINK-34401,8.0587,8.158,0.169,479.0,0.0205,0.8,0
7941,STARLINK-2106,STARLINK-35592,8.3902,9.472,0.175,479.2,0.0204,0.8,0
7942,STARLINK-5458,STARLINK-33734,9.3555,9.443,0.195,465.7,0.0204,0.8,0
7943,SCS-01 E,TRANSPORTER-15 OBJECT CX,8.648,8.648,0.18,518.8,0.0203,0.8,0
7944,STARLINK-4316,TIANMU-1 20,7.8097,8.048,0.161,481.4,0.0201,0.8,0
7945,2024-205P,2026-134C,8.2824,8.399,0.17,523.3,0.02,0.8,0
7946,STARLINK-3926,STARLINK-34787,5.9529,6.295,0.123,474.0,0.02,0.8,0
7947,STARLINK-31828,STARLINK-34174,8.708,9.336,0.178,479.3,0.02,0.8,0
7948,STARLINK-35813,STARLINK-35821,7.6191,8.43,0.156,465.7,0.02,0.8,0
7949,SPEQTRE,DCS-1,6.2661,6.402,0.129,498.9,0.02,0.8,0
7950,SCS-01 F,TRANSPORTER-15 OBJECT AB,8.3583,8.73,0.169,517.5,0.0197,0.8,0
7951,STARLINK-32865,STARLINK-35821,8.5639,8.649,0.171,479.3,0.0195,0.8,0
7952,STARLINK-32202,STARLINK-35217,3.8384,3.847,0.079,485.5,0.0196,0.8,0
7953,2023-081W,2023-091F,5.172,5.806,0.105,493.6,0.0195,0.8,0
7954,STARLINK-2150,STARLINK-33767,7.4804,8.014,0.15,471.9,0.0195,0.8,0
7955,SCORPION (RS89S),ALSAT-3B,3.9746,4.301,0.081,511.8,0.0194,0.8,0
7956,STARLINK-2750,STARLINK-32079,8.9672,9.099,0.175,472.0,0.0191,0.7,0
7957,STARLINK-33839,STARLINK-34594,6.1329,6.67,0.12,485.1,0.0189,0.7,0
7958,STARLINK-2633,STARLINK-30493,8.8933,9.104,0.172,485.6,0.0189,0.7,0
7959,IRIDE FM5,LEMUR-2-LAILA,2.4256,2.796,0.05,517.3,0.019,0.7,0
7960,STARLINK-2380,STARLINK-35826,7.8264,7.91,0.151,472.0,0.0188,0.7,0
7961,STARLINK-2629,STARLINK-31984,8.9024,8.98,0.171,485.8,0.0188,0.7,0
7962,STARLINK-5214,STARLINK-31048,9.4729,9.736,0.182,465.6,0.0188,0.7,0
7963,SCS-01 K,FLOCK 4H-31,5.8568,5.999,0.114,503.2,0.0188,0.7,0
7964,HYPERFIELD-1A,FLOCK 4G-11,8.5356,9.509,0.164,489.8,0.0188,0.7,0
7965,STARLINK-2574,STARLINK-35288,9.1063,9.318,0.174,479.1,0.0187,0.7,0
7966,STARLINK-30934,STARLINK-37288,9.3815,9.825,0.178,475.2,0.0186,0.7,0
7967,STARLINK-2231,STARLINK-32292,8.1873,8.583,0.155,479.7,0.0185,0.7,0
7968,STARLINK-2449,STARLINK-35175,5.2962,5.459,0.102,472.1,0.0186,0.7,0
7969,STARLINK-2385,STARLINK-35736,5.3564,5.39,0.103,471.8,0.0185,0.7,0
7970,STARLINK-2471,STARLINK-30548,8.0859,8.827,0.153,479.3,0.0185,0.7,0
7971,STARLINK-3419,STARLINK-31355,8.2778,9.05,0.156,465.9,0.0184,0.7,0
7972,STARLINK-2107,STARLINK-34390,8.9779,9.671,0.169,465.7,0.0184,0.7,0
7973,STARLINK-2377,STARLINK-31680,9.4723,9.725,0.178,465.2,0.0184,0.7,0
7974,STARLINK-4184,STARLINK-5439,8.0919,8.405,0.152,479.5,0.0183,0.7,0
7975,STARLINK-37631,STARLINK-37685,4.1504,4.154,0.079,396.8,0.0182,0.7,0
7976,STARLINK-4008,STARLINK-32727,4.7468,4.818,0.09,473.8,0.0182,0.7,0
7977,CONNECTA IOT-3,ZORKY-2M 7,9.8403,9.863,0.181,495.4,0.018,0.7,0
7978,TRANSPORTER-13 OBJECT M,SPHINX/FRAZIER,7.3239,7.508,0.136,511.4,0.0181,0.7,0
7979,STARLINK-3614,STARLINK-30938,8.9172,9.399,0.164,463.8,0.018,0.7,0
7980,STARLINK-3704,STARLINK-34337,9.9302,9.932,0.182,465.9,0.018,0.7,0
7981,STARLINK-35138,STARLINK-35736,7.9642,8.331,0.146,471.7,0.0179,0.7,0
7982,STARLINK-2151,STARLINK-35908,7.3393,7.357,0.135,485.6,0.0179,0.7,0
7983,STARLINK-2253,STARLINK-35902,8.9966,9.235,0.164,479.4,0.0178,0.7,0
7984,STARLINK-2687,STARLINK-35802,9.1148,9.118,0.166,466.0,0.0178,0.7,0
7985,STARLINK-32140,STARLINK-35968,8.9268,9.92,0.161,479.3,0.0176,0.7,0
7986,AE5RB,SITRO-AIS-59,4.1396,4.485,0.076,496.2,0.0175,0.7,0
7987,STARLINK-2217,STARLINK-34485,9.66,9.693,0.173,479.3,0.0175,0.7,0
7988,STARLINK-32120,STARLINK-32010,7.7011,8.189,0.137,486.9,0.0173,0.7,0
7989,WARATAH SEED-1,FLOCK 4BE-27,9.3405,9.994,0.165,474.5,0.0173,0.7,0
7990,STARLINK-2443,STARLINK-34257,8.1686,8.917,0.145,465.7,0.0173,0.7,0
7991,STARLINK-32716,STARLINK-34829,7.5789,7.893,0.134,479.3,0.0172,0.7,0
7992,STARLINK-2700,STARLINK-34257,8.3165,8.335,0.147,479.4,0.0173,0.7,0
7993,STARLINK-33600,STARLINK-33568,8.597,9.674,0.151,479.1,0.0172,0.7,0
7994,STARLINK-32238,STARLINK-34172,8.5042,9.256,0.15,485.9,0.0172,0.7,0
7995,STARLINK-32395,STARLINK-34282,7.8778,8.504,0.138,486.0,0.0171,0.7,0
7996,STARLINK-2636,STARLINK-3611,9.5093,9.52,0.166,465.3,0.0171,0.7,0
7997,STARLINK-2061,STARLINK-34295,8.0643,9.021,0.14,465.8,0.0169,0.7,0
7998,STARLINK-33868,STARLINK-33749,4.257,4.257,0.076,485.8,0.0171,0.7,0
7999,STARLINK-35022,STARLINK-35664,8.3742,8.621,0.145,479.0,0.0169,0.7,0
8000,STARLINK-2686,STARLINK-35708,9.397,9.634,0.162,466.8,0.0169,0.7,0
8001,STARLINK-2464,STARLINK-34821,9.8188,9.825,0.169,479.4,0.0169,0.7,0
8002,STARLINK-1578,STARLINK-35297,8.612,8.622,0.148,465.7,0.0168,0.7,0
8003,IRIS-F3,FLOCK 4G-12,8.7672,9.329,0.15,495.7,0.0167,0.7,0
8004,COSMOS 2538,LUR-1,9.3884,9.416,0.16,490.0,0.0167,0.7,0
8005,STARLINK-2391,STARLINK-35180,9.3563,9.888,0.159,465.8,0.0166,0.7,0
8006,STARLINK-3614,STARLINK-30938,9.6578,9.771,0.164,477.0,0.0166,0.7,0
8007,STARLINK-31835,STARLINK-34074,7.2945,8.012,0.124,471.9,0.0165,0.7,0
8008,STARLINK-2389,STARLINK-34566,8.5359,8.916,0.145,479.3,0.0166,0.6,0
8009,FLOCK 4H-4,LUNA-1,7.8629,8.389,0.134,515.7,0.0166,0.6,0
8010,BRO-20,NUSAT-51 (YVONNE BRILL),5.6234,6.155,0.097,521.2,0.0167,0.6,0
8011,STARLINK-2410,STARLINK-34534,8.7975,9.233,0.149,465.7,0.0166,0.6,0
8012,STARLINK-4316,TIANMU-1 20,9.515,9.65,0.161,481.4,0.0166,0.6,0
8013,2024-174A,SUPERVIEW NEO-2 06,3.5052,3.544,0.061,523.4,0.0165,0.6,0
8014,SCORPION (RS89S),ALSAT-3B,4.829,4.836,0.082,511.8,0.0163,0.6,0
8015,AE5RB,SITRO-AIS-59,4.489,4.529,0.077,496.2,0.0164,0.6,0
8016,STARLINK-31378,STARLINK-32271,8.5788,8.594,0.144,471.9,0.0164,0.6,0
8017,STARLINK-3568,STARLINK-34318,9.1963,9.298,0.153,479.4,0.0163,0.6,0
8018,STARLINK-30789,STARLINK-33920,4.6516,5.176,0.079,472.3,0.0163,0.6,0
8019,SBSS (USA 216),STARLINK-36573,4.4035,4.559,0.075,472.6,0.0163,0.6,0
8020,STARLINK-30313,STARLINK-34878,5.7115,5.715,0.096,485.5,0.0162,0.6,0
8021,STARLINK-2188,STARLINK-34262,8.456,8.561,0.139,479.3,0.0161,0.6,0
8022,STARLINK-1551,STARLINK-35584,8.3466,8.954,0.137,479.5,0.016,0.6,0
8023,TRANSPORTER-15 OBJECT CZ,LUNA-1,2.924,2.983,0.05,512.6,0.016,0.6,0
8024,STARLINK-2499,STARLINK-37143,7.9473,8.836,0.129,479.6,0.0158,0.6,0
8025,IRIDE-MS2-HEO-1,NORSAT 4,3.489,3.701,0.059,582.5,0.016,0.6,0
8026,STARLINK-32449,STARLINK-34214,4.641,5.017,0.077,471.9,0.0159,0.6,0
8027,STARLINK-35399,STARLINK-35500,8.6552,9.009,0.14,479.4,0.0158,0.6,0
8028,STARLINK-2094,STARLINK-31036,7.799,8.084,0.127,479.5,0.0159,0.6,0
8029,STARLINK-2219,STARLINK-34287,8.8051,8.806,0.142,479.4,0.0158,0.6,0
8030,STARLINK-31190,STARLINK-34417,8.9062,9.074,0.143,466.1,0.0157,0.6,0
8031,STARLINK-31820,STARLINK-35926,6.9151,7.143,0.112,485.5,0.0157,0.6,0
8032,BLACK KITE-1,2025-313AC,6.5291,6.908,0.105,501.3,0.0156,0.6,0
8033,FLOCK 4G-7,FLOCK 4G-24,8.6259,8.904,0.138,491.2,0.0156,0.6,0
8034,STARLINK-32453,STARLINK-32395,4.576,4.58,0.074,485.9,0.0155,0.6,0
8035,STARLINK-30285,STARLINK-32317,6.2266,6.685,0.1,472.3,0.0156,0.6,0
8036,TIANYI A,MICE-1,9.7413,9.746,0.154,507.1,0.0155,0.6,0
8037,STARLINK-31350,STARLINK-32843,4.88,4.913,0.078,472.0,0.0154,0.6,0
8038,STARLINK-30412,STARLINK-30272,4.7298,4.842,0.076,472.0,0.0154,0.6,0
8039,FLOCK 4H-18,ALSAT-3A,7.4371,7.462,0.116,502.4,0.0152,0.6,0
8040,JILIN-1 GAOFEN 2A,FLOCK 4BE-18,5.2736,5.277,0.083,455.6,0.0152,0.6,0
8041,STARLINK-32238,STARLINK-32443,4.8201,4.826,0.076,472.0,0.0151,0.6,0
8042,STARLINK-32317,STARLINK-35338,8.7555,9.124,0.135,472.1,0.0151,0.6,0
8043,STARLINK-33774,STARLINK-33767,4.8032,5.197,0.075,471.8,0.015,0.6,0
8044,UNICORN-2L,FLOCK 4H-16,8.9189,8.942,0.137,501.3,0.015,0.6,0
8045,AE5RB,SITRO-AIS-59,4.9112,4.942,0.076,496.2,0.0149,0.6,0
8046,STARLINK-30812,STARLINK-33641,5.3218,5.322,0.08,471.9,0.0145,0.6,0
8047,CUBESX-HSE 3 (RS42S),STARLINK-35133,9.5666,9.976,0.141,470.1,0.0144,0.6,0
8048,STARLINK-2698,STARLINK-37065,8.8724,8.926,0.13,465.8,0.0143,0.6,0
8049,2023-085L,STARLINK-36715,7.0196,7.153,0.104,467.1,0.0144,0.6,0
8050,STARLINK-2081,STARLINK-31046,7.9666,8.516,0.117,479.5,0.0143,0.6,0
8051,STARLINK-2467,STARLINK-34974,9.1405,9.58,0.133,465.7,0.0142,0.6,0
8052,STARLINK-3112,STARLINK-35291,4.7127,4.928,0.07,471.8,0.0142,0.6,0
8053,STARLINK-2411,STARLINK-34801,9.1973,9.558,0.133,471.0,0.0142,0.6,0
8054,STARLINK-4213,STARLINK-37273,9.9691,9.981,0.142,465.7,0.014,0.5,0
8055,STARLINK-3947,STARLINK-32204,8.459,8.89,0.121,479.4,0.014,0.5,0
8056,STARLINK-2555,STARLINK-32082,8.4288,8.967,0.12,485.9,0.0139,0.5,0
8057,IRIDE-MS1-EAGLET 2-15,TRANSPORTER-16 OBJECT BD,1.9344,2.065,0.03,507.4,0.0141,0.5,0
8058,STARLINK-2555,STARLINK-30542,8.7152,9.083,0.123,465.8,0.0138,0.5,0
8059,STARLINK-3690,STARLINK-35983,7.8283,7.994,0.11,479.7,0.0137,0.5,0
8060,KOYOH,LEMUR-2-STAS-GORBUK,7.3561,7.445,0.102,506.1,0.0135,0.5,0
8061,STARLINK-37928,STARLINK-37824,0.6184,0.639,0.011,336.0,0.0134,0.5,0
8062,STARLINK-3681,STARLINK-35971,8.7444,9.439,0.121,479.4,0.0135,0.5,0
8063,STARLINK-2250,STARLINK-33845,8.0237,8.111,0.11,485.5,0.0134,0.5,0
8064,STARLINK-35416,STARLINK-35615,5.4207,5.835,0.075,485.0,0.0133,0.5,0
8065,STARLINK-31132,STARLINK-31740,7.7597,8.32,0.107,472.2,0.0134,0.5,0
8066,IRIDE FM1,SITRO-AIS-57,7.4648,7.514,0.102,499.1,0.0133,0.5,0
8067,STARLINK-2442,STARLINK-31523,8.0346,8.391,0.109,465.9,0.0132,0.5,0
8068,STARLINK-2564,STARLINK-32153,8.7704,9.104,0.119,479.4,0.0133,0.5,0
8069,STARLINK-4543,STARLINK-4542,5.4664,5.832,0.075,460.4,0.0132,0.5,0
8070,STARLINK-3926,STARLINK-34787,9.2314,9.256,0.124,460.1,0.0131,0.5,0
8071,STARLINK-2472,STARLINK-34592,8.4448,8.547,0.113,479.3,0.0131,0.5,0
8072,STARLINK-32243,STARLINK-32220,5.5893,5.635,0.075,472.3,0.013,0.5,0
8073,STARLINK-3219,STARLINK-35493,8.5065,8.701,0.113,479.3,0.013,0.5,0
8074,STARLINK-3239,STARLINK-35161,9.5633,9.587,0.127,479.3,0.013,0.5,0
8075,STARLINK-4177,STARLINK-32457,4.3178,4.532,0.059,474.1,0.0131,0.5,0
8076,AE5RB,SITRO-AIS-59,5.736,5.977,0.077,496.2,0.013,0.5,0
8077,STARLINK-3219,STARLINK-30533,8.4849,8.565,0.112,479.2,0.0129,0.5,0
8078,SCS-01 K,FLOCK 4H-31,8.6701,8.742,0.113,519.4,0.0127,0.5,0
8079,QIANFAN-41,QIANFAN-157,5.0535,5.063,0.067,1074.0,0.0128,0.5,0
8080,2025-234B,2025-234C,9.6319,9.634,0.124,510.5,0.0126,0.5,0
8081,FLOCK 4H-33,2025-313Z,4.3612,4.425,0.058,501.2,0.0127,0.5,0
8082,STARLINK-2097,STARLINK-31995,8.1955,8.204,0.105,465.7,0.0125,0.5,0
8083,STARLINK-2358,STARLINK-35122,9.1523,9.207,0.117,465.7,0.0125,0.5,0
8084,STARLINK-32652,STARLINK-35656,4.8396,4.841,0.063,472.1,0.0125,0.5,0
8085,STARLINK-4135,STARLINK-30815,4.5699,4.576,0.059,481.1,0.0124,0.5,0
8086,STARLINK-3606,STARLINK-30927,3.471,3.554,0.045,460.6,0.0123,0.5,0
8087,STARLINK-3251,STARLINK-37059,8.3795,8.425,0.105,479.2,0.0122,0.5,0
8088,STARLINK-2741,STARLINK-31456,9.4507,9.594,0.117,467.3,0.0121,0.5,0
8089,UTMN 2 (RS27S),STARLINK-35057,7.2159,7.409,0.09,467.7,0.0121,0.5,0
8090,STARLINK-2682,STARLINK-36320,9.1413,9.15,0.113,465.8,0.0121,0.5,0
8091,STARLINK-3446,STARLINK-34521,9.762,9.997,0.12,472.5,0.012,0.5,0
8092,STARLINK-30923,STARLINK-30930,5.8351,5.92,0.073,459.2,0.0121,0.5,0
8093,STARLINK-3231,STARLINK-35524,8.8239,9.324,0.108,465.8,0.012,0.5,0
8094,STARLINK-3524,STARLINK-35046,9.4529,9.632,0.115,478.9,0.0119,0.5,0
8095,FLOCK 4H-20,AC1-001,8.5101,8.548,0.103,521.1,0.0118,0.5,0
8096,STARLINK-2538,STARLINK-35262,9.7741,9.851,0.118,465.9,0.0118,0.5,0
8097,STARLINK-3131,STARLINK-34801,7.0322,7.039,0.085,486.6,0.0118,0.5,0
8098,BRO-17,AC1-003,2.098,2.108,0.027,511.3,0.0117,0.5,0
8099,KUIPER-00299,KUIPER-00500,9.2373,9.313,0.111,646.4,0.0118,0.5,0
8100,STARLINK-30771,STARLINK-33783,6.5719,6.572,0.079,485.4,0.0117,0.5,0
8101,KUZGTU 1 (RS47S),STARLINK-35843,8.5361,8.87,0.102,481.8,0.0117,0.5,0
8102,STARLINK-3628,STARLINK-36111,9.4751,9.85,0.112,465.8,0.0116,0.5,0
8103,STARLINK-30779,STARLINK-33908,6.0597,6.061,0.072,485.7,0.0115,0.5,0
8104,STARLINK-2487,STARLINK-31421,8.1499,8.166,0.096,479.4,0.0115,0.5,0
8105,STARLINK-2655,STARLINK-31659,8.8151,9.209,0.103,479.4,0.0114,0.5,0
8106,AE5RB,SITRO-AIS-59,6.4318,6.668,0.076,496.2,0.0115,0.5,0
8107,STARLINK-30815,STARLINK-32636,5.9871,6.254,0.07,486.0,0.0113,0.4,0
8108,STARLINK-3244,STARLINK-34797,9.7973,9.867,0.114,479.4,0.0114,0.4,0
8109,STARLINK-3533,STARLINK-34795,9.1005,9.108,0.106,466.0,0.0114,0.4,0
8110,FLOCK 4H-18,PIAST-S2,4.788,4.789,0.056,503.4,0.0112,0.4,0
8111,STARLINK-2530,STARLINK-35320,9.051,9.051,0.104,479.4,0.0112,0.4,0
8112,STARLINK-2667,STARLINK-35410,8.3452,8.766,0.095,465.8,0.0111,0.4,0
8113,LEMUR-2-KRISH,ICEYE-X54,6.6248,6.625,0.076,596.1,0.0111,0.4,0
8114,STARLINK-33843,STARLINK-35955,4.8716,4.968,0.056,485.4,0.011,0.4,0
8115,STARLINK-32832,STARLINK-32790,6.8042,6.808,0.076,479.7,0.0109,0.4,0
8116,STARLINK-2122,STARLINK-35193,7.0492,7.381,0.079,472.0,0.0109,0.4,0
8117,STARLINK-3728,STARLINK-35158,3.0142,3.075,0.034,473.8,0.0106,0.4,0
8118,STARLINK-30803,STARLINK-30812,7.0808,7.094,0.078,486.0,0.0107,0.4,0
8119,STARLINK-31939,STARLINK-32171,5.6833,5.73,0.062,472.0,0.0105,0.4,0
8120,ALISIO-1,ICEYE-X61,5.4849,5.605,0.059,526.8,0.0104,0.4,0
8121,STARLINK-4165,STARLINK-36837,8.2824,8.282,0.088,479.9,0.0104,0.4,0
8122,STARLINK-34276,STARLINK-34505,9.7702,9.862,0.103,471.9,0.0103,0.4,0
8123,STARLINK-4686,STARLINK-35203,6.8361,6.942,0.072,460.7,0.0102,0.4,0
8124,STARLINK-2482,STARLINK-31591,8.6198,8.832,0.091,466.0,0.0103,0.4,0
8125,SCORPION (RS89S),ALSAT-3B,7.6093,7.609,0.08,511.9,0.0102,0.4,0
8126,STARLINK-2098,STARLINK-32424,8.802,9.104,0.092,465.7,0.0102,0.4,0
8127,STARLINK-32021,STARLINK-32851,4.9236,4.959,0.052,471.9,0.0101,0.4,0
8128,STARLINK-4008,STARLINK-32727,8.623,8.838,0.09,460.4,0.0102,0.4,0
8129,QIANFAN-46,QIANFAN-152,6.5926,6.626,0.069,1076.3,0.0102,0.4,0
8130,AE5RB,SITRO-AIS-59,7.4246,7.455,0.077,496.3,0.0101,0.4,0
8131,STARLINK-38067,STARLINK-38089,5.6235,5.624,0.058,358.0,0.01,0.4,0
8132,T.MICROSAT-1,LEMUR-2-LAILA,2.4303,2.459,0.026,517.4,0.0099,0.4,0
8133,TRANSPORTER-15 OBJECT CN,FORESAIL-1 PRIME,7.0913,7.101,0.072,505.8,0.0099,0.4,0
8134,STARLINK-32375,STARLINK-32428,9.4857,9.731,0.096,471.8,0.0099,0.4,0
8135,LILIUM-2,FLOCK 4H-23,9.4382,9.474,0.095,508.8,0.0099,0.4,0
8136,OTTER SDM,FLOCK 4H-9,4.0626,4.191,0.042,503.5,0.0099,0.4,0
8137,AE5RB,GALAPAGOS-UTE-SWSU,7.5059,7.611,0.076,507.6,0.0099,0.4,0
8138,2024-174A,SUPERVIEW NEO-2 06,6.1198,6.372,0.062,505.9,0.0098,0.4,0
8139,IRIDE FM5,LEMUR-2-LAILA,4.9197,5.017,0.05,501.2,0.0098,0.4,0
8140,ICEYE-X55,AE2A,6.8659,7.041,0.069,577.1,0.0098,0.4,0
8141,LEMUR-2-WOBLER,LEMUR-2-KATIE,5.9186,6.105,0.059,598.9,0.0096,0.4,0
8142,GENA-OT,2025-313AG,7.1352,7.329,0.071,499.8,0.0097,0.4,0
8143,KUIPER-00609,KUIPER-00627,7.667,7.786,0.076,466.2,0.0097,0.4,0
8144,BANDWAGON-4 OBJECT M,BANDWAGON-4 OBJECT Q,4.6649,4.78,0.046,484.2,0.0095,0.4,0
8145,SCORPION (RS89S),ALSAT-3B,8.5625,8.813,0.084,511.8,0.0096,0.4,0
8146,STARLINK-2684,STARLINK-3343,7.3484,7.627,0.072,486.7,0.0095,0.4,0
8147,STARLINK-4158,STARLINK-32467,3.8008,3.848,0.038,460.4,0.0095,0.4,0
8148,STARLINK-2492,STARLINK-31576,7.4777,7.675,0.073,465.7,0.0095,0.4,0
8149,STARLINK-35217,STARLINK-35123,7.8476,7.879,0.076,484.8,0.0094,0.4,0
8150,STARLINK-2161,STARLINK-32698,8.4315,8.434,0.081,465.8,0.0094,0.4,0
8151,STARLINK-31978,STARLINK-31986,7.8911,8.149,0.075,485.7,0.0093,0.4,0
8152,STARLINK-5200,STARLINK-32721,6.9186,6.919,0.066,466.9,0.0093,0.4,0
8153,STARLINK-31766,STARLINK-31820,8.0824,8.252,0.076,466.2,0.0092,0.4,0
8154,STARLINK-30802,STARLINK-30789,8.1875,8.27,0.077,472.3,0.0092,0.4,0
8155,WISDOM A,NAHLA,0.8662,0.877,0.01,507.1,0.0094,0.4,0
8156,2023-072F,STARLINK-36187,4.7888,4.948,0.046,469.5,0.0092,0.4,0
8157,UTMN 2 (RS27S),STARLINK-35057,9.7916,9.792,0.091,467.8,0.0091,0.4,0
8158,STARLINK-2107,STARLINK-36298,8.3211,8.53,0.077,466.0,0.009,0.4,0
8159,UNICORN-2L,2025-313Q,4.404,4.503,0.042,493.3,0.0091,0.4,0
8160,STARLINK-3948,STARLINK-4258,5.7777,5.881,0.054,475.3,0.009,0.4,0
8161,STARLINK-31740,STARLINK-35537,9.5782,9.599,0.088,471.7,0.009,0.4,0
8162,AE5RB,SITRO-AIS-59,8.3156,8.331,0.076,496.2,0.0089,0.4,0
8163,STARLINK-31253,STARLINK-31280,8.267,8.407,0.075,479.4,0.0089,0.4,0
8164,TEVEL2-7,HERMES-2,6.7378,6.771,0.061,484.8,0.0088,0.3,0
8165,STARLINK-31745,STARLINK-32176,8.4152,8.652,0.075,471.7,0.0087,0.3,0
8166,IRIDE FM8,FLOCK 4H-36,4.6537,4.655,0.042,503.1,0.0087,0.3,0
8167,SITRO-AIS-65,2025-313AG,4.5085,4.574,0.041,505.3,0.0087,0.3,0
8168,PRAETORIAN SDA_604,PRAETORIAN SDA_607,7.466,7.627,0.066,945.5,0.0086,0.3,0
8169,STARLINK-32367,STARLINK-35420,6.6712,6.848,0.059,485.8,0.0086,0.3,0
8170,FLOCK 4H-4,IHI-SAT2,9.4385,9.705,0.083,501.5,0.0086,0.3,0
8171,AC1-003,LILIUM-3,8.5933,8.622,0.075,524.3,0.0085,0.3,0
8172,STARLINK-4291,STARLINK-4255,2.75,2.77,0.025,476.8,0.0085,0.3,0
8173,OTTER SDM,FLOCK 4H-9,4.7338,4.841,0.042,518.6,0.0085,0.3,0
8174,STARLINK-1992,STARLINK-35167,8.8871,9.149,0.077,465.6,0.0085,0.3,0
8175,MONITOR-4 (RS57S),STARLINK-36376,7.5872,7.589,0.066,483.8,0.0085,0.3,0
8176,HORUS 1,NASBSAT-2,8.1693,8.415,0.07,494.9,0.0084,0.3,0
8177,STARLINK-2226,STARLINK-32702,9.6604,9.723,0.082,465.7,0.0083,0.3,0
8178,STARLINK-32375,STARLINK-34400,9.7994,9.8,0.083,485.8,0.0083,0.3,0
8179,GLOBAL-18,STARLINK-37642,7.1082,7.287,0.061,433.9,0.0083,0.3,0
8180,STARLINK-32082,STARLINK-32084,9.0431,9.3,0.076,472.0,0.0082,0.3,0
8181,STARLINK-3790,STARLINK-36292,9.9192,9.932,0.083,479.5,0.0082,0.3,0
8182,STARLINK-36828,STARLINK-36780,9.0735,9.338,0.076,465.5,0.0082,0.3,0
8183,AC1-003,LILIUM-3,8.9899,9.097,0.076,507.2,0.0083,0.3,0
8184,AE5RB,SITRO-AIS-59,9.304,9.444,0.078,496.3,0.0082,0.3,0
8185,STARLINK-34784,STARLINK-35169,9.1491,9.418,0.076,480.1,0.0081,0.3,0
8186,STARLINK-32152,STARLINK-32124,7.428,7.534,0.062,485.8,0.0081,0.3,0
8187,2025-012B,TRANSPORTER-15 OBJECT CN,9.0734,9.098,0.075,498.8,0.0081,0.3,0
8188,MERCURY ONE (M1),GENA-OT,7.9559,7.973,0.066,501.5,0.0081,0.3,0
8189,BANDWAGON-4 OBJECT M,BANDWAGON-4 OBJECT Q,5.6033,5.646,0.047,486.3,0.0081,0.3,0
8190,HORUS 1,NASBSAT-2,8.4311,8.465,0.069,508.2,0.008,0.3,0
8191,STARLINK-3658,STARLINK-3736,6.5796,6.581,0.054,475.4,0.008,0.3,0
8192,STARLINK-34992,STARLINK-35014,9.4266,9.687,0.076,478.9,0.0079,0.3,0
8193,STARLINK-34543,STARLINK-34875,9.593,9.766,0.077,465.8,0.0079,0.3,0
8194,STARLINK-35035,STARLINK-34670,9.6132,9.856,0.077,465.6,0.0078,0.3,0
8195,STARLINK-32128,STARLINK-33656,8.2868,8.503,0.066,467.1,0.0078,0.3,0
8196,FLOCK 4H-29,FORESAIL-1 PRIME,3.0586,3.076,0.025,506.9,0.0077,0.3,0
8197,STARLINK-2505,STARLINK-35489,7.7589,7.839,0.062,465.5,0.0078,0.3,0
8198,STARLINK-3694,STARLINK-31999,8.1051,8.223,0.064,479.5,0.0077,0.3,0
8199,STARLINK-34687,STARLINK-34653,9.6209,9.726,0.076,465.6,0.0077,0.3,0
8200,STARLINK-2082,STARLINK-31056,8.3306,8.396,0.066,465.7,0.0077,0.3,0
8201,2024-174A,SUPERVIEW NEO-2 05,7.9571,8.016,0.063,505.8,0.0077,0.3,0
8202,STARLINK-32275,STARLINK-32853,9.0082,9.044,0.071,479.1,0.0077,0.3,0
8203,2025-313X,2025-313AA,3.8836,3.978,0.031,493.2,0.0076,0.3,0
8204,STARLINK-4543,STARLINK-4542,9.6494,9.697,0.075,474.0,0.0076,0.3,0
8205,PADRE,IRIDE-MS2-HEO-5,7.9397,8.079,0.062,589.0,0.0076,0.3,0
8206,STARLINK-3250,STARLINK-34891,8.4881,8.591,0.066,465.9,0.0076,0.3,0
8207,T.MICROSAT-1,LEMUR-2-LAILA,3.2567,3.273,0.026,499.5,0.0075,0.3,0
8208,STARLINK-32886,STARLINK-32848,9.8138,9.926,0.076,465.3,0.0076,0.3,0
8209,FLOCK 4H-30,AC1-001,6.4114,6.448,0.05,521.7,0.0076,0.3,0
8210,STARLINK-32230,STARLINK-32269,9.9214,9.927,0.077,472.2,0.0076,0.3,0
8211,ALISIO-1,ICEYE-X61,7.757,7.869,0.06,511.3,0.0075,0.3,0
8212,STARLINK-32166,STARLINK-32126,8.1551,8.177,0.063,465.9,0.0075,0.3,0
8213,STARLINK-2613,STARLINK-36089,9.0386,9.041,0.069,479.0,0.0075,0.3,0
8214,STARLINK-4730,STARLINK-35489,8.3211,8.333,0.063,465.8,0.0074,0.3,0
8215,JCSAT-5A,JCSAT-12 (JCSAT-RA),9.0874,9.213,0.067,35797.4,0.0072,0.3,0
8216,STARLINK-2510,STARLINK-32573,7.7372,7.741,0.056,479.5,0.0071,0.3,0
8217,BRO-17,AC1-003,3.6344,3.671,0.027,511.4,0.007,0.3,0
8218,STARLINK-32200,STARLINK-32124,8.8566,8.977,0.063,479.5,0.007,0.3,0
8219,FLOCK 4H-20,FLOCK 4H-30,7.6235,7.671,0.054,502.0,0.0069,0.3,0
8220,NAHLA,SPEQTRE,9.1008,9.105,0.063,522.0,0.0068,0.3,0
8221,FLOCK 4H-18,PIAST-S2,8.2264,8.362,0.057,518.8,0.0068,0.3,0
8222,AE5RA,PHI 1,7.8928,7.909,0.055,496.9,0.0068,0.3,0
8223,2024-174A,SUPERVIEW NEO-2 05,9.1064,9.254,0.063,505.8,0.0068,0.3,0
8224,STARLINK-4564,STARLINK-32017,9.4817,9.622,0.065,475.5,0.0067,0.3,0
8225,HAWK-14A,DB CHARMS ND,4.5986,4.632,0.032,512.8,0.0067,0.3,0
8226,SITRO-AIS 43,SITRO-AIS 41,7.3534,7.422,0.05,335.5,0.0066,0.3,0
8227,STARLINK-31652,STARLINK-32481,8.0675,8.068,0.055,485.6,0.0067,0.3,0
8228,STARLINK-2096,STARLINK-35621,8.3308,8.461,0.057,465.7,0.0067,0.3,0
8229,STARLINK-1560,STARLINK-34590,7.9032,7.904,0.054,465.8,0.0067,0.3,0
8230,STARLINK-30405,STARLINK-35483,6.711,6.733,0.045,471.5,0.0065,0.3,0
8231,STARLINK-2443,STARLINK-31577,7.9483,7.964,0.053,479.6,0.0065,0.3,0
8232,STARLINK-2491,STARLINK-35513,9.5432,9.729,0.064,479.2,0.0066,0.3,0
8233,FLOCK 4H-35,GENA-OT,3.4918,3.519,0.024,499.4,0.0065,0.3,0
8234,STARLINK-33833,STARLINK-35950,7.9,8.05,0.053,479.4,0.0065,0.3,0
8235,DB SKYFORGE CORE TU,CAMOES,5.5592,5.66,0.037,524.4,0.0064,0.3,0
8236,STARLINK-3219,STARLINK-30595,7.3964,7.41,0.049,485.6,0.0065,0.3,0
8237,STARLINK-5057,STARLINK-32720,9.9388,9.968,0.065,465.6,0.0064,0.3,0
8238,STARLINK-2471,STARLINK-30600,9.9582,9.959,0.065,479.4,0.0064,0.3,0
8239,STARLINK-3278,STARLINK-3330,9.6306,9.749,0.062,465.7,0.0063,0.2,0
8240,TRANSPORTER-15 OBJECT CZ,LUNA-1,7.8438,7.886,0.051,493.7,0.0063,0.2,0
8241,STARLINK-33843,STARLINK-35923,8.8959,8.935,0.056,465.5,0.0062,0.2,0
8242,IRIDE-MS2-HEO-1,NORSAT 4,9.425,9.535,0.059,597.2,0.0061,0.2,0
8243,STARLINK-3609,STARLINK-30913,4.3513,4.402,0.028,459.8,0.0062,0.2,0
8244,TRANSPORTER-16 OBJECT Y,TRANSPORTER-16 OBJECT BD,6.9117,6.912,0.044,517.1,0.0062,0.2,0
8245,FLOCK 4H-4,MAUVE,5.0891,5.107,0.033,502.9,0.0062,0.2,0
8246,FLOCK 4H-33,2025-313Z,9.3426,9.501,0.059,515.0,0.0062,0.2,0
8247,STARLINK-33829,STARLINK-35902,8.4789,8.479,0.053,466.1,0.0061,0.2,0
8248,STARLINK-3375,STARLINK-31337,3.128,3.165,0.02,489.2,0.006,0.2,0
8249,TRANSPORTER-15 OBJECT CZ,LUNA-1,8.0915,8.1,0.051,493.7,0.0062,0.2,0
8250,STARLINK-5435,STARLINK-32540,9.1089,9.182,0.057,465.7,0.0061,0.2,0
8251,YUXING-3 06,2026-052C,1.7246,1.745,0.012,532.7,0.0062,0.2,0
8252,STARLINK-2504,STARLINK-32314,9.9582,9.962,0.062,479.7,0.0061,0.2,0
8253,BRO-17,AC1-003,4.3765,4.395,0.028,524.8,0.0061,0.2,0
8254,STARLINK-3327,STARLINK-34910,2.794,2.795,0.018,463.0,0.006,0.2,0
8255,STARLINK-4115,STARLINK-32343,6.8917,6.892,0.043,460.3,0.0061,0.2,0
8256,IRIDE FM2,FLOCK 4H-10,2.6151,2.63,0.017,503.8,0.006,0.2,0
8257,STARLINK-30834,STARLINK-32650,9.3829,9.489,0.058,485.4,0.0061,0.2,0
8258,STARLINK-2419,STARLINK-31649,7.7399,7.806,0.047,479.8,0.0059,0.2,0
8259,2023-072F,STARLINK-36187,7.6309,7.641,0.047,482.5,0.006,0.2,0
8260,IRIDE-MS2-HEO-1,NORSAT 4,9.7759,9.848,0.059,597.2,0.0059,0.2,0
8261,STARLINK-30410,STARLINK-32367,7.1623,7.172,0.044,471.9,0.006,0.2,0
8262,STARLINK-3862,STARLINK-30560,5.0169,5.046,0.031,485.7,0.0059,0.2,0
8263,STARLINK-5233,STARLINK-37199,8.2818,8.29,0.049,472.2,0.0058,0.2,0
8264,FLOCK 4H-5,FLOCK 4H-19,3.3891,3.39,0.021,518.1,0.0059,0.2,0
8265,AE5RC,PIAST-M,9.7445,9.858,0.057,498.7,0.0057,0.2,0
8266,STARLINK-4016,STARLINK-35200,8.1636,8.176,0.048,479.7,0.0057,0.2,0
8267,FLOCK 4H-35,GENA-OT,4.1355,4.198,0.025,518.3,0.0058,0.2,0
8268,STARLINK-1983,STARLINK-32422,8.1569,8.187,0.047,465.7,0.0056,0.2,0
8269,FLOCK 4H-14,FLOCK 4H-23,8.0333,8.056,0.047,502.2,0.0057,0.2,0
8270,STARLINK-1543,STARLINK-34462,8.2835,8.349,0.048,465.8,0.0057,0.2,0
8271,STARLINK-3622,STARLINK-30939,4.0155,4.024,0.024,474.1,0.0057,0.2,0
8272,2025-313P,MULE 4T,9.506,9.568,0.054,488.9,0.0056,0.2,0
8273,2024-205L,2025-234B,7.8957,7.918,0.045,516.9,0.0056,0.2,0
8274,IRIDE FM8,FLOCK 4H-36,7.5414,7.547,0.043,503.0,0.0056,0.2,0
8275,FLOCK 4H-5,FLOCK 4H-19,3.6005,3.601,0.021,500.2,0.0055,0.2,0
8276,6GSTARLAB,FLOCK 4H-4,5.5545,5.555,0.031,521.7,0.0054,0.2,0
8277,FLOCK 4H-15,FLOCK 4H-21,8.1273,8.128,0.045,519.0,0.0054,0.2,0
8278,IRIDE FM5,T.MICROSAT-1,4.1992,4.209,0.024,502.0,0.0055,0.2,0
8279,FLOCK 4H-23,FOSSASA-2E23,6.2015,6.237,0.034,502.0,0.0053,0.2,0
8280,STARLINK-5442,STARLINK-31993,7.8215,7.846,0.043,465.9,0.0054,0.2,0
8281,IRIDE-MS1-EAGLET 2-9,AEPEX,3.8474,3.863,0.022,522.2,0.0054,0.2,0
8282,SITRO-TD-3,2025-313AA,3.2271,3.231,0.018,502.9,0.0053,0.2,0
8283,FLOCK 4H-15,FLOCK 4H-21,8.3089,8.318,0.045,503.0,0.0053,0.2,0
8284,BRO-17,AC1-003,4.934,4.936,0.027,524.7,0.0053,0.2,0
8285,STARLINK-2106,STARLINK-31996,8.955,8.964,0.047,466.0,0.0051,0.2,0
8286,STARLINK-2672,STARLINK-34298,8.9762,8.976,0.046,465.8,0.005,0.2,0
8287,AC1-003,FLOCK 4H-22,8.6118,8.666,0.045,521.4,0.0051,0.2,0
8288,FLOCK 4G-9,NUSAT-45 (UZMASAT-1),4.0662,4.066,0.021,475.8,0.0049,0.2,0
8289,STARLINK-4050,STARLINK-36837,6.6756,6.707,0.034,462.9,0.0049,0.2,0
8290,LUCA (RS90S),NASBSAT-1,7.9857,8.021,0.04,500.7,0.0049,0.2,0
8291,STARLINK-4050,STARLINK-36837,6.7231,6.779,0.034,476.8,0.0049,0.2,0
8292,STARLINK-2412,STARLINK-35524,8.1581,8.164,0.041,466.0,0.0049,0.2,0
8293,STARLINK-4115,STARLINK-32343,8.684,8.699,0.043,474.1,0.0048,0.2,0
8294,DCS-1,2025-313X,9.2683,9.343,0.046,494.7,0.0049,0.2,0
8295,TRANSPORTER-15 OBJECT DD,SITRO-TD-3,5.5645,5.578,0.028,506.7,0.0049,0.2,0
8296,DCS-1,2025-313AF,7.5447,7.58,0.037,498.9,0.0048,0.2,0
8297,STARLINK-4204,STARLINK-5408,4.2092,4.219,0.021,466.9,0.0048,0.2,0
8298,IRIDE FM8,FLOCK 4H-36,9.0361,9.04,0.043,518.4,0.0047,0.2,0
8299,STARLINK-31467,STARLINK-33624,9.1786,9.228,0.044,479.5,0.0047,0.2,0
8300,FLOCK 4H-22,LILIUM-3,6.7425,6.744,0.032,503.9,0.0046,0.2,0
8301,NUSAT-54 (BRANCA MARQU*),AISSAT 4,1.3572,1.359,0.007,523.9,0.0045,0.2,0
8302,STARLINK-32850,STARLINK-35014,8.2979,8.331,0.038,465.6,0.0045,0.2,0
8303,STARLINK-3563,STARLINK-32044,8.3125,8.323,0.038,460.3,0.0045,0.2,0
8304,2024-199AC,SITRO-AIS 47,8.0862,8.107,0.037,377.3,0.0045,0.2,0
8305,BRO-17,AC1-003,6.1931,6.238,0.028,511.3,0.0044,0.2,0
8306,ANISCSAT-1,FLOCK 4H-3,6.0982,6.1,0.028,501.7,0.0044,0.2,0
8307,FLOCK 4H-22,LILIUM-3,7.0097,7.038,0.031,520.7,0.0043,0.2,0
8308,JILIN-1 KUANFU-01B,JILIN GAOFEN OBJECT C,4.3263,4.362,0.02,547.3,0.0044,0.2,0
8309,STARLINK-3563,STARLINK-32044,8.643,8.649,0.038,474.1,0.0043,0.2,0
8310,STARLINK-1351,STARLINK-11335 [DTC],6.8051,6.85,0.03,368.4,0.0043,0.2,0
8311,STARLINK-2326,STARLINK-31700,8.3484,8.361,0.036,479.5,0.0042,0.2,0
8312,STARLINK-32889,STARLINK-34837,8.8043,8.838,0.038,464.8,0.0042,0.2,0
8313,STARLINK-2178,STARLINK-32246,8.2235,8.277,0.035,465.8,0.0042,0.2,0
8314,STARLINK-30514,STARLINK-31811,8.497,8.503,0.036,479.5,0.0041,0.2,0
8315,FLOCK 4H-4,MAUVE,8.1095,8.113,0.034,518.8,0.0041,0.2,0
8316,STARLINK-3807,STARLINK-3728,5.9577,6.003,0.025,461.6,0.0041,0.2,0
8317,STARLINK-2153,STARLINK-32886,9.6164,9.622,0.04,479.3,0.0041,0.2,0
8318,FLOCK 4H-23,FOSSASA-2E23,8.91,8.942,0.036,516.2,0.004,0.2,0
8319,SITRO-TD-3,2025-313AA,4.4504,4.452,0.018,495.7,0.0039,0.2,0
8320,FLOCK 4H-14,FOSSASA-2E23,3.712,3.718,0.015,499.3,0.0038,0.2,0
8321,STARLINK-5465,STARLINK-32203,6.6874,6.707,0.026,478.7,0.0038,0.2,0
8322,STARLINK-2612,STARLINK-34875,9.0758,9.134,0.035,465.8,0.0038,0.1,0
8323,LEMUR-2-SONNENBLUME,CAPELLA-19 (ACADIA-9),9.4571,9.497,0.036,603.9,0.0037,0.1,0
8324,STARLINK-37928,STARLINK-37824,2.2842,2.296,0.009,337.5,0.0036,0.1,0
8325,SITRO-AIS-58,2025-313Z,9.6727,9.676,0.037,506.7,0.0037,0.1,0
8326,FOSSASAT-2E20 (TAT-O),PELICAN-5,8.6197,8.622,0.033,469.0,0.0037,0.1,0
8327,KUIPER-00481,KUIPER-00533,2.13,2.134,0.008,451.0,0.0034,0.1,0
8328,NUSAT-53 (JANE GOODALL),AISSAT 4,4.5323,4.532,0.017,510.7,0.0036,0.1,0
8329,HUBBLE 6,IRIDE-MS2-HEO-8,7.2881,7.291,0.027,588.0,0.0036,0.1,0
8330,ONEWEB-0211,ONEWEB-0632,4.9335,4.943,0.018,1198.4,0.0035,0.1,0
8331,STARLINK-2627,STARLINK-31995,9.6761,9.685,0.035,466.0,0.0035,0.1,0
8332,KUIPER-00481,KUIPER-00533,2.2589,2.259,0.009,466.1,0.0037,0.1,0
8333,FLOCK 4H-29,FORESAIL-1 PRIME,7.6972,7.716,0.027,521.2,0.0034,0.1,0
8334,STARLINK-32121,STARLINK-33648,2.9816,3.0,0.011,484.8,0.0035,0.1,0
8335,STARLINK-37898,STARLINK-37956,5.2476,5.26,0.018,421.4,0.0033,0.1,0
8336,BRO-17,AC1-003,8.0412,8.048,0.027,511.4,0.0033,0.1,0
8337,VIREON-2,IRIDE-MS1-EAGLET 2-16,4.1666,4.178,0.014,524.1,0.0032,0.1,0
8338,IRIDE-MS1-EAGLET 2-15,TRANSPORTER-16 OBJECT BD,9.2827,9.287,0.031,519.9,0.0033,0.1,0
8339,FLYLAB1,AE1A,7.4434,7.45,0.025,606.7,0.0033,0.1,0
8340,NUSAT-53 (JANE GOODALL),AISSAT 4,5.4046,5.407,0.018,523.4,0.0032,0.1,0
8341,STARLINK-4204,STARLINK-5408,6.4065,6.431,0.021,481.3,0.0032,0.1,0
8342,BRO-17,AC1-003,8.9698,8.983,0.03,524.8,0.0033,0.1,0
8343,STARLINK-2720,STARLINK-34462,9.6285,9.663,0.032,465.9,0.0033,0.1,0
8344,NUSAT-53 (JANE GOODALL),NUSAT-54 (BRANCA MARQU*),7.4151,7.416,0.024,524.0,0.0032,0.1,0
8345,STARLINK-4304,STARLINK-32574,2.4432,2.444,0.008,462.9,0.003,0.1,0
8346,NANOFF B,NANOFF A,0.9917,0.998,0.004,546.7,0.0034,0.1,0
8347,STARLINK-32519,STARLINK-34130,7.9701,7.985,0.026,479.4,0.0032,0.1,0
8348,STARLINK-4256,STARLINK-4194,3.967,3.967,0.013,474.0,0.0031,0.1,0
8349,STARLINK-2040,STARLINK-33626,9.306,9.345,0.03,465.6,0.0032,0.1,0
8350,JILIN-1 KUANFU-01B,JILIN GAOFEN OBJECT C,6.464,6.468,0.021,548.3,0.0032,0.1,0
8351,STARLINK-34342,STARLINK-34226,9.1218,9.16,0.028,465.7,0.003,0.1,0
8352,FLOCK 4H-5,FLOCK 4H-19,7.2847,7.298,0.022,518.1,0.0029,0.1,0
8353,STARLINK-37573,STARLINK-37771,7.4983,7.513,0.023,434.0,0.003,0.1,0
8354,STARLINK-2104,STARLINK-32028,9.5032,9.509,0.028,479.4,0.0029,0.1,0
8355,STARLINK-37898,STARLINK-37956,6.6943,6.71,0.02,421.4,0.0029,0.1,0
8356,STARLINK-34883,STARLINK-35851,7.8715,7.871,0.023,479.4,0.0028,0.1,0
8357,BRO-17,AC1-003,9.534,9.534,0.028,524.6,0.0029,0.1,0
8358,STARLINK-3538,STARLINK-32045,4.5936,4.602,0.014,476.8,0.0029,0.1,0
8359,FLOCK 4H-5,FLOCK 4H-19,7.6405,7.651,0.022,500.3,0.0028,0.1,0
8360,STARLINK-2756,STARLINK-31856,7.8658,7.887,0.023,479.5,0.0029,0.1,0
8361,STARLINK-2364,STARLINK-31643,9.3439,9.349,0.026,466.1,0.0027,0.1,0
8362,STARLINK-37926,STARLINK-37912,7.6272,7.646,0.021,419.6,0.0027,0.1,0
8363,STARLINK-32247,STARLINK-34864,9.3204,9.36,0.026,465.4,0.0027,0.1,0
8364,SHIYAN-6 01 (SY-6 01),STARLINK-37476,8.2948,8.311,0.023,483.9,0.0027,0.1,0
8365,STARLINK-37928,STARLINK-37824,2.9061,2.907,0.008,336.1,0.0026,0.1,0
8366,STARLINK-3614,STARLINK-30882,4.4542,4.467,0.013,477.6,0.0028,0.1,0
8367,WREN-1,FLOCK 4BE-5,8.223,8.244,0.023,457.0,0.0027,0.1,0
8368,FLOCK 4H-35,GENA-OT,9.1935,9.206,0.025,518.3,0.0027,0.1,0
8369,CUBEBEL 2 (EU11S),HORS 1,9.9678,9.969,0.027,482.9,0.0027,0.1,0
8370,FLOCK 4H-35,GENA-OT,9.9202,9.94,0.027,499.4,0.0027,0.1,0
8371,IRIDE-MS1-EAGLET 2-9,IRIDE-MS1-EAGLET 2-10,7.2478,7.261,0.019,509.2,0.0026,0.1,0
8372,STARLINK-30274,STARLINK-34918,7.8321,7.833,0.021,479.3,0.0026,0.1,0
8373,STARLINK-3807,STARLINK-35158,3.6503,3.652,0.01,463.2,0.0026,0.1,0
8374,YAM-17,MIKROGLOB-1 (PIRX-1),2.0907,2.091,0.006,611.7,0.0026,0.1,0
8375,STARLINK-4294,STARLINK-34729,5.0957,5.112,0.013,472.2,0.0025,0.1,0
8376,STARLINK-37898,STARLINK-37956,8.3096,8.328,0.022,421.4,0.0026,0.1,0
8377,STARLINK-2123,STARLINK-32028,8.7336,8.762,0.023,479.4,0.0026,0.1,0
8378,2026-052A,2026-052F,7.7925,7.906,0.02,526.5,0.0025,0.1,0
8379,TRANSPORTER-17 OBJECT E,YAM-17,1.4478,1.448,0.004,612.1,0.0024,0.1,0
8380,HAWK-14C,DB CHARMS ND,1.5544,1.555,0.004,524.7,0.0023,0.1,0
8381,STARLINK-34916,STARLINK-35846,8.7505,8.759,0.022,465.9,0.0025,0.1,0
8382,STARLINK-2606,STARLINK-34715,9.347,9.356,0.024,479.3,0.0025,0.1,0
8383,STARLINK-3391,STARLINK-3392,6.4799,6.49,0.017,520.7,0.0025,0.1,0
8384,FLOCK 4G-9,NUSAT-45 (UZMASAT-1),9.2212,9.221,0.023,493.7,0.0024,0.1,0
8385,ONEWEB-0211,ONEWEB-0632,7.5864,7.588,0.019,1216.9,0.0024,0.1,0
8386,VIREON-2,IRIDE-MS1-EAGLET 2-16,5.8345,5.84,0.014,508.7,0.0023,0.1,0
8387,STARLINK-4739,STARLINK-34820,9.7906,9.798,0.023,479.8,0.0023,0.1,0
8388,STARLINK-3375,STARLINK-31337,9.7454,9.746,0.023,475.8,0.0023,0.1,0
8389,YUXING-3 06,2026-052C,8.2904,8.291,0.019,532.7,0.0022,0.1,0
8390,STARLINK-1558,STARLINK-36252,9.4306,9.431,0.021,465.6,0.0022,0.1,0
8391,STARLINK-5050,STARLINK-5051,7.304,7.316,0.017,473.5,0.0023,0.1,0
8392,STARLINK-32121,STARLINK-33648,4.9727,4.973,0.011,467.4,0.0021,0.1,0
8393,IRIDE FM2,FLOCK 4H-10,8.8824,8.886,0.02,517.6,0.0022,0.1,0
8394,IRIDE-MS2-HEO-14,YAM-12,6.3422,6.345,0.014,609.0,0.0021,0.1,0
8395,HAWK-14B,DB CHARMS ND,6.4654,6.48,0.014,512.9,0.0021,0.1,0
8396,SARI-1,HUNITY,4.4874,4.498,0.01,489.2,0.0021,0.1,0
8397,JEN-1,QUBE-II,1.6884,1.691,0.004,503.8,0.0021,0.1,0
8398,IRIDE-MS1-EAGLET 2-9,IRIDE-MS1-EAGLET 2-10,9.7731,9.774,0.021,523.1,0.0021,0.1,0
8399,STARLINK-3538,STARLINK-32045,6.9678,6.97,0.015,463.1,0.0021,0.1,0
8400,TRANSPORTER-16 OBJECT Y,IRIDE-MS1-EAGLET 2-15,6.8845,6.893,0.015,519.9,0.0021,0.1,0
8401,STARLINK-2166,STARLINK-34590,8.1198,8.124,0.017,465.8,0.002,0.1,0
8402,STARLINK-2099,STARLINK-31140,9.3165,9.317,0.019,466.2,0.002,0.1,0
8403,ALISIO-1,LEO EXPRESS 2,7.9016,7.904,0.016,516.6,0.002,0.1,0
8404,STARLINK-2576,STARLINK-32693,8.4622,8.47,0.017,465.6,0.002,0.1,0
8405,SDA_1667,SDA_1672,5.1838,5.193,0.01,956.6,0.0019,0.1,0
8406,T.MICROSAT-2,HAWK-14B,6.8696,8.408,0.013,524.4,0.0018,0.1,0
8407,STARLINK-2252,STARLINK-3931,9.9315,9.932,0.019,467.5,0.0019,0.1,0
8408,KUIPER-00481,KUIPER-00533,7.9266,7.927,0.015,451.0,0.0018,0.1,0
8409,KUIPER-00481,KUIPER-00533,8.1824,8.186,0.015,466.1,0.0018,0.1,0
8410,HAWK-14B,DB CHARMS ND,8.9161,8.921,0.016,524.6,0.0018,0.1,0
8411,STARLINK-32148,STARLINK-32142,8.3291,8.331,0.015,465.9,0.0018,0.1,0
8412,STARLINK-32121,STARLINK-33648,9.2588,9.264,0.016,483.8,0.0017,0.1,0
8413,FLOCK 4BE-36,FLOCK 4BE-13,7.9456,7.946,0.014,452.4,0.0017,0.1,0
8414,STARLINK-2164,STARLINK-32431,9.3728,9.374,0.016,466.2,0.0017,0.1,0
8415,STARLINK-2673,STARLINK-34523,8.8003,8.801,0.015,479.4,0.0017,0.1,0
8416,STARLINK-2101,STARLINK-32009,8.2991,8.307,0.014,479.5,0.0016,0.1,0
8417,SUPERVIEW NEO-2 05,SUPERVIEW NEO-2 06,0.7756,0.776,0.002,522.1,0.0021,0.1,0
8418,FLOCK 4BE-36,FLOCK 4BE-13,8.6878,8.689,0.014,432.0,0.0016,0.1,0
8419,STARLINK-32155,STARLINK-32038,8.558,8.566,0.014,466.3,0.0016,0.1,0
8420,STARLINK-37928,STARLINK-37824,4.3217,4.322,0.007,337.3,0.0015,0.1,0
8421,YAM-11,YAM-16,8.08,8.09,0.013,608.1,0.0016,0.1,0
8422,STARLINK-3783,STARLINK-3769,5.772,5.775,0.009,461.7,0.0015,0.1,0
8423,NUSAT-52,IRIDE FM2,6.2751,6.279,0.01,517.6,0.0015,0.1,0
8424,STARLINK-1443,STARLINK-32203,9.7642,9.765,0.015,458.4,0.0015,0.1,0
8425,STARLINK-32121,STARLINK-33648,9.3752,9.378,0.014,471.5,0.0015,0.1,0
8426,TIANHUI 5A,TIANHUI 5B,0.2226,0.223,0.001,608.2,0.0024,0.1,0
8427,FLOCK 4H-14,FOSSASA-2E23,9.0244,9.028,0.013,514.4,0.0014,0.1,0
8428,STARLINK-3588,STARLINK-3591,6.1205,6.127,0.009,492.3,0.0014,0.1,0
8429,STARLINK-34764,STARLINK-35860,4.4593,4.459,0.006,464.1,0.0013,0.1,0
8430,NUSAT-54 (BRANCA MARQU*),AISSAT 4,9.6908,9.692,0.013,512.9,0.0013,0.1,0
8431,STARLINK-4742,STARLINK-35425,9.4968,9.501,0.012,479.2,0.0012,0.1,0
8432,STARLINK-2050,STARLINK-31012,8.6052,8.613,0.011,479.4,0.0012,0.1,0
8433,STARLINK-2643,STARLINK-34687,8.3206,8.322,0.011,465.8,0.0013,0.0,0
8434,STARLINK-5429,STARLINK-35594,8.3119,8.32,0.011,465.7,0.0013,0.0,0
8435,STARLINK-3677,STARLINK-31441,8.1945,8.199,0.01,479.5,0.0012,0.0,0
8436,TIANHUI 5C,TIANHUI 5D,0.5471,0.547,0.001,604.8,0.0013,0.0,0
8437,STARLINK-2614,STARLINK-35222,8.9112,8.912,0.011,465.9,0.0012,0.0,0
8438,STARLINK-37928,STARLINK-37824,4.8791,4.88,0.006,336.3,0.0012,0.0,0
8439,STARLINK-4112,STARLINK-34327,9.013,9.013,0.011,485.2,0.0012,0.0,0
8440,STARLINK-34088,STARLINK-34030,6.7321,6.732,0.009,573.7,0.0013,0.0,0
8441,LEMUR-2-EMARCHIA,SERT3,2.7212,2.724,0.004,606.2,0.0014,0.0,0
8442,PIESAT B,PIESAT C,0.2242,0.224,0.001,538.6,0.0024,0.0,0
8443,STARLINK-34088,STARLINK-34030,7.3841,7.385,0.009,584.0,0.0012,0.0,0
8444,STARLINK-4779,STARLINK-35062,3.9522,3.959,0.005,477.7,0.0012,0.0,0
8445,STARLINK-34088,STARLINK-34030,8.4724,8.472,0.01,573.7,0.0012,0.0,0
8446,JEN-1,QUBE-II,9.2201,9.22,0.011,518.7,0.0012,0.0,0
8447,STARLINK-2633,STARLINK-35524,8.3003,8.302,0.01,466.5,0.0012,0.0,0
8448,STARLINK-34088,STARLINK-34030,9.5472,9.547,0.012,584.0,0.0012,0.0,0
8449,PIESAT A,PIESAT D,3.3299,3.33,0.004,525.7,0.0011,0.0,0
8450,KUIPER-00481,KUIPER-00533,3.3515,3.355,0.004,465.0,0.0011,0.0,0
8451,KUIPER-00481,KUIPER-00533,3.3896,3.393,0.004,454.0,0.0011,0.0,0
8452,STARLINK-1579,STARLINK-32467,7.9957,8.007,0.01,479.4,0.0012,0.0,0
8453,YUXING-3 06,2026-052C,4.7874,4.79,0.006,536.2,0.0012,0.0,0
8454,STARLINK-4112,STARLINK-34327,9.2915,9.291,0.011,474.7,0.0012,0.0,0
8455,PELICAN-9,BALKAN-2,9.8536,9.854,0.012,514.8,0.0012,0.0,0
8456,KUIPER-00481,KUIPER-00533,4.8669,4.867,0.006,459.7,0.0012,0.0,0
8457,STARLINK-37928,STARLINK-37824,5.9455,5.949,0.007,336.5,0.0011,0.0,0
8458,PIESAT A,PIESAT B,4.2258,4.226,0.005,537.9,0.0011,0.0,0
8459,LEMUR-2-EMARCHIA,SERT3,9.6438,9.644,0.011,594.6,0.0011,0.0,0
8460,STARLINK-37928,STARLINK-37824,6.9637,6.97,0.008,336.0,0.0011,0.0,0
8461,STARLINK-37928,STARLINK-37824,6.3105,6.311,0.007,336.9,0.0011,0.0,0
8462,STARLINK-37928,STARLINK-37824,7.6126,7.618,0.009,335.6,0.0012,0.0,0
8463,STARLINK-37928,STARLINK-37824,7.1935,7.201,0.008,337.0,0.0011,0.0,0
8464,STARLINK-37928,STARLINK-37824,8.0233,8.034,0.009,335.2,0.0011,0.0,0
8465,STARLINK-37928,STARLINK-37824,7.7601,7.76,0.009,337.1,0.0011,0.0,0
8466,STARLINK-37928,STARLINK-37824,8.1148,8.115,0.009,337.1,0.0011,0.0,0
8467,STARLINK-37928,STARLINK-37824,8.2604,8.263,0.01,335.0,0.0012,0.0,0
8468,STARLINK-37928,STARLINK-37824,8.3564,8.366,0.01,334.9,0.0012,0.0,0
8469,STARLINK-37928,STARLINK-37824,8.3101,8.321,0.01,337.2,0.0012,0.0,0
8470,STARLINK-2468,STARLINK-35478,8.2398,8.242,0.009,479.4,0.0011,0.0,0
8471,STARLINK-37928,STARLINK-37824,8.37,8.38,0.01,337.3,0.0012,0.0,0
8472,STARLINK-37928,STARLINK-37824,8.322,8.327,0.01,334.8,0.0012,0.0,0
8473,YUXING-3 06,2026-052C,7.7777,7.783,0.009,546.2,0.0011,0.0,0
8474,PIESAT A,PIESAT C,4.3191,4.319,0.005,524.2,0.0011,0.0,0
8475,STARLINK-32334,STARLINK-34760,9.1261,9.133,0.01,483.1,0.0011,0.0,0
8476,STARLINK-3746,STARLINK-36290,9.1416,9.854,0.01,473.4,0.0011,0.0,0
8477,TEVEL2-1,TEVEL2-2,6.3478,6.357,0.007,459.8,0.0011,0.0,0
8478,MICE-1,PIAST-S1,6.9498,6.95,0.008,521.7,0.0011,0.0,0
8479,COSMOS 2581,COSMOS 2583,0.3882,0.388,0.001,590.8,0.0017,0.0,0
8480,YUXING-3 06,2026-052C,9.6312,9.631,0.01,535.0,0.001,0.0,0
8481,STARLINK-3643,STARLINK-31441,3.1292,3.131,0.003,473.9,0.0009,0.0,0
8482,YUXING-3 06,2026-052C,8.5115,8.512,0.009,530.9,0.001,0.0,0
8483,STARLINK-1566,STARLINK-32442,7.8959,7.901,0.008,465.7,0.001,0.0,0
8484,STARLINK-3207,STARLINK-3203,3.8503,3.851,0.004,462.7,0.001,0.0,0
8485,STARLINK-3856,STARLINK-3918,8.2203,8.222,0.008,492.8,0.001,0.0,0
8486,SUPERVIEW NEO-2 03,SUPERVIEW NEO-2 04,0.5779,0.578,0.001,507.4,0.0013,0.0,0
8487,STARLINK-4800,STARLINK-31930,8.9626,8.971,0.009,466.9,0.001,0.0,0
8488,STARLINK-2315,STARLINK-3125,8.8461,8.849,0.008,479.8,0.0009,0.0,0
8489,HADES-SA (SPINNYONE),GARAI-B (UNAMUNO),7.4102,7.41,0.007,510.4,0.0009,0.0,0
8490,STARLINK-3986,STARLINK-3988,5.4012,5.401,0.005,470.2,0.0009,0.0,0
8491,TIANHUI 2-02A,TIANHUI 2-02B,0.4651,0.465,0.001,530.8,0.0015,0.0,0
8492,NUVIEW ALPHA,NUVIEW BRAVO,5.8914,5.891,0.005,35789.7,0.0008,0.0,0
8493,STARLINK-2755,STARLINK-4100,6.0504,6.05,0.005,469.6,0.0008,0.0,0
8494,STARLINK-34088,STARLINK-34030,0.665,0.665,0.001,574.6,0.0012,0.0,0
8495,PIESAT B,PIESAT D,0.3961,0.396,0.001,538.2,0.0017,0.0,0
8496,YAM-17,TRANSPORTER-17 OBJECT AM,7.6273,7.631,0.006,592.9,0.0008,0.0,0
8497,NUVIEW ALPHA,NUVIEW BRAVO,6.4331,6.58,0.005,35789.7,0.0008,0.0,0
8498,TERRASAR-X,TANDEM-X,0.2088,0.209,0.0,510.6,0.0,0.0,0
8499,TIANHUI 2-01A,TIANHUI 2-01B,0.4211,0.421,0.0,515.9,0.0,0.0,0
8500,KUIPER-00554,KUIPER-00561,5.5655,5.566,0.005,460.6,0.0009,0.0,0
8501,STARLINK-30714,STARLINK-31845,4.832,4.835,0.004,465.3,0.0008,0.0,0
8502,STARLINK-3277,STARLINK-37091,8.6248,8.631,0.007,466.1,0.0008,0.0,0
8503,PIESAT C,PIESAT D,0.2559,0.256,0.0,538.6,0.0,0.0,0
8504,STARLINK-32118,STARLINK-33648,9.2624,9.264,0.007,479.5,0.0007,0.0,0
8505,POISK,CREW DRAGON 12,0.3683,0.368,0.0,423.8,0.0,0.0,0
8506,ISS (ZARYA),CREW DRAGON 12,0.3683,0.368,0.0,423.8,0.0,0.0,0
8507,ISS (ZVEZDA),CREW DRAGON 12,0.3683,0.368,0.0,423.8,0.0,0.0,0
8508,CREW DRAGON 12,PROGRESS-MS 33,0.3683,0.368,0.0,423.8,0.0,0.0,0
8509,ISS (NAUKA),PROGRESS-MS 34,0.3683,0.368,0.0,423.8,0.0,0.0,0
8510,PROGRESS-MS 33,PROGRESS-MS 34,0.3683,0.368,0.0,423.8,0.0,0.0,0
8511,ISS (UNITY),PROGRESS-MS 34,0.3683,0.368,0.0,423.8,0.0,0.0,0
8512,ISS (NAUKA),CYGNUS NG-24,0.3683,0.368,0.0,423.8,0.0,0.0,0
8513,ISS (DESTINY),PROGRESS-MS 34,0.3683,0.368,0.0,423.8,0.0,0.0,0
8514,PROGRESS-MS 33,CYGNUS NG-24,0.3683,0.368,0.0,423.8,0.0,0.0,0
8515,ISS (UNITY),CYGNUS NG-24,0.3683,0.368,0.0,423.8,0.0,0.0,0
8516,ISS (NAUKA),CREW DRAGON 12,0.3683,0.368,0.0,423.8,0.0,0.0,0
8517,POISK,PROGRESS-MS 34,0.3683,0.368,0.0,423.8,0.0,0.0,0
8518,ISS (ZARYA),PROGRESS-MS 34,0.3683,0.368,0.0,423.8,0.0,0.0,0
8519,ISS (ZVEZDA),PROGRESS-MS 34,0.3683,0.368,0.0,423.8,0.0,0.0,0
8520,ISS (DESTINY),CYGNUS NG-24,0.3683,0.368,0.0,423.8,0.0,0.0,0
8521,ISS (UNITY),CREW DRAGON 12,0.3683,0.368,0.0,423.8,0.0,0.0,0
8522,POISK,CYGNUS NG-24,0.3683,0.368,0.0,423.8,0.0,0.0,0
8523,ISS (ZARYA),CYGNUS NG-24,0.3683,0.368,0.0,423.8,0.0,0.0,0
8524,ISS (ZVEZDA),CYGNUS NG-24,0.3683,0.368,0.0,423.8,0.0,0.0,0
8525,ISS (DESTINY),CREW DRAGON 12,0.3683,0.368,0.0,423.8,0.0,0.0,0
8526,STARLINK-4788,STARLINK-35239,7.9522,7.958,0.006,467.0,0.0007,0.0,0
8527,QIANFAN-186,QIANFAN-200,4.9153,4.916,0.004,1040.7,0.0008,0.0,0
8528,STARLINK-37950,STARLINK-37935,9.4976,9.499,0.007,450.6,0.0007,0.0,0
8529,STARLINK-32149,STARLINK-33643,9.2352,9.238,0.007,480.1,0.0007,0.0,0
8530,STARLINK-2515,STARLINK-32467,9.3577,9.364,0.007,478.8,0.0007,0.0,0
8531,NUVIEW ALPHA,NUVIEW BRAVO,7.4812,7.482,0.005,35796.9,0.0007,0.0,0
8532,STARLINK-3636,STARLINK-32024,8.3982,8.403,0.006,479.1,0.0007,0.0,0
8533,GARAI-B (UNAMUNO),TRANSPORTER-16 OBJECT BD,8.5549,8.557,0.006,513.9,0.0007,0.0,0
8534,KUIPER-00542,KUIPER-00561,4.3873,4.39,0.003,466.7,0.0007,0.0,0
8535,OPTISAT,TRANSPORTER-16 OBJECT AA,9.9209,9.921,0.007,519.0,0.0007,0.0,0
8536,STARLINK-1526,STARLINK-37244,8.1298,8.131,0.006,478.7,0.0007,0.0,0
8537,STARLINK-32038,STARLINK-32114,8.9394,9.587,0.006,479.3,0.0007,0.0,0
8538,STARLINK-4605,STARLINK-5156,7.6627,7.672,0.005,548.3,0.0006,0.0,0
8539,STARLINK-4561,STARLINK-4576,3.8894,3.889,0.003,471.8,0.0007,0.0,0
8540,USA 485,USA 486,2.2927,2.295,0.002,342.9,0.0008,0.0,0
8541,STARLINK-37561,STARLINK-37628,5.55,5.552,0.004,338.1,0.0007,0.0,0
8542,STARLINK-2479,STARLINK-35478,9.9301,9.935,0.006,469.8,0.0006,0.0,0
8543,STARLINK-34642,STARLINK-34248,9.3265,9.327,0.006,479.8,0.0006,0.0,0
8544,O3B FM7,O3B FM13,2.7322,2.733,0.002,8075.2,0.0007,0.0,0
8545,STARLINK-30274,STARLINK-32643,7.9909,7.999,0.005,478.8,0.0006,0.0,0
8546,STARLINK-35850,STARLINK-35845,9.3474,9.359,0.006,479.0,0.0006,0.0,0
8547,KUIPER-00557,KUIPER-00564,1.1031,1.104,0.001,451.8,0.0008,0.0,0
8548,STARLINK-4773,STARLINK-4745,2.6584,2.659,0.002,543.6,0.0007,0.0,0
8549,KUIPER-00522,KUIPER-00546,5.2681,5.269,0.003,463.3,0.0005,0.0,0
8550,STARLINK-34280,STARLINK-34516,8.814,8.824,0.005,477.9,0.0006,0.0,0
8551,STARLINK-35848,STARLINK-35851,8.9328,8.936,0.005,465.4,0.0005,0.0,0
8552,STARLINK-3895,STARLINK-3910,9.9486,9.96,0.006,547.2,0.0006,0.0,0
8553,STARLINK-32205,STARLINK-32158,8.0147,8.019,0.005,479.6,0.0006,0.0,0
8554,STARLINK-2675,STARLINK-4094,8.3192,8.321,0.005,477.7,0.0006,0.0,0
8555,STARLINK-1542,STARLINK-35570,4.9783,4.979,0.003,483.7,0.0006,0.0,0
8556,STARLINK-2426,STARLINK-35310,8.4505,8.456,0.005,468.6,0.0006,0.0,0
8557,STARLINK-34325,STARLINK-34276,8.3893,8.398,0.005,475.8,0.0006,0.0,0
8558,STARLINK-2594,STARLINK-34825,9.1508,9.152,0.005,471.4,0.0005,0.0,0
8559,STARLINK-32113,STARLINK-32037,8.3524,8.353,0.005,476.7,0.0006,0.0,0
8560,STARLINK-31465,STARLINK-31521,4.7515,4.753,0.003,481.8,0.0006,0.0,0
8561,STARLINK-32010,STARLINK-32142,8.414,8.416,0.005,476.5,0.0006,0.0,0
8562,STARLINK-2592,STARLINK-32737,8.2956,8.299,0.005,478.2,0.0006,0.0,0
8563,STARLINK-37199,STARLINK-37136,9.806,9.81,0.006,481.4,0.0006,0.0,0
8564,STARLINK-37914,STARLINK-37840,6.0432,6.044,0.003,368.1,0.0005,0.0,0
8565,STARLINK-2495,STARLINK-32511,7.7306,7.732,0.004,478.9,0.0005,0.0,0
8566,STARLINK-34878,STARLINK-34835,8.0873,8.095,0.005,467.7,0.0006,0.0,0
8567,STARLINK-34911,STARLINK-34885,8.3075,8.308,0.005,467.4,0.0006,0.0,0
8568,STARLINK-38001,STARLINK-37624,4.992,4.993,0.003,408.5,0.0006,0.0,0
8569,STARLINK-37513,STARLINK-37583,8.3002,8.302,0.005,470.0,0.0006,0.0,0
8570,STARLINK-34199,STARLINK-34790,8.2566,8.266,0.005,468.6,0.0006,0.0,0
8571,STARLINK-35631,STARLINK-35629,9.7483,9.752,0.005,471.5,0.0005,0.0,0
8572,STARLINK-5876,STARLINK-5955,8.3562,8.356,0.005,543.6,0.0006,0.0,0
8573,STARLINK-4629,STARLINK-4468,6.1611,6.168,0.003,549.5,0.0005,0.0,0
8574,STARLINK-34751,STARLINK-35016,8.1373,8.143,0.005,473.9,0.0006,0.0,0
8575,STARLINK-37200,STARLINK-37183,3.8121,3.814,0.002,476.4,0.0005,0.0,0
8576,STARLINK-34911,STARLINK-34602,8.2065,8.207,0.005,476.4,0.0006,0.0,0
8577,STARLINK-5449,STARLINK-5415,3.0264,3.03,0.002,473.9,0.0006,0.0,0
8578,STARLINK-37521,STARLINK-37690,2.709,2.709,0.002,391.9,0.0007,0.0,0
8579,STARLINK-35016,STARLINK-34881,7.9367,7.937,0.004,476.7,0.0005,0.0,0
8580,STARLINK-35422,STARLINK-35403,7.284,7.292,0.004,466.5,0.0005,0.0,0
8581,STARLINK-4564,STARLINK-4585,8.8168,8.817,0.005,489.9,0.0006,0.0,0
8582,STARLINK-2684,STARLINK-35069,7.6768,7.68,0.004,479.4,0.0005,0.0,0
8583,STARLINK-4555,STARLINK-4559,3.0414,3.042,0.002,473.1,0.0006,0.0,0
8584,STARLINK-32290,STARLINK-32227,9.9455,9.955,0.005,481.0,0.0005,0.0,0
8585,STARLINK-2411,STARLINK-35061,8.9963,8.997,0.005,474.8,0.0005,0.0,0
8586,STARLINK-3699,STARLINK-31996,8.2501,8.251,0.004,472.3,0.0005,0.0,0
8587,STARLINK-2379,STARLINK-3157,5.7672,5.769,0.003,474.4,0.0005,0.0,0
8588,STARLINK-5205,STARLINK-5247,4.7766,4.78,0.003,493.2,0.0006,0.0,0
8589,ICEYE-X71,ICEYE-X76,5.7684,5.769,0.003,603.7,0.0005,0.0,0
8590,STARLINK-31491,STARLINK-31465,5.3912,5.391,0.003,475.2,0.0005,0.0,0
8591,STARLINK-3700,STARLINK-32411,7.7146,7.715,0.004,477.4,0.0005,0.0,0
8592,STARLINK-34854,STARLINK-34859,7.7574,7.76,0.004,479.4,0.0005,0.0,0
8593,STARLINK-31472,STARLINK-31779,5.6723,5.672,0.003,482.2,0.0005,0.0,0
8594,STARLINK-30246,STARLINK-30323,5.1968,5.198,0.003,484.7,0.0006,0.0,0
8595,STARLINK-2105,STARLINK-32044,7.116,7.116,0.004,470.0,0.0005,0.0,0
8596,STARLINK-4799,STARLINK-35127,9.006,9.006,0.004,472.7,0.0004,0.0,0
8597,STARLINK-3658,STARLINK-3687,6.8185,6.823,0.003,469.9,0.0004,0.0,0
8598,STARLINK-30275,STARLINK-34777,9.1392,9.141,0.004,475.3,0.0004,0.0,0
8599,STARLINK-4583,STARLINK-4582,2.6778,2.68,0.001,473.9,0.0003,0.0,0
8600,GEO-KOMPSAT-2A,GEO-KOMPSAT-2B,9.9561,9.957,0.004,35791.1,0.0004,0.0,0
8601,INTELSAT 30 (IS-30),INTELSAT 31 (IS-31),7.2632,7.264,0.003,35795.9,0.0004,0.0,0
8602,GSAT-16,GSAT-29,2.7139,2.714,0.001,35797.8,0.0003,0.0,0
8603,INTELSAT 30 (IS-30),INTELSAT 31 (IS-31),7.9109,7.911,0.003,35791.8,0.0004,0.0,0
8604,STARLINK-35500,STARLINK-35531,3.6189,3.619,0.001,473.4,0.0003,0.0,0
8605,TWILIGHT-1 OBJECT B,LEMUR-2-MARIO-SOUSA,2.3911,2.391,0.001,621.1,0.0004,0.0,0
8606,O3B FM4,O3B FM10,0.1249,0.125,0.0,8065.4,0.0,0.0,0
8607,O3B PFM,O3B FM19,0.136,0.136,0.0,8075.3,0.0,0.0,0
8608,INTELSAT 39 (IS-39),LUCH-5X (OLYMP-K 2),8.88,8.879,0.001,35797.5,0.0001,0.0,0
8609,MMS 3,MMS 4,8.206,8.206,0.001,33895.3,0.0001,0.0,0
8610,MEASAT-3B,MEASAT 3D,8.6134,8.612,0.001,35798.6,0.0001,0.0,0
8611,MMS 3,MMS 4,9.2115,9.21,0.001,34340.3,0.0001,0.0,0
8612,PROBA-3 CSC,PROBA-3 OSC,0.3991,0.396,0.0,58283.5,0.0,0.0,0
8613,ISS (ZARYA),ISS (DESTINY),0.0,0.0,0.0,427.1,0.0,0.0,0
8614,CSS (WENTIAN),TIANZHOU-10,0.0,0.0,0.0,400.4,0.0,0.0,0
8615,POISK,PROGRESS-MS 33,0.0,0.0,0.0,427.1,0.0,0.0,0
8616,ISS (ZARYA),PROGRESS-MS 33,0.0,0.0,0.0,427.1,0.0,0.0,0
8617,CYGNUS NG-24,PROGRESS-MS 34,0.0,0.0,0.0,427.1,0.0,0.0,0
8618,ISS (UNITY),ISS (NAUKA),0.0,0.0,0.0,427.1,0.0,0.0,0
8619,ISS (ZVEZDA),PROGRESS-MS 33,0.0,0.0,0.0,427.1,0.0,0.0,0
8620,ISS (ZARYA),POISK,0.0,0.0,0.0,427.1,0.0,0.0,0
8621,ISS (ZVEZDA),POISK,0.0,0.0,0.0,427.1,0.0,0.0,0
8622,CSS (TIANHE),CSS (MENGTIAN),0.0,0.0,0.0,400.4,0.0,0.0,0
8623,ISS (DESTINY),ISS (NAUKA),0.0,0.0,0.0,427.1,0.0,0.0,0
8624,ISS (UNITY),ISS (ZVEZDA),0.0,0.0,0.0,427.1,0.0,0.0,0
8625,CSS (WENTIAN),SHENZHOU-23 (SZ-23),0.0,0.0,0.0,400.4,0.0,0.0,0
8626,POISK,ISS (NAUKA),0.0,0.0,0.0,427.1,0.0,0.0,0
8627,ISS (ZARYA),ISS (NAUKA),0.0,0.0,0.0,427.1,0.0,0.0,0
8628,ISS (ZVEZDA),ISS (NAUKA),0.0,0.0,0.0,427.1,0.0,0.0,0
8629,ISS (ZARYA),ISS (ZVEZDA),0.0,0.0,0.0,427.1,0.0,0.0,0
8630,CSS (MENGTIAN),TIANZHOU-10,0.0,0.0,0.0,400.4,0.0,0.0,0
8631,ISS (UNITY),ISS (DESTINY),0.0,0.0,0.0,427.1,0.0,0.0,0
8632,CSS (TIANHE),CSS (WENTIAN),0.0,0.0,0.0,400.4,0.0,0.0,0
8633,ISS (NAUKA),PROGRESS-MS 33,0.0,0.0,0.0,427.1,0.0,0.0,0
8634,CSS (WENTIAN),CSS (MENGTIAN),0.0,0.0,0.0,400.4,0.0,0.0,0
8635,CSS (MENGTIAN),SHENZHOU-23 (SZ-23),0.0,0.0,0.0,400.4,0.0,0.0,0
8636,CSS (TIANHE),TIANZHOU-10,0.0,0.0,0.0,400.4,0.0,0.0,0
8637,CREW DRAGON 12,PROGRESS-MS 34,0.0,0.0,0.0,427.1,0.0,0.0,0
8638,ISS (ZVEZDA),ISS (DESTINY),0.0,0.0,0.0,427.1,0.0,0.0,0
8639,ISS (UNITY),PROGRESS-MS 33,0.0,0.0,0.0,427.1,0.0,0.0,0
8640,TIANZHOU-10,SHENZHOU-23 (SZ-23),0.0,0.0,0.0,400.4,0.0,0.0,0
8641,ISS (UNITY),POISK,0.0,0.0,0.0,427.1,0.0,0.0,0
8642,ISS (DESTINY),PROGRESS-MS 33,0.0,0.0,0.0,427.1,0.0,0.0,0
8643,ISS (DESTINY),POISK,0.0,0.0,0.0,427.1,0.0,0.0,0
8644,CSS (TIANHE),SHENZHOU-23 (SZ-23),0.0,0.0,0.0,400.4,0.0,0.0,0
8645,CREW DRAGON 12,CYGNUS NG-24,0.0,0.0,0.0,427.1,0.0,0.0,0
8646,ISS (ZARYA),ISS (UNITY),0.0,0.0,0.0,427.1,0.0,0.0,0
8647,INTELSAT 10-02,MEV-2,0.0,0.0,0.0,35794.2,0.0,0.0,0
