rank,object_a,norad_a,object_b,norad_b,tca_utc,miss_km,coarse_miss_km,rel_speed_kms,alt_km,risk_score
1,STARLINK-31926,59879,STARLINK-33832,63637,2026-07-30 18:02:51,0.0952,7.839,7.813,491.9,100.0
2,STARLINK-34290,64929,STARLINK-37369,69529,2026-07-30 23:49:53,0.1562,0.157,7.125,474.8,91.9
3,STARLINK-5566,56133,STARLINK-30949,58415,2026-07-31 02:15:52,0.2634,0.264,7.621,485.6,86.3
4,STARLINK-30339,57882,STARLINK-35703,66970,2026-07-30 14:07:53,0.3259,7.612,7.83,486.0,83.5
5,STARLINK-30306,57633,STARLINK-33936,64005,2026-07-30 19:46:54,0.3424,7.95,7.666,485.8,82.0
6,STARLINK-31635,59511,STARLINK-34028,63973,2026-07-30 18:47:53,0.5832,9.698,9.918,487.6,78.9
7,STARLINK-30828,58671,STARLINK-34767,66507,2026-07-31 05:16:52,0.4206,7.23,7.636,485.6,78.1
8,NESS,58020,KUIPER-00608,69291,2026-07-30 21:01:52,0.7841,0.795,11.607,469.4,76.9
9,STARLINK-3057,49139,STARLINK-30769,58138,2026-07-31 02:33:52,0.902,0.904,12.417,487.8,75.7
10,STARLINK-30982,58512,STARLINK-32902,62898,2026-07-30 13:46:53,0.7247,0.726,9.738,491.5,73.8
11,STARLINK-31235,59038,STARLINK-36468,67415,2026-07-30 23:40:52,0.7599,9.902,9.931,488.1,73.3
12,STARLINK-33739,63572,STARLINK-36375,67920,2026-07-31 04:07:52,0.4518,6.325,6.432,492.2,72.0
13,STARLINK-30461,57933,STARLINK-35778,66973,2026-07-31 07:20:53,0.3196,4.843,5.07,484.7,71.7
14,STARLINK-32343,61712,STARLINK-35557,66237,2026-07-31 01:53:52,1.0573,1.074,12.226,470.1,71.6
15,2022-023D,51949,VSP RF A1,59135,2026-07-31 06:36:53,1.2312,1.251,13.897,497.0,71.6
16,STARLINK-5376,56142,STARLINK-33704,63650,2026-07-31 06:45:53,0.8355,9.807,9.826,487.8,70.9
17,STARLINK-31742,59499,STARLINK-35930,66599,2026-07-31 00:13:52,0.4838,0.491,6.451,485.2,70.8
18,STARLINK-6212,57330,STARLINK-34767,66507,2026-07-31 01:00:53,0.651,7.498,7.889,492.2,70.3
19,STARLINK-31479,59316,STARLINK-36514,67641,2026-07-30 22:29:52,0.6382,6.998,7.652,485.5,69.9
20,STARLINK-32917,62921,STARLINK-36129,66874,2026-07-30 16:57:52,0.9053,0.913,9.938,487.9,69.5
21,STARLINK-30461,57933,STARLINK-35778,66973,2026-07-30 21:08:53,0.3804,4.883,5.064,492.5,68.7
22,STARLINK-30109,56298,FLOCK 4G-10,62670,2026-07-30 17:35:52,1.4713,1.473,14.321,488.1,68.2
23,STARLINK-5361,57142,2024-153D,60748,2026-07-30 09:49:52,1.539,1.54,14.342,490.6,67.1
24,STARLINK-34482,64782,STARLINK-34817,65362,2026-07-30 20:18:54,0.7442,7.446,7.396,462.5,65.8
25,STARLINK-31191,58800,STARLINK-36107,66979,2026-07-31 07:28:53,1.0557,1.074,9.814,488.0,65.7
26,IRIDIUM 153,43078,2024-092H,59780,2026-07-30 11:53:53,0.7574,7.421,7.382,775.9,65.3
27,STARLINK-6192,56903,STARLINK-34278,64391,2026-07-31 04:14:53,0.8308,7.248,7.85,485.7,65.0
28,STARLINK-30172,57410,STARLINK-33655,63424,2026-07-30 23:13:53,1.1094,9.028,9.836,487.7,64.6
29,STARLINK-5377,56141,STARLINK-33852,63644,2026-07-31 02:34:53,1.1816,1.182,9.826,487.8,63.2
30,STARLINK-5095,56885,STARLINK-35598,66509,2026-07-30 13:51:53,0.8842,7.012,7.609,485.9,62.8
31,STARLINK-6240,57084,STARLINK-34048,63816,2026-07-30 23:30:54,0.7226,7.191,6.475,485.0,62.8
32,STARLINK-5830,57065,STARLINK-36434,67322,2026-07-31 01:35:52,1.2412,9.959,10.013,491.0,62.6
33,STARLINK-33551,62110,STARLINK-35692,66513,2026-07-31 02:18:52,1.2309,9.664,9.928,491.4,62.5
34,STARLINK-31074,58601,STARLINK-36736,67911,2026-07-31 04:05:53,0.7388,0.75,6.455,485.2,62.3
35,STARLINK-5675,55340,STARLINK-32508,62158,2026-07-30 20:57:53,1.2515,8.935,9.928,488.1,62.2
36,STARLINK-31388,59565,STARLINK-32935,63202,2026-07-30 12:07:52,0.7656,0.789,6.43,492.6,61.4
37,STARLINK-32363,61678,STARLINK-34401,64757,2026-07-31 07:47:53,1.6,1.63,11.867,472.7,61.2
38,STARLINK-6257,57088,SCS-01 D,63985,2026-07-31 05:12:53,1.4056,1.442,10.489,491.9,60.9
39,STARLINK-5716,56504,STARLINK-30980,58476,2026-07-31 00:17:53,1.3215,9.787,9.927,491.0,60.9
40,STARLINK-5020,55458,STARLINK-33928,64003,2026-07-31 01:22:49,0.2026,7.889,2.58,484.1,60.4
41,STARLINK-31277,59651,STARLINK-33852,63644,2026-07-31 04:07:53,1.2983,9.543,9.597,487.3,60.4
42,STARLINK-4609,53619,STARLINK-36177,66932,2026-07-31 02:53:53,1.2923,1.304,9.467,474.1,60.2
43,STARLINK-30258,57608,STARLINK-32508,62158,2026-07-30 22:53:53,0.8206,0.834,6.41,492.4,59.9
44,STARLINK-30762,58197,FLOCK 4G-17,62681,2026-07-30 10:08:53,1.8913,1.951,13.116,492.1,59.9
45,STARLINK-32080,59683,STARLINK-35366,66512,2026-07-31 04:53:53,0.7943,5.897,6.196,484.1,59.7
46,STARLINK-3538,51996,STARLINK-36849,68304,2026-07-30 20:03:52,1.8483,1.875,12.699,478.7,59.6
47,STARLINK-5838,57073,STARLINK-31452,59527,2026-07-30 23:41:53,1.3694,1.401,9.715,487.6,59.5
48,STARLINK-6202,56896,STARLINK-34203,64246,2026-07-30 22:26:52,1.4209,8.662,9.839,487.8,59.0
49,STARLINK-33710,63434,STARLINK-34731,65029,2026-07-31 04:34:52,1.778,1.786,11.991,468.0,59.0
50,STARLINK-30427,57865,STARLINK-32532,62156,2026-07-31 01:20:52,1.353,7.916,9.32,487.0,58.7
51,STARLINK-30787,58128,STARLINK-36087,66854,2026-07-30 23:33:52,1.4666,1.474,9.95,491.2,58.6
52,LEMUR-2-TOMATOKECHUP,60471,KUIPER-00573,69627,2026-07-30 16:28:53,1.8551,1.887,12.266,455.5,58.6
53,STARLINK-6207,56900,STARLINK-32361,61933,2026-07-30 08:41:53,1.4966,8.725,10.028,488.1,58.3
54,STARLINK-3670,52106,STARLINK-37272,68726,2026-07-31 05:39:54,1.0181,7.84,7.195,474.7,58.3
55,ION SCV-017,63230,STARLINK-34767,66507,2026-07-31 02:31:53,2.1862,2.298,14.063,492.2,58.3
56,STARLINK-5432,54848,STARLINK-30505,57972,2026-07-31 05:03:52,1.5027,1.539,9.932,491.5,58.0
57,STARLINK-30755,58186,STARLINK-36734,67988,2026-07-30 20:00:51,1.1152,8.177,7.599,492.2,57.8
58,STARLINK-2627,48687,HAWK-11C,62381,2026-07-30 21:59:52,0.9497,5.651,6.618,471.9,57.7
59,STARLINK-5948,55991,STARLINK-33722,63571,2026-07-31 03:35:53,1.133,1.144,7.642,492.3,57.6
60,STARLINK-4263,53010,STARLINK-34547,64777,2026-07-30 17:05:53,1.7703,1.77,11.052,475.4,57.0
61,STARLINK-31587,59570,STARLINK-35533,66429,2026-07-31 02:38:52,1.173,6.534,7.672,485.0,56.9
62,STARLINK-6171,56883,STARLINK-36553,67506,2026-07-31 06:56:53,1.5072,8.134,9.469,487.0,56.7
63,STARLINK-31887,59839,STARLINK-35515,66488,2026-07-31 04:59:51,0.9538,7.378,6.387,492.6,56.7
64,STARLINK-30583,58086,STARLINK-36595,67639,2026-07-31 07:01:53,0.7212,0.737,5.077,485.1,56.5
65,STARLINK-2105,47385,SITRO-AIS 8 (ANOKHIN),57193,2026-07-30 22:11:52,2.4788,2.5,14.738,477.9,56.5
66,FORMOSAT 7-6,44353,STARLINK-33985,63943,2026-07-31 03:20:52,1.6508,1.719,10.061,583.3,56.2
67,STARLINK-31116,58947,KUIPER-00615,69774,2026-07-30 19:09:52,1.534,1.585,9.366,483.8,56.0
68,STARLINK-34042,63838,STARLINK-36180,67114,2026-07-30 19:00:51,1.225,7.771,7.672,491.9,56.0
69,STARLINK-5668,55350,STARLINK-32532,62156,2026-07-31 02:57:52,1.6571,8.547,9.928,487.7,55.8
70,STARLINK-6372,57348,STARLINK-32765,62747,2026-07-31 00:30:53,1.2493,6.586,7.655,485.9,55.5
71,STARLINK-2110,47389,STARLINK-3754,52350,2026-07-31 04:47:52,2.1187,2.151,12.227,468.7,55.4
72,STARLINK-32686,62192,STARLINK-34090,63976,2026-07-31 05:22:53,1.2537,6.449,7.629,485.2,55.3
73,2025-155V,64895,STARLINK-36611,67830,2026-07-31 00:24:54,1.1308,8.134,6.979,490.2,55.3
74,STARLINK-5377,56141,STARLINK-36425,67467,2026-07-30 19:53:52,0.7783,4.998,5.083,492.1,55.1
75,STARLINK-4197,52849,STARLINK-31689,59567,2026-07-30 16:57:52,1.9934,2.109,11.35,489.7,54.9
76,STARLINK-31563,59190,STARLINK-34154,63995,2026-07-31 02:10:54,1.277,8.124,7.638,486.0,54.9
77,S-NET C,43189,IRIDE FM4,66698,2026-07-31 01:21:52,2.7047,2.705,14.99,521.6,54.9
78,STARLINK-5724,56427,STARLINK-35582,66537,2026-07-30 16:50:53,1.3556,1.393,7.857,485.7,54.3
79,STARLINK-5682,55457,STARLINK-32660,62205,2026-07-31 06:57:54,1.0281,6.217,6.124,484.7,54.0
80,STARLINK-3839,52480,NASBSAT-1,67289,2026-07-31 01:20:52,2.7113,2.716,14.388,491.5,53.8
81,STARLINK-5386,54834,STARLINK-36070,66864,2026-07-31 02:49:53,1.861,8.469,10.114,488.4,53.6
82,STARLINK-4148,53293,STARLINK-35207,65500,2026-07-31 05:46:51,1.3713,9.012,7.695,462.8,53.6
83,STARLINK-5107,54826,STARLINK-30880,58232,2026-07-31 05:10:53,1.8462,1.934,10.019,491.6,53.6
84,STARLINK-32105,59689,STARLINK-32662,62215,2026-07-31 06:30:52,1.8516,1.875,10.022,488.1,53.5
85,STARLINK-5808,56927,STARLINK-36150,67031,2026-07-30 15:10:54,0.8394,5.79,5.038,484.5,53.3
86,STARLINK-6225,57092,STARLINK-35770,66977,2026-07-31 05:24:54,1.0663,6.633,6.133,484.5,53.3
87,STARLINK-4609,53619,STARLINK-34245,64193,2026-07-31 02:23:53,2.3122,2.313,12.134,471.9,53.2
88,STARLINK-6126,56124,STARLINK-34113,64010,2026-07-31 01:19:52,1.8788,9.908,10.027,488.1,53.2
89,STARLINK-32619,62074,STARLINK-35223,65494,2026-07-30 09:49:53,1.3723,1.427,7.55,475.3,53.1
90,STARLINK-6272,56420,STARLINK-35833,66542,2026-07-31 03:50:54,1.4512,9.052,7.901,492.3,53.0
91,STARLINK-30357,57750,STARLINK-36513,67429,2026-07-30 23:12:54,0.8555,9.327,5.038,492.6,52.9
92,FLOCK 4G-17,62681,STARLINK-33586,63073,2026-07-30 13:16:53,2.5106,2.519,12.913,492.0,52.9
93,STARLINK-31434,59215,JINJUSAT-1B,63210,2026-07-30 15:22:52,2.3113,2.418,11.861,475.2,52.7
94,STARLINK-30456,57943,STARLINK-37168,68766,2026-07-30 10:49:52,2.9305,3.1,14.677,472.2,52.5
95,STARLINK-5061,54847,STARLINK-35438,66347,2026-07-30 19:12:53,1.5296,6.611,8.084,485.6,52.4
96,STARLINK-32376,61707,STARLINK-35883,66892,2026-07-31 01:41:52,1.4094,1.428,7.518,475.8,52.4
97,STARLINK-30140,57458,STARLINK-36714,67924,2026-07-30 08:57:52,1.4409,1.446,7.605,492.0,52.2
98,STARLINK-32104,59695,STARLINK-32692,62422,2026-07-30 19:01:52,1.4659,7.396,7.648,485.6,51.9
99,STARLINK-4535,53392,STARLINK-34106,63907,2026-07-30 22:57:52,1.862,8.419,9.459,489.7,51.9
100,STARLINK-5850,57049,STARLINK-36223,67126,2026-07-30 22:30:54,0.8997,5.655,5.038,484.4,51.9
101,STARLINK-33923,63786,STARLINK-36537,67516,2026-07-30 14:47:53,1.5188,1.527,7.869,492.0,51.9
102,VIGORIDE-3,52760,STARLINK-31902,59666,2026-07-31 04:16:52,1.622,7.649,8.302,485.3,51.8
103,FLOCK 4G-31,62652,STARLINK-35571,66089,2026-07-30 16:48:52,2.8133,2.814,13.728,489.1,51.8
104,STARLINK-30796,58189,STARLINK-34193,64011,2026-07-31 05:59:52,1.9822,9.099,9.923,488.2,51.7
105,STARLINK-5765,57147,STARLINK-36214,67129,2026-07-30 16:32:53,1.4769,6.445,7.622,492.2,51.7
106,STARLINK-31055,58539,STARLINK-36665,68968,2026-07-31 06:00:53,2.4531,2.625,12.002,467.9,51.6
107,STARLINK-31018,58635,STARLINK-32458,61962,2026-07-30 16:26:52,1.5411,1.556,7.861,485.8,51.5
108,STARLINK-30225,57449,STARLINK-32535,62119,2026-07-30 23:01:53,1.9004,9.359,9.44,487.1,51.4
109,VSP ROSE,59124,STARLINK-33809,63508,2026-07-30 08:58:52,3.0233,3.087,14.384,477.5,51.2
110,STARLINK-31508,59503,STARLINK-36125,67036,2026-07-30 09:36:51,0.935,5.922,5.037,484.6,51.1
111,STARLINK-3755,52307,STARLINK-37380,69182,2026-07-30 12:50:53,2.5651,2.58,12.224,469.1,51.0
112,STARLINK-30149,57516,STARLINK-36080,66801,2026-07-31 03:36:52,1.5985,6.804,7.904,485.9,50.9
113,STARLINK-31374,59404,STARLINK-35522,66341,2026-07-30 22:06:53,2.1061,8.978,10.108,488.2,50.8
114,SKYSAT-C12,43797,STARLINK-37974,69699,2026-07-30 15:31:53,3.2958,3.36,15.184,425.0,50.6
115,STARLINK-30516,57984,STARLINK-35507,66327,2026-07-30 15:05:53,2.0662,2.167,9.835,488.0,50.6
116,STARLINK-37742,69241,STARLINK-37265,69548,2026-07-30 15:53:52,3.1502,3.187,14.474,478.1,50.5
117,STARLINK-32246,60432,STARLINK-37077,68169,2026-07-31 07:27:54,0.964,9.045,5.028,462.0,50.4
118,STARLINK-3726,52122,STARLINK-36703,67650,2026-07-30 23:59:52,2.4688,2.473,11.483,465.3,50.4
119,STARLINK-31958,59924,STARLINK-34083,63908,2026-07-30 17:08:52,2.0935,8.782,9.825,488.1,50.2
120,STARLINK-3326,50844,STARLINK-37179,68618,2026-07-30 23:51:53,3.2043,3.206,14.567,477.4,50.2
121,STARLINK-5400,54861,STARLINK-35986,66853,2026-07-30 21:16:53,2.0726,8.289,9.716,487.5,50.2
122,STARLINK-32274,60922,STARLINK-32343,61712,2026-07-30 15:44:53,2.6691,2.775,12.218,472.3,50.1
123,STARLINK-30769,58138,STARLINK-35118,66858,2026-07-31 05:40:52,2.1548,2.178,10.02,488.0,50.1
124,STARLINK-31071,58602,STARLINK-35426,66441,2026-07-30 20:25:54,1.597,8.158,7.639,485.4,50.1
125,STARLINK-37172,68395,STARLINK-37314,68740,2026-07-30 22:03:52,2.1173,9.862,9.847,480.5,50.0
126,STARLINK-31238,58853,STARLINK-32582,62033,2026-07-31 03:44:59,0.1148,9.166,1.325,484.1,49.8
127,STARLINK-6366,57380,STARLINK-32448,62206,2026-07-31 05:56:51,0.9952,9.944,5.031,492.6,49.8
128,STARLINK-32025,60138,STARLINK-37270,68727,2026-07-30 17:37:51,1.554,8.609,7.363,462.7,49.7
129,STARLINK-3628,51783,STARLINK-37737,69227,2026-07-30 16:37:52,3.3229,3.347,14.757,477.0,49.7
130,STARLINK-32099,59697,STARLINK-34986,66446,2026-07-31 05:02:53,2.1704,8.715,9.928,487.7,49.7
131,STARLINK-34861,66368,STARLINK-37018,68103,2026-07-31 06:23:53,2.8089,2.826,12.589,478.9,49.7
132,STARLINK-30362,57745,STARLINK-34149,64140,2026-07-31 03:16:52,1.6431,7.736,7.669,491.9,49.5
133,STARLINK-31928,59897,STARLINK-33886,63681,2026-07-31 06:54:52,1.6562,5.951,7.69,485.7,49.4
134,LEMUR-2-DELOITTE-1,63259,STARLINK-36279,67193,2026-07-31 03:58:52,1.9705,6.956,8.983,574.2,49.4
135,STARLINK-5799,56002,STARLINK-35932,66526,2026-07-31 00:57:52,2.1758,7.471,9.83,487.7,49.4
136,STARLINK-4797,53852,STARLINK-31045,58541,2026-07-30 15:05:53,2.751,2.752,12.167,483.4,49.3
137,STARLINK-30604,58075,STARLINK-36090,66855,2026-07-30 16:07:54,1.6661,8.953,7.652,485.2,49.2
138,STARLINK-31143,58770,STARLINK-37438,69526,2026-07-31 03:58:54,0.9134,8.585,4.544,462.0,49.1
139,STARLINK-30394,57810,STARLINK-34112,63969,2026-07-30 16:43:51,1.0443,5.225,5.06,491.9,49.0
140,STARLINK-4046,52842,STARLINK-31876,59938,2026-07-31 02:05:53,2.382,8.3,10.478,486.3,48.9
141,STARLINK-5367,55501,STARLINK-36076,66588,2026-07-30 21:26:52,1.3759,6.258,6.388,492.0,48.9
142,STARLINK-31046,58552,STARLINK-34790,65690,2026-07-30 19:58:53,1.6564,6.713,7.519,462.8,48.9
143,STARLINK-3112,49421,STARLINK-32133,60333,2026-07-31 00:52:53,2.816,2.825,12.176,478.9,48.8
144,STARLINK-35397,65825,STARLINK-35521,65916,2026-07-31 05:07:52,1.714,1.714,7.722,474.8,48.8
145,STARLINK-32802,62738,STARLINK-32957,63124,2026-07-30 23:17:53,2.2335,2.408,9.814,487.7,48.8
146,STARLINK-32128,60272,STARLINK-37795,69311,2026-07-30 10:58:53,3.152,3.191,13.484,479.2,48.7
147,STARLINK-35303,65860,STARLINK-37212,68566,2026-07-31 03:56:53,1.4935,5.814,6.801,474.6,48.7
148,STARLINK-5937,56922,STARLINK-32778,62603,2026-07-30 20:21:53,2.3177,2.336,10.107,490.9,48.7
149,STARLINK-31101,58737,STARLINK-35582,66537,2026-07-30 09:51:53,1.0612,1.067,5.061,492.5,48.7
150,STARLINK-31909,59663,STARLINK-36660,67848,2026-07-30 20:43:53,2.1899,2.191,9.585,487.4,48.6
151,STARLINK-31936,59875,STARLINK-33535,63417,2026-07-31 06:17:53,2.2288,2.316,9.739,487.1,48.6
152,FLOCK 4G-36,62675,STARLINK-35402,66079,2026-07-31 05:10:51,1.2401,6.465,5.77,482.1,48.6
153,STARLINK-2364,47904,STARLINK-36395,67554,2026-07-30 15:56:52,3.3868,3.441,14.358,471.2,48.6
154,STARLINK-5778,57149,STARLINK-33893,64253,2026-07-30 15:31:54,1.0698,9.054,5.076,492.4,48.6
155,WEILAI 1R,44884,STARLINK-6044,56479,2026-07-30 22:12:52,3.5845,3.587,15.063,578.7,48.5
156,STARLINK-4519,53439,STARLINK-36206,66930,2026-07-30 17:42:52,2.5111,2.516,10.783,463.6,48.4
157,STARLINK-31583,59369,STARLINK-32740,62754,2026-07-30 11:05:51,1.7274,8.948,7.666,485.7,48.4
158,STARLINK-2637,48356,STARLINK-37495,68841,2026-07-30 17:15:53,3.5092,3.525,14.729,478.7,48.4
159,STARLINK-31333,58971,STARLINK-35134,65641,2026-07-30 11:25:50,0.3405,4.445,2.145,461.8,48.4
160,STARLINK-35829,66350,STARLINK-37252,68622,2026-07-31 04:27:53,3.1838,3.206,13.399,468.6,48.3
161,STARLINK-31069,58607,STARLINK-36410,67337,2026-07-30 20:38:54,1.0864,6.134,5.093,484.7,48.3
162,STARLINK-32361,61933,STARLINK-33951,63803,2026-07-31 06:36:53,2.187,2.217,9.442,486.7,48.3
163,STARLINK-4049,52840,STARLINK-37763,69217,2026-07-30 19:04:52,3.396,3.576,14.214,467.4,48.3
164,STARLINK-32134,60300,STARLINK-37333,69174,2026-07-31 03:35:52,2.8521,9.178,12.04,468.1,48.2
165,STARLINK-30354,57772,STARLINK-32102,59699,2026-07-31 08:06:52,2.2661,2.333,9.705,491.8,48.2
166,STARLINK-5111,56146,SARI-2,66669,2026-07-30 13:28:52,3.2352,3.357,13.495,492.7,48.1
167,STARLINK-35561,66105,STARLINK-36972,68072,2026-07-31 08:25:52,1.6627,1.772,7.31,474.9,48.1
168,STARLINK-32502,62116,STARLINK-35754,67054,2026-07-31 03:06:52,1.8095,1.811,7.872,485.7,48.1
169,STARLINK-30471,57932,STARLINK-35787,66978,2026-07-30 15:44:51,1.0958,6.076,5.069,484.6,48.0
170,STARLINK-31498,59189,STARLINK-35762,67172,2026-07-31 04:31:52,2.317,9.551,9.835,487.6,48.0
171,STARLINK-5330,55282,STARLINK-34697,64791,2026-07-31 02:24:52,2.3757,7.514,10.059,584.0,48.0
172,STARLINK-30165,57457,STARLINK-31462,59466,2026-07-31 07:45:51,1.0934,6.155,5.05,493.0,48.0
173,STARLINK-35201,65664,STARLINK-37005,68107,2026-07-30 17:36:53,2.3279,2.51,9.85,480.4,47.9
174,DAMPE,41173,STARLINK-31689,59567,2026-07-30 15:53:53,2.2318,9.216,9.437,484.1,47.8
175,STARLINK-31248,58840,ALTAIR (RS65S),61779,2026-07-30 11:06:53,3.5959,3.695,14.717,467.1,47.8
176,STARLINK-31816,59742,STARLINK-33744,63471,2026-07-30 19:55:53,1.4571,5.151,6.419,485.0,47.8
177,HULIANWANG DIGUI-109,66919,HULIANWANG DIGUI-158,68132,2026-07-30 21:48:52,1.8335,1.908,7.876,1151.0,47.8
178,STARLINK-30083,56295,STARLINK-32622,61927,2026-07-31 02:30:52,1.8211,1.853,7.826,492.3,47.8
179,STARLINK-5585,57333,STARLINK-35878,67178,2026-07-30 14:58:54,1.1112,9.57,5.07,484.7,47.8
180,STARLINK-5678,55460,STARLINK-31077,58637,2026-07-30 13:38:54,1.8405,9.049,7.878,492.3,47.7
181,STARLINK-32083,60343,2025-108F,64092,2026-07-30 09:14:53,3.5547,3.563,14.486,486.0,47.7
182,STARLINK-6144,56894,STARLINK-35466,66457,2026-07-30 14:02:52,2.4259,2.586,10.104,488.3,47.6
183,STARLINK-36879,67982,STARLINK-37680,69240,2026-07-31 08:13:52,3.6327,3.854,14.73,471.9,47.6
184,PELICAN-1,58296,STARLINK-11552 [DTC],62907,2026-07-31 00:58:53,3.0841,3.084,12.608,356.3,47.6
185,STARLINK-35222,65677,STARLINK-37890,69533,2026-07-30 22:50:53,1.6776,6.374,7.199,462.2,47.6
186,STARLINK-6133,57134,STARLINK-35685,67128,2026-07-30 20:55:51,1.7946,8.908,7.63,485.4,47.5
187,STARLINK-30111,56302,STARLINK-5839,57051,2026-07-30 23:55:52,1.8559,2.032,7.857,492.3,47.5
188,STARLINK-36944,68029,STARLINK-37788,69338,2026-07-30 21:42:52,2.3755,2.38,9.84,480.5,47.5
189,STARLINK-31573,59334,STARLINK-36771,67928,2026-07-31 06:19:53,1.1337,1.176,5.085,492.4,47.4
190,STARLINK-6344,56520,STARLINK-32714,62499,2026-07-31 03:11:53,1.4971,5.222,6.465,484.6,47.4
191,STARLINK-5789,56003,STARLINK-35962,66518,2026-07-30 18:34:53,2.3804,2.526,9.825,491.2,47.4
192,STARLINK-30331,57740,COSMOS 2601,67675,2026-07-30 23:49:53,2.9276,3.073,11.905,492.3,47.4
193,STARLINK-30310,57733,STARLINK-32769,62602,2026-07-31 04:14:52,1.8601,7.547,7.838,492.0,47.4
194,STARLINK-3965,52550,STARLINK-37757,69244,2026-07-31 02:41:53,3.005,3.058,12.16,467.9,47.3
195,STARLINK-4642,53720,STARLINK-34795,65684,2026-07-30 19:33:52,1.7476,6.221,7.388,463.0,47.3
196,STARLINK-32869,62859,STARLINK-37888,69535,2026-07-31 06:39:54,1.6927,8.331,7.167,462.4,47.3
197,STARLINK-6141,57112,STARLINK-33928,64003,2026-07-30 15:05:51,1.4913,7.616,6.396,492.4,47.2
198,STARLINK-30164,57500,STARLINK-35996,66800,2026-07-30 20:47:52,1.8757,6.84,7.846,491.9,47.2
199,STARLINK-4546,53422,STARLINK-35585,66170,2026-07-30 20:09:52,1.7071,7.234,7.191,475.1,47.2
200,STARLINK-5641,55359,STARLINK-36957,67989,2026-07-31 04:11:53,1.9527,6.907,8.107,485.7,47.1
201,STARLINK-2082,47367,STARLINK-4426,53484,2026-07-30 13:40:52,3.5932,3.596,14.251,482.3,47.1
202,STARLINK-2575,48396,STARLINK-36868,68120,2026-07-31 01:46:52,3.6023,3.607,14.211,481.6,47.0
203,STARLINK-5556,55385,STARLINK-36048,66603,2026-07-31 07:39:53,1.8964,1.927,7.833,485.8,46.9
204,LYNK TOWER 5,59121,STARLINK-37620,69214,2026-07-30 17:51:53,3.3414,3.639,13.219,464.1,46.9
205,STARLINK-6299,57358,STARLINK-32618,62045,2026-07-31 03:51:51,0.169,1.49,1.376,483.9,46.9
206,YAOGAN-14,38257,STARLINK-31020,58509,2026-07-31 01:26:53,1.8864,1.887,7.775,488.0,46.9
207,STARLINK-4258,53180,STARLINK-36741,67727,2026-07-30 18:19:52,2.2901,8.664,9.276,478.7,46.9
208,STARLINK-31630,59271,STARLINK-35342,66181,2026-07-30 14:32:54,1.8681,8.761,7.702,475.2,46.9
209,STARLINK-30462,57902,STARLINK-34135,63964,2026-07-31 05:11:53,2.4117,2.514,9.726,487.7,46.9
210,STARLINK-32958,63563,STARLINK-33909,63804,2026-07-30 18:30:52,1.9093,2.058,7.827,491.8,46.8
211,STARLINK-6100,57125,STARLINK-31701,59582,2026-07-31 00:47:51,2.0377,8.999,8.301,486.8,46.8
212,STARLINK-32748,62524,STARLINK-33718,63476,2026-07-31 07:35:52,0.7564,0.812,3.543,484.4,46.7
213,STARLINK-5675,55340,STARLINK-32508,62158,2026-07-31 07:09:53,2.4804,2.584,9.923,491.0,46.7
214,STARLINK-2045,47353,STARLINK-37789,69495,2026-07-31 02:23:52,3.8166,4.014,14.758,477.3,46.5
215,STARLINK-32360,61007,STARLINK-37518,69259,2026-07-30 14:41:54,1.6492,8.478,6.794,462.4,46.5
216,STARLINK-6253,57083,STARLINK-34115,63972,2026-07-31 01:30:52,1.5535,1.618,6.438,485.0,46.5
217,STARLINK-31252,59083,STARLINK-32765,62747,2026-07-31 06:44:52,1.4891,1.49,6.195,485.2,46.5
218,STARLINK-5937,56922,STARLINK-32764,62570,2026-07-31 01:53:52,2.4502,7.117,9.717,487.6,46.5
219,STARLINK-3776,52288,STARLINK-34943,65366,2026-07-30 22:01:53,1.1675,3.832,5.012,475.1,46.5
220,STARLINK-6187,56546,STARLINK-30269,57528,2026-07-31 06:22:53,2.4562,9.36,9.725,487.3,46.5
221,STARLINK-33820,63584,STARLINK-36341,67918,2026-07-31 02:42:53,1.5411,5.217,6.368,492.7,46.4
222,STARLINK-34481,65104,STARLINK-35392,65823,2026-07-30 15:29:53,1.6673,1.689,6.814,462.9,46.4
223,JILIN-1 GAOFEN 3A,44312,GHGSAT-C3,52737,2026-07-30 21:15:52,3.3237,3.68,12.833,468.4,46.3
224,STARLINK-5691,55478,STARLINK-34135,63964,2026-07-30 22:55:53,2.502,9.437,9.84,487.9,46.3
225,STARLINK-5238,54188,STARLINK-37465,68847,2026-07-31 05:32:52,3.7913,4.175,14.528,478.0,46.3
226,STARLINK-4763,53805,2024-174D,61241,2026-07-30 22:40:52,3.0461,9.32,11.805,470.6,46.3
227,STARLINK-36204,68549,STARLINK-37818,69333,2026-07-30 20:00:52,3.8606,3.978,14.75,471.6,46.3
228,STARLINK-30242,57739,STARLINK-34190,64078,2026-07-30 18:01:54,1.1859,5.607,5.028,492.2,46.2
229,STARLINK-30315,57708,STARLINK-33910,63916,2026-07-31 08:00:53,1.1935,3.873,5.041,492.2,46.2
230,STARLINK-30991,58484,STARLINK-32684,62194,2026-07-31 07:13:53,2.604,2.705,10.116,488.5,46.1
231,STARLINK-5089,56148,STARLINK-36483,67330,2026-07-31 04:39:53,2.5532,8.689,9.914,491.4,46.1
232,STARLINK-36787,68094,STARLINK-37472,69172,2026-07-31 06:05:54,1.8938,9.52,7.534,462.5,46.1
233,FLOCK 4G-29,62642,STARLINK-35980,66600,2026-07-30 21:16:52,1.992,7.788,7.874,490.9,46.0
234,STARLINK-31578,59321,STARLINK-33816,63677,2026-07-31 05:05:53,2.6396,7.917,10.172,488.3,45.9
235,STARLINK-30460,57870,STARLINK-36521,67507,2026-07-31 02:39:55,0.5208,5.249,2.581,492.6,45.9
236,STARLINK-5485,57261,STARLINK-35354,66477,2026-07-30 13:58:52,1.9374,2.054,7.646,492.1,45.9
237,STARLINK-3999,52704,STARLINK-35208,65854,2026-07-30 12:58:53,2.9981,3.008,11.414,472.0,45.9
238,STARLINK-31330,58951,STARLINK-35971,66895,2026-07-30 21:25:52,1.9599,6.031,7.673,474.8,45.7
239,STARLINK-30997,58482,STARLINK-31868,59783,2026-07-31 03:56:53,2.5738,9.847,9.84,487.6,45.7
240,STARLINK-30230,57503,STARLINK-33647,63411,2026-07-31 03:00:51,2.0215,8.905,7.88,492.0,45.7
241,STARLINK-30925,58406,STARLINK-31728,59496,2026-07-31 02:54:52,1.5456,1.584,6.183,492.3,45.7
242,STARLINK-31812,59800,STARLINK-36652,67839,2026-07-31 04:41:53,1.231,1.255,5.052,492.6,45.6
243,STARLINK-30780,58140,STARLINK-35775,67038,2026-07-31 03:36:54,1.963,8.836,7.629,492.6,45.6
244,STARLINK-4002,52612,HAWK-13C,67393,2026-07-30 18:05:52,3.8272,3.939,14.175,508.4,45.5
245,STARLINK-31140,58767,STARLINK-37897,69531,2026-07-31 02:53:50,1.0882,9.134,4.533,475.0,45.5
246,STARLINK-30501,57917,STARLINK-30819,58179,2026-07-31 03:20:53,2.7587,7.503,10.405,489.7,45.5
247,STARLINK-11259 [DTC],60721,STARLINK-11385 [DTC],62014,2026-07-30 17:56:54,1.9329,8.094,7.496,371.9,45.5
248,FOX-1CLIFF (AO-95),43770,STARLINK-32935,63202,2026-07-30 14:38:53,2.9668,2.999,11.089,483.1,45.4
249,STARLINK-6311,56537,STARLINK-32502,62116,2026-07-31 03:26:53,1.9147,6.697,7.386,485.3,45.3
250,STARLINK-32690,62453,STARLINK-37044,68247,2026-07-31 05:12:52,1.1693,3.767,4.775,476.2,45.3
251,ASTROCAST-0402,55109,STARLINK-36102,66849,2026-07-30 20:46:52,2.324,7.093,8.8,493.2,45.3
252,STARLINK-5567,55377,STARLINK-32949,63145,2026-07-30 12:03:53,1.2524,1.382,5.053,492.3,45.3
253,STARLINK-30226,57497,STARLINK-36044,66799,2026-07-30 16:59:52,2.0618,5.842,7.852,486.1,45.2
254,STARLINK-31028,58516,STARLINK-36538,67512,2026-07-30 14:48:52,2.6855,7.335,10.016,488.0,45.2
255,STARLINK-31962,59936,STARLINK-33840,63682,2026-07-30 19:17:52,1.2599,1.302,5.066,484.7,45.2
256,STARLINK-32877,62960,STARLINK-35557,66237,2026-07-30 23:05:51,1.2535,8.687,5.022,475.3,45.1
257,STARLINK-30508,57979,STARLINK-36183,67173,2026-07-31 05:41:52,0.8279,2.938,3.549,484.4,45.1
258,STARLINK-31953,59898,STARLINK-34292,64390,2026-07-30 23:41:53,1.259,1.378,5.037,492.3,45.1
259,STARLINK-31004,58528,STARLINK-34181,64144,2026-07-31 05:35:57,0.4646,9.381,2.291,484.3,45.0
260,NETSAT-1,46506,STARLINK-34438,65876,2026-07-30 14:29:53,3.7908,9.507,13.749,474.7,45.0
261,STARLINK-33933,63784,STARLINK-36556,67642,2026-07-31 04:20:52,2.022,2.037,7.643,485.6,45.0
262,STARLINK-3708,52111,STARLINK-37093,68194,2026-07-30 23:38:52,3.3386,3.347,12.162,470.3,45.0
263,STARLINK-37175,68401,STARLINK-37230,68730,2026-07-31 05:45:52,2.6737,8.868,9.847,480.7,44.9
264,STARLINK-5372,54838,STARLINK-36137,67033,2026-07-31 01:49:52,2.0429,6.627,7.673,492.1,44.9
265,STARLINK-6279,56411,STARLINK-32623,62152,2026-07-30 12:34:52,0.4821,0.488,2.334,484.1,44.9
266,STARLINK-6242,56424,STARLINK-35928,66528,2026-07-30 20:25:53,2.0985,8.052,7.85,492.1,44.8
267,STARLINK-5698,55623,STARLINK-30900,58423,2026-07-30 16:14:52,1.2808,1.284,5.053,484.8,44.8
268,STARLINK-33567,62773,STARLINK-34334,64273,2026-07-31 06:47:53,3.3068,9.038,11.952,468.0,44.8
269,STARLINK-2364,47904,STARLINK-36395,67554,2026-07-30 15:09:53,4.0063,4.042,14.332,480.8,44.8
270,STARLINK-4576,53566,STARLINK-35019,65513,2026-07-30 17:32:52,3.3459,3.348,12.076,468.1,44.8
271,STARLINK-2214,48566,COSMOS 2588,64095,2026-07-30 18:18:53,2.7503,2.757,10.03,484.7,44.7
272,STARLINK-30149,57516,STARLINK-36080,66801,2026-07-30 17:24:52,2.1257,2.377,7.897,492.0,44.7
273,SHIYAN-27 OBJECT E,63603,QIANFAN-167,69384,2026-07-30 20:28:52,3.8359,9.695,13.697,1044.6,44.7
274,STARLINK-30287,57709,STARLINK-34114,63905,2026-07-31 04:37:53,1.307,3.692,5.109,492.3,44.7
275,YAOGAN-28,41026,STARLINK-35906,67112,2026-07-31 01:39:52,3.126,3.155,11.264,493.7,44.6
276,STARLINK-2591,48361,STARLINK-37496,69297,2026-07-31 07:15:52,4.1482,4.151,14.725,478.5,44.6
277,STARLINK-6245,57079,STARLINK-32740,62754,2026-07-30 20:14:54,1.2928,9.955,5.054,484.8,44.6
278,STARLINK-34537,64778,STARLINK-37117,68212,2026-07-30 19:25:52,4.1522,4.492,14.723,475.1,44.6
279,STARLINK-3999,52704,STARLINK-37275,68725,2026-07-30 22:40:52,2.9652,2.972,10.688,463.3,44.6
280,STARLINK-3777,52294,STARLINK-35714,66214,2026-07-30 21:14:52,2.8004,2.801,10.13,465.6,44.6
281,STARLINK-5290,54157,JILIN GAOFEN OBJECT C,68693,2026-07-30 17:04:52,4.1172,4.363,14.575,550.4,44.6
282,STARLINK-31733,59486,STARLINK-35711,66595,2026-07-31 00:49:53,1.7102,4.744,6.444,492.4,44.5
283,STARLINK-5209,54061,STARLINK-37057,68161,2026-07-30 20:15:53,4.0653,4.075,14.353,478.7,44.5
284,STARLINK-3184,51143,STARLINK-35573,66116,2026-07-30 15:24:54,1.9764,9.381,7.323,475.2,44.5
285,STARLINK-35951,66619,STARLINK-37151,68290,2026-07-31 02:13:52,3.4345,8.992,12.22,470.0,44.5
286,STARLINK-3986,52623,STARLINK-4084,52657,2026-07-30 15:28:53,2.9066,2.913,10.442,484.1,44.5
287,2023-085Y,57026,STARLINK-32305,61523,2026-07-31 07:40:53,3.8744,4.164,13.681,461.4,44.4
288,STARLINK-33648,63371,STARLINK-34865,65200,2026-07-31 06:15:53,2.5565,2.611,9.255,464.7,44.4
289,STARLINK-31543,59402,STARLINK-33820,63584,2026-07-30 17:35:51,2.0858,9.868,7.674,492.1,44.4
290,YAOGAN-36 03B,54374,OTTER PUP 2,64537,2026-07-31 04:23:53,3.6095,3.7,12.788,507.4,44.4
291,STARLINK-4426,53484,STARLINK-5117,54172,2026-07-31 07:37:53,3.3988,9.738,12.049,465.0,44.4
292,STARLINK-31843,59722,STARLINK-33773,63713,2026-07-31 02:43:52,2.1222,2.188,7.763,470.7,44.3
293,STARLINK-33857,64195,STARLINK-37381,68774,2026-07-30 19:03:52,3.3936,3.459,12.002,481.7,44.3
294,STARLINK-6250,57230,STARLINK-33535,63417,2026-07-30 21:15:53,1.7164,4.564,6.397,492.3,44.3
295,STARLINK-5971,56917,STARLINK-32579,61922,2026-07-31 06:25:52,2.7816,9.648,9.939,487.6,44.3
296,STARLINK-5803,56008,STARLINK-32628,62122,2026-07-31 01:18:53,1.7378,6.226,6.458,485.0,44.3
297,STARLINK-6263,56549,STARLINK-33651,63588,2026-07-30 14:56:54,2.1655,9.782,7.857,492.2,44.2
298,STARLINK-5516,57253,STARLINK-36957,67989,2026-07-30 14:59:52,0.5955,0.613,2.637,492.3,44.1
299,STARLINK-30941,58475,STARLINK-32564,61924,2026-07-30 10:17:52,2.768,3.098,9.831,487.9,44.1
300,STARLINK-32402,61708,STARLINK-35287,65754,2026-07-30 12:21:53,3.1176,8.918,10.965,466.8,44.1
301,STARLINK-30330,57636,STARLINK-36521,67507,2026-07-31 00:37:52,2.748,2.77,9.743,487.9,44.1
302,STARLINK-32907,63095,ICEYE-X72,68504,2026-07-30 21:46:53,4.3552,4.715,15.05,583.0,44.1
303,STARLINK-31817,59731,STARLINK-32567,61930,2026-07-31 02:36:53,2.1309,2.349,7.681,485.7,44.0
304,STARLINK-6149,57122,STARLINK-36601,67618,2026-07-31 07:33:53,2.7875,2.806,9.84,488.0,44.0
305,STARLINK-5036,53917,STARLINK-36877,67896,2026-07-30 18:45:52,4.0902,4.117,14.061,481.4,43.9
306,STARLINK-6169,56889,STARLINK-30918,58365,2026-07-30 21:27:52,2.1281,5.242,7.622,485.8,43.8
307,STARLINK-30702,57955,STARLINK-37649,69202,2026-07-30 09:12:53,2.005,6.193,7.218,463.8,43.8
308,STARLINK-4364,53230,OOV-CUBE (TUBSAT-30),60240,2026-07-30 22:37:53,4.3219,4.82,14.769,563.6,43.8
309,STARLINK-32094,59696,STARLINK-32739,62498,2026-07-30 22:11:52,2.7056,3.06,9.48,487.6,43.8
310,STARLINK-34241,64229,STARLINK-34760,65359,2026-07-30 17:36:53,3.1998,3.219,11.074,475.4,43.7
311,STARLINK-4443,53508,STARLINK-36365,67666,2026-07-31 01:25:53,2.9708,8.82,10.319,480.7,43.7
312,STARLINK-3607,51809,STARLINK-37713,69212,2026-07-31 01:30:53,4.3346,4.593,14.757,474.0,43.7
313,ICESAT-2,43613,STARLINK-34097,63903,2026-07-30 10:21:53,3.9904,4.049,13.63,491.6,43.7
314,STARLINK-2683,48462,STARLINK-34952,65197,2026-07-30 14:26:53,4.3024,4.618,14.638,480.1,43.7
315,STARLINK-36296,68380,GUOWANG TEST OBJECT D,69323,2026-07-30 18:12:52,4.3309,4.436,14.707,469.5,43.6
316,TIANMU-1 15,58700,STARLINK-33604,63070,2026-07-30 20:07:52,2.0658,6.099,7.344,487.5,43.6
317,STARLINK-5762,55590,STARLINK-32878,62892,2026-07-30 15:18:54,0.889,3.865,3.529,484.7,43.6
318,STARLINK-32173,60586,STARLINK-36242,68958,2026-07-31 05:28:53,1.1414,4.277,4.343,475.1,43.6
319,STARLINK-32240,60438,STARLINK-36247,68245,2026-07-30 19:09:52,2.0784,6.127,7.376,475.0,43.6
320,STARLINK-35438,66347,STARLINK-35834,66570,2026-07-31 08:12:52,2.7748,9.203,9.627,486.7,43.6
321,STARLINK-31168,58798,STARLINK-36139,66966,2026-07-30 16:14:53,2.8409,3.025,9.841,486.9,43.6
322,STARLINK-31164,58733,STARLINK-32557,62127,2026-07-30 11:25:54,2.1499,8.406,7.601,486.1,43.6
323,LEMUR-2-PETERG,42841,STARLINK-35723,66211,2026-07-31 05:11:53,3.7823,3.932,12.877,473.4,43.6
324,STARLINK-6363,57375,STARLINK-33620,63069,2026-07-30 19:23:52,2.1709,2.449,7.658,485.5,43.5
325,STARLINK-31819,59738,STARLINK-32624,61926,2026-07-31 04:40:53,2.2284,2.229,7.84,485.4,43.5
326,STARLINK-31167,58744,STARLINK-32731,62493,2026-07-31 02:04:53,2.8756,7.037,9.925,487.8,43.5
327,STARLINK-31170,58801,STARLINK-34292,64390,2026-07-31 05:15:47,0.212,7.776,1.327,484.2,43.5
328,STARLINK-30377,57825,STARLINK-36595,67639,2026-07-30 22:39:52,2.1663,6.318,7.614,492.0,43.4
329,STARLINK-31840,60127,STARLINK-34980,65258,2026-07-30 11:21:52,4.3694,4.388,14.702,474.6,43.4
330,STARLINK-6294,57225,STARLINK-31452,59527,2026-07-31 08:10:53,1.7205,1.936,6.172,492.5,43.4
331,STARLINK-5556,55385,STARLINK-36048,66603,2026-07-30 21:27:54,2.2368,8.465,7.827,491.9,43.4
332,STARLINK-3355,50808,STARLINK-3986,52623,2026-07-31 01:40:52,2.952,8.16,10.113,473.7,43.4
333,STARLINK-6236,56422,STARLINK-35924,66516,2026-07-30 10:49:53,2.2469,5.311,7.851,492.0,43.4
334,STARLINK-5414,54809,STARLINK-37802,69318,2026-07-31 00:35:52,4.1561,4.161,13.975,477.4,43.4
335,DAMPE,41173,STARLINK-36626,67603,2026-07-31 00:16:53,2.1034,7.489,7.387,480.5,43.4
336,STARLINK-4021,53149,STARLINK-36295,68667,2026-07-31 07:42:53,4.2984,4.657,14.392,468.2,43.3
337,STARLINK-30511,57978,STARLINK-36951,67990,2026-07-30 18:46:52,1.3876,5.147,5.074,484.8,43.3
338,HAWK-7A,56191,STARLINK-30942,58441,2026-07-31 02:27:52,4.1496,4.536,13.884,493.6,43.3
339,STARLINK-3652,51991,STARLINK-37078,68174,2026-07-31 07:42:53,3.5,9.169,11.81,466.3,43.3
340,STARLINK-32093,59701,STARLINK-36653,67842,2026-07-31 01:37:52,2.9706,3.276,10.117,491.0,43.2
341,STARLINK-5013,55492,STARLINK-31860,59670,2026-07-31 07:01:53,1.3959,1.562,5.089,484.6,43.2
342,STARLINK-34928,65195,STARLINK-35543,66201,2026-07-31 06:50:53,4.2477,4.604,14.15,481.5,43.2
343,STARLINK-35027,65466,STARLINK-35128,65628,2026-07-31 01:57:54,1.3668,5.222,4.98,462.2,43.2
344,STARLINK-31025,58634,STARLINK-32764,62570,2026-07-30 22:44:53,2.8172,6.94,9.572,487.3,43.1
345,STARLINK-3736,52113,STARLINK-37730,69303,2026-07-30 21:41:53,3.2653,3.286,10.988,465.7,43.1
346,STARLINK-5654,55366,STARLINK-35699,66557,2026-07-31 06:46:52,1.4174,3.909,5.127,484.5,43.1
347,YAOGAN-35 02A,52907,STARLINK-30552,57999,2026-07-30 15:26:53,2.3737,2.599,8.144,487.7,43.1
348,STARLINK-6316,57335,MISR-C-2,68633,2026-07-31 01:25:53,3.4558,8.333,11.565,492.4,43.1
349,STARLINK-34172,64173,STARLINK-37252,68622,2026-07-30 19:23:52,3.4411,3.487,11.518,468.1,43.1
350,STARLINK-34446,65495,STARLINK-37706,69127,2026-07-30 20:50:53,3.1608,3.357,10.616,477.4,43.0
351,STARLINK-31315,58884,STARLINK-34611,64918,2026-07-30 16:02:53,1.3678,1.442,4.943,475.1,43.0
352,STARLINK-31385,58985,STARLINK-33727,63719,2026-07-31 06:32:53,2.1757,6.921,7.472,462.6,42.9
353,STARLINK-30500,58076,STARLINK-32715,62569,2026-07-30 15:31:52,2.9616,3.303,9.922,490.9,42.9
354,CSTP 1.2 (STC 1.2),57186,STARLINK-37477,68912,2026-07-30 19:12:53,4.1337,4.148,13.593,482.1,42.9
355,STARLINK-31320,58886,STARLINK-35553,66120,2026-07-30 17:17:54,2.26,9.988,7.695,462.6,42.8
356,STARLINK-2637,48356,STARLINK-36813,67892,2026-07-30 20:02:52,3.4228,3.526,11.332,482.3,42.8
357,POLYITAN-1,40042,STARLINK-35316,65742,2026-07-31 00:13:53,4.3289,4.777,14.16,474.1,42.8
358,STARLINK-30971,58443,STARLINK-36624,67636,2026-07-30 21:36:53,2.3008,7.468,7.813,492.1,42.8
359,STARLINK-32331,61623,STARLINK-33984,63830,2026-07-31 06:43:50,0.219,3.759,1.308,484.4,42.7
360,HORS 5,67283,EYCORE-1,69011,2026-07-31 06:28:53,4.6471,4.651,15.089,511.4,42.7
361,STARLINK-30385,57778,STARLINK-36979,67996,2026-07-30 23:24:52,2.8802,2.939,9.586,486.8,42.7
362,STARLINK-30214,57411,STARLINK-34159,63952,2026-07-31 08:04:52,1.7637,1.864,6.107,492.4,42.7
363,STARLINK-31334,59157,STARLINK-35891,67045,2026-07-31 06:50:52,1.7742,1.827,6.132,485.0,42.6
364,STARLINK-31819,59738,STARLINK-32624,61926,2026-07-30 18:28:53,2.3241,6.44,7.832,492.3,42.6
365,STARLINK-35855,66891,STARLINK-37929,69557,2026-07-30 10:51:53,4.5057,4.506,14.593,467.1,42.6
366,STARLINK-31879,59937,STARLINK-32778,62603,2026-07-30 23:16:51,1.3365,5.48,4.764,492.4,42.6
367,STARLINK-2479,48136,STARLINK-4415,53465,2026-07-30 13:21:53,3.8251,3.827,12.457,481.6,42.6
368,STARLINK-33711,63404,STARLINK-36726,67925,2026-07-30 23:16:53,2.948,7.638,9.738,488.0,42.5
369,STARLINK-5842,56491,BRO-22,69504,2026-07-31 02:11:52,4.656,4.704,15.021,581.5,42.5
370,STARLINK-31976,59887,STARLINK-35834,66570,2026-07-31 00:54:52,2.984,6.819,9.836,487.8,42.5
371,STARLINK-5960,56920,STARLINK-36179,67119,2026-07-30 23:16:54,2.3498,9.641,7.868,492.3,42.5
372,STARLINK-3558,52119,STARLINK-35109,65642,2026-07-31 07:07:52,3.6303,9.732,11.81,471.4,42.5
373,STARLINK-2433,47841,STARLINK-3859,52470,2026-07-30 17:28:52,3.6921,3.759,11.992,480.9,42.4
374,STARLINK-4489,53542,STARLINK-31245,58891,2026-07-31 07:32:53,3.7178,3.891,12.07,470.7,42.4
375,STARLINK-30358,57879,STARLINK-36927,67941,2026-07-30 13:16:53,2.2761,7.548,7.628,492.1,42.4
376,STARLINK-5768,57145,STARLINK-35935,66527,2026-07-30 10:12:53,0.2297,1.127,1.323,492.4,42.4
377,STARLINK-36805,68116,STARLINK-37403,68788,2026-07-30 21:31:53,2.8443,2.963,9.358,480.6,42.4
378,STARLINK-5581,55373,STARLINK-33789,63657,2026-07-30 23:58:52,1.0472,1.07,3.833,484.6,42.4
379,STARLINK-1394,45679,STARLINK-11738 [DTC],64375,2026-07-31 01:37:52,2.9543,3.061,9.692,357.3,42.4
380,STARLINK-30715,57941,STARLINK-33727,63719,2026-07-31 00:29:53,3.7029,3.853,11.99,468.2,42.4
381,STARLINK-31639,59261,STARLINK-36938,68124,2026-07-30 10:10:53,2.7755,8.443,9.133,481.9,42.4
382,STARLINK-4431,53486,STARLINK-34526,64481,2026-07-30 23:17:52,4.59,4.594,14.698,472.5,42.4
383,STARLINK-31632,59326,STARLINK-35511,66344,2026-07-30 23:57:51,0.2077,1.331,1.251,483.4,42.4
384,STARLINK-6252,56555,STARLINK-34026,63842,2026-07-30 17:52:53,3.0384,3.418,9.93,488.0,42.3
385,STARLINK-2643,48367,STARLINK-37759,69223,2026-07-30 18:26:53,4.6001,5.02,14.715,479.2,42.3
386,STARLINK-32086,59703,STARLINK-35474,66437,2026-07-30 20:13:53,3.0377,3.048,9.924,491.1,42.3
387,STARLINK-33593,62780,TEVEL2-1,63217,2026-07-30 11:39:53,3.4723,3.572,11.252,461.2,42.3
388,STARLINK-4431,53486,STARLINK-35633,66162,2026-07-31 07:36:53,4.322,4.914,13.853,475.0,42.3
389,STARLINK-31261,59084,STARLINK-34159,63952,2026-07-31 04:17:52,2.9353,3.119,9.593,487.4,42.3
390,STARLINK-30545,58000,STARLINK-32773,62571,2026-07-31 00:55:52,2.9408,3.411,9.589,487.1,42.2
391,STARLINK-3138,49430,STARLINK-37065,68083,2026-07-30 18:44:52,2.14,2.36,7.14,462.7,42.2
392,STARLINK-5357,57141,STARLINK-33820,63584,2026-07-30 16:32:52,1.4588,3.62,5.062,484.3,42.2
393,ALTAIR (RS65S),61779,STARLINK-34466,66226,2026-07-30 12:44:53,4.5567,4.607,14.503,463.1,42.2
394,STARLINK-4774,56138,STARLINK-34182,64013,2026-07-30 14:23:52,3.1156,3.568,10.107,488.5,42.2
395,STARLINK-30873,58249,STARLINK-36861,67934,2026-07-30 21:17:52,2.3008,2.451,7.622,485.5,42.2
396,STARLINK-2478,48135,STARLINK-36578,67571,2026-07-31 03:11:52,2.4902,2.626,8.195,470.7,42.2
397,STARLINK-4109,53268,STARLINK-5250,54200,2026-07-30 22:22:52,3.7643,3.781,12.072,494.0,42.2
398,AE2A,64591,STARLINK-36120,67016,2026-07-31 01:57:53,4.239,8.594,13.516,573.2,42.2
399,STARLINK-33873,63655,STARLINK-36434,67322,2026-07-31 03:42:55,0.9643,7.801,3.545,484.4,42.2
400,STARLINK-2563,48410,STARLINK-37766,69216,2026-07-30 12:28:52,4.1629,4.164,13.268,481.8,42.2
401,STARLINK-11090 [DTC],59422,STARLINK-11326 [DTC],62010,2026-07-30 15:22:54,1.5968,9.681,5.454,359.0,42.1
402,2024-092C,59775,STARLINK-31891,59854,2026-07-30 19:32:53,4.4623,4.849,14.146,492.8,42.1
403,STARLINK-5778,57149,STARLINK-32661,62899,2026-07-31 00:58:52,1.9227,4.739,6.438,492.1,42.1
404,STARLINK-5036,53917,STARLINK-36877,67896,2026-07-30 19:32:53,4.4464,4.456,14.091,469.9,42.1
405,POLYITAN-1,40042,STARLINK-3507,51753,2026-07-31 01:46:52,4.3999,4.426,13.928,475.5,42.1
406,YAM-7,60504,STARLINK-36576,67534,2026-07-30 10:22:53,4.7641,4.907,15.031,469.8,42.1
407,STARLINK-11487 [DTC],62278,STARLINK-11417 [DTC],62983,2026-07-31 02:13:52,1.4086,3.974,4.866,362.6,42.0
408,STARLINK-11075 [DTC],58706,STARLINK-11670 [DTC],64237,2026-07-30 21:32:53,3.3491,7.523,10.736,359.2,42.0
409,STARLINK-30453,57910,STARLINK-34105,63977,2026-07-30 23:08:53,3.0186,3.045,9.726,488.4,42.0
410,STARLINK-34712,64907,STARLINK-36958,68163,2026-07-30 14:27:53,4.6662,4.906,14.67,474.7,42.0
411,STARLINK-5371,55489,STARLINK-36334,67471,2026-07-30 17:21:52,2.9828,7.037,9.583,491.5,41.9
412,STARLINK-32193,60428,STARLINK-34819,65040,2026-07-30 23:53:51,2.3575,9.336,7.69,462.7,41.9
413,STARLINK-35820,66597,STARLINK-36611,67830,2026-07-31 03:26:53,3.1336,7.006,10.023,488.0,41.9
414,STARLINK-31835,59772,HERMES-4,63833,2026-07-31 05:23:52,1.9799,2.148,6.546,474.8,41.9
415,STARLINK-30478,57911,STARLINK-36214,67129,2026-07-30 12:44:52,3.1046,3.626,9.917,487.7,41.9
416,FLOCK 4G-4,62659,STARLINK-37548,69027,2026-07-30 13:12:52,4.4281,4.786,13.887,465.1,41.8
417,STARLINK-30416,57847,STARLINK-35353,65669,2026-07-30 14:44:53,3.4542,9.47,10.948,481.8,41.8
418,STARLINK-31942,59899,STARLINK-34182,64013,2026-07-30 20:36:53,2.9546,6.605,9.45,487.4,41.8
419,STARLINK-32935,63202,STARLINK-35868,66579,2026-07-31 06:54:53,2.4372,6.943,7.887,492.3,41.8
420,STARLINK-2082,47367,STARLINK-4426,53484,2026-07-30 12:53:52,4.5759,4.596,14.283,469.7,41.8
421,STARLINK-31020,58509,STARLINK-31863,59789,2026-07-30 18:19:52,2.4309,2.801,7.867,492.3,41.8
422,SHIYAN-1 (SY-1),28220,STARLINK-32158,60267,2026-07-31 04:52:53,4.7327,4.892,14.748,474.0,41.8
423,STARLINK-3857,52494,STARLINK-34205,64741,2026-07-31 04:40:53,3.2523,3.41,10.313,472.8,41.7
424,STARLINK-4652,53736,STARLINK-37890,69533,2026-07-30 21:06:53,3.7146,9.794,11.691,465.5,41.7
425,STARLINK-31396,59409,QUICK3,64558,2026-07-30 17:37:54,2.1695,8.067,7.073,487.5,41.7
426,FLOCK 4Q-4,58327,STARLINK-37535,69465,2026-07-30 09:39:52,3.9947,4.169,12.521,429.9,41.7
427,STARLINK-5043,53894,LEMUR-2-AFFIE-WAUWIE,66295,2026-07-31 06:41:52,3.5399,3.874,11.139,490.8,41.7
428,STARLINK-32186,60412,STARLINK-37056,68260,2026-07-31 06:26:54,1.4685,8.641,4.967,474.8,41.7
429,2025-180E,65263,T.MICROSAT-2,68433,2026-07-31 07:26:52,4.8434,5.385,15.011,519.7,41.7
430,STARLINK-31783,59750,STARLINK-32544,61917,2026-07-31 06:06:53,2.4339,6.558,7.833,491.9,41.6
431,BUFENG 1A,44310,STARLINK-37137,68384,2026-07-31 05:16:53,4.6587,4.707,14.444,477.8,41.6
432,STARLINK-3696,51965,STARLINK-4595,53627,2026-07-30 12:58:53,3.6874,7.791,11.555,474.4,41.6
433,STARLINK-31909,59663,STARLINK-36532,67628,2026-07-30 19:35:53,2.4468,2.523,7.865,485.7,41.6
434,STARLINK-3634,51798,STARLINK-33588,62781,2026-07-31 03:18:54,1.4268,6.309,4.831,462.0,41.6
435,SITRO-AIS 6 (CHIRKIN),57192,STARLINK-31071,58602,2026-07-30 15:27:52,2.1631,5.945,7.016,490.7,41.6
436,GNOMES-1,46266,LEMUR-2-TARTIFLETTE,66784,2026-07-31 03:54:53,4.5832,4.596,14.173,567.1,41.6
437,STARLINK-30300,57715,STARLINK-35591,66984,2026-07-31 04:47:53,2.3718,2.661,7.618,492.3,41.6
438,STARLINK-2102,47382,STARLINK-34982,65243,2026-07-30 09:00:52,4.7729,4.991,14.704,474.2,41.5
439,STARLINK-3602,51791,STARLINK-35398,66017,2026-07-30 10:50:52,2.8713,8.636,9.068,476.1,41.5
440,STARLINK-3075,49409,STARLINK-31406,59017,2026-07-30 10:23:52,3.9437,4.149,12.218,471.5,41.5
441,STARLINK-4432,53487,STARLINK-32114,60287,2026-07-30 08:37:53,4.5411,4.854,13.968,481.7,41.4
442,STARLINK-30326,57639,STARLINK-36081,67498,2026-07-30 13:01:52,3.0982,8.288,9.715,487.6,41.4
443,NUSAT-41 (C PAYNE-G),56944,STARLINK-5600,57357,2026-07-31 00:07:53,4.6313,4.642,14.223,492.2,41.4
444,STARLINK-5942,56014,HERMES-2,63243,2026-07-30 14:21:53,4.5315,4.726,13.923,490.0,41.4
445,STARLINK-6351,57240,STARLINK-32537,61923,2026-07-30 16:36:53,2.3861,2.645,7.603,485.2,41.4
446,STARLINK-32340,61008,STARLINK-37091,68191,2026-07-30 15:01:53,3.8978,4.526,12.028,472.4,41.4
447,STARLINK-31059,58596,STARLINK-35582,66537,2026-07-30 12:28:53,2.3974,6.913,7.623,485.1,41.3
448,STARLINK-6173,56385,STARLINK-33630,63477,2026-07-31 07:54:52,1.527,1.539,5.066,484.2,41.3
449,STARLINK-31036,58533,STARLINK-37077,68169,2026-07-30 19:19:52,3.8772,4.201,11.956,467.8,41.3
450,STARLINK-31969,59889,STARLINK-36903,68001,2026-07-31 03:14:52,1.9005,1.913,6.159,485.3,41.3
451,GEESAT-2 06,58910,STARLINK-35263,65597,2026-07-31 01:18:52,4.763,4.768,14.531,560.0,41.3
452,STARLINK-31485,59308,STARLINK-32086,59703,2026-07-31 02:22:53,3.3442,3.598,10.377,489.8,41.3
453,STARLINK-2423,47833,STARLINK-32632,62262,2026-07-30 21:38:50,1.0866,7.717,3.767,483.1,41.3
454,SEEDS II (CO-66),32791,STARLINK-35367,65883,2026-07-30 14:26:52,4.6762,4.754,14.275,465.2,41.3
455,LEMUR-2-PETERG,42841,STARLINK-34838,65343,2026-07-31 07:30:52,4.5722,5.387,13.97,463.0,41.3
456,STARLINK-30525,58012,STARLINK-35610,66428,2026-07-31 02:05:53,3.253,3.777,10.108,491.1,41.3
457,STARLINK-3138,49430,STARLINK-34531,64750,2026-07-31 04:54:51,2.1305,8.139,6.821,475.0,41.3
458,STARLINK-5791,57146,STARLINK-36179,67119,2026-07-30 18:07:54,2.4071,8.539,7.63,485.6,41.3
459,STARLINK-31542,59194,STARLINK-34077,64009,2026-07-30 19:33:54,2.4116,9.942,7.639,485.2,41.3
460,STARLINK-3637,51799,STARLINK-3823,52336,2026-07-30 10:10:52,3.7358,8.584,11.503,468.1,41.3
461,STARLINK-31947,59835,STARLINK-32948,63123,2026-07-30 09:09:53,2.4974,2.556,7.883,492.3,41.3
462,STARLINK-31565,59323,STARLINK-32954,63567,2026-07-31 06:53:53,1.9867,2.061,6.382,492.3,41.2
463,STARLINK-30714,57939,STARLINK-35454,66236,2026-07-30 15:18:53,3.0092,3.029,9.363,475.4,41.2
464,STARLINK-5651,55357,TIANMU-1 17,58702,2026-07-31 01:50:53,4.7301,5.517,14.346,489.9,41.2
465,STARLINK-37390,68782,STARLINK-37384,69460,2026-07-31 06:41:52,4.7926,4.902,14.516,467.8,41.1
466,STARLINK-34028,63973,STARLINK-35979,66809,2026-07-30 19:58:52,1.5428,1.543,5.066,484.7,41.1
467,STARLINK-3848,52362,STARLINK-36702,67714,2026-07-31 06:42:53,2.9954,3.0,9.288,469.3,41.1
468,STARLINK-31506,59259,SARI-2,66669,2026-07-31 06:18:53,2.649,2.769,8.277,487.1,41.1
469,STARLINK-3452,51744,STARLINK-36817,67882,2026-07-30 13:50:53,4.154,4.279,12.645,465.5,41.1
470,STARLINK-31846,60126,STARLINK-37193,68390,2026-07-30 19:02:52,3.5306,9.599,10.831,468.4,41.1
471,STARLINK-34141,64020,STARLINK-35438,66347,2026-07-30 13:24:52,3.2281,8.109,9.949,487.4,41.1
472,STARLINK-4602,53629,STARLINK-37442,68811,2026-07-30 16:50:52,4.0819,4.826,12.405,480.0,41.1
473,STARLINK-2524,48304,STARLINK-37476,68853,2026-07-30 16:46:53,3.1946,3.197,9.831,481.9,41.0
474,STARLINK-30964,58402,STARLINK-35933,66529,2026-07-31 00:06:52,3.115,6.894,9.59,487.4,41.0
475,KUZGTU 1 (RS47S),57217,STARLINK-32930,63203,2026-07-30 11:25:53,3.5597,7.49,10.84,483.4,40.9
476,STARLINK-31670,59490,KUIPER-00634,69785,2026-07-31 01:12:53,3.6259,7.093,11.024,491.8,40.9
477,STARLINK-30586,58084,STARLINK-32715,62569,2026-07-30 20:14:53,3.2753,3.505,10.011,490.9,40.9
478,STARLINK-33563,62284,STARLINK-36550,67495,2026-07-30 23:01:52,2.5309,5.176,7.862,491.8,40.9
479,STARLINK-3360,51149,STARLINK-35603,66141,2026-07-31 07:17:51,2.3644,9.981,7.373,474.8,40.9
480,2023-085V,57023,STARLINK-34605,64677,2026-07-30 12:23:53,4.8032,5.69,14.357,474.3,40.8
481,STARLINK-2408,47823,STARLINK-37591,69033,2026-07-30 16:02:52,4.2328,4.353,12.719,469.0,40.8
482,STARLINK-35060,65693,STARLINK-35542,66064,2026-07-31 08:03:54,2.8064,9.925,8.625,486.3,40.8
483,STARLINK-3292,50174,STARLINK-35153,65625,2026-07-31 08:14:54,1.3907,5.913,4.562,475.7,40.8
484,STARLINK-5172,54064,STARLINK-5728,55588,2026-07-31 06:50:52,2.7185,8.11,8.369,490.8,40.8
485,STARLINK-2474,48132,STARLINK-37432,68896,2026-07-30 20:36:52,4.9495,5.147,14.749,475.8,40.8
486,STARLINK-2524,48304,STARLINK-34124,64109,2026-07-31 02:55:52,2.3088,2.492,7.18,471.4,40.8
487,STARLINK-30439,57867,STARLINK-36474,67353,2026-07-31 02:21:53,1.553,1.762,5.015,492.0,40.8
488,STARLINK-5999,56909,STARLINK-34043,63823,2026-07-30 21:52:52,2.5335,6.971,7.819,485.9,40.8
489,STARLINK-2637,48356,STARLINK-37495,68841,2026-07-30 18:02:52,4.9543,5.037,14.738,475.4,40.8
490,STARLINK-31351,58972,STARLINK-32402,61708,2026-07-31 07:47:52,4.0352,4.443,12.098,473.5,40.7
491,STARLINK-3975,52620,STARLINK-36616,67672,2026-07-30 16:01:53,4.2732,9.304,12.776,465.9,40.7
492,LYNK TOWER 6,59123,STARLINK-37442,68811,2026-07-30 13:06:53,2.79,7.293,8.539,463.5,40.7
493,STARLINK-6106,57154,STARLINK-35906,67112,2026-07-30 18:44:53,2.473,6.254,7.629,485.7,40.7
494,STARLINK-3737,52114,KUIPER-00199,67771,2026-07-30 16:29:52,3.0095,3.065,9.159,463.4,40.7
495,STARLINK-6363,57375,STARLINK-33620,63069,2026-07-31 05:35:52,2.485,5.11,7.65,492.3,40.7
496,POLYITAN-1,40042,STARLINK-32721,62438,2026-07-31 03:21:52,4.7894,5.234,14.205,473.0,40.7
497,STARLINK-31055,58539,STARLINK-37373,68848,2026-07-31 04:47:53,4.2639,4.27,12.696,464.0,40.6
498,STARLINK-2635,48355,STARLINK-37391,68779,2026-07-30 20:48:53,4.9442,4.967,14.624,480.4,40.6
499,STARLINK-32806,62735,STARLINK-35417,66335,2026-07-31 02:58:54,1.5739,8.293,5.038,492.0,40.6
500,TIANMU-1 04,55974,STARLINK-38014,69721,2026-07-30 10:04:52,4.7953,4.902,14.175,419.8,40.6
501,TIANMU-1 09,57401,STARLINK-36425,67467,2026-07-30 12:18:53,4.6377,5.081,13.721,491.3,40.6
502,STARLINK-31852,59841,STARLINK-32891,62927,2026-07-30 18:38:52,3.2192,8.366,9.696,491.3,40.6
503,STARLINK-5450,54778,STARLINK-34294,64599,2026-07-31 05:46:52,2.3408,5.257,7.203,475.3,40.6
504,STARLINK-30349,57713,SCS-01 D,63985,2026-07-30 15:05:52,4.0551,4.066,12.05,492.2,40.5
505,STARLINK-32527,62319,STARLINK-36353,67820,2026-07-30 20:10:53,4.9642,9.824,14.62,480.6,40.5
506,STARLINK-4204,52854,STARLINK-36698,67709,2026-07-30 12:56:53,4.7277,4.728,13.949,469.3,40.5
507,RADFXSAT (FOX-1B),43017,KUIPER-00101,65947,2026-07-30 20:32:53,1.8898,4.733,5.915,639.3,40.5
508,VSP RF C1,59136,STARLINK-34912,65378,2026-07-31 05:34:53,4.6056,9.518,13.595,475.6,40.5
509,FLOCK 4G-7,62624,STARLINK-35407,66334,2026-07-30 15:05:53,4.852,5.354,14.29,486.1,40.5
510,STARLINK-3712,52090,STARLINK-36300,68303,2026-07-31 01:55:53,5.0292,5.614,14.758,473.2,40.5
511,STARLINK-32104,59695,STARLINK-32692,62422,2026-07-31 05:13:52,2.508,6.594,7.64,492.3,40.5
512,STARLINK-32094,59696,STARLINK-32739,62498,2026-07-31 08:23:53,3.162,3.57,9.475,491.5,40.4
513,STARLINK-5106,54823,STARLINK-35696,66489,2026-07-30 22:39:53,3.3253,3.791,9.931,488.1,40.4
514,STARLINK-33927,64001,STARLINK-36367,67629,2026-07-30 13:03:52,3.2844,3.284,9.814,487.8,40.4
515,STARLINK-31946,59940,STARLINK-36985,68014,2026-07-30 17:07:53,2.069,2.195,6.381,492.8,40.4
516,STARLINK-30798,58196,GEOSCAN 1 (RS92S1),64880,2026-07-30 21:04:52,4.4858,5.229,13.155,491.5,40.4
517,STARLINK-30336,57703,STARLINK-34106,63907,2026-07-30 16:24:53,1.5967,1.629,5.04,491.8,40.3
518,STARLINK-3200,49753,STARLINK-33568,62779,2026-07-30 19:45:52,4.0357,4.115,11.873,466.4,40.3
519,STARLINK-3965,52550,STARLINK-33569,62769,2026-07-31 01:03:52,4.1547,4.325,12.199,469.7,40.3
520,STARLINK-31976,59887,STARLINK-36517,67454,2026-07-31 04:27:52,2.0915,2.454,6.418,485.4,40.3
521,STARLINK-5094,53977,STARLINK-34412,66132,2026-07-31 07:48:52,4.1,4.101,12.041,466.7,40.3
522,STARLINK-5773,57074,STARLINK-36450,67317,2026-07-30 20:11:52,3.3841,3.479,10.018,488.3,40.3
523,STARLINK-34290,64929,STARLINK-37369,69529,2026-07-30 08:58:54,2.3554,9.867,7.138,462.4,40.2
524,STARLINK-31635,59511,STARLINK-34028,63973,2026-07-31 04:59:52,3.3504,3.616,9.912,491.3,40.2
525,STARLINK-34880,65327,KUIPER-00647,69790,2026-07-30 14:20:52,4.0497,8.113,11.864,466.7,40.2
526,STARLINK-30803,58157,STARLINK-37316,68673,2026-07-30 19:52:53,5.0691,5.284,14.703,474.0,40.2
527,STARLINK-3705,52103,STARLINK-4612,53750,2026-07-30 17:11:53,4.1795,4.458,12.218,469.7,40.2
528,STARLINK-35460,66328,STARLINK-35859,67185,2026-07-31 00:32:52,2.606,2.627,7.823,491.9,40.2
529,STARLINK-6308,56534,COSMOS 2606,67680,2026-07-31 01:04:53,4.8897,4.975,14.189,486.9,40.2
530,STARLINK-1573,46061,STARLINK-36382,67807,2026-07-31 07:04:52,4.6186,4.789,13.422,469.0,40.2
531,SPIP,58298,STARLINK-31044,58589,2026-07-30 21:32:52,4.8354,5.156,14.024,492.0,40.2
532,STARLINK-35209,65636,STARLINK-35733,66224,2026-07-31 07:59:54,2.4551,9.927,7.393,474.7,40.2
533,STARLINK-5999,56909,STARLINK-34043,63823,2026-07-30 11:40:53,2.6063,2.719,7.812,491.8,40.2
534,STARLINK-35391,66616,STARLINK-35990,66792,2026-07-30 23:24:51,1.6056,8.297,5.023,485.1,40.1
535,STARLINK-6074,56553,2025-012C,62727,2026-07-30 22:33:52,4.8459,4.952,14.036,493.1,40.1
536,STARLINK-5101,54822,STARLINK-35597,66493,2026-07-30 18:28:52,3.3708,3.838,9.93,488.9,40.1
537,STARLINK-32099,59697,STARLINK-35870,66572,2026-07-30 18:13:53,2.0093,4.731,6.14,485.1,40.1
538,STARLINK-35374,66194,STARLINK-37432,68896,2026-07-31 01:34:53,4.2748,9.591,12.436,481.8,40.1
539,STARLINK-31858,59658,STARLINK-32496,62051,2026-07-31 04:48:52,3.2951,9.426,9.709,487.5,40.1
540,STARLINK-35140,65501,STARLINK-37434,69252,2026-07-31 08:05:53,2.3886,4.555,7.191,461.9,40.1
541,STARLINK-6209,56877,STARLINK-32764,62570,2026-07-30 22:47:52,3.4356,5.951,10.096,488.5,40.1
542,STARLINK-5567,55377,STARLINK-34100,64385,2026-07-30 13:15:52,3.3019,3.448,9.721,491.1,40.1
543,STARLINK-31880,59661,STARLINK-36405,67921,2026-07-31 02:38:52,3.4416,6.427,10.108,490.9,40.1
544,STARLINK-5942,56014,COSMOS 2602,67676,2026-07-30 17:27:53,2.9071,6.703,8.621,491.0,40.1
545,STARLINK-31210,59033,QUICK3,64558,2026-07-31 06:16:52,2.6798,2.775,7.989,484.2,40.1
546,STARLINK-31701,59582,STARLINK-35875,67111,2026-07-30 19:49:52,3.4959,3.662,10.245,490.1,40.1
547,STARLINK-31542,59194,STARLINK-34077,64009,2026-07-31 05:45:53,2.5537,4.583,7.631,492.5,40.1
548,STARLINK-31842,59672,STARLINK-33639,63481,2026-07-31 07:01:52,3.3516,3.354,9.842,488.0,40.1
549,STARLINK-30130,56697,STARLINK-32705,62479,2026-07-31 00:18:52,2.6318,5.111,7.846,492.2,40.1
550,STARLINK-5777,56027,STARLINK-33744,63471,2026-07-30 17:59:53,3.3817,6.949,9.917,490.8,40.0
551,STARLINK-4774,56138,STARLINK-36528,67458,2026-07-30 10:52:53,1.6114,3.589,5.013,492.4,40.0
552,STARLINK-4208,52844,STARLINK-37666,69046,2026-07-30 13:13:51,2.5671,8.106,7.653,478.7,40.0
553,STARLINK-32112,60136,STARLINK-36274,68251,2026-07-31 05:23:53,0.6417,2.083,2.328,461.7,40.0
554,STARLINK-30998,58513,STARLINK-33816,63677,2026-07-30 16:20:54,2.033,8.387,6.174,484.9,40.0
555,NANOSATC-BR1,40024,STARLINK-5051,53916,2026-07-30 09:33:53,4.5276,4.535,13.07,469.4,40.0
556,PROTOMETHEE,58321,STARLINK-31456,59007,2026-07-30 14:20:53,5.0435,9.593,14.495,469.1,40.0
557,239ALFEROV (RS61S),64881,STARLINK-36613,67578,2026-07-30 23:38:53,3.6543,3.913,10.65,481.0,40.0
558,STARLINK-3777,52294,STARLINK-31996,60100,2026-07-30 20:56:52,2.7074,2.725,8.033,464.5,40.0
559,STARLINK-34047,63821,STARLINK-36726,67925,2026-07-30 23:25:53,2.0314,5.211,6.165,485.1,40.0
560,STARLINK-5720,55619,STARLINK-35479,66326,2026-07-30 20:19:53,3.371,3.603,9.828,487.8,39.9
561,STARLINK-4159,53292,STARLINK-37126,68520,2026-07-31 03:40:53,2.4754,7.452,7.363,461.2,39.9
562,2023-085V,57023,STARLINK-36923,68016,2026-07-30 10:27:53,5.2527,6.01,15.0,467.4,39.9
563,STARLINK-30930,58385,STARLINK-36694,67653,2026-07-31 02:36:53,5.1435,5.181,14.693,469.3,39.9
564,STARLINK-3246,49732,STARLINK-36856,67883,2026-07-30 15:47:53,3.8451,3.862,11.123,468.4,39.9
565,STARLINK-31838,60130,STARLINK-37403,68788,2026-07-30 21:58:53,5.1472,5.436,14.691,473.6,39.9
566,STARLINK-32763,62750,STARLINK-35980,66600,2026-07-31 06:38:51,2.6541,9.136,7.828,492.0,39.8
567,STARLINK-32384,62146,SCS-01 J,63990,2026-07-30 12:02:52,4.8393,8.024,13.821,492.1,39.8
568,STARLINK-31058,58677,STARLINK-32945,63118,2026-07-31 04:49:54,2.0427,8.477,6.151,485.0,39.8
569,STARLINK-31415,59419,STARLINK-36070,66864,2026-07-30 08:35:53,2.052,2.07,6.174,492.5,39.8
570,STARLINK-2575,48396,STARLINK-36868,68120,2026-07-31 02:33:53,4.9977,5.479,14.241,470.0,39.8
571,STARLINK-3641,51788,STARLINK-35090,65698,2026-07-31 05:28:51,0.6526,4.161,2.331,461.6,39.8
572,STARLINK-31136,58772,STARLINK-37273,68723,2026-07-30 18:53:50,0.5719,5.915,2.11,475.4,39.8
573,STARLINK-6207,56900,STARLINK-32361,61933,2026-07-30 18:53:52,3.4672,3.908,10.024,490.9,39.8
574,STARLINK-31019,58540,STARLINK-36759,68771,2026-07-30 23:59:53,4.8298,4.949,13.735,477.0,39.7
575,STARLINK-5086,54856,STARLINK-30573,58058,2026-07-31 07:39:52,2.6059,8.003,7.659,486.5,39.7
576,STARLINK-30567,58067,STARLINK-32934,63200,2026-07-31 05:56:54,1.6395,9.698,5.018,492.3,39.7
577,STARLINK-5058,55456,STARLINK-34031,63912,2026-07-31 03:43:53,3.5073,4.147,10.106,488.6,39.7
578,SITRO-AIS 14,61752,STARLINK-32602,62181,2026-07-30 15:59:52,4.2638,4.957,12.167,584.2,39.7
579,COSMOS 2550,48865,STARLINK-36335,68015,2026-07-30 20:24:52,5.323,5.6,15.049,470.8,39.7
580,EDISON-1,62610,STARLINK-35854,68214,2026-07-30 22:13:53,5.185,5.886,14.662,482.2,39.7
581,STARLINK-3737,52114,STARLINK-36251,68093,2026-07-31 05:44:53,2.692,7.327,7.874,474.8,39.7
582,STARLINK-5960,56920,STARLINK-32609,61929,2026-07-30 18:52:53,3.4833,8.923,10.027,488.1,39.7
583,STARLINK-32261,61530,STARLINK-35546,66240,2026-07-30 19:03:52,4.0433,4.085,11.542,483.6,39.7
584,STARLINK-3702,52100,STARLINK-31361,58974,2026-07-30 14:18:53,4.2711,4.335,12.16,470.3,39.7
585,STARLINK-4627,53711,STARLINK-35425,65874,2026-07-31 05:40:56,0.8823,9.618,2.942,475.2,39.6
586,SPACEMOBILE-004,61049,PULSAR-0,64541,2026-07-30 13:13:53,4.9952,5.377,14.107,507.1,39.6
587,STARLINK-3529,51724,STARLINK-32133,60333,2026-07-31 00:23:52,2.8725,6.27,8.34,475.6,39.6
588,STARLINK-3297,50159,STARLINK-37167,68732,2026-07-30 21:48:53,4.2293,5.051,12.02,465.3,39.6
589,STARLINK-3942,52563,STARLINK-37180,68333,2026-07-30 21:58:52,4.2909,8.95,12.185,467.8,39.6
590,STARLINK-3987,52699,STARLINK-34614,65030,2026-07-30 17:57:53,4.007,8.06,11.415,464.3,39.6
591,STARLINK-32694,62494,STARLINK-33729,63647,2026-07-31 07:48:52,2.1821,2.531,6.46,492.7,39.6
592,STARLINK-34258,64211,STARLINK-37646,69650,2026-07-30 22:22:52,5.1933,5.194,14.623,475.8,39.6
593,FLOCK 4G-1,62666,STARLINK-34269,64386,2026-07-31 06:28:53,4.9903,5.012,14.07,491.1,39.6
594,STARLINK-30914,58377,STARLINK-37479,68861,2026-07-30 17:27:52,5.237,5.524,14.729,474.6,39.6
595,STARLINK-30394,57810,STARLINK-31679,59519,2026-07-30 13:48:51,2.0926,8.373,6.21,492.2,39.6
596,STARLINK-30126,56694,COSMOS 2605,67679,2026-07-30 09:17:53,3.7658,4.284,10.736,484.8,39.5
597,TEVEL2-7,63238,STARLINK-37746,69230,2026-07-30 23:58:53,4.6784,5.196,13.194,482.2,39.5
598,STARLINK-6211,57059,STARLINK-33651,63588,2026-07-31 06:19:52,3.505,5.874,10.02,488.2,39.5
599,STARLINK-31517,59213,STARLINK-36970,68071,2026-07-31 01:29:50,0.7308,7.033,2.515,475.5,39.5
600,STARLINK-6082,56110,STARLINK-32937,63148,2026-07-30 19:40:52,3.4773,3.486,9.937,491.0,39.5
601,ARIRANG-5 (KOMPSAT-5),39227,YAOGAN-30 11C,49029,2026-07-31 00:45:52,2.9526,2.969,8.51,566.8,39.5
602,STARLINK-2687,48466,STARLINK-37221,68668,2026-07-30 19:29:53,5.2129,9.915,14.606,480.2,39.5
603,STARLINK-5948,55991,STARLINK-36045,66811,2026-07-30 09:01:52,1.6756,1.922,5.059,492.2,39.5
604,STARLINK-30907,58352,STARLINK-33558,63643,2026-07-30 23:46:59,0.2899,8.228,1.321,484.1,39.5
605,STARLINK-34280,64594,STARLINK-37455,69299,2026-07-30 20:50:53,5.1348,5.185,14.387,466.6,39.5
606,STARLINK-3742,52303,STARLINK-36984,68168,2026-07-31 00:52:52,4.1334,7.793,11.682,475.5,39.5
607,STARLINK-6113,56113,STARLINK-32949,63145,2026-07-31 07:16:53,3.48,3.907,9.914,491.0,39.4
608,STARLINK-37639,69146,STARLINK-37788,69338,2026-07-30 23:02:53,5.3753,5.491,15.019,479.4,39.4
609,STARLINK-31212,58875,STARLINK-35835,66569,2026-07-30 13:31:53,2.7229,2.738,7.861,485.8,39.4
610,STARLINK-4572,53692,STARLINK-36555,67497,2026-07-30 19:52:52,4.6829,5.315,13.13,492.5,39.4
611,STARLINK-37727,69481,STARLINK-37749,69651,2026-07-31 01:24:50,0.8919,7.81,2.935,480.8,39.4
612,STARLINK-6301,56392,STARLINK-36991,68011,2026-07-30 21:32:52,3.4215,4.096,9.734,487.3,39.4
613,STARLINK-30873,58249,STARLINK-36861,67934,2026-07-31 07:29:52,2.6332,5.163,7.615,492.3,39.4
614,STARLINK-32479,62148,2025-155V,64895,2026-07-31 05:17:52,4.4833,4.846,12.576,493.1,39.4
615,STARLINK-31078,58638,STARLINK-32788,62502,2026-07-31 01:13:53,3.4239,3.69,9.729,488.1,39.4
616,STARLINK-2519,48305,STARLINK-36630,67703,2026-07-30 16:48:52,5.2726,5.737,14.687,479.6,39.4
617,STARLINK-3833,52578,STARLINK-31680,59380,2026-07-30 13:49:52,3.4265,3.659,9.732,461.9,39.4
618,STARLINK-31766,59723,STARLINK-34807,65028,2026-07-31 05:52:52,4.2223,4.781,11.864,473.1,39.3
619,STARLINK-4100,53144,STARLINK-32278,60356,2026-07-30 19:49:52,3.7359,9.996,10.556,475.5,39.3
620,STARLINK-32297,61521,STARLINK-35662,66384,2026-07-30 19:18:53,2.5454,4.511,7.351,474.9,39.3
621,STARLINK-4121,53002,STARLINK-37945,69669,2026-07-30 19:53:52,3.9948,9.215,11.229,465.6,39.3
622,STARLINK-6089,56096,STARLINK-30158,57438,2026-07-31 06:32:54,2.7441,8.346,7.878,492.1,39.3
623,STARLINK-4162,53288,STARLINK-35999,66951,2026-07-30 16:03:53,4.2658,4.352,11.95,471.1,39.3
624,STARLINK-30259,57521,STARLINK-33954,63863,2026-07-30 23:47:52,2.208,4.691,6.443,485.3,39.3
625,STARLINK-3125,49451,STARLINK-35368,65830,2026-07-31 00:05:52,4.2166,9.338,11.808,468.6,39.3
626,STARLINK-4107,53287,STARLINK-32164,60271,2026-07-30 10:47:53,4.2015,4.372,11.751,468.6,39.2
627,HIBARI,49400,STARLINK-37897,69531,2026-07-31 07:01:53,5.1712,5.628,14.322,463.8,39.2
628,STARLINK-5745,55575,STARLINK-36458,67343,2026-07-31 02:20:52,3.4914,3.661,9.834,487.3,39.2
629,STARLINK-5427,54853,STARLINK-34279,64389,2026-07-31 06:29:52,1.7176,1.857,5.109,492.3,39.2
630,STARLINK-3652,51991,STARLINK-34657,64775,2026-07-31 07:37:53,4.3895,5.041,12.211,468.7,39.2
631,STARLINK-31976,59887,STARLINK-36050,66602,2026-07-31 06:33:53,2.121,3.814,6.175,492.3,39.2
632,STARLINK-34044,63846,STARLINK-34099,63959,2026-07-30 22:23:54,2.7697,8.69,7.899,492.5,39.2
633,STARLINK-32386,61213,STARLINK-35573,66116,2026-07-30 12:16:52,2.6937,5.111,7.694,475.1,39.2
634,STARLINK-6092,56121,STARLINK-33883,63781,2026-07-31 06:15:51,2.6751,8.343,7.641,485.8,39.1
635,HAWK-2C,47502,STARLINK-35214,65747,2026-07-31 00:25:52,4.9227,7.428,13.612,475.8,39.1
636,STARLINK-30501,57917,STARLINK-36627,67635,2026-07-30 13:12:53,3.7128,3.798,10.395,489.6,39.1
637,STARLINK-31182,59159,STARLINK-33814,63582,2026-07-30 10:59:52,3.5388,5.528,9.932,488.1,39.1
638,JILIN-1 GAOFEN 03D09,53445,STARLINK-11637 [DTC],63190,2026-07-31 05:41:52,5.2463,9.283,14.457,359.3,39.1
639,STARLINK-30516,57984,STARLINK-35507,66327,2026-07-31 01:17:52,3.5039,7.723,9.83,490.9,39.1
640,STARLINK-2476,48134,STARLINK-37564,68902,2026-07-30 21:57:52,5.3516,8.995,14.731,475.5,39.1
641,CAPELLA-20 (ACADIA-10),68485,TRANSPORTER-17 OBJECT F,69874,2026-07-30 12:18:52,2.5211,2.542,7.217,593.0,39.1
642,STARLINK-30073,56840,STARLINK-33628,63067,2026-07-30 19:47:53,3.5438,7.634,9.928,488.0,39.1
643,STARLINK-30955,58417,IRIS-F2,62684,2026-07-30 11:19:52,2.7875,5.054,7.921,485.9,39.1
644,STARLINK-5718,55620,STARLINK-33935,63791,2026-07-30 19:13:53,1.7239,4.56,5.098,484.7,39.1
645,STARLINK-5915,55987,STARLINK-36463,67315,2026-07-30 17:26:52,2.6865,3.245,7.648,485.4,39.1
646,STARLINK-6288,56398,STARLINK-36744,67987,2026-07-30 22:33:52,3.4639,5.902,9.705,487.8,39.1
647,STARLINK-4591,53607,STARLINK-36363,67890,2026-07-31 00:00:52,5.3331,5.346,14.64,469.2,39.0
648,STARLINK-1335,45581,FLOCK 4BE-34,60495,2026-07-30 22:23:52,5.3863,5.52,14.762,449.2,39.0
649,STARLINK-31193,58797,STARLINK-32582,62033,2026-07-31 03:35:54,2.7763,8.526,7.864,485.8,39.0
650,STARLINK-35856,67013,STRIX-6,68291,2026-07-31 00:08:52,2.0596,5.836,5.964,584.3,39.0
651,STARLINK-37295,68552,STARLINK-37617,69314,2026-07-31 05:19:53,5.3923,5.444,14.758,471.5,39.0
652,STARLINK-33844,63768,STARLINK-36617,67634,2026-07-30 20:44:52,2.7152,3.207,7.689,485.6,39.0
653,STARLINK-34616,66320,STARLINK-36038,66804,2026-07-30 15:08:52,2.7756,4.669,7.843,491.9,39.0
654,STARLINK-3452,51744,STARLINK-35133,65535,2026-07-30 11:25:52,4.6402,4.87,12.758,478.5,39.0
655,STARLINK-31164,58733,STARLINK-35924,66516,2026-07-31 00:14:52,1.7246,1.932,5.067,484.5,38.9
656,STARLINK-6200,56897,STARLINK-35894,66500,2026-07-30 11:30:53,2.7089,5.853,7.659,485.9,38.9
657,STARLINK-30113,56291,2025-313Q,67262,2026-07-30 18:27:53,5.2158,5.83,14.256,492.4,38.9
658,STARLINK-6072,56806,ICEYE-X51,63257,2026-07-30 21:38:53,5.462,5.839,14.902,581.7,38.9
659,STARLINK-3184,51143,CUAVA-2,60527,2026-07-30 23:09:52,3.9163,8.113,10.832,475.0,38.9
660,STARLINK-3736,52113,STARLINK-36634,67593,2026-07-30 10:50:53,4.8479,4.943,13.277,465.9,38.9
661,STARLINK-3182,51469,DB SKYFORGE CORE TU,68445,2026-07-30 13:54:53,5.3861,6.187,14.691,520.4,38.9
662,STARLINK-31609,59269,STARLINK-35735,66231,2026-07-31 04:13:53,1.7008,3.262,4.997,475.2,38.9
663,STARLINK-2613,48353,STARLINK-36882,67980,2026-07-30 21:35:52,5.3913,9.746,14.698,479.3,38.9
664,STARLINK-35265,65748,STARLINK-36945,68050,2026-07-31 05:38:52,2.6197,2.653,7.409,462.0,38.9
665,STARLINK-2519,48305,STARLINK-36630,67703,2026-07-30 17:35:52,5.3971,5.957,14.701,474.0,38.9
666,STARLINK-3558,52119,STARLINK-4568,53622,2026-07-31 03:49:53,4.3867,7.136,12.043,465.5,38.9
667,SUOMI-100,43804,STARLINK-30512,57976,2026-07-30 12:52:54,2.617,9.007,7.395,487.4,38.9
668,STARLINK-33899,63799,STARLINK-36412,67518,2026-07-30 22:21:54,2.7978,9.647,7.869,491.7,38.9
669,STARLINK-35095,65425,STARLINK-37842,69487,2026-07-30 09:29:53,3.0613,7.936,8.557,481.6,38.9
670,2024-094C,59807,CAS500-2,69013,2026-07-30 23:38:52,5.5436,5.692,15.06,519.2,38.8
671,STARLINK-31018,58635,STARLINK-32701,62510,2026-07-30 14:25:53,3.5136,5.517,9.73,487.8,38.8
672,S-NET B,43187,FLOCK 4H-10,66713,2026-07-30 12:35:53,5.5245,5.68,14.995,521.9,38.8
673,STARLINK-2611,48364,STARLINK-35144,65538,2026-07-30 13:19:52,4.8787,5.318,13.302,481.6,38.8
674,STARLINK-31521,59015,NUSAT-48 (HENRIETTA LE*),60498,2026-07-31 07:20:53,5.3821,5.553,14.611,480.2,38.8
675,STARLINK-30353,58113,SARI-2,66669,2026-07-31 03:11:52,3.3949,3.435,9.409,487.4,38.8
676,STARLINK-31114,58766,STARLINK-35497,66241,2026-07-31 07:53:53,3.0419,3.736,8.478,487.2,38.8
677,STARLINK-5896,55930,ICEYE-X48,63253,2026-07-31 08:07:53,5.5586,6.754,15.058,582.1,38.8
678,STARLINK-3977,52640,STARLINK-37851,69658,2026-07-30 09:50:53,3.8096,3.876,10.48,480.3,38.8
679,STARLINK-2110,47389,STARLINK-32885,62958,2026-07-31 02:29:53,4.45,8.223,12.15,469.2,38.8
680,STARLINK-31257,59079,STARLINK-34134,63899,2026-07-30 10:28:53,3.4702,5.242,9.589,487.5,38.8
681,STARLINK-6250,57230,STARLINK-33535,63417,2026-07-31 07:27:53,2.2514,2.307,6.403,485.0,38.8
682,SUPERVIEW-1 03,43099,STARLINK-37106,68219,2026-07-31 00:06:52,5.382,7.879,14.573,481.6,38.8
683,STARLINK-32087,59702,STARLINK-35219,66443,2026-07-31 07:38:53,3.6015,5.702,9.924,491.0,38.8
684,STARLINK-31842,59672,STARLINK-32554,62136,2026-07-31 03:33:53,2.7988,3.413,7.828,492.4,38.8
685,STARLINK-5572,55378,STARLINK-36140,67034,2026-07-30 14:08:52,2.2885,3.774,6.487,492.3,38.7
686,ION SCV-011,56957,STARLINK-31615,59413,2026-07-31 05:08:53,4.0345,4.123,11.037,486.3,38.7
687,SEEDS II (CO-66),32791,STARLINK-37250,68609,2026-07-30 12:28:52,5.5201,7.707,14.908,480.5,38.7
688,STARLINK-32750,62572,STARLINK-33782,64332,2026-07-31 03:47:52,3.7812,3.972,10.372,488.8,38.7
689,FALCONSAT-10,58291,STARLINK-36219,67125,2026-07-31 05:38:53,5.1682,8.558,13.979,492.1,38.7
690,STARLINK-31000,58488,STARLINK-36610,67637,2026-07-30 22:10:53,2.2609,2.582,6.405,492.0,38.7
691,FLOCK 4G-11,62629,STARLINK-35447,66589,2026-07-31 06:08:53,2.7866,3.057,7.77,491.0,38.7
692,STARLINK-30160,57441,STARLINK-33558,63643,2026-07-30 13:25:52,2.8237,2.899,7.866,492.1,38.7
693,STARLINK-2683,48462,STARLINK-34952,65197,2026-07-30 13:39:53,5.4353,6.085,14.656,472.9,38.7
694,STARLINK-36965,68961,STARLINK-37519,69298,2026-07-31 06:53:53,3.7432,9.9,10.25,478.8,38.7
695,STARLINK-30403,57813,STARLINK-36556,67642,2026-07-31 04:40:52,2.732,2.948,7.621,485.4,38.7
696,STARLINK-6331,57351,STARLINK-35933,66529,2026-07-31 06:04:55,0.8233,5.84,2.659,484.2,38.6
697,STARLINK-32339,61640,STARLINK-33866,63653,2026-07-31 08:01:53,3.6564,6.097,10.019,491.0,38.6
698,STARLINK-6305,56394,STARLINK-32536,61925,2026-07-30 16:21:51,2.8477,9.202,7.914,485.6,38.6
699,STARLINK-32389,61549,STARLINK-37463,68854,2026-07-30 23:36:53,5.3972,5.429,14.531,467.8,38.6
700,STARLINK-2740,48690,STARLINK-35181,65666,2026-07-30 14:32:52,4.8951,4.996,13.227,468.7,38.6
701,STARLINK-35945,66925,STARLINK-36330,67737,2026-07-30 12:35:52,5.312,5.317,14.307,466.6,38.6
702,STARLINK-2107,47723,MESON-1,59131,2026-07-30 08:54:53,5.4566,5.458,14.682,483.8,38.6
703,STARLINK-2474,48132,STARLINK-37432,68896,2026-07-30 21:23:52,5.4799,6.076,14.742,478.5,38.6
704,STARLINK-30325,57717,STARLINK-32915,63152,2026-07-30 08:34:53,2.7553,3.139,7.666,492.2,38.6
705,STARLINK-30039,57468,STARLINK-36370,67937,2026-07-31 03:30:52,3.6302,6.682,9.935,488.3,38.6
706,STARLINK-34400,64463,STARLINK-37861,69552,2026-07-30 19:08:52,4.2404,4.241,11.514,468.6,38.6
707,STARLINK-34992,65412,STARLINK-36830,68110,2026-07-30 14:20:52,4.7616,5.511,12.866,481.8,38.6
708,EZIE-B,63250,STARLINK-34014,63942,2026-07-30 08:45:53,5.5946,8.54,15.025,579.2,38.6
709,STARLINK-5701,55487,STARLINK-35884,67044,2026-07-30 19:11:54,1.7416,7.114,5.034,492.9,38.6
710,STARLINK-31087,58597,STARLINK-33840,63682,2026-07-30 19:39:52,3.541,9.096,9.699,487.8,38.6
711,STARLINK-5608,55353,STARLINK-31665,59655,2026-07-30 14:22:53,2.8401,3.189,7.878,492.1,38.6
712,STARLINK-34915,65187,STARLINK-36831,67864,2026-07-30 17:00:53,5.4961,5.523,14.761,473.5,38.6
713,STARLINK-2371,47911,HIBARI,49400,2026-07-30 11:49:53,3.8177,6.546,10.405,483.9,38.6
714,2025-155V,64895,STARLINK-35334,66450,2026-07-31 03:31:52,2.4977,5.268,6.985,489.4,38.6
715,STARLINK-31861,59906,STARLINK-35778,66973,2026-07-30 22:11:53,2.7681,2.855,7.681,485.7,38.6
716,STARLINK-3297,50159,GUOWANG TEST OBJECT A,69320,2026-07-31 02:14:52,4.3142,7.744,11.669,467.9,38.5
717,STARLINK-32921,62920,STARLINK-36476,67314,2026-07-31 03:31:53,3.7846,5.585,10.298,488.6,38.5
718,STARLINK-2673,48649,STARLINK-37533,69130,2026-07-31 00:02:52,4.8439,5.123,13.036,481.4,38.5
719,STARLINK-4719,53774,STARLINK-35702,66876,2026-07-30 23:47:53,3.2797,3.436,8.989,490.6,38.5
720,STARLINK-30566,58054,STARLINK-31428,59367,2026-07-31 01:36:53,3.4138,9.288,9.316,493.4,38.5
721,STARLINK-4285,52991,UTMN 2 (RS27S),57203,2026-07-30 09:24:52,4.4582,9.614,12.008,478.3,38.5
722,STARLINK-5622,55358,STARLINK-35835,66569,2026-07-31 08:27:54,1.2937,4.794,3.849,484.7,38.5
723,STARLINK-31821,59737,STARLINK-32460,61914,2026-07-30 13:53:52,2.8416,3.237,7.833,491.9,38.5
724,STARLINK-3133,49416,STARLINK-4470,53655,2026-07-31 00:05:52,5.4395,5.732,14.515,470.3,38.4
725,EDISON-1,62610,STARLINK-37466,69038,2026-07-30 21:29:53,5.1746,6.004,13.825,465.3,38.4
726,STARLINK-32166,60257,STARLINK-37398,69249,2026-07-31 03:45:53,2.6068,6.345,7.218,462.8,38.4
727,ION SCV-022,66682,STARLINK-35660,67003,2026-07-30 15:59:52,5.6453,5.839,15.027,583.7,38.4
728,STARLINK-31732,60099,STARLINK-36719,67648,2026-07-30 13:44:52,5.3958,5.423,14.382,467.1,38.4
729,STARLINK-3859,52470,STARLINK-35133,65535,2026-07-31 06:37:52,5.3429,7.103,14.242,468.8,38.4
730,STARLINK-5164,54178,STARLINK-36392,68115,2026-07-31 03:43:53,4.3733,4.381,11.748,477.8,38.4
731,JILIN-1 GAOFEN 03D47,54692,NUSAT-35 (WILLIAMINA),55048,2026-07-30 12:14:52,4.8978,5.289,13.09,463.0,38.4
732,STARLINK-3818,52340,NUSHSAT1,63211,2026-07-30 21:46:53,5.4907,6.217,14.61,461.6,38.4
733,STARLINK-34612,64773,STARLINK-36818,67879,2026-07-31 01:03:53,5.373,5.526,14.306,477.3,38.4
734,QUICK3,64558,STARLINK-36289,67827,2026-07-30 16:08:52,5.2332,5.739,13.946,484.9,38.4
735,STARLINK-30333,57702,STARLINK-32902,62898,2026-07-30 10:40:53,3.7391,3.82,10.107,491.1,38.4
736,STARLINK-4575,53565,STARLINK-31233,58826,2026-07-30 14:25:52,4.1821,4.384,11.241,472.5,38.4
737,STARLINK-6218,57368,COSMOS 2607,67681,2026-07-30 09:57:53,4.7205,9.709,12.622,486.0,38.4
738,KUIPER-00209,67776,KUIPER-00521,68891,2026-07-30 09:43:53,3.4428,5.721,9.343,631.0,38.4
739,2023-189A,58502,STARLINK-37431,68812,2026-07-31 08:27:52,5.6855,6.161,15.084,481.4,38.4
740,2024-153B,60746,STARLINK-36916,68022,2026-07-30 17:38:52,5.6612,9.93,15.012,481.1,38.3
741,STARLINK-31256,59161,STARLINK-36501,67327,2026-07-30 09:31:53,3.6417,4.747,9.834,488.0,38.3
742,STARLINK-3712,52090,STARLINK-34818,65238,2026-07-31 00:45:53,4.1675,7.521,11.179,479.1,38.3
743,STARLINK-2699,48433,STARLINK-37615,69030,2026-07-31 07:08:53,5.2332,5.241,13.905,482.1,38.3
744,GHGSAT-C1,46278,STARLINK-11586 [DTC],63009,2026-07-30 16:03:53,4.7951,5.083,12.774,362.4,38.3
745,STARLINK-30207,57407,STARLINK-32742,62605,2026-07-31 07:08:54,1.3085,6.21,3.858,492.5,38.3
746,STARLINK-30938,58389,STARLINK-35386,65862,2026-07-31 00:44:53,2.4547,5.666,6.785,462.3,38.3
747,STARLINK-4283,53016,STARLINK-36694,67653,2026-07-31 05:16:52,4.1552,8.999,11.12,468.4,38.3
748,STARLINK-31046,58552,STARLINK-35967,66634,2026-07-30 20:58:51,2.7436,9.652,7.514,474.8,38.3
749,STARLINK-34315,64266,STARLINK-37157,68394,2026-07-30 11:46:53,5.5847,5.67,14.763,473.0,38.3
750,STARLINK-32729,62497,STARLINK-36852,67933,2026-07-31 07:35:51,2.8682,9.509,7.826,491.6,38.2
751,STARLINK-30213,57504,STARLINK-33850,63679,2026-07-30 17:25:55,0.3127,3.588,1.307,484.2,38.2
752,STARLINK-35944,66928,STARLINK-36719,67648,2026-07-30 21:19:52,5.5565,5.635,14.678,475.4,38.2
753,STARLINK-30936,58534,STARLINK-36609,67582,2026-07-30 14:15:53,5.5387,9.626,14.624,472.9,38.2
754,STARLINK-35614,66164,STARLINK-36796,67722,2026-07-30 20:10:53,5.4098,5.434,14.295,477.0,38.2
755,STARLINK-31307,59089,STARLINK-32529,62139,2026-07-31 03:37:52,3.767,4.356,10.103,488.2,38.2
756,STARLINK-31472,59730,STARLINK-32234,60414,2026-07-30 22:16:53,4.1795,9.751,11.149,482.4,38.2
757,STARLINK-1579,46083,PELICAN-6,66703,2026-07-30 23:00:52,5.1769,8.88,13.678,484.0,38.2
758,TIANMU-1 20,58661,STARLINK-36866,67895,2026-07-31 03:45:52,5.7449,5.868,15.122,476.3,38.2
759,STARLINK-3677,51970,STARLINK-36757,67728,2026-07-31 07:23:53,5.6072,6.88,14.753,475.5,38.2
760,STARLINK-31726,59739,STARLINK-32616,61920,2026-07-30 17:53:52,2.9045,3.324,7.882,492.9,38.1
761,QPS-SAR-5 (TSUKUYOMI-I),58578,FLOCK 4H-16,66719,2026-07-31 05:35:52,5.3615,5.412,14.116,512.4,38.1
762,STARLINK-34611,64918,STARLINK-35606,66171,2026-07-31 02:22:53,2.7718,3.015,7.542,462.4,38.1
763,KSM1-A,46912,STARLINK-36137,67033,2026-07-30 15:54:53,3.586,4.635,9.603,491.2,38.1
764,STARLINK-30388,57784,STARLINK-32958,63563,2026-07-30 12:16:54,2.3334,9.969,6.425,492.1,38.1
765,STARLINK-35200,65855,STARLINK-35264,65900,2026-07-30 13:46:53,2.7156,5.651,7.389,462.2,38.1
766,STARLINK-5905,55986,STARLINK-36476,67314,2026-07-30 11:39:51,2.8188,9.138,7.647,485.4,38.1
767,STARLINK-5952,56923,STARLINK-35764,67109,2026-07-30 18:28:53,2.9098,3.704,7.868,492.3,38.1
768,STARLINK-4766,53840,STARLINK-36958,68163,2026-07-31 08:20:53,5.1587,9.388,13.558,469.7,38.1
769,STARLINK-6193,56904,STARLINK-33607,63323,2026-07-31 01:45:54,1.2058,7.085,3.556,484.5,38.1
770,STARLINK-3608,51776,STARLINK-34353,64278,2026-07-30 15:43:52,3.9335,3.945,10.455,463.2,38.1
771,STARLINK-31257,59079,STARLINK-34134,63899,2026-07-30 20:40:53,3.5899,3.662,9.583,491.3,38.1
772,STARLINK-5124,54011,STARLINK-6075,56102,2026-07-31 07:41:52,4.1808,4.189,11.076,489.2,38.1
773,STARLINK-32000,60289,STARLINK-35353,65669,2026-07-30 12:01:52,5.4014,5.887,14.161,470.2,38.1
774,STARLINK-2755,48479,STARLINK-37115,68297,2026-07-30 15:41:52,4.2754,4.726,11.314,468.2,38.1
775,STARLINK-35771,67171,STARLINK-36535,67986,2026-07-31 00:33:51,2.9106,8.499,7.863,491.9,38.1
776,STARLINK-31805,59745,STARLINK-32946,63196,2026-07-30 18:14:53,2.8072,3.516,7.6,485.5,38.0
777,STARLINK-5699,55449,STARLINK-35474,66437,2026-07-30 20:48:52,1.6892,1.9,4.769,484.3,38.0
778,STARLINK-3701,52095,STARLINK-31613,59431,2026-07-31 03:34:53,4.6416,5.071,12.218,469.7,38.0
779,STARLINK-31634,59330,STARLINK-36898,68002,2026-07-30 19:21:53,3.6512,4.784,9.718,487.9,38.0
780,STARLINK-31805,59745,STARLINK-32946,63196,2026-07-31 04:26:52,2.8099,3.452,7.593,492.1,38.0
781,STARLINK-4255,53003,STARLINK-37115,68297,2026-07-30 18:38:52,5.644,6.067,14.742,470.8,38.0
782,STARLINK-3918,52486,STARLINK-3947,52607,2026-07-31 01:08:52,4.3027,5.573,11.357,474.2,38.0
783,STARLINK-4196,52859,STARLINK-37646,69650,2026-07-30 09:06:52,5.53,6.114,14.451,470.3,38.0
784,STARLINK-1523,46028,STARLINK-34500,64613,2026-07-30 16:31:53,4.5067,5.467,11.869,466.9,38.0
785,STARLINK-32204,60584,STARLINK-36373,68039,2026-07-31 05:48:53,5.6031,5.846,14.628,468.6,38.0
786,STARLINK-3449,51745,STARLINK-31775,60052,2026-07-30 17:08:53,3.5722,8.033,9.508,462.5,38.0
787,STARLINK-4600,53628,STARLINK-32295,62147,2026-07-30 16:11:53,3.7288,3.86,9.897,486.5,38.0
788,STARLINK-3930,52568,STARLINK-36346,67818,2026-07-31 03:55:53,5.4712,5.985,14.278,476.9,38.0
789,STARLINK-3555,51863,STARLINK-31551,59191,2026-07-30 12:50:53,2.8547,3.586,7.689,492.2,38.0
790,STARLINK-5481,57255,STARLINK-33680,63287,2026-07-31 02:51:53,3.6596,4.608,9.714,491.7,38.0
791,STARLINK-3637,51799,2023-085V,57023,2026-07-31 04:25:53,4.3512,8.826,11.443,474.5,37.9
792,STARLINK-5870,57222,STARLINK-31974,59885,2026-07-31 00:06:51,2.8561,8.514,7.672,485.9,37.9
793,2023-091C,57168,STARLINK-31185,58788,2026-07-31 01:37:53,5.4595,5.651,14.206,490.9,37.9
794,BUGSAT-1 (TITA),40014,STARLINK-3872,52453,2026-07-30 12:15:52,5.5687,9.11,14.479,551.0,37.9
795,STARLINK-4128,53249,STARLINK-37576,69047,2026-07-30 16:31:53,5.6081,5.712,14.569,472.2,37.9
796,STARLINK-4176,53289,STARLINK-37533,69130,2026-07-31 07:26:53,5.6006,5.799,14.549,476.2,37.9
797,STARLINK-33698,63420,STARLINK-36967,68013,2026-07-31 03:53:52,1.8081,3.563,5.037,484.0,37.9
798,MACSAT (FINCH 1),58024,SKYBEE-A02,64544,2026-07-30 15:51:52,1.4695,1.799,4.187,503.4,37.9
799,STARLINK-32296,61524,STARLINK-36353,67820,2026-07-31 01:24:53,5.5732,5.797,14.475,480.4,37.9
800,STARLINK-32047,61516,STARLINK-37722,69125,2026-07-31 00:13:52,5.4865,5.541,14.256,481.2,37.9
801,SITRO-AIS 5 (KATYS),57176,STARLINK-32938,63201,2026-07-30 10:59:53,4.1365,5.288,10.87,484.3,37.9
802,STARLINK-35258,65861,STARLINK-36842,67884,2026-07-31 02:00:52,5.6037,5.665,14.538,476.4,37.9
803,STARLINK-32361,61933,STARLINK-36269,67472,2026-07-30 18:27:53,2.3738,5.127,6.446,492.2,37.9
804,STARLINK-31960,59931,STARLINK-36956,68009,2026-07-31 06:06:52,2.3731,2.377,6.445,492.3,37.9
805,STARLINK-3122,49445,STARLINK-34711,64912,2026-07-31 00:47:52,3.6992,3.719,9.763,464.8,37.8
806,STARLINK-3259,50192,STARLINK-30158,57438,2026-07-30 23:55:52,4.1108,8.846,10.793,489.2,37.8
807,DUTHSAT-2,64530,STARLINK-35756,67175,2026-07-30 21:35:53,4.6756,7.723,12.201,482.9,37.8
808,STARLINK-32326,61674,STARLINK-36603,67592,2026-07-30 21:55:52,5.2564,5.561,13.653,469.3,37.8
809,STARLINK-31229,58986,STARLINK-35747,66207,2026-07-30 17:05:52,2.5245,2.908,6.816,474.9,37.8
810,STARLINK-5516,57253,STARLINK-34182,64013,2026-07-31 04:14:56,0.7001,8.571,2.251,484.1,37.8
811,STARLINK-4296,52995,STARLINK-35222,65677,2026-07-30 21:23:53,4.1567,4.574,10.895,463.5,37.8
812,STARLINK-6111,57102,NUSAT-50 (NANCY ROMAN),60493,2026-07-31 05:13:52,4.5866,8.181,11.969,491.9,37.8
813,STARLINK-4519,53439,STARLINK-37124,68283,2026-07-30 17:35:52,4.6302,5.116,12.078,467.5,37.8
814,STARLINK-2404,48093,STARLINK-31135,58771,2026-07-30 18:42:53,4.4235,4.604,11.56,477.0,37.8
815,STARLINK-5678,55460,STARLINK-31077,58637,2026-07-30 23:50:53,2.9545,8.115,7.886,485.6,37.8
816,STARLINK-32166,60257,STARLINK-37385,69175,2026-07-30 11:54:52,4.621,9.863,12.049,468.9,37.8
817,STARLINK-32486,61854,STARLINK-35388,66466,2026-07-30 19:08:52,1.8265,3.61,5.061,484.3,37.8
818,STARLINK-30085,56709,STARLINK-34118,63900,2026-07-30 14:27:51,2.854,8.622,7.626,492.4,37.8
819,STARLINK-30757,58131,STARLINK-36339,67340,2026-07-31 07:37:53,2.9408,3.969,7.842,492.2,37.8
820,KOSEN-1,49402,STARLINK-34729,65364,2026-07-30 12:34:54,2.4529,8.194,6.623,479.4,37.8
821,STARLINK-30883,58252,STARLINK-36129,66874,2026-07-30 19:42:52,1.8357,4.395,5.08,484.8,37.8
822,STARLINK-31437,60057,STARLINK-37147,68295,2026-07-30 19:17:52,5.5941,6.013,14.457,476.4,37.8
823,STARLINK-32394,61853,STARLINK-36538,67512,2026-07-30 23:47:52,2.3958,2.893,6.473,484.9,37.8
824,STARLINK-2411,47826,STARLINK-36768,67803,2026-07-30 19:23:52,4.546,5.239,11.835,482.5,37.8
825,FLOCK 4G-31,62652,STARLINK-36926,67999,2026-07-30 17:17:52,2.8412,3.43,7.583,491.0,37.8
826,STARLINK-32047,61516,STARLINK-37215,68392,2026-07-30 09:42:53,5.5979,6.279,14.455,471.9,37.8
827,STARLINK-31257,59079,STARLINK-36515,67430,2026-07-30 17:40:54,2.266,9.078,6.142,492.5,37.7
828,STARLINK-31051,58719,STARLINK-35954,66885,2026-07-30 16:04:52,4.5677,4.585,11.873,468.0,37.7
829,STARLINK-32094,59696,STARLINK-32672,62195,2026-07-30 22:08:53,3.833,9.171,10.042,488.6,37.7
830,STARLINK-5805,56912,STARLINK-32500,61935,2026-07-31 01:37:52,3.7931,7.776,9.939,487.9,37.7
831,STARLINK-3336,50818,STARLINK-5422,54804,2026-07-31 06:15:52,4.4867,8.904,11.655,465.3,37.7
832,COSMOS 2494 (SKRL-756 2),39491,STARLINK-4309,53066,2026-07-30 10:25:52,5.9058,6.265,15.179,556.1,37.7
833,STARLINK-5730,55611,STARLINK-36553,67506,2026-07-30 22:07:52,1.2489,1.311,3.602,492.4,37.7
834,STARLINK-31160,58749,STARLINK-34269,64386,2026-07-30 21:21:52,1.2502,3.759,3.603,492.1,37.7
835,STARLINK-31481,59541,STARLINK-34157,64084,2026-07-31 03:30:53,3.7595,4.054,9.829,491.4,37.7
836,STARLINK-4439,53498,STARLINK-31389,59013,2026-07-31 08:03:53,5.6767,9.543,14.58,472.7,37.6
837,STARLINK-33653,63380,STARLINK-36241,68154,2026-07-30 09:09:53,5.1318,5.688,13.222,481.6,37.6
838,STARLINK-31622,59456,STARLINK-33722,63571,2026-07-30 23:37:53,2.3024,3.3,6.203,484.8,37.6
839,STARLINK-2645,48444,2023-072F,56748,2026-07-30 20:09:53,5.7584,7.076,14.765,478.4,37.6
840,STARLINK-34091,63808,STARLINK-34212,64139,2026-07-30 15:15:54,2.8972,9.824,7.672,485.7,37.6
841,STARLINK-31607,59394,STARLINK-35275,65756,2026-07-31 01:06:53,2.9087,6.765,7.699,474.9,37.6
842,HERMES-5,63834,STARLINK-35567,66472,2026-07-30 10:29:53,4.6828,5.167,12.088,491.5,37.6
843,STARLINK-31291,59096,SCS-01 G,63988,2026-07-31 06:24:53,3.7604,3.887,9.805,494.3,37.6
844,STARLINK-4421,53488,STARLINK-34861,66368,2026-07-31 03:08:52,2.9787,7.071,7.865,478.5,37.6
845,STARLINK-32259,60937,STARLINK-34835,65336,2026-07-31 01:57:52,2.892,3.465,7.649,475.2,37.6
846,STARLINK-2575,48396,FLOCK 4G-1,62666,2026-07-31 02:25:52,4.3666,8.353,11.293,471.6,37.6
847,STARLINK-31004,58528,STARLINK-36491,67310,2026-07-31 03:00:52,3.7259,4.444,9.705,491.5,37.6
848,STARLINK-31528,59010,STARLINK-34239,64728,2026-07-30 13:19:53,3.626,7.001,9.458,475.9,37.6
849,ION SCV-011,56957,STARLINK-33700,63484,2026-07-30 17:00:53,5.1897,9.831,13.318,491.6,37.6
850,STARLINK-30150,57621,STARLINK-36623,67644,2026-07-30 21:01:51,1.8438,7.835,5.05,484.9,37.6
851,STARLINK-36632,67581,STARLINK-36711,68040,2026-07-30 09:12:53,5.7531,5.755,14.692,470.1,37.5
852,STARLINK-3075,49409,STARLINK-34554,64687,2026-07-30 10:35:52,4.1281,4.476,10.681,475.5,37.5
853,STARLINK-31414,59418,STARLINK-32756,62752,2026-07-30 09:03:53,2.9976,3.835,7.887,485.5,37.5
854,STARLINK-30418,57829,STARLINK-36614,67622,2026-07-30 17:15:53,2.8894,2.923,7.62,485.7,37.5
855,STARLINK-30460,57870,STARLINK-36152,66968,2026-07-31 05:08:53,2.9957,5.161,7.882,485.3,37.5
856,STARLINK-2571,48401,STARLINK-36625,67668,2026-07-31 07:31:52,5.4726,5.596,13.986,481.9,37.5
857,STARLINK-34930,65688,STARLINK-37468,68857,2026-07-31 01:34:53,5.7822,6.238,14.74,474.9,37.5
858,STARLINK-3458,51758,STARLINK-37244,68529,2026-07-30 19:21:52,4.6864,7.258,12.038,470.8,37.5
859,STARLINK-6191,56378,STARLINK-36968,67995,2026-07-30 23:06:53,3.8714,5.19,10.028,488.1,37.5
860,STARLINK-31195,58796,STARLINK-33665,63281,2026-07-31 06:49:51,2.3894,7.062,6.37,493.5,37.5
861,STARLINK-32392,61214,STARLINK-36358,67598,2026-07-30 13:58:53,4.6408,4.867,11.908,477.4,37.5
862,STARLINK-31909,59663,STARLINK-36532,67628,2026-07-30 09:23:54,2.9947,9.251,7.857,492.1,37.5
863,STARLINK-32327,61641,STARLINK-35875,67111,2026-07-31 01:38:00,0.3341,9.265,1.313,484.1,37.5
864,RADFXSAT (FOX-1B),43017,STARLINK-33747,63444,2026-07-30 16:23:53,5.0147,5.16,12.814,462.2,37.4
865,STARLINK-3184,51143,STARLINK-37453,68862,2026-07-30 08:50:53,5.6943,6.012,14.482,476.5,37.4
866,STARLINK-4294,53176,STARLINK-37224,68671,2026-07-31 06:41:53,5.4684,9.123,13.927,481.7,37.4
867,STARLINK-35666,66222,STARLINK-36286,69162,2026-07-30 08:59:56,0.7648,9.507,2.37,460.4,37.4
868,AETHER-2,58299,STARLINK-32813,62869,2026-07-30 14:19:52,4.9172,8.562,12.556,476.8,37.4
869,STARLINK-34928,65195,STARLINK-35543,66201,2026-07-31 07:37:53,5.5825,6.305,14.181,469.5,37.4
870,STARLINK-30160,57441,STARLINK-33558,63643,2026-07-30 23:37:52,3.0122,3.579,7.873,485.8,37.4
871,STARLINK-31568,59412,STARLINK-36042,66813,2026-07-31 00:49:51,1.8499,8.376,5.024,484.9,37.4
872,STARLINK-5269,54161,STARLINK-37020,68144,2026-07-31 06:50:52,5.613,6.667,14.243,470.6,37.4
873,STARLINK-30803,58157,STARLINK-37316,68673,2026-07-30 19:05:53,5.8006,6.955,14.689,479.7,37.4
874,STARLINK-11500 [DTC],62472,STARLINK-11656 [DTC],63674,2026-07-31 04:16:52,1.8003,2.251,4.896,361.3,37.4
875,STARLINK-36583,67545,STARLINK-37311,69161,2026-07-30 20:58:53,5.6649,5.738,14.348,476.4,37.3
876,STARLINK-36241,68154,STARLINK-37010,68289,2026-07-31 05:05:52,5.4806,5.783,13.897,465.1,37.3
877,STARLINK-3801,52356,STARLINK-34789,65022,2026-07-30 17:53:53,2.9527,3.61,7.71,462.8,37.3
878,STARLINK-31442,59859,STARLINK-35716,67191,2026-07-31 02:50:51,0.8746,4.589,2.626,484.3,37.3
879,STARLINK-5942,56014,STARLINK-35474,66437,2026-07-31 00:06:53,3.671,9.353,9.459,487.1,37.3
880,2023-085AD,57031,STARLINK-34913,65369,2026-07-30 10:37:53,4.7175,5.863,12.008,462.3,37.3
881,STARLINK-3456,51759,STARLINK-3938,52566,2026-07-30 16:53:52,4.8,4.82,12.203,468.5,37.3
882,STARLINK-3311,50849,STARLINK-3352,51147,2026-07-30 20:01:53,3.6875,4.823,9.48,475.1,37.3
883,RAWHIDE-2,68632,STARLINK-37292,68787,2026-07-30 12:53:52,5.2983,8.161,13.404,467.0,37.3
884,WARATAH SEED-1,60469,STARLINK-36917,68059,2026-07-30 17:49:53,5.8403,6.462,14.717,468.3,37.3
885,STARLINK-3339,50820,STARLINK-31024,58786,2026-07-30 21:27:53,4.8119,8.105,12.21,484.7,37.3
886,STARLINK-32248,61219,STARLINK-32349,61700,2026-07-30 20:17:53,4.7822,4.799,12.134,479.4,37.3
887,STARLINK-30781,58123,STARLINK-31511,59462,2026-07-30 08:55:51,3.0156,9.472,7.83,492.3,37.2
888,STARLINK-4787,53904,STARLINK-35228,65517,2026-07-30 13:23:51,2.8387,9.884,7.394,461.2,37.2
889,FLOCK 4G-21,62651,STARLINK-36390,67886,2026-07-31 03:39:53,5.8006,5.907,14.593,480.6,37.2
890,STARLINK-30564,58043,STARLINK-32501,61890,2026-07-31 03:46:51,1.7713,7.837,4.79,475.2,37.2
891,STARLINK-32689,62440,STARLINK-36706,67657,2026-07-31 04:43:53,5.6034,5.762,14.096,476.6,37.2
892,STARLINK-30906,58408,STARLINK-36099,66797,2026-07-30 14:25:51,1.881,6.755,5.053,484.7,37.2
893,STARLINK-30853,58236,STARLINK-36090,66855,2026-07-30 13:30:54,1.8619,6.69,5.005,492.8,37.2
894,STARLINK-30502,57973,STARLINK-35620,66474,2026-07-30 09:13:50,1.2619,8.468,3.547,492.4,37.2
895,STARLINK-37123,68275,STARLINK-37482,68850,2026-07-30 16:26:52,5.6699,5.674,14.241,466.4,37.2
896,STARLINK-4158,53027,STARLINK-36059,66904,2026-07-30 21:58:54,2.9667,8.467,7.682,461.2,37.2
897,STARLINK-34902,65326,STARLINK-37544,68909,2026-07-31 02:45:52,5.6814,5.948,14.261,466.0,37.2
898,STARLINK-3356,51133,STARLINK-32308,61663,2026-07-31 06:18:53,4.4012,4.533,11.155,474.2,37.2
899,CONTECSAT-1,59117,STARLINK-33807,63518,2026-07-30 21:02:52,5.8334,7.793,14.627,472.1,37.2
900,STARLINK-31818,59741,STARLINK-33697,63467,2026-07-30 12:31:52,2.4452,6.796,6.412,492.3,37.2
901,STARLINK-6243,57080,STARLINK-32745,62755,2026-07-30 10:16:54,1.886,7.699,5.054,484.7,37.1
902,STARLINK-2550,48293,STARLINK-5168,54071,2026-07-30 12:08:53,2.6935,4.121,7.009,483.9,37.1
903,STARLINK-31551,59191,STARLINK-32715,62569,2026-07-31 04:06:53,4.0017,6.21,10.175,490.4,37.1
904,STARLINK-11500 [DTC],62472,STARLINK-11656 [DTC],63674,2026-07-31 01:13:54,1.8223,8.923,4.896,361.4,37.1
905,STARLINK-32390,61630,STARLINK-35522,66341,2026-07-31 02:24:54,1.8828,7.618,5.041,484.7,37.1
906,STARLINK-3456,51759,STARLINK-34943,65366,2026-07-31 06:13:52,4.7742,9.258,12.026,472.2,37.1
907,SPACEMOBILE-003,61045,FLOCK 4H-31,66734,2026-07-31 02:48:52,5.8877,7.685,14.715,513.5,37.1
908,STARLINK-2411,47826,STARLINK-32006,60029,2026-07-30 21:23:53,4.8338,4.924,12.157,479.9,37.1
909,STARLINK-30576,58065,STARLINK-32680,62423,2026-07-30 11:05:52,2.3579,2.875,6.177,485.2,37.1
910,STARLINK-33626,63369,STARLINK-36399,67665,2026-07-30 18:20:53,5.6149,5.657,14.035,465.9,37.1
911,STARLINK-4065,52841,STARLINK-36843,67856,2026-07-30 14:50:53,4.6809,7.06,11.78,481.8,37.1
912,STARLINK-33763,63452,STARLINK-36733,67811,2026-07-31 06:28:52,5.7443,5.756,14.339,466.7,37.0
913,STARLINK-31311,58948,STARLINK-33767,63722,2026-07-30 18:22:52,3.32,3.337,8.486,475.8,37.0
914,RESURS-DK 1,29228,STARLINK-2722,48472,2026-07-30 17:12:52,1.7975,1.957,4.815,536.0,37.0
915,STARLINK-2687,48466,STARLINK-34862,65180,2026-07-30 10:51:52,5.8839,6.809,14.665,473.7,37.0
916,SHIYAN-4 (SY-4),37931,YAOGAN-40 03A,65544,2026-07-30 23:23:52,5.762,8.02,14.368,809.9,37.0
917,UHETSAT,58466,STARLINK-34898,65895,2026-07-30 09:41:52,5.7195,7.609,14.266,464.5,37.0
918,STARLINK-4150,53134,STARLINK-36859,68710,2026-07-31 02:43:53,4.7978,7.836,12.043,466.8,37.0
919,STARLINK-32167,60268,STARLINK-35365,66186,2026-07-30 13:35:53,4.844,4.928,12.153,473.2,37.0
920,STARLINK-3112,49421,STARLINK-32133,60333,2026-07-30 22:31:53,4.8525,4.888,12.17,482.1,37.0
921,STARLINK-3928,52606,FLAMINGO-1,67391,2026-07-31 02:58:52,5.6524,5.788,14.087,527.6,37.0
922,STARLINK-4675,53601,STARLINK-35236,66008,2026-07-31 07:46:52,4.7917,5.219,12.008,470.8,37.0
923,STARLINK-30555,58040,STARLINK-34813,66195,2026-07-30 18:31:52,2.9943,4.926,7.679,474.9,37.0
924,STARLINK-32585,61953,STARLINK-36797,67815,2026-07-31 07:42:52,5.7312,5.732,14.257,476.7,37.0
925,STARLINK-31445,59312,STARLINK-35435,66464,2026-07-31 08:08:52,1.8958,1.919,5.037,492.2,37.0
926,S-NET B,43187,HORN-L,69505,2026-07-30 23:44:52,5.9695,7.611,14.811,525.6,36.9
927,STARLINK-4285,52991,STARLINK-35209,65636,2026-07-30 10:35:52,4.89,5.918,12.215,472.4,36.9
928,STARLINK-31875,59674,STARLINK-36462,67321,2026-07-31 03:40:53,2.3718,3.355,6.169,485.2,36.9
929,STARLINK-34151,64120,STARLINK-34674,65526,2026-07-31 05:32:53,5.874,6.02,14.57,480.2,36.9
930,STARLINK-32649,62305,STARLINK-36559,67555,2026-07-30 15:29:53,5.7726,5.823,14.325,476.6,36.9
931,STARLINK-31366,59403,STARLINK-32430,62207,2026-07-31 06:27:52,3.9789,6.351,10.023,488.0,36.9
932,STARLINK-37023,68076,STARLINK-37548,69027,2026-07-31 08:12:52,5.8972,5.905,14.621,468.7,36.9
933,STARLINK-5589,57334,STARLINK-32639,62153,2026-07-30 21:57:52,2.9783,4.78,7.616,491.9,36.9
934,STARLINK-32191,60314,STARLINK-35748,66206,2026-07-31 04:44:53,2.6761,5.865,6.889,474.7,36.9
935,STARLINK-3750,52311,STARLINK-35541,66235,2026-07-31 01:10:53,4.9029,4.911,12.212,475.0,36.9
936,STARLINK-2659,48467,STARLINK-37471,68802,2026-07-31 04:15:52,5.9621,6.075,14.747,477.9,36.9
937,STARLINK-2502,48327,STARLINK-37138,68308,2026-07-30 11:20:53,5.9738,7.266,14.758,477.2,36.9
938,STARLINK-30321,57679,STARLINK-36318,68048,2026-07-31 03:11:52,4.8332,5.406,12.03,468.4,36.8
939,STARLINK-31010,58519,FLOCK 4G-27,62641,2026-07-30 15:17:52,4.3457,5.682,10.861,492.3,36.8
940,STARLINK-32675,62208,STARLINK-34142,63957,2026-07-31 04:02:52,2.9932,3.466,7.628,485.4,36.8
941,STARLINK-6376,57349,STARLINK-35960,66531,2026-07-31 04:05:49,0.8804,9.64,2.58,492.2,36.8
942,STARLINK-3242,49727,STARLINK-32690,62453,2026-07-31 05:44:52,4.8267,5.948,11.994,466.7,36.8
943,STARLINK-34413,64616,STARLINK-37789,69495,2026-07-30 15:17:52,5.876,6.028,14.49,477.0,36.8
944,STARLINK-4718,53773,STARLINK-37666,69046,2026-07-30 20:39:53,3.7641,4.108,9.453,479.0,36.8
945,STARLINK-5130,53997,STARLINK-34752,66153,2026-07-31 08:21:52,4.867,5.976,12.08,467.0,36.8
946,STARLINK-32044,60092,STARLINK-37552,69513,2026-07-30 10:00:50,0.7101,6.085,2.169,461.7,36.8
947,STARLINK-2479,48136,STARLINK-4415,53465,2026-07-30 14:08:53,5.0432,9.418,12.493,468.4,36.8
948,STARLINK-31456,59007,STARLINK-37243,68608,2026-07-30 18:05:52,4.2695,8.174,10.648,478.8,36.8
949,STARLINK-30856,58725,STARLINK-32323,61677,2026-07-30 17:03:52,4.653,4.68,11.559,467.8,36.8
950,STARLINK-35168,65509,STARLINK-37665,69238,2026-07-30 21:07:52,2.8157,3.323,7.178,474.2,36.8
951,SENTINEL-2A,40697,SHIYAN-20A (SY-20A),54699,2026-07-30 21:59:53,5.9343,7.507,14.596,802.5,36.8
952,FLOCK 4H-10,66713,MISR-C-2,68633,2026-07-31 05:52:52,4.225,4.335,10.527,518.3,36.8
953,VIZARD-METEO (RS38S),57189,STARLINK-31989,59959,2026-07-31 04:05:52,5.9694,6.051,14.676,464.5,36.7
954,POLYTECH-UNIVERSE 3 (R*),57191,PELICAN-7,69017,2026-07-31 04:38:52,6.0487,6.219,14.859,511.7,36.7
955,STARLINK-5375,56140,STARLINK-33947,63787,2026-07-31 01:04:52,3.0119,4.176,7.633,492.0,36.7
956,FLOCK 4G-23,62647,STARLINK-32833,62873,2026-07-31 06:29:52,5.1546,7.216,12.722,460.9,36.7
957,STARLINK-30103,56290,STARLINK-30439,57867,2026-07-30 16:07:52,2.5057,4.007,6.423,484.9,36.7
958,FLOCK 4G-5,62663,STARLINK-34640,65092,2026-07-30 15:34:53,5.8306,9.811,14.308,474.9,36.7
959,STARLINK-5742,55583,STARLINK-5587,57245,2026-07-30 18:02:53,0.3854,1.261,1.388,484.2,36.7
960,STARLINK-32917,62921,STARLINK-35816,66499,2026-07-31 00:49:53,3.8964,5.879,9.713,487.5,36.7
961,STARLINK-2550,48293,LIME,62648,2026-07-30 11:42:53,5.9665,5.974,14.622,476.1,36.7
962,STARLINK-31680,59380,STARLINK-35209,65636,2026-07-31 04:07:54,1.9232,9.025,5.034,461.6,36.7
963,STARLINK-36578,67571,STARLINK-37682,69209,2026-07-31 00:25:52,4.3014,9.893,10.667,463.8,36.7
964,EXCITE,43819,STARLINK-4345,53049,2026-07-31 01:25:52,5.7603,6.028,14.118,551.4,36.7
965,STARLINK-35220,65661,STARLINK-35265,65748,2026-07-31 04:39:53,5.5713,5.571,13.668,477.6,36.7
966,VIGORIDE-3,52760,STARLINK-32108,59682,2026-07-30 18:46:53,2.8663,4.361,7.258,487.2,36.6
967,STARLINK-31249,58838,STARLINK-34695,64916,2026-07-30 20:51:53,4.5224,4.967,11.178,467.1,36.6
968,LEMUR-2-MYRA,66787,STARLINK-35660,67003,2026-07-30 18:24:53,6.1507,6.181,15.025,579.6,36.6
969,STARLINK-5821,57069,KUIPER-00615,69774,2026-07-30 13:38:53,3.3699,3.827,8.443,484.3,36.6
970,STARLINK-5282,54169,STARLINK-35052,65540,2026-07-30 20:15:53,5.9279,6.357,14.488,476.8,36.6
971,2024-153D,60748,STARLINK-36040,66614,2026-07-30 22:26:52,2.9554,3.927,7.454,491.8,36.6
972,STARLINK-31002,58495,STARLINK-32311,62114,2026-07-31 00:08:52,1.9107,3.893,4.986,492.5,36.6
973,STARLINK-30544,58055,STARLINK-32931,63199,2026-07-31 07:56:52,1.9528,1.956,5.085,492.4,36.6
974,STARLINK-32874,62954,STARLINK-36842,67884,2026-07-31 04:01:53,5.6702,6.083,13.865,476.9,36.6
975,STARLINK-31317,58931,STARLINK-36160,66936,2026-07-30 15:50:54,1.9048,5.375,4.971,475.1,36.6
976,STARLINK-31082,58606,STARLINK-36822,67909,2026-07-31 06:41:52,2.5306,3.348,6.449,492.1,36.6
977,STARLINK-32755,62842,STARLINK-36119,67619,2026-07-30 18:01:52,1.9362,2.296,5.045,492.4,36.6
978,STARLINK-30755,58186,STARLINK-34182,64013,2026-07-30 10:27:52,4.0383,9.851,10.009,491.0,36.6
979,STARLINK-31834,59721,STARLINK-37194,68397,2026-07-30 18:53:52,5.96,9.926,14.547,472.2,36.6
980,STARLINK-31504,59303,STARLINK-32807,62845,2026-07-31 06:51:52,4.0506,6.518,10.036,488.0,36.6
981,STARLINK-30127,56699,STARLINK-34152,64000,2026-07-30 21:53:53,2.5237,2.575,6.431,492.3,36.6
982,STARLINK-30321,57679,STARLINK-37656,69649,2026-07-30 10:39:52,2.2581,5.846,5.799,468.5,36.6
983,STARLINK-34381,64282,STARLINK-36645,67707,2026-07-31 05:40:53,5.9171,6.155,14.43,467.0,36.6
984,ASTROCAST-0401,55110,STARLINK-32612,61972,2026-07-30 16:15:52,5.7,6.979,13.918,485.1,36.6
985,STARLINK-5526,56496,ICEYE-X40,60549,2026-07-30 15:35:52,6.1809,6.195,15.051,582.4,36.6
986,KINEIS-1A,60084,KUIPER-00145,65767,2026-07-31 00:55:52,5.0685,6.866,12.42,642.8,36.6
987,SITRO-AIS 7 (FARTUSHNIY),57194,STARLINK-34142,63957,2026-07-30 12:36:52,5.8894,9.371,14.345,491.2,36.5
988,STARLINK-2494,48487,STARLINK-37211,68620,2026-07-30 08:35:53,5.9907,7.945,14.574,472.4,36.5
989,STARLINK-31144,58682,STARLINK-36183,67173,2026-07-31 08:14:52,3.872,5.427,9.573,491.4,36.5
990,STARLINK-31191,58800,STARLINK-32937,63148,2026-07-31 00:23:52,4.063,9.56,10.02,490.8,36.5
991,STARLINK-3532,51727,STARLINK-5755,55600,2026-07-30 17:39:53,4.3295,9.843,10.646,489.1,36.5
992,STARLINK-30277,57645,STARLINK-36489,67328,2026-07-31 04:58:51,0.3801,2.407,1.363,484.1,36.5
993,YAOGAN-28,41026,STARLINK-33562,62102,2026-07-30 20:10:52,5.4351,7.823,13.24,486.1,36.5
994,STARLINK-4303,53544,STARLINK-34637,64776,2026-07-30 22:38:52,4.9236,6.535,12.038,470.6,36.5
995,TRANSPORTER-12 OBJECT AZ,62656,STARLINK-36397,67538,2026-07-30 23:55:53,6.1764,6.531,14.979,466.9,36.5
996,STARLINK-5127,54010,STARLINK-32165,60599,2026-07-30 14:00:53,3.263,3.566,8.135,476.7,36.5
997,STARLINK-1536,46070,STARLINK-37768,69331,2026-07-31 02:40:53,4.4687,4.495,10.96,481.9,36.5
998,STARLINK-34895,65349,STARLINK-37119,68210,2026-07-30 11:38:52,6.0855,6.589,14.755,476.0,36.5
999,STARLINK-31018,58635,STARLINK-32701,62510,2026-07-31 00:37:53,3.9494,5.429,9.725,491.3,36.4
1000,STARLINK-5051,53916,STARLINK-33912,64107,2026-07-31 06:51:54,3.0259,9.901,7.56,482.8,36.4
1001,YAOGAN-43 03B,61618,VIGORIDE-7,68473,2026-07-30 22:47:53,5.08,5.708,12.367,506.8,36.4
1002,STARLINK-2591,48361,STARLINK-37496,69297,2026-07-31 06:28:53,6.0936,6.896,14.733,475.4,36.4
1003,STARLINK-32296,61524,STARLINK-36353,67820,2026-07-31 00:37:53,5.9946,5.995,14.497,471.6,36.4
1004,STARLINK-5777,56027,STARLINK-34252,64330,2026-07-31 00:41:51,2.5682,8.829,6.476,492.4,36.4
1005,BUGSAT-1 (TITA),40014,STARLINK-4497,53411,2026-07-30 10:46:53,5.2238,7.787,12.686,551.5,36.4
1006,STARLINK-2581,48412,STARLINK-37264,68729,2026-07-30 16:58:52,4.3882,5.243,10.726,469.0,36.4
1007,STARLINK-32382,61258,STARLINK-37171,68665,2026-07-31 03:11:53,6.0595,6.481,14.631,469.1,36.4
1008,STARLINK-33789,63657,STARLINK-33808,63767,2026-07-30 22:32:52,1.3289,3.497,3.574,483.7,36.4
1009,STARLINK-33678,63509,STARLINK-36395,67554,2026-07-30 23:22:52,4.6557,9.899,11.348,481.5,36.4
1010,STARLINK-33596,62758,STARLINK-37390,68782,2026-07-30 14:10:52,5.6113,8.381,13.58,481.7,36.4
1011,STARLINK-5871,55919,LEMUR-2-MARACHE-FRAN,63262,2026-07-31 02:20:53,6.173,7.154,14.892,573.7,36.4
1012,STARLINK-31258,58829,STARLINK-36059,66904,2026-07-30 22:15:53,5.0313,5.567,12.224,470.6,36.4
1013,STARLINK-4187,52850,TRANSPORTER-14 OBJECT AC,64554,2026-07-30 14:39:52,5.8141,5.817,14.04,487.4,36.3
1014,STARLINK-34042,63838,STARLINK-36180,67114,2026-07-30 08:48:52,3.0918,5.195,7.679,485.8,36.3
1015,STARLINK-4476,53419,STARLINK-35188,65522,2026-07-30 18:32:53,4.5694,4.915,11.125,465.9,36.3
1016,STARLINK-31353,58980,STARLINK-32875,62951,2026-07-30 10:09:52,2.7421,3.964,6.862,462.7,36.3
1017,STARLINK-30198,57290,STARLINK-34116,63890,2026-07-30 21:22:51,1.7281,4.902,4.493,483.3,36.3
1018,STARLINK-4509,53404,STARLINK-37296,68672,2026-07-31 05:01:53,4.9718,5.427,12.052,482.4,36.3
1019,STARLINK-2045,47353,STARLINK-37789,69495,2026-07-31 01:36:52,6.1356,6.169,14.759,476.9,36.3
1020,STARLINK-2603,48375,STARLINK-34080,64116,2026-07-30 12:13:54,1.5488,6.093,4.074,469.9,36.3
1021,STARLINK-31739,59766,STARLINK-35359,65670,2026-07-30 18:24:52,6.1279,6.229,14.739,474.7,36.3
1022,STARLINK-5587,57245,STARLINK-32455,61632,2026-07-31 06:53:52,3.9763,4.62,9.719,487.6,36.3
1023,STARLINK-5712,55615,STARLINK-36539,67446,2026-07-31 06:51:52,4.1015,4.359,10.01,488.2,36.3
1024,STARLINK-3172,51139,STARLINK-32447,61261,2026-07-31 05:02:53,4.4302,5.663,10.773,475.6,36.3
1025,STARLINK-30132,56703,STARLINK-32093,59701,2026-07-30 13:52:52,4.0794,4.198,9.951,488.5,36.3
1026,STARLINK-34475,64603,STARLINK-37476,68853,2026-07-30 22:42:53,6.0935,8.305,14.628,469.8,36.3
1027,STARLINK-30532,58070,STARLINK-32935,63202,2026-07-30 12:09:52,1.9883,2.464,5.085,492.5,36.3
1028,STARLINK-31562,59340,STARLINK-35932,66526,2026-07-31 07:36:54,2.5497,9.446,6.387,492.3,36.2
1029,STARLINK-34881,65347,STARLINK-37452,68840,2026-07-31 02:31:52,2.7975,6.996,6.962,471.7,36.2
1030,STARLINK-36411,67608,STARLINK-37384,69460,2026-07-30 13:36:52,5.7154,5.723,13.736,465.6,36.2
1031,STARLINK-3545,51855,STARLINK-35456,65867,2026-07-30 14:33:52,3.889,8.01,9.495,473.2,36.2
1032,STARLINK-2611,48364,STARLINK-35144,65538,2026-07-30 12:32:52,5.5441,8.276,13.336,468.6,36.2
1033,STARLINK-5547,55352,STARLINK-34113,64010,2026-07-30 13:09:52,1.9814,4.315,5.058,492.6,36.2
1034,JILIN-1 05,43023,STARLINK-32004,60151,2026-07-30 15:34:52,3.5064,6.816,8.591,463.3,36.2
1035,STARLINK-2370,47910,STARLINK-34930,65688,2026-07-31 05:42:53,3.118,6.792,7.687,482.5,36.2
1036,STARLINK-5490,57254,STARLINK-34186,64145,2026-07-30 21:49:54,1.9911,9.136,5.076,484.8,36.2
1037,STARLINK-5387,54842,STARLINK-35650,66573,2026-07-31 08:25:52,4.0898,9.671,9.935,488.2,36.2
1038,STARLINK-36902,68043,STARLINK-37215,68392,2026-07-30 13:14:53,5.2493,5.281,12.62,464.5,36.2
1039,STARLINK-6200,56897,STARLINK-35894,66500,2026-07-30 21:42:53,3.1045,6.123,7.652,492.0,36.2
1040,STARLINK-31991,59963,STARLINK-37137,68384,2026-07-31 06:36:52,5.5235,5.803,13.251,477.2,36.2
1041,STARLINK-5589,57334,STARLINK-32639,62153,2026-07-30 11:45:53,3.093,3.416,7.622,485.7,36.2
1042,STARLINK-31144,58682,STARLINK-36183,67173,2026-07-30 22:02:52,3.9393,6.458,9.578,487.6,36.2
1043,STARLINK-31917,59669,STARLINK-36050,66602,2026-07-31 05:37:58,0.3738,7.799,1.328,484.1,36.2
1044,BRO-15,60553,CLOUDCT-PRECURSOR,69939,2026-07-31 03:29:52,6.2757,6.402,14.982,591.8,36.2
1045,STARLINK-4296,52995,STARLINK-37205,68332,2026-07-31 00:31:53,4.4431,7.565,10.722,463.7,36.1
1046,STARLINK-4643,54824,STARLINK-35897,66501,2026-07-31 03:27:53,4.1035,5.811,9.933,487.5,36.1
1047,STARLINK-30205,57408,STARLINK-31184,58793,2026-07-30 11:35:52,2.8139,3.061,6.954,484.3,36.1
1048,STARLINK-31071,58602,STARLINK-36125,67036,2026-07-31 08:24:55,0.9416,7.193,2.634,492.5,36.1
1049,STARLINK-35525,66134,STARLINK-37938,69568,2026-07-31 00:22:52,5.9987,6.005,14.298,461.1,36.1
1050,STARLINK-34189,64121,STARLINK-36752,67724,2026-07-30 12:02:52,6.2005,6.208,14.758,478.7,36.1
1051,STARLINK-4204,52854,STARLINK-36698,67709,2026-07-30 13:43:53,5.8357,5.855,13.916,481.7,36.1
1052,GHGSAT-C3,52737,STARLINK-5436,54795,2026-07-31 02:41:52,4.9168,4.986,11.797,474.1,36.1
1053,STARLINK-31237,58855,STARLINK-34135,63964,2026-07-31 04:15:52,2.4687,2.654,6.15,492.0,36.1
1054,STARLINK-3750,52311,STARLINK-37221,68668,2026-07-30 20:56:53,4.3464,4.618,10.475,479.3,36.1
1055,STARLINK-30817,58238,STARLINK-36134,66863,2026-07-31 05:06:54,1.9728,7.288,5.006,492.8,36.1
1056,STARLINK-2370,47910,STARLINK-37884,69655,2026-07-31 08:02:53,3.7825,8.874,9.174,469.0,36.1
1057,STARLINK-1526,46029,STARLINK-3986,52623,2026-07-30 19:15:53,5.0497,5.955,12.08,477.9,36.0
1058,STARLINK-34477,64487,STARLINK-34917,65190,2026-07-31 02:50:53,4.611,4.812,11.069,465.2,36.0
1059,STARLINK-3449,51745,GUOWANG TEST OBJECT B,69321,2026-07-30 14:57:52,5.0956,9.379,12.182,467.9,36.0
1060,STARLINK-34795,65684,STARLINK-35936,66620,2026-07-30 16:50:53,4.9941,5.024,11.949,468.3,36.0
1061,STARLINK-35284,65741,STARLINK-37053,68159,2026-07-30 23:00:53,6.0723,6.428,14.428,476.7,36.0
1062,STARLINK-30456,57943,STARLINK-36244,68145,2026-07-30 15:25:53,6.0576,6.515,14.393,469.3,36.0
1063,STARLINK-5668,55350,STARLINK-35992,66852,2026-07-30 13:58:54,1.358,6.823,3.583,492.8,36.0
1064,STARLINK-4197,52849,STARLINK-31689,59567,2026-07-31 02:22:53,4.7352,8.676,11.35,489.6,36.0
1065,STARLINK-35115,65665,STARLINK-37009,68208,2026-07-31 06:46:52,6.3315,7.042,15.017,480.2,36.0
1066,STARLINK-30362,57745,STARLINK-34149,64140,2026-07-30 17:04:52,3.1401,4.599,7.675,485.8,36.0
1067,STARLINK-4584,53571,STARLINK-35198,65672,2026-07-30 12:11:53,5.6291,5.732,13.39,465.0,36.0
1068,STARLINK-31811,60051,FLOCK 4G-26,62633,2026-07-30 20:26:53,6.1471,6.532,14.58,484.3,36.0
1069,STARLINK-3449,51745,STARLINK-35590,66108,2026-07-30 14:04:53,4.5531,8.864,10.918,463.9,36.0
1070,STARLINK-3586,51795,STARLINK-37929,69557,2026-07-30 09:58:52,6.2271,6.447,14.759,472.6,36.0
1071,STARLINK-34244,65351,STARLINK-37527,68895,2026-07-31 02:04:52,6.2288,6.483,14.742,471.1,36.0
1072,STARLINK-2319,47790,STARLINK-37300,68682,2026-07-31 02:49:52,6.2299,7.203,14.741,475.7,36.0
1073,STARLINK-2586,48390,STARLINK-37017,68108,2026-07-31 02:33:53,6.0011,6.553,14.21,481.5,36.0
1074,STARLINK-34907,65213,STARLINK-37121,68383,2026-07-31 04:58:53,6.0593,6.662,14.342,467.7,36.0
1075,STARLINK-35422,66068,STARLINK-36767,67814,2026-07-31 07:39:52,5.0609,9.597,12.053,477.6,36.0
1076,STARLINK-34928,65195,STARLINK-36823,68070,2026-07-31 08:02:52,5.9904,6.359,14.182,465.7,36.0
1077,STARLINK-31748,59612,STARLINK-33683,63573,2026-07-31 01:12:54,2.4753,7.279,6.127,492.4,35.9
1078,STARLINK-36842,67884,STARLINK-37491,69166,2026-07-30 17:09:53,6.1901,6.203,14.625,475.5,35.9
1079,STARLINK-36300,68303,STARLINK-36250,68513,2026-07-31 05:56:52,6.1614,6.586,14.549,476.3,35.9
1080,ION SCV-015,58469,STARLINK-32511,61727,2026-07-30 16:52:52,6.0118,6.053,14.206,477.2,35.9
1081,STARLINK-32282,61006,STARLINK-36359,67979,2026-07-31 07:20:53,5.1238,5.3,12.17,477.5,35.9
1082,STARLINK-34655,65027,STARLINK-35902,66626,2026-07-31 03:45:53,5.0109,5.491,11.909,471.9,35.9
1083,STARLINK-3370,51127,2022-023F,51951,2026-07-31 02:14:53,4.6163,7.311,11.004,473.1,35.9
1084,CUBEBEL 2 (EU11S),57175,STARLINK-31849,59734,2026-07-30 17:11:53,6.077,6.866,14.335,489.4,35.9
1085,2026-027C,67748,HAWK-14C,68441,2026-07-30 21:08:52,6.3771,7.207,15.015,523.7,35.9
1086,STARLINK-34517,64595,STARLINK-36813,67892,2026-07-30 14:33:53,5.4056,5.904,12.792,463.8,35.9
1087,STARLINK-32719,62448,STARLINK-37018,68103,2026-07-30 12:01:52,5.951,6.024,14.027,465.0,35.9
1088,STARLINK-36801,67888,STARLINK-36305,68189,2026-07-30 12:36:52,6.2743,6.607,14.761,472.0,35.9
1089,STARLINK-30421,58107,STARLINK-37662,69137,2026-07-30 19:45:53,6.1724,6.958,14.525,467.7,35.8
1090,STARLINK-34907,65213,STARLINK-37231,68624,2026-07-30 13:44:52,6.1558,6.157,14.483,477.5,35.8
1091,STARLINK-34623,65018,STARLINK-37449,69488,2026-07-30 18:47:53,5.4465,5.552,12.86,478.1,35.8
1092,DONGPO 09,54685,YAOGAN-43 01F,60463,2026-07-31 04:48:52,5.8667,5.892,13.814,469.3,35.8
1093,ION SCV-008,55051,STARLINK-36633,67632,2026-07-31 05:07:52,5.0158,5.089,11.875,493.5,35.8
1094,STARLINK-4266,52869,STARLINK-37851,69658,2026-07-30 19:32:52,6.2618,6.662,14.707,470.3,35.8
1095,STARLINK-4171,52878,STARLINK-35413,65886,2026-07-30 22:39:56,0.8046,8.737,2.284,475.0,35.8
1096,STARLINK-6310,56533,STARLINK-36734,67988,2026-07-31 05:33:53,4.2082,9.147,10.02,490.9,35.8
1097,STARLINK-5757,55580,STARLINK-35739,67053,2026-07-31 03:59:54,2.041,6.966,5.092,492.7,35.8
1098,STARLINK-30359,57779,STARLINK-33933,63784,2026-07-30 15:53:53,4.0716,5.163,9.705,487.5,35.8
1099,STARLINK-3560,51859,STARLINK-37861,69552,2026-07-31 08:20:53,6.2179,6.316,14.572,480.9,35.8
1100,STARLINK-3147,49410,STARLINK-33597,62763,2026-07-30 20:38:53,3.0943,3.678,7.474,483.1,35.8
1101,STARLINK-5458,54764,GENMAT-1,58276,2026-07-30 09:00:53,6.2777,6.287,14.687,479.0,35.7
1102,STARLINK-3940,52540,STARLINK-34246,64769,2026-07-30 19:49:53,3.6591,3.714,8.748,462.0,35.7
1103,STARLINK-4097,53265,STARLINK-36373,68039,2026-07-30 09:06:52,5.341,8.098,12.56,482.0,35.7
1104,STARLINK-5695,55485,STARLINK-36141,67057,2026-07-30 17:12:53,2.0236,2.024,5.04,484.5,35.7
1105,STARLINK-5022,53903,STARLINK-5652,55334,2026-07-30 15:16:53,4.8045,7.314,11.342,488.9,35.7
1106,STARLINK-6179,56910,STARLINK-33928,64003,2026-07-30 12:59:51,2.5355,7.912,6.199,485.0,35.7
1107,HIBARI,49400,STARLINK-32609,61929,2026-07-31 04:40:53,4.1117,4.119,9.768,491.2,35.7
1108,STARLINK-3785,52375,STARLINK-35948,66633,2026-07-30 22:16:52,2.8937,2.975,7.008,460.9,35.7
1109,STARLINK-35344,65656,STARLINK-37255,68554,2026-07-31 02:47:52,6.2346,6.358,14.575,476.2,35.7
1110,STARLINK-6157,56379,STARLINK-32637,62032,2026-07-31 07:30:51,2.034,9.138,5.06,484.6,35.7
1111,STARLINK-6145,56389,STARLINK-36862,68003,2026-07-30 22:20:52,4.228,4.266,10.028,488.3,35.7
1112,STARLINK-32195,60440,STARLINK-37187,68399,2026-07-30 09:31:53,4.4723,4.512,10.58,477.3,35.7
1113,STARLINK-4150,53134,STARLINK-34290,64929,2026-07-31 01:46:52,5.046,5.4,11.873,466.1,35.7
1114,STARLINK-3974,52634,STARLINK-33792,63506,2026-07-30 17:31:53,5.0065,6.796,11.782,485.2,35.7
1115,STARLINK-31880,59661,STARLINK-36405,67921,2026-07-30 16:26:53,4.2699,6.013,10.112,488.2,35.7
1116,STARLINK-32386,61213,STARLINK-34760,65359,2026-07-30 09:31:52,5.0447,5.497,11.863,468.9,35.7
1117,STARLINK-5443,54781,STARLINK-37326,68542,2026-07-30 16:07:51,1.899,9.401,4.745,461.6,35.7
1118,STARLINK-11597 [DTC],63115,2025-313BF,67755,2026-07-31 00:12:52,6.1383,6.377,14.325,363.9,35.7
1119,STARLINK-3786,52263,LEMUR-2-SQUIRRELCOMM,60578,2026-07-30 12:18:53,5.1701,8.037,12.135,554.0,35.7
1120,STARLINK-3386,51126,STARLINK-35403,66081,2026-07-30 15:21:53,2.9585,5.949,7.134,470.4,35.7
1121,STARLINK-2725,48681,STARLINK-5036,53917,2026-07-31 06:35:53,4.6513,6.674,10.957,475.3,35.7
1122,STARLINK-4166,53291,STARLINK-32048,60156,2026-07-31 06:16:53,4.5303,5.175,10.679,463.7,35.6
1123,STARLINK-31912,59656,STARLINK-35977,66604,2026-07-30 15:50:51,0.3534,1.493,1.248,484.7,35.6
1124,STARLINK-35108,65738,STARLINK-37700,69215,2026-07-30 22:01:52,6.2415,6.344,14.529,476.5,35.6
1125,YUNYAO-1 43,63344,ICEYE-X62,66755,2026-07-30 14:40:52,5.2825,6.191,12.359,533.9,35.6
1126,2023-085V,57023,STARLINK-36954,68057,2026-07-30 15:09:52,5.9932,6.375,13.96,464.8,35.6
1127,STARLINK-2574,48395,STARLINK-37958,69559,2026-07-30 08:53:52,6.1695,6.323,14.35,481.3,35.6
1128,STARLINK-2476,48134,STARLINK-37722,69125,2026-07-31 05:01:52,6.3255,7.808,14.699,479.5,35.6
1129,STARLINK-2227,48575,STARLINK-37949,69671,2026-07-31 03:27:52,5.5054,7.882,12.851,468.5,35.6
1130,STARLINK-5635,55367,STARLINK-36610,67637,2026-07-30 23:23:52,4.2558,4.747,10.034,488.4,35.6
1131,ORBITER SN3,56960,REAL,64875,2026-07-31 07:29:52,3.8328,3.92,9.081,477.2,35.6
1132,STARLINK-4294,53176,STARLINK-37224,68671,2026-07-31 05:54:53,6.0008,7.11,13.959,469.4,35.6
1133,STARLINK-3692,51958,STARLINK-36935,68032,2026-07-31 00:50:53,4.8921,4.94,11.458,468.2,35.6
1134,STARLINK-6170,57129,STARLINK-30348,57712,2026-07-31 06:07:53,4.2216,7.901,9.949,487.6,35.6
1135,STARLINK-35472,65913,STARLINK-37529,68918,2026-07-31 04:28:52,6.3402,6.388,14.716,474.7,35.6
1136,STARLINK-6247,57086,STARLINK-32763,62750,2026-07-30 23:39:52,2.0466,2.367,5.055,484.8,35.6
1137,STARLINK-31439,59178,STARLINK-35283,66478,2026-07-31 03:28:52,4.2959,4.322,10.112,491.1,35.6
1138,STARLINK-6127,57135,STARLINK-30266,57529,2026-07-31 02:58:53,3.2967,4.355,7.864,492.2,35.6
1139,STARLINK-4059,53250,STARLINK-36586,67548,2026-07-31 04:21:53,6.3325,6.94,14.687,469.4,35.6
1140,STARLINK-35745,66271,STARLINK-37666,69046,2026-07-30 18:05:52,6.3669,6.46,14.763,473.2,35.6
1141,STARLINK-5269,54161,STARLINK-37020,68144,2026-07-31 06:03:52,6.1244,6.628,14.216,480.8,35.6
1142,STARLINK-30523,57997,KUIPER-00538,69608,2026-07-30 12:19:53,4.6389,5.787,10.876,491.9,35.6
1143,STARLINK-5400,54861,STARLINK-35986,66853,2026-07-31 07:28:53,4.1254,4.151,9.711,491.3,35.5
1144,COSMOS 2494 (SKRL-756 2),39491,STARLINK-4326,53081,2026-07-30 10:23:53,6.5606,7.708,15.176,558.0,35.5
1145,YAOGAN-14,38257,STARLINK-6362,57350,2026-07-30 16:03:53,6.1559,8.793,14.266,489.7,35.5
1146,STARLINK-3297,50159,STARLINK-30920,58378,2026-07-30 17:59:53,2.9127,3.367,6.982,476.3,35.5
1147,STARLINK-2462,48121,STARLINK-37131,68605,2026-07-31 02:55:52,6.2597,9.731,14.488,480.8,35.5
1148,STARLINK-32647,62200,STARLINK-34170,63955,2026-07-31 05:51:52,3.2012,6.966,7.627,485.6,35.5
1149,STARLINK-32145,60154,STARLINK-37725,69224,2026-07-31 05:12:53,6.0759,6.425,14.069,477.2,35.5
1150,SITRO-AIS 8 (ANOKHIN),57193,STARLINK-36565,67544,2026-07-31 08:25:53,6.5537,8.697,15.14,474.3,35.5
1151,STARLINK-34238,65415,STARLINK-37167,68732,2026-07-30 12:21:53,6.1426,6.361,14.218,465.6,35.5
1152,STARLINK-4212,52846,STARLINK-31462,59466,2026-07-30 13:21:52,4.8109,9.395,11.232,488.8,35.5
1153,STARLINK-1549,46074,STARLINK-35046,65701,2026-07-31 05:33:52,4.4024,6.225,10.316,472.4,35.5
1154,STARLINK-3175,51140,STARLINK-35105,65543,2026-07-30 09:39:53,4.9182,4.94,11.47,468.2,35.5
1155,STARLINK-35999,66951,STARLINK-37881,69547,2026-07-30 18:23:52,6.3753,6.556,14.732,471.1,35.5
1156,STARLINK-31477,59314,2024-203C,61871,2026-07-31 06:52:52,6.0256,7.062,13.945,493.1,35.5
1157,STARLINK-35679,66408,STARLINK-37012,68221,2026-07-30 21:59:53,6.3898,6.479,14.759,473.7,35.5
1158,STARLINK-35055,65524,STARLINK-35398,66017,2026-07-30 22:46:52,5.714,5.718,13.244,464.6,35.5
1159,STARLINK-6263,56549,STARLINK-33651,63588,2026-07-31 01:08:54,3.3121,8.86,7.864,485.7,35.5
1160,STARLINK-33691,63462,SAKHACUBE-CHOLBON (RS1*),67290,2026-07-30 15:08:52,5.4291,5.452,12.602,495.0,35.5
1161,STARLINK-3193,49754,STARLINK-35722,66218,2026-07-30 14:43:54,2.9935,8.375,7.145,476.2,35.5
1162,STARLINK-5361,57142,STARLINK-36151,67123,2026-07-31 04:55:53,3.2109,4.199,7.63,485.2,35.5
1163,STARLINK-32114,60287,STARLINK-35361,65667,2026-07-30 12:01:53,6.1164,6.284,14.123,481.8,35.4
1164,STARLINK-31999,60101,STARLINK-37429,69523,2026-07-31 04:53:55,0.7343,5.708,2.089,475.3,35.4
1165,STARLINK-5200,54103,STARLINK-36352,67567,2026-07-31 01:08:53,5.5647,9.482,12.884,468.8,35.4
1166,STARLINK-35123,65634,STARLINK-37267,68745,2026-07-30 22:42:53,4.2561,4.532,9.953,481.7,35.4
1167,STARLINK-4254,52998,STARLINK-37028,68270,2026-07-30 21:38:52,5.1115,5.902,11.862,469.0,35.4
1168,PRAETORIAN SDA_620,65583,YAOGAN-50 02,68196,2026-07-30 13:00:52,5.8329,6.274,13.464,957.3,35.4
1169,STARLINK-3988,52625,STARLINK-37138,68308,2026-07-30 12:05:52,2.4023,5.424,5.807,473.9,35.4
1170,STARLINK-31978,60016,STARLINK-36782,67805,2026-07-31 01:54:53,4.8097,5.195,11.178,468.3,35.4
1171,2025-313B,67249,STARLINK-37306,68680,2026-07-31 02:52:53,6.5885,6.817,15.144,477.6,35.4
1172,STARLINK-6243,57080,STARLINK-35711,66595,2026-07-31 03:22:54,1.4118,5.76,3.595,484.2,35.4
1173,STARLINK-31317,58931,STARLINK-37308,68952,2026-07-31 02:39:52,1.9156,3.376,4.718,475.1,35.4
1174,JILIN-1 05,43023,STARLINK-34490,64478,2026-07-30 21:25:52,6.2109,9.995,14.296,463.8,35.4
1175,PLEIADES NEO 3,48268,KUIPER-00251,67156,2026-07-31 04:34:52,6.0419,7.583,13.916,639.9,35.4
1176,STARLINK-35345,65833,STARLINK-37795,69311,2026-07-30 13:20:53,4.9686,5.032,11.515,464.0,35.4
1177,TSAT-1A,59442,STARLINK-32207,60259,2026-07-31 07:58:53,4.5969,4.793,10.685,475.4,35.4
1178,STARLINK-2740,48690,STARLINK-35181,65666,2026-07-30 13:45:52,5.7252,6.802,13.192,481.8,35.4
1179,STARLINK-33894,63697,STARLINK-36583,67545,2026-07-30 16:04:53,6.4269,7.463,14.753,471.0,35.4
1180,STARLINK-6350,57226,STARLINK-35449,66459,2026-07-31 07:47:53,3.2351,3.765,7.645,492.3,35.3
1181,CAPELLA-11 (ACADIA-1),57693,GEESAT-3 03,61013,2026-07-30 16:54:52,4.2971,8.292,10.007,622.1,35.3
1182,STARLINK-30827,58195,STARLINK-34132,64086,2026-07-31 06:13:51,2.0931,9.784,5.103,484.8,35.3
1183,STARLINK-6374,57338,STARLINK-36183,67173,2026-07-31 02:23:52,2.0798,2.1,5.071,484.8,35.3
1184,STARLINK-30133,56837,FLOCK 4G-12,62625,2026-07-31 08:01:52,4.6265,5.915,10.734,492.9,35.3
1185,STARLINK-32443,61672,STARLINK-35078,65523,2026-07-31 01:45:53,6.0133,7.537,13.808,469.2,35.3
1186,STARLINK-2462,48121,STARLINK-37131,68605,2026-07-31 02:08:52,6.3314,8.317,14.511,471.8,35.3
1187,STARLINK-37111,68381,STARLINK-37262,68508,2026-07-30 21:38:53,6.4444,6.589,14.761,473.3,35.3
1188,STARLINK-5023,53919,STARLINK-34062,64021,2026-07-30 11:47:52,4.135,9.171,9.625,487.5,35.3
1189,STARLINK-5089,56148,FLOCK 4G-24,62637,2026-07-30 11:42:52,4.8797,5.296,11.279,492.2,35.3
1190,STARLINK-30386,57816,LEO EXPRESS 1,58301,2026-07-30 12:56:52,6.091,6.183,13.967,492.9,35.3
1191,STARLINK-30294,57651,STARLINK-35466,66457,2026-07-30 16:22:53,4.2672,4.901,9.917,491.0,35.3
1192,STARLINK-36337,68716,STARLINK-37843,69501,2026-07-30 14:31:52,6.1856,6.213,14.174,471.9,35.3
1193,FLOCK 4G-31,62652,STARLINK-35654,66483,2026-07-31 02:59:53,4.8198,4.822,11.137,482.0,35.3
1194,STARLINK-4369,53191,STARLINK-37506,69261,2026-07-31 05:58:53,5.6805,8.87,13.039,458.9,35.3
1195,STARLINK-32014,60150,STARLINK-37739,69233,2026-07-30 09:11:53,6.2353,6.782,14.263,466.7,35.3
1196,STARLINK-3111,49418,TEVEL2-4,63213,2026-07-31 05:02:52,6.4262,6.846,14.685,473.6,35.3
1197,STARLINK-30713,57952,STARLINK-37736,69226,2026-07-31 03:04:53,6.3008,7.283,14.403,476.9,35.3
1198,STARLINK-30702,57955,STARLINK-35668,66401,2026-07-31 03:45:53,5.2205,6.05,12.004,469.1,35.2
1199,STARLINK-4119,53026,LIZZIESAT-2 (LS-2),62383,2026-07-30 12:32:53,3.8638,7.309,8.996,484.0,35.2
1200,STARLINK-34866,65189,STARLINK-33913,65215,2026-07-30 14:15:52,5.8889,6.271,13.474,464.5,35.2
1201,STARLINK-32787,62809,STARLINK-35700,66217,2026-07-30 20:10:52,3.2897,4.618,7.721,462.6,35.2
1202,STARLINK-33742,63366,STARLINK-35119,65508,2026-07-30 22:28:52,5.0564,6.053,11.624,467.5,35.2
1203,STARLINK-31634,59330,STARLINK-36898,68002,2026-07-31 05:33:52,4.1927,4.262,9.714,491.0,35.2
1204,GRACE-FO 1,43476,STARLINK-32782,62821,2026-07-30 23:14:53,6.3182,7.317,14.409,465.7,35.2
1205,STARLINK-31744,59494,STARLINK-33941,63765,2026-07-30 16:30:54,2.0842,9.908,5.045,484.7,35.2
1206,STARLINK-33585,62782,STARLINK-37838,69654,2026-07-30 19:06:53,5.7428,6.334,13.11,481.9,35.2
1207,2024-153E,60749,STARLINK-33630,63477,2026-07-31 04:30:53,6.3065,9.775,14.35,490.8,35.2
1208,STARLINK-3287,50172,STARLINK-30225,57449,2026-07-31 04:16:52,4.7816,8.907,10.985,487.0,35.2
1209,STARLINK-35748,66206,STARLINK-37278,68733,2026-07-31 02:29:52,6.3522,6.976,14.435,467.1,35.1
1210,STARLINK-31455,59309,BANDWAGON-4 OBJECT Q,66307,2026-07-30 16:42:52,3.444,6.188,8.028,491.1,35.1
1211,STARLINK-30498,57971,STARLINK-35569,66471,2026-07-31 00:13:53,1.4125,2.137,3.55,484.5,35.1
1212,STARLINK-37937,69944,STARLINK-38063,69979,2026-07-30 22:07:52,6.5314,6.653,14.82,330.0,35.1
1213,STARLINK-35361,65667,STARLINK-35634,66173,2026-07-30 15:57:53,6.1073,6.114,13.885,465.4,35.1
1214,STARLINK-35829,66350,STARLINK-37252,68622,2026-07-31 03:40:52,5.8733,6.309,13.365,481.4,35.1
1215,STARLINK-34680,65356,STARLINK-37081,68229,2026-07-30 13:28:52,6.0779,6.296,13.812,477.4,35.1
1216,STARLINK-2732,48646,STARLINK-34189,64121,2026-07-30 14:54:52,3.571,5.535,8.295,484.5,35.1
1217,STARLINK-5746,56926,STARLINK-32752,62567,2026-07-31 06:04:53,4.2189,4.302,9.717,487.6,35.1
1218,STARLINK-35751,66208,STARLINK-37447,68810,2026-07-30 22:25:52,6.0978,6.248,13.848,465.5,35.1
1219,YAOGAN-14,38257,STARLINK-3885,52463,2026-07-30 11:12:53,6.1477,6.526,13.955,486.7,35.1
1220,STARLINK-2687,48466,STARLINK-37221,68668,2026-07-30 18:42:53,6.454,8.548,14.624,473.0,35.1
1221,STARLINK-3646,51785,STARLINK-37954,69558,2026-07-31 07:44:53,6.4812,6.868,14.681,474.4,35.1
1222,STARLINK-5256,54175,STARLINK-35843,67606,2026-07-30 15:23:52,6.4339,9.45,14.572,475.9,35.1
1223,STARLINK-6312,56536,STARLINK-30843,58241,2026-07-31 00:48:52,2.1169,4.168,5.088,484.8,35.1
1224,STARLINK-32107,59694,STARLINK-35915,66521,2026-07-31 02:46:53,4.284,5.77,9.846,487.5,35.1
1225,STARLINK-5427,54853,STARLINK-32748,62524,2026-07-30 14:05:52,3.3897,4.576,7.873,485.9,35.0
1226,STARLINK-5333,56507,STARLINK-32615,62034,2026-07-31 05:15:53,2.7458,3.203,6.458,485.2,35.0
1227,STARLINK-3290,50828,STARLINK-33937,63704,2026-07-31 07:10:50,1.2431,7.14,3.162,489.3,35.0
1228,STARLINK-34883,65426,STARLINK-37057,68161,2026-07-30 16:18:53,3.6863,3.739,8.513,469.2,35.0
1229,STARLINK-2644,48442,STARLINK-11312 [DTC],61689,2026-07-31 06:04:52,5.4232,5.433,12.314,367.9,35.0
1230,STARLINK-4443,53508,STARLINK-36365,67666,2026-07-31 02:12:52,4.5246,4.673,10.344,464.2,35.0
1231,STARLINK-31957,59926,STARLINK-36443,67431,2026-07-30 16:13:53,3.2911,4.561,7.638,485.3,35.0
1232,STARLINK-4011,52615,STARLINK-37055,68147,2026-07-30 14:31:53,5.9503,6.054,13.453,465.2,35.0
1233,STARLINK-32092,59700,STARLINK-32384,62146,2026-07-30 19:06:53,3.3984,7.37,7.869,484.8,35.0
1234,STARLINK-32158,60267,STARLINK-35169,65465,2026-07-30 14:02:53,5.2695,6.652,11.952,468.0,35.0
1235,STARLINK-32453,61671,SL-4 R/B,68753,2026-07-30 16:28:53,6.2192,6.236,14.022,472.7,35.0
1236,STARLINK-2122,47400,STARLINK-4340,53494,2026-07-30 17:35:52,5.1707,5.33,11.728,481.7,35.0
1237,STARLINK-32499,61959,FLOCK 4G-36,62675,2026-07-31 01:10:52,6.2612,7.922,14.105,491.9,34.9
1238,TEVEL2-3,63218,STARLINK-36825,68041,2026-07-30 21:27:51,2.4607,9.043,5.806,472.1,34.9
1239,M-SEL/CORTEZ,63231,STARLINK-33820,63584,2026-07-30 22:01:52,5.8586,9.721,13.213,494.9,34.9
1240,STARLINK-31754,59488,STARLINK-35618,66423,2026-07-31 04:39:53,2.6336,6.434,6.178,484.9,34.9
1241,STARLINK-3457,51754,STARLINK-35651,66386,2026-07-30 08:40:52,4.3843,4.832,9.993,463.0,34.9
1242,STARLINK-3749,52313,STARLINK-37042,68266,2026-07-30 17:08:53,5.2391,5.239,11.851,468.9,34.9
1243,TIANQIN 1 (CAS-6),44879,STARLINK-5640,55436,2026-07-30 20:07:52,6.6761,6.684,14.971,586.9,34.9
1244,STARLINK-31190,58897,GEOSCAN 2 (RS92S2),64890,2026-07-30 22:14:52,6.5244,6.658,14.637,485.1,34.9
1245,STARLINK-30205,57408,STARLINK-30251,57532,2026-07-30 10:22:53,3.7762,4.27,8.655,485.4,34.9
1246,STARLINK-31136,58772,STARLINK-37089,69183,2026-07-30 13:17:53,3.0891,5.911,7.159,462.0,34.9
1247,STARLINK-32652,62234,STARLINK-37370,68806,2026-07-30 10:59:52,6.2592,9.151,14.054,481.2,34.9
1248,STARLINK-5881,57054,STARLINK-32876,63151,2026-07-30 18:03:52,3.3183,6.734,7.651,485.7,34.9
1249,STARLINK-3823,52336,STARLINK-32308,61663,2026-07-30 19:50:52,5.0098,5.59,11.328,475.3,34.9
1250,STARLINK-3628,51783,STARLINK-37737,69227,2026-07-30 15:50:53,6.5888,6.606,14.756,477.3,34.9
1251,2023-104A,57424,STARLINK-37320,68711,2026-07-31 05:59:53,6.5467,6.575,14.662,470.0,34.9
1252,STARLINK-4297,53543,STARLINK-37784,69657,2026-07-31 04:49:53,5.9043,6.065,13.262,465.0,34.8
1253,STARLINK-30217,57450,STARLINK-32751,62753,2026-07-30 16:18:53,3.3056,4.352,7.616,492.3,34.8
1254,STARLINK-2241,48586,STARLINK-37659,69139,2026-07-30 15:42:53,6.4662,6.755,14.477,480.8,34.8
1255,STARLINK-3133,49416,STARLINK-4049,52840,2026-07-30 15:32:53,5.0916,9.947,11.49,466.2,34.8
1256,CUAVA-2,60527,STARLINK-36821,67880,2026-07-31 03:47:53,6.5085,6.546,14.566,477.5,34.8
1257,STARLINK-2430,48100,STARLINK-36833,68109,2026-07-31 06:01:51,2.9672,7.983,6.876,480.5,34.8
1258,STARLINK-4722,53775,YAOGAN-43 01G,60464,2026-07-31 07:15:52,3.9923,8.983,9.101,486.8,34.8
1259,STARLINK-31298,59167,STARLINK-32638,62424,2026-07-31 01:44:52,4.3244,7.406,9.82,487.4,34.8
1260,STARLINK-33729,63647,STARLINK-36653,67842,2026-07-30 17:38:52,3.4316,4.706,7.882,492.6,34.8
1261,STARLINK-31501,59359,STARLINK-36098,66816,2026-07-31 01:03:52,4.3874,7.364,9.957,488.0,34.8
1262,STARLINK-6150,57119,STARLINK-30953,58491,2026-07-31 05:16:56,0.3946,4.818,1.29,492.6,34.8
1263,STARLINK-2563,48410,STARLINK-37766,69216,2026-07-30 11:41:52,5.9341,8.038,13.303,468.6,34.8
1264,STARLINK-30138,57605,STARLINK-34299,64383,2026-07-30 09:04:52,3.435,3.521,7.882,485.8,34.8
1265,2023-104C,57426,STARLINK-35653,66122,2026-07-30 08:41:53,6.6071,6.608,14.751,483.9,34.8
1266,STARLINK-5429,54801,STARLINK-37265,69548,2026-07-30 12:20:53,5.9089,5.912,13.233,481.9,34.8
1267,STARLINK-33761,63455,STARLINK-37268,68747,2026-07-30 17:41:53,5.7747,9.563,12.942,463.9,34.8
1268,STARLINK-32503,62157,STARLINK-34100,64385,2026-07-30 09:02:46,0.4077,8.126,1.316,484.2,34.8
1269,STARLINK-30071,56708,STARLINK-34180,64081,2026-07-30 20:05:51,2.6573,7.435,6.186,492.1,34.8
1270,STARLINK-4276,53179,2024-018C,58851,2026-07-30 15:53:52,5.136,7.034,11.551,466.6,34.8
1271,STARLINK-32330,61850,STARLINK-32567,61930,2026-07-31 01:08:51,1.4731,4.921,3.621,484.5,34.8
1272,STARLINK-5609,55348,STARLINK-30869,58437,2026-07-31 02:13:53,3.4422,3.933,7.884,485.9,34.8
1273,STARLINK-32047,61516,STARLINK-37722,69125,2026-07-30 23:26:53,6.3996,6.431,14.284,470.4,34.8
1274,CENTAURI-7,62708,STARLINK-34117,64040,2026-07-30 12:24:53,6.7536,6.807,15.05,583.9,34.8
1275,STARLINK-4618,53735,STARLINK-34146,64098,2026-07-31 06:29:52,4.2535,4.306,9.638,462.5,34.8
1276,STARLINK-2409,47824,STARLINK-37354,68743,2026-07-30 23:33:52,5.9317,6.835,13.259,468.8,34.8
1277,STARLINK-31591,59207,2024-153B,60746,2026-07-31 05:22:53,6.4132,6.417,14.299,462.5,34.7
1278,STARLINK-3741,52619,STARLINK-36116,66948,2026-07-30 14:25:53,3.0519,3.62,7.021,460.9,34.7
1279,STARLINK-32877,62960,STARLINK-37551,68907,2026-07-30 16:49:52,5.8331,6.12,13.025,477.7,34.7
1280,STARLINK-5334,56509,STARLINK-36480,67336,2026-07-31 00:12:47,0.4274,7.108,1.354,492.5,34.7
1281,STARLINK-31300,58878,STARLINK-35628,66123,2026-07-30 12:25:53,3.3588,3.384,7.681,474.8,34.7
1282,STARLINK-5738,55573,STARLINK-35438,66347,2026-07-31 02:46:53,4.5187,4.922,10.183,490.8,34.7
1283,STARLINK-32627,62315,STARLINK-37531,69136,2026-07-30 15:23:52,6.5432,7.017,14.545,475.8,34.7
1284,SKYKRAFT-1A,55054,STARLINK-30811,58167,2026-07-30 13:53:53,2.4818,5.198,5.784,480.9,34.7
1285,STARLINK-5588,55375,STARLINK-35466,66457,2026-07-31 02:19:49,0.8503,8.036,2.264,484.1,34.7
1286,STARLINK-30711,57940,STARLINK-35220,65661,2026-07-31 08:01:53,6.6493,6.67,14.76,472.0,34.7
1287,STARLINK-32855,62813,STARLINK-36109,66943,2026-07-30 15:44:51,2.1081,7.914,4.973,474.8,34.7
1288,STARLINK-3240,49728,STARLINK-37050,68228,2026-07-31 08:13:52,6.3341,9.387,14.076,465.7,34.7
1289,STARLINK-30448,57928,STARLINK-33941,63765,2026-07-30 17:15:52,2.7963,3.003,6.454,492.4,34.7
1290,STARLINK-31776,59603,STARLINK-32480,62039,2026-07-30 23:33:52,4.411,6.135,9.929,487.9,34.7
1291,STARLINK-3354,51146,STARLINK-37619,69309,2026-07-30 21:38:53,6.1837,6.541,13.744,465.4,34.7
1292,2024-203A,61869,STARLINK-36955,68701,2026-07-30 14:04:52,6.6254,7.411,14.695,469.3,34.7
1293,STARLINK-35351,65668,STARLINK-37238,69247,2026-07-30 16:40:52,6.3655,6.991,14.127,465.7,34.6
1294,STARLINK-2571,48401,STARLINK-36625,67668,2026-07-31 06:44:53,6.3198,6.32,14.019,469.1,34.6
1295,STARLINK-30247,57644,STARLINK-35684,66458,2026-07-31 07:22:52,4.5332,5.577,10.177,488.5,34.6
1296,STARLINK-33596,62758,STARLINK-37390,68782,2026-07-30 13:23:52,6.1385,6.928,13.615,468.7,34.6
1297,STARLINK-32282,61006,STARLINK-35954,66885,2026-07-31 06:29:53,1.8383,2.254,4.375,461.7,34.6
1298,STARLINK-5969,55993,STARLINK-36501,67327,2026-07-30 18:02:53,3.3611,3.832,7.641,492.1,34.6
1299,STARLINK-30130,56697,STARLINK-31898,59905,2026-07-31 06:06:53,4.4758,8.261,10.022,491.1,34.6
1300,STARLINK-31491,59011,STARLINK-36697,67698,2026-07-30 08:47:52,6.6825,7.193,14.745,472.9,34.6
1301,STARLINK-34364,64495,STARLINK-37175,68401,2026-07-30 17:36:52,6.685,7.642,14.743,474.4,34.5
1302,STARLINK-34942,65181,STARLINK-35758,66229,2026-07-30 21:27:52,6.5979,6.687,14.54,476.5,34.5
1303,STARLINK-30389,57783,STARLINK-35992,66852,2026-07-30 09:49:52,4.4514,4.606,9.947,488.4,34.5
1304,STARLINK-37856,69491,STARLINK-37229,69659,2026-07-30 20:46:55,1.1669,7.294,2.923,463.4,34.5
1305,STARLINK-4710,53799,STARLINK-33872,64189,2026-07-30 21:17:53,5.4852,8.68,12.157,470.7,34.5
1306,STARLINK-35513,65930,STARLINK-37195,68662,2026-07-31 03:17:52,6.2628,6.306,13.817,465.1,34.5
1307,STARLINK-3742,52303,STARLINK-34759,65096,2026-07-30 19:45:53,4.0969,6.492,9.184,476.2,34.5
1308,STARLINK-32457,61717,STARLINK-36359,67979,2026-07-31 01:03:52,4.2062,4.47,9.418,477.4,34.5
1309,STARLINK-34987,65255,STARLINK-36962,68269,2026-07-30 09:25:53,5.9748,6.039,13.196,464.3,34.5
1310,YAM-7,60504,STARLINK-36576,67534,2026-07-30 11:56:52,6.8348,6.92,15.031,469.8,34.5
1311,2023-072F,56748,STARLINK-32706,62308,2026-07-30 18:41:52,6.6419,6.661,14.617,476.7,34.5
1312,STARLINK-31646,59265,STARLINK-37138,68308,2026-07-31 01:40:53,5.5064,9.225,12.184,464.0,34.5
1313,STARLINK-31464,59318,STARLINK-33720,63468,2026-07-31 01:58:54,1.0343,3.857,2.635,484.2,34.5
1314,STARLINK-30617,58104,STARLINK-37327,68736,2026-07-30 09:23:52,6.4811,6.546,14.26,466.4,34.5
1315,STARLINK-4609,53619,STARLINK-32822,62868,2026-07-30 13:13:53,4.9184,8.46,10.924,466.7,34.5
1316,STARLINK-3692,51958,STARLINK-37743,69339,2026-07-30 16:34:52,6.7046,7.149,14.73,478.9,34.5
1317,STARLINK-32084,60347,STARLINK-34933,65253,2026-07-30 19:47:52,5.9782,6.137,13.18,481.8,34.5
1318,STARLINK-5371,55489,STARLINK-36149,66969,2026-07-30 17:41:53,1.6254,3.345,3.893,492.5,34.5
1319,STARLINK-37222,68663,STARLINK-37374,69153,2026-07-30 19:44:52,6.2679,8.445,13.787,478.4,34.5
1320,STARLINK-3913,52485,STARLINK-36419,67584,2026-07-30 18:18:52,6.4691,7.193,14.216,471.0,34.5
1321,STARLINK-4004,52656,STARLINK-35369,68705,2026-07-30 23:47:53,5.2229,5.468,11.558,466.4,34.5
1322,STARLINK-32172,61518,STARLINK-36582,67599,2026-07-30 18:44:52,4.6807,5.222,10.402,469.0,34.5
1323,STARLINK-32030,61513,STARLINK-34571,64914,2026-07-31 01:49:53,5.431,5.454,11.997,468.2,34.4
1324,STARLINK-30781,58123,STARLINK-31511,59462,2026-07-30 19:07:53,3.4785,3.496,7.837,486.0,34.4
1325,STARLINK-32084,60347,STARLINK-34933,65253,2026-07-30 20:34:53,6.008,6.008,13.214,468.7,34.4
1326,STARLINK-1540,46051,STARLINK-36295,68667,2026-07-31 01:22:52,4.8737,7.744,10.792,468.2,34.4
1327,STARLINK-4596,53624,STARLINK-35280,66025,2026-07-30 17:15:52,5.2886,5.477,11.674,477.4,34.4
1328,STARLINK-30120,56824,STARLINK-36470,67319,2026-07-31 00:32:53,4.4293,4.58,9.842,487.7,34.4
1329,STARLINK-3326,50844,STARLINK-3957,52562,2026-07-30 21:11:52,2.7605,6.542,6.292,463.7,34.4
1330,STARLINK-3549,51891,STARLINK-37279,68768,2026-07-30 19:09:52,6.7494,7.271,14.762,473.3,34.4
1331,STARLINK-31271,58827,STARLINK-36672,68674,2026-07-31 06:39:52,6.743,8.286,14.747,474.0,34.4
1332,STARLINK-6290,57328,TIANMU-1 07,57399,2026-07-31 05:16:53,5.3971,6.116,11.869,492.1,34.3
1333,STARLINK-30991,58484,STARLINK-35932,66526,2026-07-30 18:41:53,4.4867,4.607,9.937,488.0,34.3
1334,STARLINK-3357,51150,STARLINK-36820,67966,2026-07-30 08:54:52,6.6103,7.258,14.437,480.2,34.3
1335,STARLINK-37503,69262,STARLINK-37878,69479,2026-07-30 10:10:53,6.7054,7.117,14.639,475.5,34.3
1336,STARLINK-34680,65356,STARLINK-37113,68318,2026-07-31 06:49:52,5.9051,6.103,12.934,476.9,34.3
1337,STARLINK-35541,66235,STARLINK-37781,69341,2026-07-30 23:59:53,5.3025,8.7,11.644,468.2,34.3
1338,STARLINK-2699,48433,STARLINK-37615,69030,2026-07-31 06:21:53,6.3918,6.499,13.939,468.9,34.3
1339,STARLINK-3323,50804,STARLINK-5407,54858,2026-07-30 11:16:52,5.0787,6.876,11.149,489.8,34.3
1340,HAWK-2B,47508,STARLINK-4584,53571,2026-07-30 16:06:52,6.1802,7.318,13.474,477.5,34.3
1341,STARLINK-30597,58078,STARLINK-33832,63637,2026-07-30 20:41:54,2.723,6.938,6.171,484.9,34.3
1342,STARLINK-4112,52861,STARLINK-37198,68386,2026-07-30 20:52:52,5.444,5.799,11.914,481.4,34.3
1343,STARLINK-32155,60274,STARLINK-37002,68164,2026-07-30 19:00:52,6.1395,6.716,13.377,468.7,34.2
1344,HERMES-2,63243,STARLINK-36740,67741,2026-07-30 10:33:53,6.8424,6.854,14.86,470.7,34.2
1345,STARLINK-36817,67882,STARLINK-36760,68956,2026-07-31 04:25:52,6.7806,7.132,14.729,470.8,34.2
1346,STARLINK-30407,57823,STARLINK-35743,66578,2026-07-30 22:28:52,4.4616,4.485,9.834,487.8,34.2
1347,STARLINK-3180,51137,STARLINK-35808,68052,2026-07-30 20:29:53,3.9739,4.845,8.804,461.6,34.2
1348,STARLINK-31987,60017,STARLINK-34990,65244,2026-07-30 21:21:52,6.067,6.879,13.215,468.6,34.2
1349,STARLINK-30250,57527,STARLINK-31573,59334,2026-07-30 12:33:53,4.7322,5.501,10.397,489.4,34.2
1350,STARLINK-32497,62161,STARLINK-33713,63479,2026-07-30 22:12:52,3.43,4.304,7.65,485.6,34.2
1351,STARLINK-31206,59028,STARLINK-33822,63658,2026-07-30 09:35:55,1.6216,9.578,3.839,492.6,34.2
1352,STARLINK-3549,51891,239ALFEROV (RS61S),64881,2026-07-30 08:38:53,5.7539,6.251,12.544,461.1,34.2
1353,STARLINK-36328,68096,STARLINK-37122,68678,2026-07-30 14:36:52,6.6012,6.691,14.328,477.1,34.2
1354,STARLINK-32047,61516,STARLINK-37215,68392,2026-07-30 08:55:53,6.6533,8.391,14.433,480.4,34.2
1355,STARLINK-31086,58626,STARLINK-32388,62144,2026-07-30 14:25:51,3.5513,9.574,7.9,492.0,34.2
1356,STARLINK-33887,63680,STARLINK-36405,67921,2026-07-30 19:33:53,4.5146,4.744,9.924,487.2,34.2
1357,STARLINK-32237,60443,STARLINK-32520,62021,2026-07-31 04:58:51,2.0907,9.162,4.822,475.1,34.2
1358,STARLINK-30372,57789,LIZZIESAT-1 (LS-1),59132,2026-07-31 06:43:53,3.1199,3.329,6.988,491.7,34.2
1359,STARLINK-32404,61710,STARLINK-35055,65524,2026-07-30 18:51:53,6.1014,6.559,13.263,477.8,34.2
1360,STARLINK-3848,52362,STARLINK-37869,69483,2026-07-30 14:35:53,2.9342,5.613,6.595,480.7,34.2
1361,STARLINK-32194,60315,STARLINK-36891,68024,2026-07-30 15:21:53,6.7813,9.985,14.684,475.7,34.2
1362,STARLINK-30225,57449,STARLINK-32614,62428,2026-07-30 13:57:52,2.2314,2.646,5.114,484.7,34.2
1363,STARLINK-34145,64110,STARLINK-37072,68153,2026-07-30 14:34:53,6.637,9.853,14.38,476.8,34.2
1364,STARLINK-3120,49419,STARLINK-32020,60201,2026-07-31 01:40:52,3.2491,7.442,7.242,483.6,34.1
1365,STARLINK-31080,58603,STARLINK-36670,67828,2026-07-30 16:27:54,3.5574,9.454,7.888,492.3,34.1
1366,STARLINK-32228,60445,STARLINK-35425,65874,2026-07-30 11:37:52,3.4794,3.948,7.723,462.6,34.1
1367,STARLINK-3811,52383,STARLINK-36089,66947,2026-07-30 09:59:52,5.5404,7.742,12.041,473.5,34.1
1368,STARLINK-35087,65541,STARLINK-37268,68747,2026-07-31 05:24:53,6.8471,7.099,14.779,481.5,34.1
1369,STARLINK-31840,60127,STARLINK-34980,65258,2026-07-30 10:34:52,6.8056,6.811,14.69,479.3,34.1
1370,STARLINK-3823,52336,STARLINK-36867,67983,2026-07-30 10:01:53,4.0678,5.28,8.947,466.4,34.1
1371,2023-091H,57173,STARLINK-36544,67517,2026-07-30 09:53:52,3.8849,4.381,8.559,492.5,34.1
1372,STARLINK-31348,59172,STARLINK-33752,63580,2026-07-30 12:20:52,3.5584,6.132,7.872,491.8,34.1
1373,STARLINK-4670,53744,STARLINK-35719,67183,2026-07-31 05:44:53,4.4682,4.468,9.775,492.8,34.1
1374,STARLINK-31337,58934,2025-108F,64092,2026-07-30 21:26:53,4.599,8.396,10.042,476.6,34.1
1375,STARLINK-36266,67984,STARLINK-37295,68552,2026-07-30 16:39:53,6.7993,7.699,14.646,475.4,34.1
1376,STARLINK-36816,67891,STARLINK-37107,68294,2026-07-30 21:08:52,6.9805,9.819,15.024,468.2,34.1
1377,STARLINK-11491 [DTC],62269,STARLINK-11542 [DTC],62988,2026-07-30 22:47:51,2.129,6.923,4.872,355.0,34.1
1378,STARLINK-30358,57879,STARLINK-36736,67911,2026-07-31 07:25:53,1.4862,1.791,3.526,484.3,34.1
1379,STARLINK-4012,52602,IRIDE-MS1-EAGLET 2-15,68462,2026-07-31 05:41:52,6.8395,7.349,14.71,520.8,34.0
1380,STARLINK-32028,60095,STARLINK-34210,65653,2026-07-30 15:09:53,6.7824,8.293,14.589,468.4,34.0
1381,STARLINK-2459,48119,STARLINK-36300,68303,2026-07-31 02:06:53,6.3736,8.5,13.735,469.1,34.0
1382,STARLINK-4119,53026,STARLINK-36384,67597,2026-07-31 06:01:53,6.1515,6.682,13.27,481.7,34.0
1383,STARLINK-31239,60093,STARLINK-37564,68902,2026-07-30 22:37:51,3.4666,8.434,7.659,476.8,34.0
1384,STARLINK-31457,59414,STARLINK-34032,63853,2026-07-31 01:27:56,1.0209,8.248,2.55,492.5,34.0
1385,STARLINK-34222,64191,STARLINK-35488,66254,2026-07-30 22:32:52,5.621,5.859,12.153,479.6,34.0
1386,STARLINK-34841,65208,STARLINK-36566,67551,2026-07-30 16:55:53,5.7456,6.054,12.409,464.2,34.0
1387,STARLINK-34908,65329,STARLINK-37583,69466,2026-07-31 01:09:53,5.4053,5.446,11.697,469.1,34.0
1388,STARLINK-3098,49442,STARLINK-37081,68229,2026-07-31 04:36:52,6.8609,8.019,14.732,474.8,34.0
1389,STARLINK-3955,52561,STARLINK-34643,64923,2026-07-30 18:28:53,5.629,5.67,12.16,469.6,34.0
1390,STARLINK-4119,53026,LIZZIESAT-2 (LS-2),62383,2026-07-30 14:53:52,4.1222,8.055,9.014,474.2,34.0
1391,STARLINK-35749,66879,STARLINK-36639,67669,2026-07-30 11:16:52,6.8126,6.819,14.625,475.3,34.0
1392,STARLINK-35391,66616,STARLINK-35990,66792,2026-07-30 13:12:53,2.2072,2.324,5.018,491.6,34.0
1393,STARLINK-30399,57951,STARLINK-35709,66216,2026-07-30 23:32:52,5.4923,5.938,11.864,468.8,34.0
1394,STARLINK-4641,53730,KUIPER-00593,69278,2026-07-30 23:59:52,4.9238,9.695,10.677,460.6,34.0
1395,JILIN-1 GAOFEN 03D47,54692,STARLINK-35714,66214,2026-07-30 16:43:53,5.442,9.069,11.755,462.6,34.0
1396,STARLINK-5720,55619,STARLINK-35479,66326,2026-07-31 06:31:53,4.5154,8.766,9.823,491.5,34.0
1397,ION SCV-004,50993,STARLINK-35488,66254,2026-07-31 02:58:53,4.3748,9.192,9.526,471.1,34.0
1398,STARLINK-4781,53861,STARLINK-35502,66435,2026-07-30 16:59:52,5.2424,5.261,11.33,487.3,34.0
1399,STARLINK-34994,65924,STARLINK-37998,69679,2026-07-31 03:45:52,6.7767,6.793,14.524,471.9,34.0
1400,STARLINK-35651,66386,KUIPER-00627,69782,2026-07-30 15:11:53,5.5797,5.579,12.027,473.9,34.0
1401,STARLINK-30306,57633,STARLINK-33936,64005,2026-07-31 05:58:53,3.483,8.333,7.659,492.0,34.0
1402,STARLINK-32235,60739,STARLINK-37483,68856,2026-07-30 19:11:53,5.4461,5.575,11.741,465.1,33.9
1403,STARLINK-33648,63371,STARLINK-36613,67578,2026-07-30 18:37:53,6.8325,6.861,14.62,480.9,33.9
1404,STARLINK-6314,56538,STARLINK-32625,62154,2026-07-30 22:49:52,1.5007,1.525,3.534,484.0,33.9
1405,STARLINK-3069,49176,STARLINK-37870,69432,2026-07-30 11:42:53,7.1232,7.134,15.208,432.0,33.9
1406,STARLINK-30958,58457,STARLINK-34203,64246,2026-07-30 21:32:53,3.4782,6.348,7.624,492.2,33.9
1407,STARLINK-31770,59601,STARLINK-33916,63792,2026-07-30 09:47:51,0.4378,2.151,1.322,483.8,33.9
1408,STARLINK-4383,53473,GUOWANG TEST OBJECT D,69323,2026-07-30 22:47:52,6.6842,7.287,14.266,459.2,33.9
1409,STARLINK-32958,63563,STARLINK-35511,66344,2026-07-30 12:18:54,2.2523,6.105,5.079,492.3,33.9
1410,STARLINK-34897,65212,STARLINK-37471,68802,2026-07-30 13:57:52,6.7039,8.212,14.297,466.2,33.9
1411,TEVEL2-2,63219,STARLINK-37280,68511,2026-07-30 12:46:52,4.4458,6.513,9.609,474.3,33.8
1412,STARLINK-35602,66403,STARLINK-37011,68217,2026-07-30 21:24:53,6.9395,7.021,14.762,471.9,33.8
1413,STARLINK-31191,58800,STARLINK-32937,63148,2026-07-30 14:11:53,4.6483,5.851,10.024,488.2,33.8
1414,STARLINK-34540,65657,STARLINK-35312,65866,2026-07-30 22:14:52,5.3514,9.549,11.477,463.9,33.8
1415,STARLINK-30252,57607,STARLINK-35463,66463,2026-07-31 05:27:53,4.3721,4.781,9.448,487.2,33.8
1416,STARLINK-3146,49414,KUIPER-00623,69780,2026-07-30 14:26:52,5.5922,7.672,11.968,472.3,33.8
1417,STARLINK-37274,68724,STARLINK-37938,69568,2026-07-31 08:09:52,6.8213,9.911,14.506,462.4,33.8
1418,YAOGAN-43 02C,60947,AEROCUBE 18A,63220,2026-07-30 21:37:53,6.5486,6.801,13.939,502.5,33.8
1419,SWARM B,39451,STARLINK-30770,58132,2026-07-30 18:08:53,4.4741,6.922,9.651,483.0,33.8
1420,STARLINK-32447,61261,STARLINK-34401,64757,2026-07-30 23:25:52,2.2065,2.281,4.969,461.9,33.8
1421,STARLINK-3634,51798,STARLINK-37773,69346,2026-07-31 03:47:52,6.9495,7.083,14.756,473.8,33.8
1422,STARLINK-31767,59605,STARLINK-36461,67316,2026-07-31 05:51:54,2.8056,8.707,6.199,484.9,33.8
1423,STARLINK-30613,58077,STARLINK-35451,66469,2026-07-30 22:26:52,4.5737,8.79,9.839,487.3,33.8
1424,STARLINK-32383,61891,STARLINK-37138,68308,2026-07-30 20:05:52,6.8523,7.518,14.532,476.7,33.8
1425,STARLINK-4258,53180,STARLINK-37086,68253,2026-07-31 02:30:52,5.4477,6.746,11.635,474.5,33.8
1426,STARLINK-34248,64928,STARLINK-37351,68742,2026-07-31 03:20:52,3.2853,7.728,7.177,466.6,33.8
1427,NANOSATC-BR1,40024,STARLINK-2465,48124,2026-07-30 13:04:51,3.335,8.672,7.279,483.1,33.7
1428,STARLINK-30127,56699,STARLINK-34152,64000,2026-07-31 08:05:52,2.9269,3.767,6.437,485.0,33.7
1429,STARLINK-31637,59258,STARLINK-35883,66892,2026-07-31 07:21:53,5.6127,9.829,11.963,467.5,33.7
1430,STARLINK-5244,54199,STARLINK-37230,68730,2026-07-31 05:22:52,2.6162,5.742,5.793,478.6,33.7
1431,STARLINK-2586,48390,STARLINK-37017,68108,2026-07-31 03:20:53,6.7252,8.303,14.239,470.1,33.7
1432,STARLINK-2738,48668,STARLINK-36720,67655,2026-07-31 05:16:52,5.1837,5.187,11.067,481.5,33.7
1433,STARLINK-3300,50841,STARLINK-37126,68520,2026-07-31 08:21:52,3.2121,7.041,7.014,463.8,33.7
1434,STARLINK-4686,53715,STARLINK-36302,68524,2026-07-31 04:17:53,5.4661,5.517,11.647,465.5,33.7
1435,STARLINK-31529,59000,STARLINK-34941,65210,2026-07-31 03:48:52,3.3945,5.514,7.388,475.8,33.7
1436,STARLINK-4539,53423,STARLINK-34878,65334,2026-07-31 06:41:52,3.492,3.556,7.587,483.1,33.7
1437,STARLINK-37778,69352,STARLINK-37407,69534,2026-07-30 17:27:53,6.3896,6.637,13.54,477.4,33.7
1438,STARLINK-30594,58097,STARLINK-37567,68903,2026-07-30 17:00:52,6.9744,9.05,14.738,474.4,33.7
1439,STARLINK-30335,57710,STARLINK-33941,63765,2026-07-31 01:21:51,2.7894,9.192,6.139,492.3,33.7
1440,STARLINK-5965,56915,STARLINK-33927,64001,2026-07-31 03:48:52,2.7846,4.107,6.128,492.5,33.7
1441,STARLINK-5830,57065,STARLINK-35400,66333,2026-07-31 05:59:53,3.6503,4.42,7.906,485.7,33.7
1442,STARLINK-30896,58353,STARLINK-36041,66798,2026-07-30 18:15:53,3.5147,3.515,7.624,485.4,33.7
1443,LUR-1,60506,STARLINK-34092,63904,2026-07-30 20:26:53,6.6917,7.134,14.132,490.5,33.7
1444,STARLINK-30705,57945,STARLINK-37020,68144,2026-07-30 12:48:53,6.8329,7.009,14.419,476.7,33.7
1445,STARLINK-2371,47911,JINJUSAT-1B,63210,2026-07-31 07:27:53,6.5738,6.596,13.882,467.6,33.7
1446,STARLINK-33784,63453,STARLINK-37722,69125,2026-07-30 12:29:52,6.8202,7.125,14.387,467.0,33.7
1447,STARLINK-34255,65417,STARLINK-37596,69032,2026-07-30 20:34:52,6.6219,9.953,13.969,477.3,33.6
1448,STARLINK-3765,52295,STARLINK-35221,65695,2026-07-30 18:26:52,5.2558,5.261,11.171,479.0,33.6
1449,STARLINK-6291,56547,STARLINK-6118,57106,2026-07-30 17:07:51,2.2686,9.73,5.054,484.7,33.6
1450,STARLINK-5117,54172,SITRO-AIS 5 (KATYS),57176,2026-07-30 10:16:52,6.9318,9.947,14.596,478.9,33.6
1451,STARLINK-31674,59517,COSMOS 2601,67675,2026-07-30 14:41:53,3.6969,3.729,7.971,485.7,33.6
1452,STARLINK-34760,65359,STARLINK-37527,68895,2026-07-31 00:31:53,7.0147,7.07,14.754,473.1,33.6
1453,STARLINK-34623,65018,STARLINK-37616,69040,2026-07-30 18:46:53,4.7793,5.447,10.181,477.2,33.6
1454,STARLINK-2620,48453,STARLINK-36577,67583,2026-07-30 08:37:53,3.2973,4.116,7.15,471.7,33.6
1455,STARLINK-30945,58874,STARLINK-36497,67323,2026-07-31 03:46:53,2.9401,4.99,6.415,492.7,33.6
1456,STARLINK-32155,60274,STARLINK-37002,68164,2026-07-30 18:13:52,6.3352,7.954,13.343,481.6,33.6
1457,STARLINK-5050,53890,STARLINK-31956,59930,2026-07-30 08:34:52,4.617,7.929,9.833,490.1,33.6
1458,STARLINK-31047,58783,STARLINK-37549,69351,2026-07-30 18:01:52,7.0083,7.792,14.71,475.4,33.6
1459,STARLINK-6287,56404,STARLINK-33941,63765,2026-07-30 20:01:52,4.6205,5.675,9.837,487.8,33.6
1460,STARLINK-5119,53986,STARLINK-34561,65081,2026-07-31 05:31:52,5.73,8.618,12.095,482.8,33.6
1461,STARLINK-4403,53197,CHUANGXIN 16A (CX-16A),53586,2026-07-30 13:48:53,6.1199,6.522,12.885,560.7,33.5
1462,STARLINK-36064,66899,STARLINK-36642,67659,2026-07-30 12:57:52,6.9972,7.376,14.667,469.9,33.5
1463,STARLINK-2424,47834,STARLINK-37780,69340,2026-07-30 17:49:51,4.1017,9.716,8.763,468.9,33.5
1464,STARLINK-30074,57508,BOTSAT-1,63216,2026-07-31 02:46:52,6.8447,6.847,14.348,490.4,33.5
1465,HAWK-7B,56193,STARLINK-36067,66965,2026-07-30 14:37:53,6.7616,9.76,14.179,488.8,33.5
1466,STARLINK-3643,51992,STARLINK-35317,66184,2026-07-30 21:19:53,5.6322,5.743,11.876,466.2,33.5
1467,STARLINK-32425,61216,STARLINK-37614,69041,2026-07-30 19:15:53,3.7383,4.137,8.02,470.1,33.5
1468,STARLINK-3521,51742,STARLINK-36621,67561,2026-07-30 19:55:53,6.2368,6.564,13.104,463.7,33.5
1469,STARLINK-4575,53565,STARLINK-35418,65879,2026-07-31 06:20:52,5.4204,7.895,11.425,464.7,33.5
1470,STARLINK-6100,57125,STARLINK-30566,58054,2026-07-31 05:32:53,4.316,5.714,9.178,486.4,33.5
1471,STARLINK-30602,58081,STARLINK-34062,64021,2026-07-30 15:40:51,3.2089,8.955,6.927,492.4,33.5
1472,STARLINK-5609,55348,STARLINK-30869,58437,2026-07-30 16:01:53,3.6761,8.296,7.877,491.9,33.5
1473,STARLINK-32248,61219,STARLINK-37072,68153,2026-07-31 01:11:52,6.7564,7.524,14.128,469.9,33.5
1474,STARLINK-4432,53487,STARLINK-35587,66158,2026-07-30 19:36:53,6.8108,7.754,14.237,477.2,33.5
1475,STARLINK-30579,58061,2025-234C,66055,2026-07-31 04:49:52,3.2713,5.194,7.049,490.1,33.5
1476,STARLINK-3913,52485,STARLINK-4595,53627,2026-07-31 03:10:53,5.8182,5.969,12.214,474.4,33.5
1477,STARLINK-32101,60447,STARLINK-34286,65035,2026-07-30 19:32:53,3.5902,4.074,7.691,462.6,33.5
1478,STARLINK-32835,63051,STARLINK-35727,66281,2026-07-31 01:34:52,3.6084,8.129,7.728,462.5,33.5
1479,STARLINK-32954,63567,STARLINK-35504,66325,2026-07-31 06:55:54,2.2685,8.062,5.008,492.1,33.4
1480,STARLINK-31047,58783,STARLINK-37727,69481,2026-07-30 19:31:53,7.0771,7.246,14.759,473.6,33.4
1481,STARLINK-2673,48649,STARLINK-37533,69130,2026-07-30 23:15:52,6.2445,7.601,13.07,468.8,33.4
1482,STARLINK-4183,53014,STARLINK-30312,57641,2026-07-30 16:45:53,5.2753,5.338,11.104,491.8,33.4
1483,STARLINK-6308,56534,STARLINK-35440,66345,2026-07-31 02:23:46,0.4396,8.287,1.297,484.0,33.4
1484,STARLINK-35948,66633,STARLINK-37462,68822,2026-07-31 00:25:53,6.5428,6.93,13.673,477.2,33.4
1485,STARLINK-3251,49729,STARLINK-37269,68621,2026-07-30 10:58:52,7.0773,8.277,14.753,476.3,33.4
1486,STARLINK-34973,65250,STARLINK-36917,68059,2026-07-30 10:28:52,6.8366,7.47,14.264,477.6,33.4
1487,STARLINK-2285,48019,STARLINK-36900,67973,2026-07-31 03:54:53,6.6761,7.81,13.937,469.1,33.4
1488,LIZZIESAT-1 (LS-1),59132,STARLINK-35673,66492,2026-07-31 06:07:52,5.3381,5.791,11.225,482.1,33.4
1489,STARLINK-3072,49153,SHIJIAN-6 05A (SJ-6 05A),49961,2026-07-31 06:53:52,4.4666,5.539,9.459,583.0,33.4
1490,STARLINK-5698,55623,STARLINK-30099,56304,2026-07-30 18:59:53,4.7074,6.764,9.944,487.8,33.4
1491,EXCITE,43819,YAOGAN-30 09C,48425,2026-07-30 10:54:52,6.0723,6.108,12.701,561.3,33.4
1492,STARLINK-30533,58037,STARLINK-36946,68382,2026-07-30 23:16:52,6.5815,7.259,13.731,465.2,33.4
1493,STARLINK-30609,58085,STARLINK-32560,61982,2026-07-31 05:26:53,3.6875,4.016,7.868,486.0,33.4
1494,STARLINK-31014,58538,STARLINK-37557,69231,2026-07-31 01:11:52,6.1204,8.065,12.791,477.5,33.4
1495,STARLINK-4128,53249,STARLINK-37576,69047,2026-07-30 15:44:53,6.9894,7.151,14.547,480.7,33.4
1496,STARLINK-32199,60320,STARLINK-36930,68018,2026-07-31 04:23:53,7.0731,7.703,14.715,475.1,33.4
1497,STARLINK-5482,56358,CENTAURI-6,59451,2026-07-30 21:10:52,6.9094,8.308,14.384,557.8,33.4
1498,STARLINK-30868,58390,STARLINK-36881,67962,2026-07-30 13:19:53,7.0469,7.887,14.659,475.9,33.4
1499,TRANSPORTER-14 OBJECT BQ,64590,LEMUR-2-EMARCHIA,68492,2026-07-30 15:27:52,7.0465,8.111,14.652,603.2,33.4
1500,STARLINK-2474,48132,STARLINK-37715,69126,2026-07-31 02:53:52,7.0893,8.223,14.736,474.8,33.4
1501,STARLINK-32668,62212,STARLINK-35620,66474,2026-07-30 16:57:55,1.0673,6.143,2.561,492.4,33.4
1502,STARLINK-31492,59212,STARLINK-34694,66189,2026-07-30 18:32:53,4.0582,9.202,8.598,487.3,33.4
1503,STARLINK-30605,58101,STARLINK-37250,68609,2026-07-31 03:49:53,7.0752,8.73,14.688,470.1,33.3
1504,NANOACE,42844,COSMOS 2567,55978,2026-07-31 08:04:53,6.0463,6.325,12.609,490.1,33.3
1505,STARLINK-32199,60320,STARLINK-32836,62965,2026-07-30 17:49:52,3.1767,7.165,6.815,462.4,33.3
1506,STARLINK-37124,68283,STARLINK-37452,68840,2026-07-31 01:42:53,6.8402,9.714,14.208,476.8,33.3
1507,STARLINK-32890,62896,STARLINK-35703,66970,2026-07-31 05:06:53,2.3105,2.353,5.066,491.8,33.3
1508,STARLINK-32401,61865,STARLINK-35417,66335,2026-07-30 23:58:53,0.9502,0.963,2.321,492.3,33.3
1509,STARLINK-2501,48330,STARLINK-37203,68388,2026-07-30 23:47:53,7.0324,9.895,14.594,472.4,33.3
1510,SHIYAN-33,68405,CAS500-2 RIDESHARE OBJE*,69014,2026-07-31 05:42:52,7.2786,7.292,15.087,512.5,33.3
1511,STARLINK-32003,60097,STARLINK-36300,68303,2026-07-30 14:42:52,6.1407,9.049,12.786,477.6,33.3
1512,STARLINK-1579,46083,STARLINK-35194,65671,2026-07-30 23:41:52,5.6524,6.742,11.795,468.6,33.3
1513,STARLINK-30800,58206,STARLINK-32766,62574,2026-07-30 17:40:52,3.6939,4.141,7.845,492.0,33.3
1514,STARLINK-31120,58778,STARLINK-37121,68383,2026-07-30 14:29:52,4.8017,8.662,10.076,477.6,33.3
1515,STARLINK-32193,60428,STARLINK-37611,69034,2026-07-30 16:09:52,6.9732,7.036,14.45,467.5,33.3
1516,STARLINK-34288,64673,STARLINK-37450,68818,2026-07-30 19:54:52,6.3226,7.775,13.133,476.7,33.3
1517,STARLINK-30787,58128,STARLINK-36087,66854,2026-07-30 13:21:53,4.7469,5.947,9.955,488.0,33.3
1518,STARLINK-30394,57810,STARLINK-31552,59356,2026-07-30 23:55:51,0.9692,4.679,2.352,483.9,33.3
1519,FLOCK 4G-11,62629,STARLINK-36133,66963,2026-07-31 03:06:52,3.2631,3.363,6.967,488.3,33.3
1520,STARLINK-2471,48129,STARLINK-31135,58771,2026-07-30 16:23:53,5.7058,9.163,11.867,483.5,33.3
1521,BLACKJACK ACES-3,56950,HAWK-13C,67393,2026-07-30 17:00:52,6.7722,6.772,14.001,523.0,33.2
1522,STARLINK-31698,59379,STARLINK-36709,67969,2026-07-30 21:52:52,5.2905,5.322,11.023,464.6,33.2
1523,STARLINK-2706,48481,STARLINK-37138,68308,2026-07-31 00:06:53,5.4353,6.901,11.312,468.0,33.2
1524,STARLINK-3933,52538,STARLINK-37221,68668,2026-07-30 17:01:53,6.2555,9.105,12.957,464.4,33.2
1525,STARLINK-1577,46063,STARLINK-37765,69337,2026-07-31 00:42:53,4.791,4.803,10.014,481.6,33.2
1526,STARLINK-4535,53392,STARLINK-5087,54850,2026-07-30 09:29:53,5.4208,5.43,11.276,486.9,33.2
1527,STARLINK-5013,55492,STARLINK-31860,59670,2026-07-30 20:49:52,2.3345,4.841,5.083,492.8,33.2
1528,STARLINK-2061,48312,KUIPER-00496,69597,2026-07-30 14:37:52,2.1722,3.964,4.758,484.1,33.2
1529,STARLINK-1807,46706,STARLINK-30399,57951,2026-07-30 11:48:52,5.7383,5.78,11.909,471.4,33.2
1530,STARLINK-32409,61591,STARLINK-37945,69669,2026-07-31 02:04:52,7.0062,8.025,14.45,467.0,33.2
1531,STARLINK-35418,65879,STARLINK-36986,68207,2026-07-30 23:03:52,5.7209,6.067,11.865,477.6,33.2
1532,STARLINK-32415,61861,STARLINK-36547,67520,2026-07-31 05:59:53,2.996,3.138,6.404,492.5,33.2
1533,STARLINK-33783,63712,239ALFEROV (RS61S),64881,2026-07-30 08:57:52,5.5715,5.828,11.563,467.7,33.2
1534,STARLINK-31571,59362,FLOCK 4G-14,62667,2026-07-30 16:42:53,6.2581,6.398,12.937,490.8,33.2
1535,STARLINK-33659,63445,STARLINK-34893,65752,2026-07-31 04:31:53,5.8271,9.134,12.072,473.5,33.2
1536,STARLINK-32443,61672,STARLINK-35078,65523,2026-07-31 00:58:53,6.6814,7.292,13.775,481.6,33.2
1537,STARLINK-5014,53926,STARLINK-31973,59943,2026-07-31 06:10:53,4.5744,9.911,9.557,487.4,33.2
1538,STARLINK-31252,59083,STARLINK-36501,67327,2026-07-30 22:24:52,3.7047,6.478,7.813,492.2,33.2
1539,STARLINK-3251,49729,STARLINK-35172,65533,2026-07-30 15:09:52,3.6907,3.988,7.782,470.4,33.2
1540,JILIN-1 GAOFEN 03D48,54695,STARLINK-34826,65360,2026-07-30 08:57:52,7.0846,7.983,14.57,473.2,33.2
1541,STARLINK-34462,64493,STARLINK-36715,67716,2026-07-30 20:08:52,7.0371,7.966,14.471,467.5,33.2
1542,STARLINK-30239,57291,STARLINK-32797,62843,2026-07-31 06:03:52,4.5946,9.314,9.587,487.2,33.2
1543,STARLINK-31053,58549,STARLINK-37689,69308,2026-07-30 19:47:53,6.4084,6.493,13.214,464.7,33.2
1544,STARLINK-32395,61679,NASBSAT-1,67289,2026-07-30 09:39:53,6.7524,6.793,13.897,490.9,33.1
1545,STARLINK-31932,59929,FLOCK 4G-36,62675,2026-07-30 16:00:52,4.2245,9.279,8.84,483.7,33.1
1546,STARLINK-2241,48586,STARLINK-37659,69139,2026-07-30 14:55:53,7.0604,7.275,14.5,471.8,33.1
1547,STARLINK-32161,60593,STARLINK-35919,66888,2026-07-31 01:24:54,3.6552,8.998,7.696,474.7,33.1
1548,STARLINK-31625,59458,STARLINK-33814,63582,2026-07-31 08:00:52,2.905,5.215,6.197,491.7,33.1
1549,STARLINK-30498,57971,STARLINK-33869,63790,2026-07-30 17:21:54,3.0206,9.07,6.423,492.2,33.1
1550,STARLINK-32486,61854,STARLINK-32929,63021,2026-07-30 21:34:52,3.7495,3.818,7.874,492.5,33.1
1551,STARLINK-5994,56457,2024-018B,58850,2026-07-31 03:43:53,4.2651,9.377,8.901,576.4,33.1
1552,FLOCK 4H-3,66706,TRANSPORTER-16 OBJECT AA,68440,2026-07-30 17:26:52,6.1843,9.738,12.727,501.6,33.1
1553,STARLINK-31014,58538,STARLINK-37006,68187,2026-07-30 19:22:52,5.7977,6.269,11.956,467.9,33.1
1554,STARLINK-32222,60435,STARLINK-34903,65372,2026-07-30 11:22:52,2.2174,2.865,4.815,475.0,33.1
1555,STARLINK-32248,61219,STARLINK-37072,68153,2026-07-31 01:58:52,6.8813,7.482,14.098,481.2,33.1
1556,STARLINK-31531,59477,STARLINK-36847,67910,2026-07-30 17:33:52,3.6225,4.345,7.61,485.7,33.1
1557,STARLINK-30779,58160,STARLINK-31997,60288,2026-07-30 16:26:52,5.8987,6.174,12.136,479.9,33.1
1558,STARLINK-32246,60432,NUSHSAT1,63211,2026-07-30 21:46:53,7.1416,7.144,14.608,463.1,33.1
1559,STARLINK-30448,57928,STARLINK-34198,64388,2026-07-31 03:01:53,4.8447,5.138,10.035,487.8,33.1
1560,STARLINK-37680,69240,STARLINK-37617,69314,2026-07-31 06:46:52,7.0835,7.874,14.479,468.4,33.0
1561,STARLINK-34877,65630,STARLINK-35821,66372,2026-07-30 15:57:51,3.5165,8.623,7.385,474.6,33.0
1562,STARLINK-31919,59880,STARLINK-32891,62927,2026-07-30 10:02:53,4.8489,5.231,10.028,488.2,33.0
1563,STARLINK-35110,65539,STARLINK-35520,66133,2026-07-31 03:23:52,7.2196,8.295,14.73,474.4,33.0
1564,STARLINK-3962,52708,STARLINK-35320,65834,2026-07-30 12:16:51,3.0795,8.218,6.508,473.5,33.0
1565,STARLINK-5098,54013,STARLINK-34133,64143,2026-07-30 09:20:51,3.1959,8.513,6.737,491.1,33.0
1566,STARLINK-3210,49755,STARLINK-34657,64775,2026-07-31 05:35:52,3.4147,3.53,7.17,461.0,33.0
1567,STARLINK-36891,68024,STARLINK-37282,69190,2026-07-30 10:41:53,7.1646,8.616,14.604,476.2,33.0
1568,STARLINK-6351,57240,STARLINK-31206,59028,2026-07-30 14:19:52,2.3222,2.944,4.998,492.5,33.0
1569,STARLINK-34670,65424,STARLINK-36737,67740,2026-07-30 15:39:53,2.9987,4.919,6.339,473.0,33.0
1570,STARLINK-31365,58973,STARLINK-37018,68103,2026-07-30 11:03:52,7.25,8.714,14.76,473.9,33.0
1571,STARLINK-30372,57789,STARLINK-33558,63643,2026-07-30 23:55:51,2.9406,8.135,6.222,485.1,33.0
1572,STARLINK-4609,53619,STARLINK-35547,66119,2026-07-30 14:29:53,5.6647,6.851,11.616,474.6,33.0
1573,STARLINK-2607,48391,STARLINK-32832,63040,2026-07-31 05:18:52,3.5473,4.617,7.418,470.7,33.0
1574,STARLINK-36146,67426,STARLINK-36081,67498,2026-07-31 00:23:53,3.0424,3.156,6.414,491.9,32.9
1575,STARLINK-35222,65677,STARLINK-35968,66636,2026-07-31 06:51:53,5.8423,8.339,11.95,467.6,32.9
1576,STARLINK-34063,64185,STARLINK-37253,68606,2026-07-30 18:36:53,5.643,6.879,11.55,468.2,32.9
1577,STARLINK-31236,58841,STARLINK-35740,66210,2026-07-30 15:22:49,1.0726,8.852,2.515,461.6,32.9
1578,STARLINK-34526,64481,STARLINK-37998,69679,2026-07-30 22:11:52,6.1973,6.55,12.641,459.1,32.9
1579,STARLINK-1573,46061,SCS-01 J,63990,2026-07-30 17:06:53,6.401,6.757,13.04,471.4,32.9
1580,STARLINK-37263,68544,STARLINK-37502,69263,2026-07-30 12:45:57,0.877,9.404,2.127,461.9,32.9
1581,STARLINK-2648,48679,STARLINK-4703,53855,2026-07-31 05:24:52,5.9343,8.553,12.115,478.7,32.9
1582,STARLINK-32184,60942,STARLINK-33913,65215,2026-07-31 03:35:50,1.1102,7.186,2.587,475.2,32.9
1583,STARLINK-30816,58162,AL MUNTHER,63240,2026-07-30 16:33:53,7.2447,7.871,14.701,479.2,32.9
1584,SITRO-AIS 5 (KATYS),57176,STARLINK-36485,67312,2026-07-30 16:00:52,3.9085,3.918,8.112,490.5,32.9
1585,STARLINK-2123,47401,STARLINK-37689,69308,2026-07-30 08:47:52,6.9667,7.51,14.147,470.1,32.9
1586,STARLINK-3555,51863,STARLINK-35935,66527,2026-07-30 10:04:53,4.377,5.273,9.035,492.3,32.9
1587,STARLINK-5948,55991,STARLINK-33722,63571,2026-07-30 17:23:53,3.6761,3.676,7.65,485.6,32.9
1588,UNIFORM 1,39767,EZIE-A,63247,2026-07-31 01:39:53,7.2025,7.47,14.6,591.7,32.9
1589,STARLINK-30300,57715,STARLINK-33770,63906,2026-07-31 07:24:53,2.3597,5.243,5.047,484.6,32.9
1590,STARLINK-5773,57074,STARLINK-33914,63774,2026-07-30 14:05:52,2.9362,5.904,6.182,485.1,32.9
1591,STARLINK-5702,55622,2025-313X,67269,2026-07-31 03:34:53,3.5467,4.132,7.385,491.6,32.9
1592,STARLINK-3765,52295,STARLINK-33574,62774,2026-07-31 06:52:52,5.889,6.578,11.994,473.6,32.9
1593,YAOGAN-43 01H,60465,STARLINK-33604,63070,2026-07-30 23:22:53,4.6733,9.948,9.599,490.0,32.9
1594,STARLINK-1973,47628,STARLINK-35709,66216,2026-07-30 12:44:52,5.9577,5.963,12.129,477.0,32.9
1595,STARLINK-34409,64485,STARLINK-37583,69466,2026-07-31 01:38:53,5.2765,9.623,10.785,467.3,32.8
1596,STARLINK-32811,63039,STARLINK-34927,65196,2026-07-30 20:45:52,6.702,6.88,13.589,476.7,32.8
1597,STARLINK-5408,54810,STARLINK-36435,67568,2026-07-31 07:24:52,7.2962,7.785,14.746,476.3,32.8
1598,STARLINK-6170,57129,BOTSAT-1,63216,2026-07-30 15:35:53,4.9304,5.129,10.092,494.3,32.8
1599,STARLINK-35231,65849,STARLINK-36404,67664,2026-07-31 06:58:53,5.9741,5.975,12.141,464.2,32.8
1600,STARLINK-3726,52122,STARLINK-36942,68030,2026-07-30 21:19:52,2.7655,4.772,5.83,475.8,32.8
1601,STARLINK-31316,59090,STARLINK-33722,63571,2026-07-30 14:46:52,2.3513,2.649,5.015,492.4,32.8
1602,STARLINK-5701,55487,STARLINK-35884,67044,2026-07-31 05:23:54,2.3656,8.71,5.041,484.3,32.8
1603,STARLINK-3522,51725,STARLINK-5722,55610,2026-07-30 22:17:52,5.2197,5.432,10.644,488.7,32.8
1604,STARLINK-2672,48650,STARLINK-34932,65179,2026-07-31 08:11:53,5.2477,8.231,10.697,482.1,32.8
1605,SOAP,63263,STARLINK-34583,64713,2026-07-31 00:31:52,7.2306,7.401,14.588,575.8,32.8
1606,JILIN-1 08,43160,STARLINK-35075,65702,2026-07-30 19:07:52,7.2938,7.328,14.712,477.3,32.8
1607,STARLINK-33795,63457,STARLINK-37139,68317,2026-07-30 23:08:52,7.0656,7.079,14.263,466.2,32.8
1608,STARLINK-5117,54172,STARLINK-35740,66210,2026-07-30 18:49:52,5.85,6.447,11.874,469.1,32.8
1609,STARLINK-31047,58783,STARLINK-37538,68844,2026-07-30 21:48:53,7.317,7.666,14.75,474.2,32.8
1610,STARLINK-4426,53484,HERMES-3,63835,2026-07-31 01:07:53,6.9855,8.606,14.096,463.0,32.8
1611,STARLINK-31635,59511,STARLINK-36258,67104,2026-07-31 01:03:53,4.906,4.906,10.016,488.3,32.8
1612,STARLINK-31249,58838,STARLINK-32315,60740,2026-07-30 14:27:53,3.095,3.113,6.463,463.7,32.8
1613,STARLINK-35287,65754,STARLINK-36177,66932,2026-07-30 10:36:49,1.0804,9.089,2.511,461.9,32.8
1614,STARLINK-3617,51780,STARLINK-4410,53204,2026-07-31 01:14:52,6.8973,6.922,13.903,471.8,32.7
1615,STARLINK-31031,58711,STARLINK-36960,68225,2026-07-31 07:08:53,7.2904,9.523,14.662,476.5,32.7
1616,STARLINK-30840,58223,STARLINK-33916,63792,2026-07-30 17:56:52,4.8268,8.849,9.834,487.5,32.7
1617,GLOBAL-2,43812,STARLINK-35285,65807,2026-07-30 09:52:52,7.4888,9.016,15.041,553.1,32.7
1618,STARLINK-5398,54866,STARLINK-30842,58357,2026-07-31 00:14:53,4.8696,8.923,9.912,485.7,32.7
1619,STARLINK-2231,48577,STARLINK-36798,67798,2026-07-30 15:38:52,7.0291,7.429,14.117,469.8,32.7
1620,STARLINK-32528,61724,STARLINK-36354,67800,2026-07-31 04:15:53,6.3451,7.524,12.781,464.2,32.7
1621,STARLINK-3135,49424,STARLINK-37368,69253,2026-07-31 04:20:53,4.2817,9.479,8.751,466.4,32.7
1622,DONGPO 09,54685,STARLINK-35658,66126,2026-07-30 16:01:52,4.738,4.746,9.641,459.9,32.7
1623,FLOCK 4G-31,62652,STARLINK-36449,67308,2026-07-31 00:36:52,4.5226,7.111,9.215,491.4,32.7
1624,STARLINK-2717,48659,STARLINK-4443,53508,2026-07-30 15:43:52,7.2793,7.865,14.584,480.5,32.7
1625,STARLINK-31607,59394,STARLINK-37616,69040,2026-07-31 03:23:53,6.4822,6.567,13.027,465.2,32.6
1626,STARLINK-3576,51883,STARLINK-36629,67596,2026-07-30 18:06:53,7.2313,8.292,14.48,467.7,32.6
1627,STARLINK-3978,52635,STARLINK-36358,67598,2026-07-30 22:37:53,4.1643,4.219,8.503,470.0,32.6
1628,STARLINK-35104,65631,STARLINK-36876,67902,2026-07-31 02:30:53,7.1028,7.103,14.228,477.2,32.6
1629,STARLINK-4438,53682,STARLINK-5114,54003,2026-07-30 13:12:53,7.2056,7.256,14.423,550.1,32.6
1630,STARLINK-32791,62530,STARLINK-32710,62604,2026-07-31 07:01:54,2.38,5.64,5.024,492.2,32.6
1631,STARLINK-32000,60289,STARLINK-35353,65669,2026-07-30 11:14:52,7.0584,9.073,14.131,481.6,32.6
1632,STARLINK-5609,55348,STARLINK-30289,57653,2026-07-31 03:53:53,4.8018,4.872,9.737,488.1,32.6
1633,STARLINK-3940,52540,STARLINK-31262,58847,2026-07-31 07:40:52,5.7884,5.822,11.657,471.3,32.6
1634,STARLINK-32094,59696,STARLINK-33810,63660,2026-07-30 15:17:52,2.2766,2.32,4.82,492.6,32.6
1635,COSMOS 2503,40420,STARLINK-35058,65394,2026-07-30 12:07:52,7.5088,8.035,15.0,551.2,32.6
1636,STARLINK-4094,53147,STARLINK-36385,67717,2026-07-30 15:11:52,5.0272,5.144,10.17,477.5,32.6
1637,STARLINK-32294,61675,STARLINK-37876,69656,2026-07-30 14:28:53,6.2137,6.301,12.47,481.8,32.6
1638,STARLINK-30519,57985,STARLINK-35915,66521,2026-07-30 21:54:54,2.9799,7.77,6.182,484.9,32.6
1639,TECHDEMOSAT-1 (TDS-1),40076,STARLINK-3372,51113,2026-07-30 13:16:53,7.2824,7.327,14.543,522.7,32.6
1640,STARLINK-2378,47916,STARLINK-37759,69223,2026-07-30 19:03:52,5.2162,7.828,10.526,468.2,32.6
1641,STARLINK-31153,59044,STARLINK-36459,67427,2026-07-31 05:51:52,4.9124,5.257,9.931,488.0,32.6
1642,STARLINK-1573,46061,STARLINK-36382,67807,2026-07-31 07:51:53,6.6926,6.704,13.389,481.5,32.6
1643,STARLINK-34107,63960,DCS-1,67263,2026-07-30 21:08:52,7.1199,7.171,14.212,490.6,32.6
1644,STARLINK-4791,53936,STARLINK-37556,69660,2026-07-30 21:07:53,6.3877,6.467,12.79,468.6,32.6
1645,STARLINK-5158,54055,STARLINK-31996,60100,2026-07-30 23:07:52,1.5167,2.364,3.333,474.6,32.6
1646,GAOFEN-9 02,45625,STARLINK-32582,62033,2026-07-30 09:24:53,7.1631,7.544,14.294,493.2,32.6
1647,STARLINK-2502,48327,STARLINK-31346,58943,2026-07-30 22:23:52,5.9129,9.446,11.865,483.0,32.6
1648,STARLINK-4282,53019,2024-205G,61900,2026-07-30 15:23:52,6.4437,9.079,12.889,555.1,32.6
1649,STARLINK-31232,58831,STARLINK-35428,66115,2026-07-30 10:25:53,6.0286,8.426,12.083,482.5,32.5
1650,STARLINK-2687,48466,STARLINK-34862,65180,2026-07-30 11:38:52,7.3525,8.447,14.649,479.9,32.5
1651,STARLINK-5418,54852,STARLINK-36087,66854,2026-07-30 16:28:52,4.8094,5.955,9.716,487.7,32.5
1652,STARLINK-3536,51888,STARLINK-34366,64281,2026-07-30 18:59:53,4.6299,7.737,9.367,464.6,32.5
1653,ANDESITE,45726,STARLINK-4073,52672,2026-07-30 10:21:52,7.3704,9.397,14.672,548.2,32.5
1654,STARLINK-31688,59386,STARLINK-36768,67803,2026-07-30 12:20:52,5.4376,5.536,10.923,463.7,32.5
1655,STARLINK-3913,52485,STARLINK-36419,67584,2026-07-30 17:31:52,7.124,7.828,14.189,481.0,32.5
1656,SHERPA-AC1,52763,KUIPER-00573,69627,2026-07-30 21:29:52,7.4082,7.862,14.731,464.5,32.5
1657,ASTROCAST-0403,55111,STARLINK-34528,64479,2026-07-30 23:52:53,7.0423,9.963,14.019,476.8,32.5
1658,STARLINK-3511,51752,STARLINK-32132,60334,2026-07-30 10:05:52,5.0237,5.071,10.111,475.0,32.5
1659,2025-155G,64882,STARLINK-36424,67419,2026-07-30 08:48:53,3.7287,3.822,7.603,492.4,32.5
1660,STARLINK-30274,57672,STARLINK-37288,68551,2026-07-30 19:53:53,5.9622,5.969,11.924,467.7,32.5
1661,STARLINK-3611,51779,STARLINK-4122,53272,2026-07-30 21:23:53,6.0137,7.263,12.02,465.8,32.5
1662,STARLINK-34205,64741,STARLINK-37551,68907,2026-07-30 08:50:53,7.3988,7.929,14.699,475.4,32.5
1663,LIZZIESAT-1 (LS-1),59132,STARLINK-31349,59317,2026-07-30 19:36:52,7.0818,7.099,14.084,485.8,32.5
1664,STARLINK-4048,52839,TRANSPORTER-12 OBJECT BA,62657,2026-07-30 09:10:53,7.4283,8.802,14.754,485.6,32.5
1665,STARLINK-32259,60937,STARLINK-35624,66166,2026-07-30 14:01:54,3.3612,8.531,6.888,462.4,32.5
1666,STARLINK-37401,68784,STARLINK-37510,69520,2026-07-30 17:39:53,6.973,7.766,13.87,465.5,32.5
1667,STARLINK-4415,53465,STARLINK-31402,59320,2026-07-30 14:30:53,5.3112,7.391,10.654,467.2,32.5
1668,STARLINK-11377 [DTC],62013,STARLINK-11548 [DTC],62829,2026-07-30 13:37:53,4.6038,6.312,9.286,359.7,32.5
1669,STARLINK-5850,57049,TRANSPORTER-14 OBJECT D,64531,2026-07-30 17:03:52,4.4985,9.855,9.079,494.8,32.5
1670,STARLINK-2628,48359,FOSSASAT-2E20 (TAT-O),63003,2026-07-30 12:49:52,6.7682,8.912,13.459,472.0,32.5
1671,STARLINK-4123,53539,2026-027B,67747,2026-07-30 19:48:52,7.4071,7.544,14.69,512.5,32.5
1672,GPM-CORE,39574,2024-153C,60747,2026-07-30 20:18:53,7.573,7.594,15.006,441.8,32.5
1673,STARLINK-4000,52605,STARLINK-31248,58840,2026-07-30 23:26:53,4.1954,8.281,8.483,461.8,32.4
1674,STARLINK-4493,53533,STARLINK-37507,68916,2026-07-30 09:46:53,6.09,7.025,12.138,482.1,32.4
1675,2023-085AL,57038,STARLINK-37268,68747,2026-07-30 14:26:53,6.2219,8.486,12.389,461.8,32.4
1676,STARLINK-31414,59418,STARLINK-32668,62212,2026-07-31 00:16:53,4.9964,4.999,10.023,487.8,32.4
1677,STARLINK-30316,57673,STARLINK-37470,68820,2026-07-30 20:00:53,7.3329,8.205,14.529,467.6,32.4
1678,STARLINK-31007,58889,STARLINK-37395,69148,2026-07-31 06:55:54,3.3519,9.155,6.85,475.6,32.4
1679,STARLINK-3369,51142,SITRO-AIS 5 (KATYS),57176,2026-07-30 10:57:53,4.8491,5.008,9.737,485.3,32.4
1680,STARLINK-3324,50814,STARLINK-33782,64332,2026-07-31 02:21:52,5.4743,6.173,10.94,484.1,32.4
1681,STARLINK-31907,59797,STARLINK-36380,68344,2026-07-30 12:43:53,3.4848,6.658,7.103,491.0,32.4
1682,STARLINK-5953,56799,ICEYE-X50,63255,2026-07-30 22:24:53,6.6202,9.347,13.146,576.4,32.4
1683,STARLINK-2616,48695,STARLINK-36900,67973,2026-07-31 01:12:52,5.6178,5.692,11.209,482.0,32.4
1684,STARLINK-36043,66901,STARLINK-36631,67602,2026-07-31 04:49:53,7.3476,8.55,14.537,476.3,32.4
1685,STARLINK-34446,65495,STARLINK-37081,68229,2026-07-31 06:20:52,6.7616,7.611,13.405,478.3,32.4
1686,STARLINK-5654,55366,STARLINK-33866,63653,2026-07-30 20:36:52,3.1595,3.176,6.469,492.2,32.4
1687,STARLINK-30971,58443,STARLINK-36624,67636,2026-07-31 07:48:53,3.8647,3.894,7.821,485.6,32.4
1688,STARLINK-6368,57234,STARLINK-36459,67427,2026-07-31 04:18:52,5.0506,5.148,10.101,488.4,32.4
1689,STARLINK-36391,67591,STARLINK-36275,68702,2026-07-30 09:16:53,7.4668,7.813,14.749,471.8,32.4
1690,STARLINK-3860,52477,STARLINK-4130,53263,2026-07-31 00:13:53,5.7804,5.961,11.504,488.2,32.4
1691,STARLINK-3569,51811,STARLINK-35713,66278,2026-07-31 01:05:53,6.1236,6.553,12.162,467.9,32.4
1692,STARLINK-5750,55594,STARLINK-32669,62213,2026-07-30 19:34:54,3.7567,8.995,7.608,485.6,32.4
1693,STARLINK-37296,68672,STARLINK-36667,68975,2026-07-31 06:15:52,6.8115,6.956,13.48,476.3,32.4
1694,STARLINK-34261,64764,STARLINK-37156,68263,2026-07-31 03:38:52,3.804,3.805,7.696,462.7,32.4
1695,STARLINK-11316 [DTC],61875,STARLINK-11635 [DTC],63193,2026-07-30 13:23:52,5.7251,5.792,11.383,364.0,32.4
1696,STARLINK-5202,54761,STARLINK-37851,69658,2026-07-30 08:42:53,6.9887,7.014,13.807,469.5,32.4
1697,STARLINK-33614,63372,STARLINK-35282,65658,2026-07-30 16:38:53,7.2367,7.378,14.279,476.6,32.3
1698,STARLINK-6157,56379,STARLINK-30125,56701,2026-07-30 15:03:53,3.0344,6.361,6.209,491.8,32.3
1699,STARLINK-32034,60297,STARLINK-36435,67568,2026-07-30 12:41:52,7.4117,7.707,14.61,480.3,32.3
1700,STARLINK-2250,48593,STARLINK-30370,57751,2026-07-30 19:25:52,5.129,5.497,10.228,472.7,32.3
1701,STARLINK-4321,53082,NEONSAT-1A,67614,2026-07-30 09:36:52,3.5826,7.628,7.258,563.9,32.3
1702,STARLINK-2476,48134,STARLINK-37722,69125,2026-07-31 04:14:52,7.4678,7.473,14.713,474.2,32.3
1703,STARLINK-30704,57946,STARLINK-36807,67810,2026-07-30 23:41:53,6.4759,8.96,12.808,477.8,32.3
1704,STARLINK-36874,67981,STARLINK-37079,68186,2026-07-30 12:32:52,5.9856,6.091,11.864,478.2,32.3
1705,STARLINK-4091,52830,STARLINK-30977,58459,2026-07-30 16:09:52,5.5904,5.607,11.103,486.2,32.3
1706,STARLINK-34643,64923,STARLINK-36562,67570,2026-07-30 19:36:53,6.8329,6.849,13.484,476.6,32.3
1707,STARLINK-4489,53542,STARLINK-32050,60137,2026-07-30 21:30:52,5.3873,5.402,10.707,463.5,32.3
1708,STARLINK-4487,53531,STARLINK-36750,67695,2026-07-31 06:23:52,7.5007,9.452,14.755,476.2,32.3
1709,STARLINK-30844,58403,KUIPER-00612,69772,2026-07-31 05:55:52,5.3282,9.992,10.592,486.1,32.3
1710,STARLINK-2241,48586,STARLINK-3602,51791,2026-07-30 09:23:52,5.8214,5.872,11.536,478.9,32.3
1711,STARLINK-3536,51888,STARLINK-36867,67983,2026-07-30 21:21:53,7.2772,8.299,14.325,478.4,32.3
1712,STARLINK-35649,66125,STARLINK-36622,67667,2026-07-31 03:22:52,7.3264,7.592,14.418,467.1,32.3
1713,STARLINK-31732,60099,STARLINK-37943,69666,2026-07-31 02:20:53,7.4615,7.524,14.676,469.7,32.3
1714,STARLINK-3204,49759,STARLINK-37933,69532,2026-07-30 19:14:52,4.6711,5.912,9.33,473.1,32.3
1715,STARLINK-34918,65331,STARLINK-37533,69130,2026-07-30 08:47:53,7.1935,7.474,14.161,470.3,32.3
1716,STARLINK-31228,58842,STARLINK-36335,68015,2026-07-31 04:09:52,5.9277,5.941,11.734,464.0,32.3
1717,STARLINK-34818,65238,STARLINK-37510,69520,2026-07-30 16:53:53,7.1043,9.339,13.986,477.3,32.3
1718,STARLINK-36784,67877,STARLINK-37446,68808,2026-07-31 01:36:53,7.4163,7.614,14.584,468.2,32.3
1719,STARLINK-1983,47630,STARLINK-4399,53469,2026-07-30 09:04:53,7.0198,9.542,13.823,481.6,32.3
1720,STARLINK-3160,49454,STARLINK-37591,69033,2026-07-31 06:53:52,7.0214,8.201,13.824,478.4,32.3
1721,STARLINK-35397,65825,STARLINK-37292,68787,2026-07-31 01:54:52,6.2884,8.751,12.418,477.2,32.3
1722,STARLINK-4677,53600,STARLINK-37289,68545,2026-07-30 10:20:53,4.6098,5.998,9.201,473.1,32.3
1723,STARLINK-32123,60284,STARLINK-37157,68394,2026-07-30 16:14:53,6.0886,6.857,12.023,478.5,32.3
1724,NANOSATC-BR1,40024,STARLINK-5051,53916,2026-07-30 11:07:53,6.6264,7.907,13.05,469.4,32.3
1725,LEMUR-2-MYNAMEISJEFF,62712,STARLINK-34544,64865,2026-07-31 03:29:52,6.9064,7.03,13.582,549.5,32.3
1726,STARLINK-4024,52599,STARLINK-35612,66128,2026-07-30 20:11:53,4.876,5.449,9.698,474.1,32.2
1727,GMS-T,47346,ONEWEB-0716,55177,2026-07-30 15:37:53,6.2025,6.202,12.23,1194.8,32.2
1728,STARLINK-32003,60097,STARLINK-37013,68162,2026-07-30 14:05:53,7.1339,7.398,14.007,465.7,32.2
1729,STARLINK-32166,60257,STARLINK-37385,69175,2026-07-30 18:56:53,6.107,7.662,12.045,471.1,32.2
1730,YAOGAN-30 06B,44450,STARLINK-34166,64158,2026-07-31 03:15:52,7.0048,7.016,13.758,558.9,32.2
1731,STARLINK-32836,62965,KUIPER-00646,69789,2026-07-30 18:54:53,6.1494,6.992,12.124,468.9,32.2
1732,YAOGAN-14,38257,STARLINK-34193,64011,2026-07-30 12:22:52,5.259,5.879,10.422,482.6,32.2
1733,STARLINK-2338,47793,STARLINK-31122,58774,2026-07-31 06:13:53,5.7292,6.908,11.312,484.2,32.2
1734,STARLINK-3660,51977,2023-085L,57014,2026-07-31 05:10:52,6.8232,7.891,13.399,482.2,32.2
1735,STARLINK-6308,56534,FLOCK 4G-31,62652,2026-07-30 21:17:53,7.3225,8.838,14.347,487.1,32.2
1736,STARLINK-31917,59669,STARLINK-33696,63463,2026-07-30 21:28:52,4.9624,5.921,9.841,487.7,32.2
1737,STARLINK-33570,62776,STARLINK-37329,69155,2026-07-30 22:01:53,3.3698,7.401,6.804,462.0,32.2
1738,STARLINK-33718,63476,STARLINK-34062,64021,2026-07-30 17:42:53,3.9298,3.99,7.87,485.7,32.2
1739,STARLINK-36719,67648,STARLINK-37506,69261,2026-07-30 12:38:52,7.3716,7.68,14.428,466.7,32.2
1740,STARLINK-4298,53177,STARLINK-32674,62434,2026-07-30 12:42:52,6.21,6.346,12.214,470.4,32.2
1741,STARLINK-31769,59617,STARLINK-33935,63791,2026-07-31 01:34:56,0.4946,4.061,1.323,484.0,32.2
1742,STARLINK-2459,48119,STARLINK-36300,68303,2026-07-31 01:19:53,6.9915,8.255,13.702,481.5,32.2
1743,STARLINK-4165,53286,STARLINK-37583,69466,2026-07-31 02:42:53,6.0073,8.873,11.826,474.1,32.2
1744,STARLINK-35806,66363,STARLINK-37664,69044,2026-07-31 01:08:52,7.1574,8.45,14.011,465.9,32.2
1745,STARLINK-32708,62495,STARLINK-35772,66976,2026-07-30 20:03:52,3.8046,7.827,7.626,492.7,32.2
1746,STARLINK-3447,51736,STARLINK-34973,65250,2026-07-31 06:27:53,7.1,7.68,13.901,469.4,32.2
1747,STARLINK-6188,56376,STARLINK-31015,58521,2026-07-31 00:39:53,3.8142,4.965,7.643,485.6,32.2
1748,STARLINK-4548,53431,STARLINK-35686,66407,2026-07-30 15:54:52,4.4813,5.03,8.913,461.9,32.2
1749,STARLINK-30452,57925,STARLINK-35761,66961,2026-07-30 15:33:52,2.4276,2.779,5.002,484.6,32.2
1750,STARLINK-2253,48596,STARLINK-37168,68766,2026-07-30 08:34:52,4.1362,6.029,8.253,481.5,32.2
1751,STARLINK-4779,53864,STARLINK-35336,66006,2026-07-30 11:33:53,6.1075,8.865,12.004,470.7,32.2
1752,STARLINK-32591,61718,STARLINK-36713,67701,2026-07-31 01:58:53,7.5547,8.5,14.758,473.8,32.2
1753,STARLINK-6324,57353,STARLINK-34147,63965,2026-07-30 18:39:54,3.0466,9.51,6.178,492.2,32.2
1754,STARLINK-31361,58974,STARLINK-37392,69171,2026-07-31 00:50:54,2.2074,6.874,4.581,475.4,32.2
1755,STARLINK-6218,57368,STARLINK-34180,64081,2026-07-31 02:18:55,1.6732,9.193,3.564,492.3,32.2
1756,STARLINK-5045,53900,STARLINK-5891,56351,2026-07-30 20:33:52,7.4839,7.752,14.619,549.2,32.2
1757,239ALFEROV (RS61S),64881,STARLINK-37473,68804,2026-07-31 06:46:52,6.8056,8.996,13.325,462.8,32.2
1758,STARLINK-36741,67727,STARLINK-37159,68284,2026-07-31 06:24:53,6.2884,6.62,12.333,464.0,32.1
1759,STARLINK-32855,62813,STARLINK-36109,66943,2026-07-30 22:46:53,2.4218,4.581,4.983,462.0,32.1
1760,STARLINK-34712,64907,STARLINK-36622,67667,2026-07-31 03:03:53,7.3641,9.403,14.371,476.9,32.1
1761,STARLINK-4552,53420,STARLINK-33595,62766,2026-07-31 00:31:53,6.2224,7.437,12.2,469.3,32.1
1762,STARLINK-31500,59305,STARLINK-37173,68536,2026-07-30 22:23:52,1.6406,1.729,3.495,492.8,32.1
1763,STARLINK-30341,57714,STARLINK-36053,66875,2026-07-31 03:40:53,4.9151,7.114,9.713,487.7,32.1
1764,STARLINK-31260,58881,STARLINK-37265,69548,2026-07-30 22:52:52,7.0709,7.902,13.8,465.3,32.1
1765,STARLINK-30394,57810,STARLINK-32463,62130,2026-07-30 13:30:52,3.9392,7.008,7.856,491.8,32.1
1766,STARLINK-4145,53137,STARLINK-31460,59008,2026-07-30 15:58:53,5.2394,6.401,10.323,462.9,32.1
1767,STARLINK-34072,64101,STARLINK-36696,67651,2026-07-30 11:44:52,7.4917,8.629,14.595,472.7,32.1
1768,STARLINK-34415,64618,STARLINK-36808,67881,2026-07-31 03:28:52,6.6265,9.4,12.951,464.4,32.1
1769,STARLINK-32078,60338,STARLINK-36621,67561,2026-07-31 00:15:53,7.2103,7.251,14.058,472.1,32.1
1770,STARLINK-34841,65208,STARLINK-37516,68915,2026-07-31 07:35:53,7.4257,8.256,14.466,476.4,32.1
1771,STARLINK-4278,53182,STARLINK-34204,66213,2026-07-30 20:28:52,3.5935,4.322,7.194,473.6,32.1
1772,YAOGAN-43 01H,60465,STARLINK-36420,67347,2026-07-31 05:52:52,3.7367,3.799,7.464,487.3,32.1
1773,BUGSAT-1 (TITA),40014,DISKSAT B,67220,2026-07-30 12:19:53,5.8205,8.239,11.406,551.2,32.1
1774,STARLINK-35784,67093,KUIPER-00446,68944,2026-07-30 22:51:53,6.6013,6.602,12.884,585.9,32.1
1775,STARLINK-31983,60602,STARLINK-32888,62966,2026-07-30 10:11:51,3.599,9.096,7.196,462.5,32.1
1776,STARLINK-32258,60939,STARLINK-37296,68672,2026-07-31 05:01:53,6.0079,6.027,11.759,478.5,32.1
1777,JILIN-1 GAOFEN 03D50,54690,STARLINK-32410,61887,2026-07-31 03:48:53,7.4597,8.447,14.507,466.5,32.1
1778,STARLINK-6323,56524,STARLINK-33954,63863,2026-07-31 04:53:53,4.8715,5.129,9.604,487.5,32.1
1779,STARLINK-36741,67727,STARLINK-36924,68054,2026-07-30 18:13:52,7.5171,8.568,14.608,475.7,32.1
1780,STARLINK-34895,65349,STARLINK-37267,68745,2026-07-30 22:31:53,7.5894,8.743,14.742,478.2,32.1
1781,STARLINK-5481,57255,STARLINK-36450,67317,2026-07-31 03:02:52,2.2919,2.377,4.715,492.4,32.1
1782,STARLINK-5202,54761,STARLINK-34861,66368,2026-07-30 22:15:53,6.2154,6.216,12.138,476.8,32.1
1783,STARLINK-2517,48309,STARLINK-31336,58944,2026-07-31 06:31:52,5.8266,7.345,11.402,476.9,32.1
1784,STARLINK-5824,57067,STARLINK-34616,66320,2026-07-31 06:49:53,4.053,4.392,8.045,492.3,32.0
1785,STARLINK-34727,65025,STARLINK-36870,67897,2026-07-31 03:26:53,7.5004,7.82,14.566,467.8,32.0
1786,STARLINK-31142,58779,STARLINK-37791,69336,2026-07-30 11:18:53,7.5795,7.791,14.714,477.1,32.0
1787,STARLINK-3450,51734,STARLINK-33756,63458,2026-07-30 15:22:52,6.1672,7.155,12.042,470.8,32.0
1788,STARLINK-31412,59410,STARLINK-33674,63329,2026-07-31 06:37:55,1.0015,5.201,2.272,484.4,32.0
1789,STARLINK-5506,55651,ICEYE-X41,62700,2026-07-31 06:27:53,6.3644,7.043,12.413,575.3,32.0
1790,STARLINK-35556,66238,STARLINK-36335,68015,2026-07-31 08:15:53,7.5952,7.666,14.735,474.3,32.0
1791,STARLINK-31306,58876,STARLINK-36796,67722,2026-07-30 18:12:52,6.4786,9.381,12.625,464.7,32.0
1792,STARLINK-31318,58885,STARLINK-31417,59216,2026-07-30 21:04:53,6.2215,7.309,12.128,479.5,32.0
1793,STARLINK-31993,59961,STARLINK-37308,68952,2026-07-31 08:23:52,6.1955,6.197,12.068,468.8,32.0
1794,STARLINK-35454,66236,STARLINK-36921,68019,2026-07-30 14:45:53,7.6243,9.363,14.764,472.5,32.0
1795,STARLINK-3578,51868,STARLINK-30954,58407,2026-07-30 10:17:52,5.0407,5.534,9.889,486.7,32.0
1796,STARLINK-2635,48355,STARLINK-37391,68779,2026-07-30 20:01:53,7.5612,7.624,14.643,472.9,32.0
1797,STARLINK-30819,58179,GEOSCAN 2 (RS92S2),64890,2026-07-30 11:20:53,6.7194,8.289,13.053,491.0,32.0
1798,IRIDE-MS2-HEO-9,64585,CENTAURI-9,69924,2026-07-30 19:12:53,7.3837,7.504,14.306,608.7,32.0
1799,SHERPA-AC1,52763,2023-189A,58502,2026-07-30 15:40:52,7.1514,9.941,13.864,458.6,32.0
1800,STARLINK-4585,53567,STARLINK-33879,63634,2026-07-31 06:07:53,5.5655,5.791,10.87,493.9,32.0
1801,STARLINK-6291,56547,STARLINK-36431,67421,2026-07-31 06:23:49,0.5102,4.253,1.339,492.7,32.0
1802,STARLINK-35690,66383,STARLINK-36960,68225,2026-07-30 09:56:53,7.6264,9.085,14.753,472.0,32.0
1803,STARLINK-3233,49746,STARLINK-5829,56347,2026-07-30 19:39:53,2.9981,3.02,6.028,543.5,32.0
1804,STARLINK-31480,59306,STARLINK-36865,67930,2026-07-31 01:16:00,0.4899,9.517,1.3,492.6,32.0
1805,STARLINK-34286,65035,STARLINK-37382,68851,2026-07-30 21:09:52,6.7883,7.814,13.163,464.4,32.0
1806,STARLINK-2609,48373,STARLINK-32168,60335,2026-07-30 10:03:52,4.4481,4.455,8.754,473.9,32.0
1807,CELESTIS-17 & SHERPA-FX1,47486,ION SCV-008,55051,2026-07-31 06:30:51,3.63,9.843,7.211,487.8,32.0
1808,STARLINK-3327,50819,STARLINK-3988,52625,2026-07-31 00:06:53,4.7972,5.222,9.408,465.8,32.0
1809,STARLINK-35168,65509,STARLINK-37116,68213,2026-07-30 18:44:53,6.8363,7.662,13.246,464.4,32.0
1810,STARLINK-30416,57847,STARLINK-35353,65669,2026-07-30 12:23:52,5.6494,6.58,11.009,468.8,31.9
1811,COSMOS 2556,52713,STARLINK-5451,54771,2026-07-30 08:58:52,4.0033,4.194,7.905,488.6,31.9
1812,STARLINK-2494,48487,STARLINK-37802,69318,2026-07-30 12:35:52,2.9434,4.559,5.911,479.6,31.9
1813,ZIYUAN 3-03 (ZY 3-03),45939,ERMIS-2,68420,2026-07-31 02:34:52,6.3225,8.716,12.264,519.1,31.9
1814,STARLINK-37116,68213,STARLINK-37363,69158,2026-07-31 04:06:53,7.2726,8.861,14.048,465.6,31.9
1815,STARLINK-5672,55468,STARLINK-30534,57992,2026-07-31 02:02:51,3.9754,9.594,7.849,492.5,31.9
1816,STARLINK-35633,66162,STARLINK-37646,69650,2026-07-30 12:17:52,7.1952,8.187,13.896,465.3,31.9
1817,IRIDE-MS2-HEO-9,64585,CENTAURI-9,69924,2026-07-31 06:28:52,7.4145,7.77,14.306,608.6,31.9
1818,STARLINK-32231,60439,STARLINK-35469,65863,2026-07-31 07:20:53,3.8805,8.317,7.664,462.9,31.9
1819,STARLINK-31930,60596,STARLINK-37746,69230,2026-07-31 05:34:53,7.0087,7.885,13.536,464.4,31.9
1820,STARLINK-3594,51895,STARLINK-37733,69329,2026-07-31 01:03:53,7.6487,7.728,14.734,474.7,31.9
1821,STARLINK-31834,59721,STARLINK-37194,68397,2026-07-30 18:06:52,7.5389,9.841,14.526,480.4,31.9
1822,STARLINK-4296,52995,STARLINK-34569,64610,2026-07-30 11:12:52,5.8419,9.122,11.34,472.4,31.9
1823,STARLINK-3777,52294,STARLINK-4436,53479,2026-07-31 06:40:53,7.5639,9.449,14.571,469.1,31.9
1824,STARLINK-6279,56411,STARLINK-5788,57148,2026-07-31 05:13:52,3.226,3.683,6.425,492.9,31.9
1825,STARLINK-4559,53574,LEMUR-2-TOMATOKECHUP,60471,2026-07-30 13:12:52,7.6415,7.973,14.7,464.8,31.9
1826,STARLINK-32567,61930,STARLINK-34203,64246,2026-07-30 08:46:54,1.1698,3.122,2.568,492.7,31.9
1827,STARLINK-31316,59090,STARLINK-31898,59905,2026-07-31 07:39:53,5.0481,6.178,9.834,491.5,31.9
1828,STARLINK-3660,51977,2023-085L,57014,2026-07-31 06:44:52,6.9416,6.942,13.381,482.2,31.9
1829,STARLINK-36130,66931,STARLINK-37837,69665,2026-07-30 20:29:53,7.52,8.576,14.462,476.1,31.9
1830,STARLINK-31543,59402,STARLINK-36044,66799,2026-07-30 09:13:51,2.4822,7.96,5.024,485.2,31.9
1831,STARLINK-5095,56885,STARLINK-35598,66509,2026-07-31 00:03:53,3.8599,4.313,7.602,491.8,31.8
1832,STARLINK-30990,58478,TRANSPORTER-13 OBJECT AH,63241,2026-07-31 04:34:53,6.8841,7.032,13.256,495.3,31.8
1833,STARLINK-1184,45098,COSMO,68460,2026-07-30 20:10:52,7.3794,7.384,14.176,517.6,31.8
1834,STARLINK-4011,52615,HORS 2,57196,2026-07-30 12:18:53,5.405,5.434,10.483,476.9,31.8
1835,STARLINK-32255,60417,STARLINK-33588,62781,2026-07-30 09:09:53,3.9004,8.369,7.668,474.4,31.8
1836,ICEYE-X7,46496,STARLINK-34659,64913,2026-07-30 10:55:52,7.2717,8.009,13.97,472.1,31.8
1837,2023-085AL,57038,STARLINK-33710,63434,2026-07-30 18:59:52,7.201,7.476,13.838,462.4,31.8
1838,STARLINK-30953,58491,STARLINK-32450,61969,2026-07-30 22:48:52,3.8946,7.488,7.655,491.2,31.8
1839,STARLINK-35312,65866,STARLINK-37456,69300,2026-07-30 17:30:53,6.5207,7.63,12.564,464.3,31.8
1840,STARLINK-32353,61587,STARLINK-34979,65254,2026-07-30 08:29:53,7.1238,7.587,13.692,465.2,31.8
1841,STARLINK-4590,53606,STARLINK-33902,65920,2026-07-30 08:58:52,4.4233,7.486,8.64,461.2,31.8
1842,STARLINK-2643,48367,STARLINK-37759,69223,2026-07-30 17:39:53,7.6895,8.405,14.726,474.7,31.8
1843,SBSS (USA 216),37168,STARLINK-36757,67728,2026-07-31 04:49:53,7.8704,8.464,15.063,466.0,31.8
1844,STARLINK-5934,56017,STARLINK-32958,63563,2026-07-30 16:35:52,4.9476,9.546,9.606,487.5,31.8
1845,STARLINK-4107,53287,STARLINK-31007,58889,2026-07-31 05:15:53,5.4661,5.551,10.569,475.6,31.8
1846,STARLINK-6248,57082,STARLINK-35880,67187,2026-07-31 00:24:53,5.1343,5.187,9.935,488.0,31.7
1847,STARLINK-5377,56141,GEOSCAN 6 (RS92S6),64879,2026-07-31 00:35:52,6.8037,7.722,13.042,492.6,31.7
1848,STARLINK-3680,51969,STARLINK-37220,68398,2026-07-30 10:10:53,5.703,6.565,10.992,468.6,31.7
1849,STARLINK-35462,65877,GUOWANG TEST OBJECT D,69323,2026-07-31 02:52:53,6.3064,6.535,12.106,483.0,31.7
1850,STARLINK-37124,68283,STARLINK-37452,68840,2026-07-30 10:50:52,7.5045,8.072,14.335,466.8,31.7
1851,STARLINK-31481,59541,STARLINK-32681,62506,2026-07-31 08:22:52,3.1121,5.966,6.16,492.1,31.7
1852,STARLINK-36900,67973,STARLINK-37503,69262,2026-07-30 10:51:53,7.7376,8.416,14.76,472.2,31.7
1853,STARLINK-4774,56138,STARLINK-33918,63796,2026-07-30 18:27:53,3.9055,4.294,7.634,491.8,31.7
1854,STARLINK-2675,48470,STARLINK-35052,65540,2026-07-30 15:03:53,3.5081,3.732,6.892,480.9,31.7
1855,STARLINK-4286,52990,STARLINK-36361,67900,2026-07-31 02:51:52,3.3914,4.43,6.675,477.8,31.7
1856,STARLINK-3891,52650,STARLINK-30912,58422,2026-07-30 21:16:52,5.5994,6.518,10.779,489.3,31.7
1857,STARLINK-5440,54785,STARLINK-36765,68962,2026-07-30 23:54:52,4.985,4.986,9.636,462.6,31.7
1858,STARLINK-34489,64679,STARLINK-35201,65664,2026-07-31 05:09:53,5.2417,5.253,10.113,464.8,31.7
1859,STARLINK-35540,66151,STARLINK-37013,68162,2026-07-30 14:07:52,6.7356,9.846,12.889,464.7,31.7
1860,STARLINK-36281,67605,STARLINK-37398,69249,2026-07-30 16:39:53,6.8526,7.278,13.104,464.7,31.7
1861,STARLINK-34950,65193,STARLINK-35421,66062,2026-07-30 09:50:53,7.3379,7.344,13.999,477.0,31.7
1862,STARLINK-30518,58029,STARLINK-35125,65534,2026-07-30 19:08:53,7.4425,8.446,14.191,477.2,31.7
1863,AETHER-2,58299,STARLINK-34174,64097,2026-07-30 16:15:53,7.4378,7.982,14.179,473.0,31.7
1864,STARLINK-36604,68142,STARLINK-37003,68170,2026-07-30 09:17:52,5.785,5.922,11.11,477.8,31.7
1865,STARLINK-6113,56113,STARLINK-33679,63460,2026-07-30 21:32:52,4.0628,6.855,7.908,485.8,31.7
1866,STARLINK-34822,65086,STARLINK-36351,67607,2026-07-30 20:34:53,7.7051,8.928,14.665,476.6,31.7
1867,STARLINK-33825,63505,STARLINK-37386,68898,2026-07-30 09:54:53,7.5381,7.548,14.351,472.5,31.7
1868,STARLINK-33683,63573,STARLINK-35993,66607,2026-07-30 18:11:52,3.9144,4.296,7.628,486.1,31.7
1869,STARLINK-4197,52849,STARLINK-6128,57132,2026-07-31 03:44:53,4.2863,5.178,8.316,484.1,31.6
1870,STARLINK-1552,46076,STARLINK-30290,57858,2026-07-31 08:02:53,6.3869,7.253,12.209,481.3,31.6
1871,STARLINK-4368,53234,STARLINK-34795,65684,2026-07-30 11:46:53,7.0494,9.884,13.436,459.8,31.6
1872,STARLINK-31629,59255,STARLINK-34543,64926,2026-07-30 11:15:52,6.3289,8.08,12.099,479.2,31.6
1873,STARLINK-3502,51746,STARLINK-36257,67903,2026-07-30 22:38:53,6.9342,7.235,13.22,481.6,31.6
1874,STARLINK-2603,48375,STARLINK-37946,69672,2026-07-31 06:49:53,7.4276,7.432,14.132,469.8,31.6
1875,ION SCV-008,55051,STARLINK-35844,66880,2026-07-31 02:44:52,7.1077,7.21,13.539,477.3,31.6
1876,STARLINK-3971,52642,STARLINK-37045,68074,2026-07-31 05:41:53,4.9363,5.518,9.513,465.0,31.6
1877,STARLINK-5757,55580,STARLINK-35988,66615,2026-07-31 04:01:53,3.2762,7.109,6.438,492.5,31.6
1878,STARLINK-31021,58518,STARLINK-33850,63679,2026-07-30 19:08:51,3.1334,9.207,6.173,485.1,31.6
1879,STARLINK-4705,53723,STARLINK-34219,64270,2026-07-31 02:06:53,6.2646,7.668,11.969,466.1,31.6
1880,STARLINK-30598,58079,STARLINK-36087,66854,2026-07-30 08:31:53,3.9329,4.811,7.65,485.8,31.6
1881,STARLINK-35723,66211,STARLINK-36780,67866,2026-07-31 01:12:54,1.1651,5.051,2.527,461.9,31.6
1882,STARLINK-6239,56423,STARLINK-33670,63413,2026-07-31 07:33:51,3.1311,7.951,6.164,485.1,31.6
1883,ION SCV-016,62628,STARLINK-34822,65086,2026-07-31 06:31:52,7.7923,7.818,14.787,477.4,31.6
1884,STARLINK-34282,64454,STARLINK-37347,68746,2026-07-30 20:34:52,5.0373,5.739,9.686,482.1,31.6
1885,STARLINK-32043,60135,STARLINK-36817,67882,2026-07-30 13:02:52,7.1277,8.191,13.551,477.8,31.6
1886,STARLINK-31591,59207,STARLINK-36572,67536,2026-07-31 07:32:53,6.4632,6.698,12.321,477.5,31.6
1887,STARLINK-3643,51992,STARLINK-32285,60355,2026-07-31 07:38:52,4.4002,6.667,8.505,473.5,31.6
1888,STARLINK-32416,61589,STARLINK-37203,68388,2026-07-31 08:17:53,6.4531,6.536,12.298,477.8,31.6
1889,STARLINK-5638,55426,LEMUR-2-VUKASIN,66785,2026-07-30 15:09:53,7.8553,8.063,14.887,581.1,31.6
1890,STARLINK-31309,59164,STARLINK-32794,62844,2026-07-30 19:27:52,0.6625,1.039,1.594,484.0,31.6
1891,STARLINK-31329,59169,STARLINK-33683,63573,2026-07-30 23:48:53,5.172,5.74,9.927,491.0,31.6
1892,STARLINK-1480,45741,STARLINK-11365 [DTC],62886,2026-07-30 10:15:52,5.9072,6.449,11.285,364.5,31.6
1893,FALCONSAT-10,58291,STARLINK-31857,59843,2026-07-30 22:05:53,6.3034,6.705,12.013,481.5,31.6
1894,STARLINK-31518,59219,STARLINK-37655,69142,2026-07-30 10:50:53,7.7032,8.163,14.597,476.3,31.6
1895,STARLINK-4521,53391,STARLINK-32035,60107,2026-07-31 01:33:53,5.1592,7.119,9.894,475.9,31.6
1896,STARLINK-32689,62440,STARLINK-37948,69670,2026-07-30 14:41:52,7.2615,7.769,13.774,477.3,31.6
1897,STARLINK-2402,47819,STARLINK-35531,66112,2026-07-30 17:00:53,5.9761,7.862,11.4,484.1,31.6
1898,STARLINK-3071,49147,HAWK-8B,59445,2026-07-31 06:15:53,6.633,7.128,12.605,580.4,31.6
1899,STARLINK-3227,49765,STARLINK-36257,67903,2026-07-30 22:59:52,4.8133,7.298,9.247,481.6,31.6
1900,STARLINK-35377,66185,STARLINK-37242,68728,2026-07-30 21:11:52,7.3161,7.554,13.863,464.4,31.6
1901,STARLINK-2097,47377,STARLINK-37609,69036,2026-07-31 06:53:53,4.2603,4.287,8.226,481.2,31.6
1902,STARLINK-4509,53404,STARLINK-37722,69125,2026-07-30 15:35:53,7.414,8.209,14.042,469.7,31.6
1903,COSMOS 2550,48865,STARLINK-36335,68015,2026-07-30 21:11:52,7.9534,9.644,15.035,476.2,31.5
1904,STARLINK-3299,50831,STARLINK-36572,67536,2026-07-31 02:53:52,7.4667,8.651,14.13,482.1,31.5
1905,STARLINK-32416,61589,STARLINK-37788,69338,2026-07-30 17:34:53,7.36,9.296,13.928,465.7,31.5
1906,STARLINK-37228,68570,STARLINK-37932,69564,2026-07-30 09:29:53,7.8131,9.128,14.762,472.6,31.5
1907,STARLINK-35086,65699,STARLINK-37794,69310,2026-07-31 07:50:53,7.7069,8.141,14.564,480.3,31.5
1908,STARLINK-3298,50165,STARLINK-35823,66360,2026-07-31 03:08:54,2.3975,7.055,4.778,462.1,31.5
1909,STARLINK-5830,57065,STARLINK-36434,67322,2026-07-30 15:23:52,5.2461,6.21,10.017,488.2,31.5
1910,STARLINK-33734,63367,STARLINK-36349,67964,2026-07-31 06:37:53,6.4856,9.724,12.291,477.8,31.5
1911,STARLINK-34611,64918,STARLINK-37266,68780,2026-07-30 15:08:53,7.6328,7.656,14.399,466.8,31.5
1912,STARLINK-35365,66186,STARLINK-37032,68181,2026-07-30 10:55:55,0.9589,5.88,2.13,461.8,31.5
1913,STARLINK-3512,51743,STARLINK-37592,69025,2026-07-30 22:42:52,4.0283,4.062,7.767,467.4,31.5
1914,STARLINK-32831,62860,STARLINK-37142,68296,2026-07-30 21:36:52,7.676,7.877,14.466,476.4,31.5
1915,STARLINK-37143,68336,STARLINK-37802,69318,2026-07-30 16:28:53,7.7966,9.721,14.682,468.8,31.5
1916,STARLINK-36955,68701,STARLINK-37738,69316,2026-07-30 09:49:52,7.5747,8.223,14.268,466.5,31.5
1917,STARLINK-3332,50825,STARLINK-5772,56024,2026-07-30 13:48:53,3.5053,6.508,6.798,491.4,31.4
1918,KOSEN-1,49402,STARLINK-6191,56378,2026-07-30 12:35:53,7.3011,8.047,13.758,482.6,31.4
1919,STARLINK-37191,68334,STARLINK-37861,69552,2026-07-30 23:29:52,7.7649,7.766,14.597,476.3,31.4
1920,STARLINK-34962,65248,STARLINK-35549,66139,2026-07-30 13:30:53,7.7092,9.16,14.494,476.8,31.4
1921,TIANMU-1 15,58700,STARLINK-34870,65370,2026-07-31 07:13:53,7.8538,8.181,14.753,487.0,31.4
1922,STARLINK-30701,57950,STARLINK-36316,67705,2026-07-30 12:23:52,6.8623,6.892,12.937,464.9,31.4
1923,STARLINK-31917,59669,KUIPER-00612,69772,2026-07-31 01:11:53,5.7502,5.763,10.9,485.9,31.4
1924,STARLINK-2221,48571,STARLINK-36612,67580,2026-07-30 11:53:52,5.3379,5.388,10.144,468.8,31.4
1925,STARLINK-30356,57748,STARLINK-31884,59676,2026-07-31 05:45:52,4.9579,4.978,9.446,487.4,31.4
1926,STARLINK-34421,64459,STARLINK-36880,67976,2026-07-30 18:05:52,5.4954,5.502,10.43,464.3,31.4
1927,STARLINK-2659,48467,STARLINK-34791,65891,2026-07-30 21:15:53,6.4711,7.544,12.214,481.1,31.4
1928,NUSAT-41 (C PAYNE-G),56944,STARLINK-32637,62032,2026-07-31 06:27:52,7.6344,8.97,14.343,490.6,31.4
1929,STARLINK-5956,55994,STARLINK-36471,67324,2026-07-30 12:02:53,3.9741,3.977,7.64,492.5,31.4
1930,STARLINK-34795,65684,STARLINK-37933,69532,2026-07-30 08:49:52,3.7342,5.076,7.199,463.0,31.4
1931,STARLINK-35123,65634,STARLINK-37267,68745,2026-07-31 00:16:52,5.2567,5.258,9.981,481.7,31.4
1932,STARLINK-3934,52675,STARLINK-32230,60366,2026-07-30 20:31:53,6.163,9.816,11.639,480.0,31.4
1933,STARLINK-32104,59695,STARLINK-32303,61912,2026-07-31 02:46:53,5.056,5.108,9.613,487.1,31.4
1934,STARLINK-3133,49416,STARLINK-36583,67545,2026-07-30 20:57:52,7.7084,8.057,14.461,474.5,31.4
1935,STARLINK-30801,58184,STARLINK-32774,62737,2026-07-30 18:15:57,0.4842,5.61,1.251,492.3,31.4
1936,STARLINK-31633,59331,STARLINK-36045,66811,2026-07-30 17:52:54,3.1807,9.435,6.18,484.6,31.4
1937,STARLINK-31798,59635,STARLINK-35564,67420,2026-07-31 04:12:52,4.0902,8.583,7.841,492.2,31.4
1938,STARLINK-4660,53609,STARLINK-37586,69521,2026-07-31 04:41:52,6.407,8.652,12.076,470.7,31.4
1939,STARLINK-2400,47817,STARLINK-37107,68294,2026-07-30 13:16:53,3.8159,3.817,7.339,471.0,31.4
1940,STARLINK-31804,59641,SHIJIAN-26 (SJ-26),64199,2026-07-31 05:10:52,6.8268,7.46,12.842,487.2,31.4
1941,LEMUR-2-AMANDA-SVANTE,48269,STARLINK-3606,51807,2026-07-30 10:53:52,7.097,7.78,13.335,457.2,31.4
1942,STARLINK-5119,53986,STARLINK-33770,63906,2026-07-30 12:18:52,6.0032,6.522,11.331,487.3,31.4
1943,STARLINK-35860,66881,STARLINK-37105,68610,2026-07-30 11:00:53,3.4991,4.18,6.754,469.7,31.4
1944,STARLINK-2707,48669,STARLINK-34956,65174,2026-07-30 11:34:53,5.4644,9.163,10.343,468.4,31.4
1945,STARLINK-31520,59210,STARLINK-35375,66065,2026-07-31 01:08:52,4.5403,4.933,8.654,476.3,31.4
1946,STARLINK-30870,58369,STARLINK-31092,58628,2026-07-31 01:37:54,3.3108,8.831,6.41,492.4,31.4
1947,STARLINK-34297,64261,STARLINK-37107,68294,2026-07-30 21:00:52,7.871,8.538,14.726,470.4,31.3
1948,STARLINK-4383,53473,STARLINK-33787,63519,2026-07-31 04:15:52,7.5143,8.249,14.066,471.9,31.3
1949,STARLINK-3853,52359,STARLINK-30279,57885,2026-07-30 18:10:52,3.7496,4.496,7.198,491.3,31.3
1950,STARLINK-35516,65918,KUIPER-00476,68874,2026-07-30 15:42:53,6.4344,7.829,12.086,480.7,31.3
1951,STARLINK-4263,53010,STARLINK-36804,67799,2026-07-30 10:31:53,7.2242,9.394,13.517,479.2,31.3
1952,STARLINK-36281,67605,STARLINK-37088,68322,2026-07-30 19:47:52,7.0407,7.433,13.18,464.6,31.3
1953,STARLINK-4001,52628,STARLINK-32864,62862,2026-07-30 17:23:53,6.5114,8.433,12.216,469.4,31.3
1954,STARLINK-1308,45419,STARLINK-11323 [DTC],61533,2026-07-30 12:24:52,4.0602,4.581,7.753,370.6,31.3
1955,STARLINK-35392,65823,STARLINK-37105,68610,2026-07-30 12:28:52,6.1232,9.344,11.506,464.2,31.3
1956,STARLINK-34626,65082,STARLINK-37197,68389,2026-07-30 16:22:53,5.6589,7.454,10.66,477.3,31.3
1957,DONGPO 09,54685,STARLINK-35947,66883,2026-07-30 19:10:53,4.3839,4.385,8.34,460.7,31.3
1958,STARLINK-31158,58854,STARLINK-34118,63900,2026-07-30 21:28:52,3.1776,4.832,6.145,484.7,31.3
1959,STARLINK-6112,57136,FLOCK 4G-1,62666,2026-07-30 18:12:52,6.8578,7.547,12.839,482.2,31.3
1960,STARLINK-35262,65847,STARLINK-37055,68147,2026-07-30 15:45:53,5.8924,6.455,11.081,464.5,31.3
1961,STARLINK-32265,60415,STARLINK-36399,67665,2026-07-30 16:23:53,4.331,7.201,8.241,477.9,31.3
1962,STARLINK-32467,61713,STARLINK-37647,69207,2026-07-30 21:46:53,6.4211,6.642,12.042,468.3,31.3
1963,STARLINK-5633,55410,ICEYE-X57,64578,2026-07-31 01:19:53,6.8262,6.966,12.777,581.5,31.3
1964,HST,20580,STARLINK-2428,48099,2026-07-31 07:00:54,3.6053,9.295,6.918,474.4,31.3
1965,STARLINK-35493,65928,STARLINK-36946,68382,2026-07-30 18:34:53,7.3774,9.481,13.774,465.1,31.3
1966,STARLINK-36786,67872,STARLINK-37571,69043,2026-07-30 11:55:53,7.861,8.132,14.654,479.6,31.3
1967,TEVEL2-3,63218,STARLINK-35143,65485,2026-07-30 18:26:52,7.7539,8.183,14.456,478.6,31.3
1968,TIANMU-1 16,58701,STARLINK-32582,62033,2026-07-31 08:20:53,7.2297,8.549,13.503,485.5,31.3
1969,NESS,58020,STARLINK-31957,59926,2026-07-30 13:53:53,4.7296,9.362,8.957,490.9,31.3
1970,STARLINK-30708,57944,STARLINK-37396,69256,2026-07-30 19:32:54,2.2292,7.183,4.413,462.3,31.3
1971,STARLINK-2594,48388,STARLINK-36688,67656,2026-07-30 20:40:52,7.7649,9.765,14.466,471.3,31.3
1972,STARLINK-31423,59242,STARLINK-33794,63820,2026-07-31 06:24:55,1.2307,6.792,2.598,492.4,31.2
1973,STARLINK-4610,53610,YUNYAO-1 44,63345,2026-07-30 21:13:52,5.6082,8.857,10.542,554.1,31.2
1974,STARLINK-32345,60920,STARLINK-35424,66460,2026-07-30 20:24:52,5.5115,5.728,10.366,488.7,31.2
1975,FGRST (GLAST),33053,STARLINK-30280,57643,2026-07-30 15:50:52,3.5764,7.715,6.854,488.4,31.2
1976,NUSAT-44 (MARIA MITCHE*),59122,STARLINK-34002,63856,2026-07-30 20:49:53,3.6576,3.672,6.996,488.2,31.2
1977,SKYCRAFT-4B,64872,STARLINK-36215,67100,2026-07-30 22:46:52,6.1832,6.472,11.574,570.8,31.2
1978,STARLINK-3575,51878,FOSSASAT-2E19 (TAT-E),62676,2026-07-30 15:32:52,7.7799,8.265,14.46,517.9,31.2
1979,STARLINK-5405,54863,STARLINK-30541,58057,2026-07-30 19:38:52,4.0245,4.471,7.652,492.4,31.2
1980,STARLINK-30993,58489,STARLINK-36637,67633,2026-07-30 15:59:52,3.3369,4.765,6.406,491.7,31.2
1981,STARLINK-34530,64491,STARLINK-37534,68897,2026-07-31 02:17:53,7.0183,8.852,13.072,464.5,31.2
1982,AVION KALUGA 650,57195,BALKAN-2,69024,2026-07-30 09:18:52,8.0293,8.04,14.902,514.5,31.2
1983,STARLINK-33965,64755,STARLINK-36884,68026,2026-07-30 15:00:53,7.4659,9.597,13.876,464.6,31.2
1984,STARLINK-32145,60154,STARLINK-36830,68110,2026-07-30 13:55:52,7.8131,8.773,14.501,476.8,31.2
1985,STARLINK-33640,63378,STARLINK-36612,67580,2026-07-31 01:51:52,7.9094,8.637,14.668,469.3,31.2
1986,STARLINK-5489,56136,STARLINK-33925,63793,2026-07-30 13:02:51,4.0209,8.83,7.634,492.2,31.2
1987,STARLINK-4177,53013,STARLINK-37132,68233,2026-07-30 23:12:53,6.5456,7.12,12.2,470.3,31.2
1988,STARLINK-35432,66021,STARLINK-37319,68706,2026-07-30 18:47:54,3.7531,8.439,7.147,461.7,31.2
1989,STARLINK-34295,64455,STARLINK-36352,67567,2026-07-30 13:50:53,7.2933,8.665,13.547,465.2,31.2
1990,YAOGAN-30 06A,44449,2026-134E,69542,2026-07-30 14:20:52,7.2249,7.461,13.418,562.5,31.2
1991,STARLINK-34247,65083,STARLINK-36629,67596,2026-07-30 21:16:53,7.8934,9.031,14.625,468.9,31.2
1992,STARLINK-34460,66099,BANDWAGON-4 OBJECT N,66305,2026-07-31 06:30:52,3.8289,6.701,7.28,486.3,31.2
1993,STARLINK-3942,52563,STARLINK-37432,68896,2026-07-30 10:21:53,7.8938,7.918,14.621,474.9,31.1
1994,STARLINK-2655,48449,STARLINK-36338,67704,2026-07-30 20:52:52,6.0107,6.665,11.219,481.3,31.1
1995,STARLINK-30853,58236,STARLINK-36090,66855,2026-07-30 23:42:54,2.5749,6.825,5.011,484.3,31.1
1996,STARLINK-31563,59190,STARLINK-36851,67943,2026-07-30 21:01:53,4.1574,7.84,7.867,492.2,31.1
1997,STARLINK-35492,65926,STARLINK-37444,68817,2026-07-30 21:38:53,7.8713,8.812,14.567,476.2,31.1
1998,STARLINK-30704,57946,STARLINK-34549,65017,2026-07-30 16:21:52,6.5249,6.603,12.136,470.2,31.1
1999,STARLINK-5870,57222,STARLINK-31734,59534,2026-07-30 12:04:51,2.584,9.069,5.023,492.4,31.1
2000,STARLINK-4107,53287,STARLINK-35119,65508,2026-07-30 16:38:53,3.5972,3.628,6.85,476.4,31.1
2001,2024-092K,59809,GEOSCAN 5 (RS92S5),64891,2026-07-30 19:05:52,8.124,8.627,15.016,459.3,31.1
2002,STARLINK-2501,48330,STARLINK-37203,68388,2026-07-31 00:34:53,7.8805,8.855,14.574,480.2,31.1
2003,WARATAH SEED-1,60469,STARLINK-34943,65366,2026-07-31 02:42:53,5.2825,6.334,9.884,472.9,31.1
2004,STARLINK-35108,65738,STARLINK-36613,67578,2026-07-30 19:04:53,6.9557,9.261,12.895,477.1,31.1
2005,STARLINK-30609,58085,STARLINK-32560,61982,2026-07-30 19:14:53,4.1651,6.426,7.861,491.9,31.1
2006,STARLINK-5410,54807,STARLINK-32304,60738,2026-07-30 09:07:53,6.1383,9.39,11.413,471.2,31.1
2007,STARLINK-35862,66628,STARLINK-37111,68381,2026-07-30 22:31:53,7.9248,9.181,14.621,468.9,31.1
2008,STARLINK-4302,53481,STARLINK-34785,65354,2026-07-30 17:55:53,6.9711,8.065,12.902,459.2,31.1
2009,STARLINK-4599,53631,STARLINK-30246,57615,2026-07-31 03:57:51,2.2301,6.442,4.371,487.5,31.1
2010,STARLINK-34450,64447,STARLINK-37583,69466,2026-07-30 10:43:52,4.8378,5.425,9.06,473.1,31.1
2011,STARLINK-32469,61721,STARLINK-37533,69130,2026-07-30 09:09:52,6.789,6.937,12.567,464.6,31.1
2012,STARLINK-32417,61673,STARLINK-37554,69663,2026-07-31 01:53:53,6.8164,7.267,12.616,481.9,31.1
2013,STARLINK-36768,67803,STARLINK-37568,69492,2026-07-30 23:39:53,8.1578,8.236,15.025,468.2,31.1
2014,STARLINK-37170,68614,KUIPER-00641,69787,2026-07-30 22:10:53,4.5354,4.537,8.512,468.4,31.0
2015,STARLINK-2672,48650,STARLINK-34932,65179,2026-07-31 07:24:52,5.7727,5.966,10.733,468.1,31.0
2016,STARLINK-35135,65629,STARLINK-36312,67609,2026-07-30 17:14:52,5.7961,9.845,10.773,464.6,31.0
2017,STARLINK-3868,52649,STARLINK-36850,68119,2026-07-31 05:26:52,7.8758,8.363,14.507,480.7,31.0
2018,STARLINK-31600,59341,STARLINK-35738,67116,2026-07-31 04:27:57,1.111,9.841,2.355,484.6,31.0
2019,STARLINK-3750,52311,STARLINK-34145,64110,2026-07-30 16:51:52,4.357,8.954,8.186,464.3,31.0
2020,STARLINK-1063,44768,HORS 3 (RS81S),61753,2026-07-31 02:13:53,8.0414,8.077,14.797,400.6,31.0
2021,STARLINK-4286,52990,STARLINK-37506,69261,2026-07-30 17:46:52,6.1985,9.024,11.486,467.7,31.0
2022,STARLINK-3225,49737,STARLINK-5972,56362,2026-07-31 00:15:51,3.1355,7.083,5.987,550.4,31.0
2023,STARLINK-35397,65825,STARLINK-35708,66277,2026-07-31 03:36:53,5.1074,5.122,9.525,476.4,31.0
2024,STARLINK-2537,48301,FLOCK 4G-3,62639,2026-07-30 23:00:53,7.7789,7.81,14.316,475.9,31.0
2025,STARLINK-5209,54061,STARLINK-37556,69660,2026-07-30 17:13:53,7.3342,8.47,13.517,479.5,31.0
2026,STARLINK-3988,52625,STARLINK-32440,61714,2026-07-30 10:32:53,6.5945,9.827,12.186,472.7,31.0
2027,STARLINK-30219,57507,STARLINK-36795,67809,2026-07-30 22:20:52,6.845,9.396,12.634,478.5,31.0
2028,STARLINK-5481,57255,STARLINK-33680,63287,2026-07-30 16:39:53,5.2212,5.934,9.72,487.3,31.0
2029,STARLINK-35035,65407,STARLINK-37145,68548,2026-07-30 14:02:52,5.9418,6.038,11.008,466.3,31.0
2030,STARLINK-36400,67575,STARLINK-36684,68718,2026-07-31 02:26:52,8.0283,9.964,14.746,473.9,31.0
2031,STARLINK-4616,53734,STARLINK-32200,60258,2026-07-31 01:41:52,6.204,6.451,11.474,465.3,31.0
2032,STARLINK-36345,68243,KUIPER-00476,68874,2026-07-31 04:32:51,2.6523,9.107,5.109,464.7,31.0
2033,STARLINK-4291,52988,STARLINK-37351,68742,2026-07-30 17:33:53,6.0825,7.545,11.251,479.0,31.0
2034,STARLINK-32667,62201,KUIPER-00569,69766,2026-07-30 12:35:53,3.7487,3.834,7.07,493.6,31.0
2035,SKYSAT-C8,42990,STARLINK-1434,45712,2026-07-31 01:23:53,5.6586,9.058,10.486,465.2,31.0
2036,STARLINK-32201,61512,STARLINK-37352,69524,2026-07-30 18:48:53,3.8163,5.887,7.185,462.6,31.0
2037,STARLINK-31646,59265,STARLINK-37288,68551,2026-07-30 16:40:52,6.6366,7.555,12.225,470.4,31.0
2038,STARLINK-6285,56405,STARLINK-36809,67929,2026-07-31 06:55:54,2.627,6.671,5.055,484.7,30.9
2039,STARLINK-30808,58250,STARLINK-36435,67568,2026-07-31 02:04:53,5.6606,5.867,10.478,468.4,30.9
2040,FLOCK 4G-28,62634,STARLINK-37153,68664,2026-07-30 20:05:52,7.8822,7.883,14.446,477.7,30.9
2041,STARLINK-4184,52852,STARLINK-36369,67723,2026-07-31 02:17:52,8.0105,8.029,14.675,474.9,30.9
2042,STARLINK-32400,61669,STARLINK-35220,65661,2026-07-30 13:26:52,6.763,7.325,12.44,464.3,30.9
2043,STARLINK-3668,52002,STARLINK-32682,62196,2026-07-31 06:08:53,2.7606,3.215,5.288,492.4,30.9
2044,STARLINK-6080,56112,STARLINK-34031,63912,2026-07-31 04:58:00,0.5292,9.473,1.302,484.4,30.9
2045,STARLINK-33773,63713,STARLINK-34672,65894,2026-07-30 14:36:53,6.4578,6.627,11.885,477.8,30.9
2046,STARLINK-32279,61003,STARLINK-36800,67797,2026-07-31 02:14:52,5.5833,8.611,10.318,478.0,30.9
2047,STARLINK-32148,60263,STARLINK-35279,66069,2026-07-30 15:07:52,6.6012,8.3,12.134,479.9,30.9
2048,STARLINK-32148,60263,STARLINK-37053,68159,2026-07-31 03:17:53,7.3439,7.509,13.456,481.4,30.9
2049,STARLINK-31270,59154,2024-174D,61241,2026-07-30 08:41:52,7.7426,7.813,14.167,483.8,30.9
2050,STARLINK-32251,60940,STARLINK-36712,67700,2026-07-31 06:29:53,7.6951,9.711,14.081,466.1,30.9
2051,STARLINK-4509,53404,STARLINK-37722,69125,2026-07-30 16:22:53,7.6563,8.393,14.011,481.5,30.9
2052,STARLINK-2701,48656,STARLINK-33806,63723,2026-07-30 17:26:53,5.2959,8.22,9.799,484.7,30.9
2053,STARLINK-30852,58373,TRANSPORTER-13 OBJECT AH,63241,2026-07-30 14:10:52,7.7435,9.1,14.159,489.0,30.9
2054,STARLINK-30984,58480,SITRO-AIS-64,67292,2026-07-30 12:53:52,4.7298,8.736,8.784,487.5,30.9
2055,STARLINK-3751,52289,STARLINK-32256,60362,2026-07-30 14:23:52,6.6129,7.51,12.139,482.3,30.9
2056,239ALFEROV (RS61S),64881,STARLINK-36411,67608,2026-07-30 19:43:52,6.042,6.293,11.12,462.1,30.9
2057,STARLINK-3326,50844,STARLINK-31846,60126,2026-07-30 19:21:52,6.6379,6.738,12.178,474.5,30.9
2058,STARLINK-3460,51755,STARLINK-37616,69040,2026-07-31 00:59:53,4.1676,4.205,7.778,476.4,30.9
2059,STARLINK-2219,48569,STARLINK-37386,68898,2026-07-30 23:57:53,7.5137,7.86,13.733,469.1,30.9
2060,STARLINK-3232,50809,STARLINK-31337,58934,2026-07-30 19:34:52,6.076,8.941,11.173,476.3,30.9
2061,STARLINK-34916,65427,STARLINK-37766,69216,2026-07-30 11:42:53,4.8017,6.289,8.904,469.3,30.9
2062,STARLINK-34768,65095,STARLINK-37865,69550,2026-07-30 18:21:52,8.0243,8.053,14.636,476.3,30.9
2063,STARLINK-6222,56481,BRO-15,60553,2026-07-30 22:59:53,8.1671,8.32,14.89,587.9,30.9
2064,STARLINK-30341,57714,2024-092B,59774,2026-07-30 21:02:52,4.7424,7.572,8.794,490.3,30.9
2065,STARLINK-30754,58124,STARLINK-35754,67054,2026-07-30 21:36:53,4.089,4.092,7.631,491.8,30.9
2066,STARLINK-31846,60126,STARLINK-37193,68390,2026-07-30 19:49:53,5.8682,8.33,10.796,481.6,30.9
2067,AAC-AIS-SAT1,55107,LEMUR-2-SEJONG-3,68482,2026-07-31 08:16:52,7.05,8.371,12.897,608.5,30.8
2068,STARLINK-3124,49456,STARLINK-31785,60131,2026-07-30 19:30:52,6.4046,6.439,11.742,472.9,30.8
2069,STARLINK-34566,64765,STARLINK-37091,68191,2026-07-30 21:42:53,1.2371,1.712,2.554,461.7,30.8
2070,STARLINK-32489,61893,STARLINK-33626,63369,2026-07-31 00:34:52,4.0389,4.928,7.53,462.8,30.8
2071,FLOCK 4G-31,62652,STARLINK-36289,67827,2026-07-30 20:42:52,6.9177,6.978,12.641,482.3,30.8
2072,STARLINK-3548,51864,STARLINK-31015,58521,2026-07-30 13:34:52,3.5219,3.793,6.609,483.7,30.8
2073,STARLINK-30812,58168,STARLINK-37011,68217,2026-07-30 13:37:53,8.0873,8.161,14.717,476.7,30.8
2074,STARLINK-37005,68107,STARLINK-37418,68775,2026-07-30 22:18:52,5.0693,5.296,9.357,480.9,30.8
2075,YAOGAN-30 10B,48861,STARLINK-34836,65399,2026-07-30 12:49:53,7.5911,7.601,13.82,563.2,30.8
2076,TIANMU-1 13,58647,STARLINK-35533,66429,2026-07-30 12:57:52,4.565,6.077,8.45,493.1,30.8
2077,STARLINK-3513,51756,STARLINK-35669,66396,2026-07-31 07:42:52,5.5223,5.523,10.138,465.3,30.8
2078,STARLINK-34593,64758,STARLINK-37162,68262,2026-07-30 22:47:52,4.0764,4.091,7.576,462.3,30.8
2079,STARLINK-35453,65878,STARLINK-36387,67610,2026-07-30 08:43:52,5.1202,5.447,9.424,477.4,30.8
2080,STARLINK-5122,54179,STARLINK-37129,68274,2026-07-30 22:18:53,3.4239,6.519,6.419,473.7,30.8
2081,STARLINK-36605,67604,STARLINK-36237,68337,2026-07-31 07:04:52,7.144,8.379,13.0,477.3,30.8
2082,STARLINK-4258,53180,STARLINK-32843,62814,2026-07-30 16:24:52,6.6454,7.577,12.117,473.9,30.8
2083,STARLINK-3508,51862,NUSAT-50 (NANCY ROMAN),60493,2026-07-30 13:11:53,7.9497,7.97,14.425,482.2,30.8
2084,STARLINK-35895,66354,STARLINK-37254,68553,2026-07-31 02:51:53,6.0062,8.901,10.984,474.7,30.8
2085,STARLINK-4081,52660,STARLINK-37554,69663,2026-07-30 14:02:52,3.5348,4.239,6.61,472.5,30.7
2086,STARLINK-30481,57899,STARLINK-34147,63965,2026-07-30 19:35:52,5.2955,5.391,9.725,487.7,30.7
2087,STARLINK-4048,52839,STARLINK-32961,63122,2026-07-30 18:33:52,6.2104,7.159,11.343,488.5,30.7
2088,STARLINK-30230,57503,STARLINK-36410,67337,2026-07-30 22:36:53,5.4628,8.215,10.019,488.0,30.7
2089,EXO-0,59175,TEVEL2-4,63213,2026-07-31 06:27:52,8.3609,8.42,15.146,464.3,30.7
2090,STARLINK-34395,64668,STARLINK-34842,65235,2026-07-30 16:35:53,5.3475,9.157,9.814,464.9,30.7
2091,STARLINK-31836,59724,TRANSPORTER-12 OBJECT BT,62674,2026-07-30 12:57:53,6.4658,9.52,11.791,472.5,30.7
2092,STARLINK-34804,65026,STARLINK-34980,65258,2026-07-31 05:50:52,6.3208,8.904,11.534,478.2,30.7
2093,STARLINK-30873,58249,STARLINK-35777,66975,2026-07-31 02:20:52,4.2654,4.492,7.895,485.8,30.7
2094,ICEYE-X31,58288,STARLINK-34648,65091,2026-07-30 21:41:52,7.8765,7.914,14.278,462.2,30.7
2095,STARLINK-31447,59302,TRANSPORTER-14 OBJECT AE,64556,2026-07-31 01:08:52,7.9058,8.834,14.322,494.4,30.7
2096,STARLINK-31183,58747,TRANSPORTER-12 OBJECT BT,62674,2026-07-30 11:14:52,7.8324,8.729,14.191,485.1,30.7
2097,2025-155H,64883,STARLINK-35107,65464,2026-07-30 23:24:53,7.5017,9.474,13.606,485.6,30.7
2098,STARLINK-3963,52643,STARLINK-35403,66081,2026-07-31 06:57:53,1.7361,3.758,3.42,469.6,30.7
2099,STARLINK-2706,48481,STARLINK-3584,51885,2026-07-30 09:39:52,6.7159,9.019,12.215,475.6,30.7
2100,STARLINK-1560,46036,STARLINK-34881,65347,2026-07-30 17:35:53,4.2182,5.53,7.802,483.0,30.7
2101,STARLINK-32541,61916,STARLINK-35986,66853,2026-07-31 07:53:54,2.6493,7.497,5.031,484.6,30.7
2102,STARLINK-3677,51970,STARLINK-34958,65237,2026-07-31 07:17:53,8.0879,9.024,14.631,472.1,30.7
2103,STARLINK-31491,59011,STARLINK-34974,65221,2026-07-30 11:34:54,3.8474,9.415,7.145,476.3,30.7
2104,STARLINK-31835,59772,STARLINK-32827,63043,2026-07-30 16:54:53,5.718,6.09,10.444,470.4,30.7
2105,STARLINK-4368,53234,STARLINK-34941,65210,2026-07-31 03:03:52,5.3714,9.23,9.832,459.8,30.7
2106,STARLINK-3717,52096,STARLINK-35748,66206,2026-07-30 15:54:53,6.1151,6.14,11.137,475.0,30.7
2107,FLOCK 4G-2,62661,STARLINK-34594,65088,2026-07-31 01:14:52,7.8856,8.495,14.255,475.3,30.7
2108,STARLINK-30916,58391,STARLINK-37924,69569,2026-07-30 16:11:52,8.1649,8.737,14.744,474.4,30.7
2109,STARLINK-34394,64669,STARLINK-37566,68908,2026-07-30 18:36:52,7.5807,7.583,13.712,477.7,30.7
2110,STARLINK-32840,63363,STARLINK-37390,68782,2026-07-31 04:39:52,7.8923,8.838,14.26,466.7,30.7
2111,STARLINK-2285,48019,STARLINK-36900,67973,2026-07-31 04:41:53,7.6933,9.984,13.905,481.5,30.7
2112,WT 1B,44316,STARLINK-31090,58640,2026-07-30 08:31:53,5.586,5.642,10.193,493.4,30.7
2113,STARLINK-32349,61700,STARLINK-35481,66247,2026-07-31 04:47:52,6.0191,9.655,10.955,484.1,30.7
2114,SHIYAN-6 01 (SY-6 01),43711,STARLINK-6295,56554,2026-07-30 10:29:53,6.1076,6.547,11.109,494.2,30.7
2115,STARLINK-5799,56002,STARLINK-35457,66433,2026-07-31 07:13:52,5.4451,5.565,9.937,487.9,30.6
2116,SUOMI-100,43804,STARLINK-30472,57901,2026-07-31 02:17:53,4.8255,5.249,8.846,492.1,30.6
2117,STARLINK-1524,46047,STARLINK-32165,60599,2026-07-30 21:31:53,6.6846,9.64,12.116,482.3,30.6
2118,STARLINK-3802,52286,STARLINK-32700,62311,2026-07-31 03:32:52,3.3863,3.706,6.31,461.1,30.6
2119,HORS 1,57188,STARLINK-35118,66858,2026-07-31 01:57:52,4.0002,4.283,7.386,488.6,30.6
2120,STARLINK-35307,66013,STARLINK-37473,68804,2026-07-31 06:12:53,6.424,7.154,11.647,477.4,30.6
2121,STARLINK-4276,53179,STARLINK-37609,69036,2026-07-30 20:41:52,7.6104,7.651,13.725,464.7,30.6
2122,SAUDISAT 1C (SO-50),27607,STARLINK-34574,64714,2026-07-31 07:19:52,2.5523,3.591,4.836,583.3,30.6
2123,STARLINK-30468,57926,STARLINK-34028,63973,2026-07-31 07:22:53,5.5884,5.626,10.171,488.0,30.6
2124,STARLINK-36966,68044,STARLINK-37418,68775,2026-07-30 14:14:52,7.882,9.06,14.186,476.7,30.6
2125,STARLINK-34718,64911,STARLINK-36350,67572,2026-07-31 00:10:53,7.4805,7.976,13.474,464.6,30.6
2126,STARLINK-34283,64214,STARLINK-36382,67807,2026-07-31 03:11:51,4.4623,9.333,8.179,477.3,30.6
2127,GAOFEN-9 05,46232,STARLINK-35337,65831,2026-07-30 17:44:52,6.9176,9.654,12.484,478.0,30.6
2128,STARLINK-32226,60426,STARLINK-37344,68744,2026-07-31 00:40:52,8.1544,8.158,14.645,476.1,30.6
2129,STARLINK-6074,56553,STARLINK-32614,62428,2026-07-30 10:44:53,4.3029,5.111,7.891,485.6,30.6
2130,STARLINK-32113,60282,STARLINK-36705,67712,2026-07-30 11:35:52,7.9216,8.306,14.219,476.6,30.5
2131,STARLINK-34699,64921,STARLINK-37069,68158,2026-07-30 11:51:53,8.1981,9.033,14.702,470.3,30.5
2132,STARLINK-4493,53533,STARLINK-32274,60922,2026-07-31 05:00:53,6.757,6.823,12.171,474.5,30.5
2133,STARLINK-1579,46083,PELICAN-6,66703,2026-07-30 23:47:53,7.6387,8.786,13.713,470.6,30.5
2134,TIANMU-1 17,58702,STARLINK-31246,58835,2026-07-30 10:20:53,7.7089,7.938,13.835,492.0,30.5
2135,STARLINK-4164,53282,STARLINK-34475,64603,2026-07-30 10:59:53,6.2273,8.269,11.243,476.4,30.5
2136,STARLINK-3122,49445,STARLINK-36204,68549,2026-07-31 03:57:53,5.922,6.594,10.708,466.3,30.5
2137,STARLINK-31993,59961,STARLINK-37785,69345,2026-07-30 18:42:52,7.3503,9.718,13.206,464.8,30.5
2138,STARLINK-4263,53010,STARLINK-36718,67715,2026-07-30 13:09:53,8.082,8.68,14.483,468.6,30.5
2139,STARLINK-31362,58935,STARLINK-36948,68209,2026-07-30 09:36:53,5.737,9.899,10.38,464.6,30.5
2140,STARLINK-32263,60371,COSMOS 2602,67676,2026-07-30 22:05:53,6.3966,8.069,11.527,490.2,30.5
2141,STARLINK-31082,58606,STARLINK-36413,67338,2026-07-31 07:26:54,2.7168,8.714,5.093,484.7,30.5
2142,STARLINK-1554,46055,STARLINK-37312,68676,2026-07-31 02:09:52,5.9662,5.966,10.759,468.5,30.5
2143,STARLINK-5362,55493,STARLINK-33551,62110,2026-07-30 13:43:53,5.2989,8.673,9.573,491.6,30.4
2144,STARLINK-4659,54841,STARLINK-36371,67938,2026-07-30 21:28:51,2.6934,7.539,5.036,492.4,30.4
2145,STARLINK-36845,68056,STARLINK-36300,68303,2026-07-31 03:14:53,7.3729,7.486,13.175,477.0,30.4
2146,STARLINK-31323,58882,STARLINK-37021,68105,2026-07-30 17:15:52,8.1165,8.693,14.467,476.9,30.4
2147,STARLINK-2255,48597,STARLINK-36590,67577,2026-07-30 15:01:52,5.6541,5.904,10.179,481.5,30.4
2148,STARLINK-6116,56911,STARLINK-32803,63024,2026-07-30 10:13:52,4.1997,5.94,7.645,492.1,30.4
2149,STARLINK-6140,57111,STARLINK-35283,66478,2026-07-30 17:43:47,0.5797,8.126,1.355,492.2,30.4
2150,STARLINK-32393,61862,FLOCK 4G-25,62646,2026-07-30 12:40:53,7.7174,7.851,13.749,490.4,30.4
2151,STARLINK-32114,60287,STARLINK-35361,65667,2026-07-30 12:48:53,7.9567,8.429,14.153,470.1,30.4
2152,STARLINK-3746,52268,STARLINK-32690,62453,2026-07-30 09:14:52,6.633,6.822,11.853,471.5,30.4
2153,STARLINK-4662,53738,2023-104A,57424,2026-07-30 08:46:52,4.8551,9.911,8.766,464.2,30.4
2154,STARLINK-5124,54011,STARLINK-32391,61855,2026-07-30 18:34:53,5.7042,7.338,10.236,490.4,30.4
2155,STARLINK-2439,48104,STARLINK-36366,68122,2026-07-31 06:48:53,3.7685,3.851,6.879,480.8,30.3
2156,STARLINK-30455,57942,STARLINK-37881,69547,2026-07-30 16:13:53,8.2141,9.84,14.583,469.9,30.3
2157,STARLINK-3637,51799,STARLINK-33629,63388,2026-07-31 08:22:51,2.4238,6.483,4.546,462.0,30.3
2158,STARLINK-3852,52345,STARLINK-31827,59727,2026-07-30 15:32:53,4.3275,7.768,7.844,473.3,30.3
2159,STARLINK-36896,68092,STARLINK-37639,69146,2026-07-31 01:35:52,8.3177,8.726,14.758,474.6,30.3
2160,STARLINK-6116,56911,STARLINK-32605,61921,2026-07-30 20:17:53,5.5875,5.727,10.027,488.5,30.3
2161,STARLINK-4709,53778,STARLINK-35427,66110,2026-07-30 17:22:53,6.8045,8.695,12.135,481.8,30.3
2162,STARLINK-3608,51776,STARLINK-32383,61891,2026-07-30 17:18:53,6.0864,6.866,10.891,463.8,30.3
2163,STARLINK-33773,63713,STARLINK-34672,65894,2026-07-30 16:57:53,6.656,6.793,11.876,483.0,30.3
2164,STARLINK-4479,53415,STARLINK-37869,69483,2026-07-30 20:22:53,4.3139,7.909,7.816,481.6,30.3
2165,STARLINK-4081,52660,STARLINK-36584,67547,2026-07-31 05:51:53,7.5473,8.825,13.413,468.4,30.3
2166,STARLINK-30479,57898,STARLINK-34101,63812,2026-07-31 06:28:53,5.4861,8.751,9.844,488.1,30.3
2167,STARLINK-30526,58006,STARLINK-36917,68059,2026-07-30 17:02:52,6.15,9.265,10.989,474.3,30.3
2168,STARLINK-3685,52115,STARLINK-5412,54806,2026-07-30 22:48:52,2.782,4.84,5.158,463.5,30.3
2169,STARLINK-4793,53867,STARLINK-36955,68701,2026-07-30 11:49:53,5.7165,5.935,10.232,471.6,30.3
2170,STARLINK-5752,55577,STARLINK-35417,66335,2026-07-31 08:05:53,5.6485,7.349,10.113,490.8,30.3
2171,STARLINK-35037,65483,STARLINK-36390,67886,2026-07-30 21:01:52,8.2923,8.487,14.683,470.0,30.3
2172,STARLINK-30909,58363,STARLINK-35687,66524,2026-07-30 11:30:54,3.3535,9.683,6.139,484.3,30.3
2173,STARLINK-33547,62283,STARLINK-34801,66076,2026-07-30 19:00:53,6.3727,6.724,11.351,485.8,30.3
2174,STARLINK-4666,53789,STARLINK-6034,56324,2026-07-31 01:37:53,7.8784,7.893,13.94,538.4,30.3
2175,STARLINK-3555,51863,STARLINK-6306,57242,2026-07-30 22:06:53,6.2066,9.447,11.053,489.2,30.3
2176,STARLINK-3202,49742,STARLINK-35222,65677,2026-07-30 16:53:52,6.8827,6.904,12.219,469.2,30.3
2177,STARLINK-35817,66357,KUIPER-00547,69615,2026-07-30 21:01:52,5.1688,9.564,9.261,461.3,30.3
2178,STARLINK-6192,56903,STARLINK-33586,63073,2026-07-31 00:14:52,2.741,3.826,5.073,492.4,30.3
2179,SKYSAT-C5,41772,STARLINK-3608,51776,2026-07-30 09:47:53,8.2936,8.347,14.647,474.9,30.3
2180,STARLINK-5830,57065,STARLINK-35400,66333,2026-07-30 19:47:53,4.3801,4.879,7.898,492.3,30.3
2181,STARLINK-34442,64672,STARLINK-37298,68670,2026-07-30 19:02:52,6.5806,9.924,11.692,464.1,30.3
2182,STARLINK-6302,56396,SPIP,58298,2026-07-30 12:11:52,8.1093,8.291,14.328,489.6,30.2
2183,STARLINK-31083,58670,STARLINK-34224,64251,2026-07-31 01:17:52,5.4393,6.246,9.721,487.5,30.2
2184,STARLINK-32806,62735,STARLINK-35417,66335,2026-07-30 15:59:52,2.7231,3.298,5.038,492.0,30.2
2185,STARLINK-30953,58491,STARLINK-32450,61969,2026-07-30 12:36:52,4.2453,4.793,7.66,486.6,30.2
2186,STARLINK-35401,66067,STARLINK-37373,68848,2026-07-31 05:54:53,5.4524,5.482,9.738,477.5,30.2
2187,STARLINK-30318,57711,STARLINK-33919,63699,2026-07-30 17:10:53,5.3486,5.425,9.559,489.8,30.2
2188,STARLINK-32386,61213,STARLINK-37332,69150,2026-07-30 23:47:52,3.7388,4.44,6.784,462.4,30.2
2189,STARLINK-31987,60017,KUIPER-00301,68598,2026-07-31 01:39:52,6.7719,7.625,12.003,479.7,30.2
2190,STARLINK-35438,66347,STARLINK-35689,66494,2026-07-31 01:56:52,5.4631,5.934,9.746,487.1,30.2
2191,STARLINK-35855,66891,STARLINK-37798,69497,2026-07-30 20:59:53,8.2209,8.222,14.483,476.7,30.2
2192,STARLINK-3658,52107,STARLINK-35737,66219,2026-07-31 01:03:53,6.2988,6.603,11.175,464.1,30.2
2193,STARLINK-31909,59663,STARLINK-36660,67848,2026-07-31 06:55:52,5.3714,9.848,9.58,491.3,30.2
2194,STARLINK-30566,58054,STARLINK-33664,63415,2026-07-31 02:46:51,3.6967,9.485,6.698,486.2,30.2
2195,STARLINK-3507,51753,STARLINK-35061,66191,2026-07-30 21:51:52,4.4596,4.557,8.009,464.3,30.2
2196,TIANMU-1 08,57400,STARLINK-36644,67821,2026-07-30 22:11:52,6.1088,9.03,10.843,491.8,30.2
2197,STARLINK-4065,52841,STARLINK-31249,58838,2026-07-31 04:56:52,6.6739,9.233,11.805,478.6,30.2
2198,STARLINK-30941,58475,STARLINK-32564,61924,2026-07-30 20:29:52,5.5222,9.655,9.827,491.1,30.2
2199,STARLINK-31235,59038,STARLINK-35839,67169,2026-07-30 12:51:52,3.3787,3.566,6.145,485.2,30.2
2200,STARLINK-32315,60740,STARLINK-36674,67661,2026-07-30 18:30:52,5.8541,6.384,10.396,477.9,30.2
2201,YAOGAN-36 02A,54042,STARLINK-31702,59585,2026-07-31 00:35:53,3.2667,3.419,5.951,493.1,30.2
2202,STARLINK-4316,53471,STARLINK-32273,61956,2026-07-30 18:29:53,7.7892,8.552,13.711,477.4,30.2
2203,JILIN-1 06,43024,STARLINK-31046,58552,2026-07-30 10:27:53,8.3228,9.69,14.627,466.8,30.2
2204,STARLINK-4531,53425,STARLINK-37215,68392,2026-07-30 23:43:53,8.3711,9.688,14.708,474.7,30.2
2205,KUIPER-00153,65773,KUIPER-00613,69293,2026-07-31 03:48:52,5.0048,5.323,8.931,630.8,30.2
2206,STARLINK-4576,53566,STARLINK-36329,67739,2026-07-31 04:56:52,7.9989,8.834,14.065,466.3,30.2
2207,STARLINK-31994,60588,STARLINK-37519,69298,2026-07-31 05:19:53,7.4127,7.581,13.059,477.8,30.2
2208,STARLINK-4700,53722,STARLINK-35943,66927,2026-07-31 02:22:52,4.5551,6.873,8.157,473.2,30.2
2209,STARLINK-32118,60280,STARLINK-35666,66222,2026-07-31 00:12:52,6.9269,7.172,12.224,469.6,30.1
2210,STARLINK-31534,59398,STARLINK-36054,66812,2026-07-31 03:00:52,2.7696,3.146,5.092,484.5,30.1
2211,KUIPER-00592,69277,TRANSPORTER-17 OBJECT AW,69913,2026-07-30 21:20:53,6.4748,9.814,11.445,613.5,30.1
2212,STARLINK-32122,60285,STARLINK-37349,68734,2026-07-30 17:54:52,3.8319,3.903,6.91,471.4,30.1
2213,STARLINK-35312,65866,STARLINK-36395,67554,2026-07-30 16:00:52,7.2132,7.711,12.701,464.6,30.1
2214,SHERPA-AC1,52763,STARLINK-36626,67603,2026-07-31 01:00:52,5.8773,8.705,10.408,461.7,30.1
2215,HAWK-A,43765,STARLINK-32256,60362,2026-07-31 08:04:52,6.7021,6.72,11.82,471.1,30.1
2216,STARLINK-33818,63502,STARLINK-37583,69466,2026-07-31 05:37:53,6.6499,6.728,11.73,482.7,30.1
2217,STARLINK-31825,60056,STARLINK-36667,68975,2026-07-31 04:59:52,6.9349,6.995,12.217,472.0,30.1
2218,STARLINK-31907,59797,STARLINK-35604,66802,2026-07-31 08:15:52,4.2614,4.275,7.637,485.7,30.1
2219,TOMORROW-S1,60479,STARLINK-35791,66896,2026-07-30 12:04:52,8.1603,9.216,14.307,464.7,30.1
2220,STARLINK-32309,61676,STARLINK-37664,69044,2026-07-30 09:50:53,5.899,6.449,10.437,464.4,30.1
2221,STARLINK-4106,53145,STARLINK-37849,69499,2026-07-30 22:52:52,3.271,4.178,5.94,479.2,30.1
2222,STARLINK-3526,51720,STARLINK-32426,61681,2026-07-31 03:19:53,5.5031,6.113,9.759,474.2,30.1
2223,STARLINK-32868,62854,STARLINK-36358,67598,2026-07-30 14:26:53,6.4808,9.335,11.43,464.3,30.1
2224,FLOCK 4G-6,62660,STARLINK-35394,66023,2026-07-30 19:35:53,7.8386,8.332,13.753,488.1,30.1
2225,STARLINK-2612,48379,STARLINK-37929,69557,2026-07-31 03:02:53,8.292,8.73,14.528,473.0,30.1
2226,STARLINK-36322,68522,STARLINK-37633,69133,2026-07-31 05:20:53,7.792,7.801,13.663,465.5,30.1
2227,STARLINK-35762,67172,STARLINK-36380,68344,2026-07-30 18:26:53,6.4409,8.89,11.352,487.6,30.1
2228,SHIJIAN-6 05B (SJ-6 05B),49962,YUNYAO-1 46,63347,2026-07-30 10:46:53,8.4327,8.516,14.756,548.2,30.1
2229,STARLINK-2217,48568,STARLINK-36732,67813,2026-07-30 17:12:53,8.0447,8.083,14.086,481.3,30.1
2230,STARLINK-3685,52115,STARLINK-5130,53997,2026-07-30 10:35:52,6.2475,8.225,11.013,464.2,30.1
2231,STARLINK-32333,61626,STARLINK-33874,63825,2026-07-30 23:56:46,0.5657,8.339,1.308,492.6,30.1
2232,STARLINK-34782,65358,STARLINK-37551,68907,2026-07-31 02:44:53,8.4334,9.107,14.741,480.3,30.1
2233,STARLINK-31620,59460,STARLINK-35670,66480,2026-07-30 23:11:53,4.2874,4.29,7.659,485.6,30.1
2234,STARLINK-35239,65623,STARLINK-36986,68207,2026-07-30 13:39:52,6.1696,6.403,10.87,477.3,30.1
2235,STARLINK-6224,56425,SCS-01 D,63985,2026-07-31 06:52:53,8.1129,8.268,14.186,490.4,30.1
2236,STARLINK-30138,57605,STARLINK-35992,66852,2026-07-30 09:30:53,4.4139,5.074,7.87,492.4,30.0
2237,STARLINK-6232,57085,STARLINK-32751,62753,2026-07-30 14:28:51,2.8004,9.362,5.117,492.7,30.0
2238,STARLINK-34165,63997,SAKHACUBE-CHOLBON (RS1*),67290,2026-07-30 22:53:53,4.0413,8.109,7.233,493.0,30.0
2239,STARLINK-3687,52110,STARLINK-33773,63713,2026-07-30 09:24:52,6.0849,9.619,10.713,470.3,30.0
2240,STARLINK-32847,62811,STARLINK-36660,67848,2026-07-30 10:40:53,6.4555,6.538,11.344,485.6,30.0
2241,STARLINK-34938,65236,STARLINK-37369,69529,2026-07-30 13:06:52,7.9978,8.276,13.967,477.3,30.0
2242,STARLINK-6350,57226,STARLINK-32797,62843,2026-07-30 13:13:51,2.7577,7.622,5.038,492.6,30.0
2243,STARLINK-30106,56288,STARLINK-36602,67849,2026-07-31 07:41:54,2.7898,6.749,5.092,484.3,30.0
2244,STARLINK-3541,51854,SEMI-1L,66294,2026-07-30 14:59:53,6.4874,6.59,11.389,512.7,30.0
2245,STARLINK-6236,56422,STARLINK-35924,66516,2026-07-30 21:01:53,4.4147,5.383,7.858,485.9,30.0
2246,STARLINK-37177,68611,KUIPER-00420,68932,2026-07-30 13:44:52,8.3983,8.817,14.638,478.2,30.0
2247,STARLINK-31379,58984,STARLINK-34290,64929,2026-07-30 23:39:51,2.7375,6.592,5.0,475.3,30.0
2248,STARLINK-2454,48116,STARLINK-36336,67901,2026-07-30 22:27:53,5.6955,6.689,10.035,482.0,30.0
2249,STARLINK-32321,61065,STARLINK-37007,68302,2026-07-31 04:13:53,8.4227,9.188,14.673,476.3,30.0
2250,STARLINK-35088,65344,STARLINK-36314,68741,2026-07-30 12:02:53,8.4585,8.739,14.733,470.2,30.0
2251,STARLINK-33604,63070,STARLINK-34144,63958,2026-07-31 08:26:51,1.3258,3.498,2.596,483.5,30.0
2252,STARLINK-35091,65640,STARLINK-37410,68823,2026-07-30 23:55:52,5.0143,5.018,8.87,477.2,30.0
2253,STARLINK-33773,63713,STARLINK-34952,65197,2026-07-31 01:34:53,8.4474,8.841,14.71,474.2,30.0
2254,STARLINK-2435,47843,STARLINK-36737,67740,2026-07-31 08:02:52,4.216,7.014,7.51,481.0,30.0
2255,STARLINK-3200,49753,STARLINK-32159,60293,2026-07-30 19:16:53,5.9081,9.168,10.381,464.2,30.0
2256,STARLINK-32948,63123,2025-155G,64882,2026-07-30 17:56:52,6.9371,7.884,12.123,481.5,30.0
2257,2025-313Q,67262,STARLINK-36498,67318,2026-07-30 10:39:53,4.8291,8.551,8.541,493.4,30.0
2258,STARLINK-34531,64750,STARLINK-36801,67888,2026-07-31 04:50:53,6.3173,7.868,11.068,477.5,30.0
2259,STARLINK-33544,62281,STARLINK-34153,63967,2026-07-30 21:29:51,1.9299,5.414,3.616,491.8,30.0
2260,STARLINK-31843,59722,STARLINK-37839,69496,2026-07-30 10:45:53,4.0168,8.197,7.157,471.5,29.9
2261,STARLINK-11482 [DTC],62520,STARLINK-11458 [DTC],62982,2026-07-30 09:21:54,3.3105,7.164,5.956,356.1,29.9
2262,STARLINK-31004,58528,STARLINK-34351,64387,2026-07-31 02:37:52,3.5846,4.757,6.416,485.1,29.9
2263,STARLINK-3517,51735,STARLINK-30707,57949,2026-07-30 23:11:54,2.6178,7.327,4.777,475.2,29.9
2264,STARLINK-32151,60299,FLOCK 4G-7,62624,2026-07-30 13:17:53,8.2035,9.816,14.245,489.5,29.9
2265,STARLINK-5302,56556,ALSAT-3B,67646,2026-07-30 12:25:52,8.0238,8.67,13.938,489.7,29.9
2266,STARLINK-1556,46033,STARLINK-37393,68776,2026-07-30 23:32:53,5.3895,7.182,9.47,481.2,29.9
2267,STARLINK-30515,57983,STARLINK-33547,62283,2026-07-31 08:14:52,5.7136,6.333,10.019,488.1,29.9
2268,STARLINK-2426,47836,STARLINK-4208,52844,2026-07-30 22:52:53,6.9859,7.49,12.171,474.9,29.9
2269,STARLINK-30500,58076,STARLINK-35654,66483,2026-07-31 06:26:53,5.6123,5.837,9.839,488.0,29.9
2270,STARLINK-3765,52295,STARLINK-5168,54071,2026-07-30 17:42:53,5.8505,6.742,10.238,469.5,29.9
2271,STARLINK-6055,56467,VERTECS,69506,2026-07-30 22:13:53,8.4361,8.553,14.613,580.4,29.9
2272,STARLINK-2622,48360,STARLINK-37187,68399,2026-07-30 09:52:52,5.0954,9.09,8.955,481.0,29.9
2273,STARLINK-36385,67717,STARLINK-36293,68515,2026-07-30 20:38:52,8.1157,8.148,14.063,465.7,29.9
2274,STARLINK-3900,52461,STARLINK-36551,67493,2026-07-31 00:01:53,5.0102,5.021,8.811,486.8,29.9
2275,STARLINK-3675,51963,COSMOS 2602,67676,2026-07-30 11:11:52,8.4075,8.977,14.555,485.8,29.9
2276,GAOFEN-12 04,57654,KUIPER-00072,64819,2026-07-30 17:23:53,7.4058,7.892,12.86,643.6,29.9
2277,STARLINK-3153,49431,STARLINK-37401,68784,2026-07-31 02:39:53,4.7477,7.379,8.361,476.8,29.9
2278,STARLINK-3769,52300,STARLINK-37720,69129,2026-07-31 06:22:53,7.6334,7.687,13.236,476.2,29.9
2279,STARLINK-3777,52294,STARLINK-4266,52869,2026-07-31 02:24:52,4.7338,4.909,8.334,476.5,29.9
2280,STARLINK-2481,48138,STARLINK-36596,67670,2026-07-31 02:44:52,3.5867,6.304,6.396,473.1,29.9
2281,STARLINK-36998,68286,STARLINK-36379,68769,2026-07-31 00:28:52,7.6124,8.964,13.195,477.6,29.9
2282,STARLINK-31756,61517,STARLINK-35046,65701,2026-07-30 10:08:53,6.9023,9.557,11.996,468.5,29.9
2283,STARLINK-30259,57521,STARLINK-35779,67047,2026-07-31 02:51:52,1.7227,1.776,3.247,485.3,29.9
2284,STARLINK-34072,64101,STARLINK-36696,67651,2026-07-30 10:57:52,8.435,8.906,14.575,480.2,29.8
2285,STARLINK-4415,53465,STARLINK-35936,66620,2026-07-30 23:30:53,8.0144,9.069,13.865,465.0,29.8
2286,STARLINK-35367,65883,STARLINK-37492,68849,2026-07-30 12:57:53,8.4466,8.507,14.589,468.4,29.8
2287,JINJUSAT-1B,63210,STARLINK-35828,66351,2026-07-30 18:43:52,8.5516,9.193,14.763,475.1,29.8
2288,STARLINK-32573,61725,STARLINK-36419,67584,2026-07-30 16:47:53,7.4105,8.667,12.837,464.8,29.8
2289,STARLINK-31531,59477,STARLINK-36847,67910,2026-07-31 03:45:52,4.308,7.762,7.603,492.1,29.8
2290,STARLINK-6358,57377,STARLINK-33817,63583,2026-07-30 15:54:51,3.5948,7.586,6.399,492.3,29.8
2291,STARLINK-3768,52301,STARLINK-32027,60143,2026-07-30 17:06:53,6.942,8.732,12.041,473.6,29.8
2292,STARLINK-4267,52864,STARLINK-36749,67734,2026-07-30 16:11:53,8.4828,8.598,14.634,482.0,29.8
2293,STARLINK-2122,47400,HYPERFIELD-1A,60562,2026-07-30 17:28:53,8.0169,8.611,13.84,486.4,29.8
2294,SITRO-AIS 17,61789,STARLINK-34425,64350,2026-07-30 13:58:54,2.1827,5.652,4.012,578.5,29.8
2295,STARLINK-3999,52704,STARLINK-34439,64458,2026-07-30 21:13:53,3.7476,4.451,6.647,460.9,29.8
2296,STARLINK-5703,55593,STARLINK-32748,62524,2026-07-31 01:32:52,5.6988,6.616,9.93,487.9,29.8
2297,STARLINK-4001,52628,STARLINK-36895,68038,2026-07-30 16:26:52,8.4625,8.523,14.581,474.9,29.8
2298,STARLINK-30133,56837,STARLINK-33932,63775,2026-07-30 15:24:53,2.6231,5.073,4.748,484.0,29.8
2299,STARLINK-5445,54790,RUNNER-1 (TYVAK-1005),56953,2026-07-30 23:17:52,7.0603,9.846,12.21,471.2,29.8
2300,TRANSPORTER-14 OBJECT AJ,64560,CENTAURI-9,69924,2026-07-31 04:03:52,8.3289,8.694,14.338,582.8,29.8
2301,STARLINK-31629,59255,STARLINK-37659,69139,2026-07-30 10:26:53,8.5421,9.076,14.695,481.6,29.8
2302,HAWK-2C,47502,STARLINK-37009,68208,2026-07-30 12:44:52,8.7729,9.15,15.081,466.9,29.8
2303,STARLINK-2055,47358,STARLINK-37689,69308,2026-07-31 00:26:52,8.2877,8.5,14.264,466.5,29.8
2304,2023-091H,57173,STARLINK-30843,58241,2026-07-31 03:59:53,6.1733,6.938,10.71,482.1,29.8
2305,STARLINK-30525,58012,STARLINK-35610,66428,2026-07-30 15:53:53,5.8189,5.82,10.112,488.4,29.8
2306,STARLINK-35936,66620,STARLINK-37118,68299,2026-07-30 22:45:53,8.2079,8.444,14.122,477.2,29.8
2307,IRIDE-MS2-HEO-9,64585,CENTAURI-9,69924,2026-07-30 13:34:52,8.348,9.477,14.346,589.5,29.7
2308,GHOST-5,59130,2025-155L,64886,2026-07-30 10:40:53,8.8347,9.339,15.158,438.8,29.7
2309,STARLINK-4187,52850,STARLINK-30521,57966,2026-07-30 09:34:53,6.1351,9.162,10.627,484.7,29.7
2310,STARLINK-32885,62958,STARLINK-37389,68778,2026-07-30 09:08:53,4.1067,4.114,7.223,466.7,29.7
2311,STARLINK-32689,62440,STARLINK-37418,68775,2026-07-31 04:44:53,8.1191,9.859,13.952,477.5,29.7
2312,STARLINK-30953,58491,SAKHACUBE-CHOLBON (RS1*),67290,2026-07-30 21:26:53,7.1212,7.166,12.277,495.1,29.7
2313,STARLINK-36984,68168,STARLINK-37219,68843,2026-07-30 15:47:52,6.5304,7.005,11.277,478.9,29.7
2314,STARLINK-5753,55581,STARLINK-31892,59853,2026-07-31 06:21:53,4.4669,4.475,7.819,492.3,29.7
2315,STARLINK-35211,65757,STARLINK-36737,67740,2026-07-30 17:06:52,7.7251,8.974,13.274,464.5,29.7
2316,STARLINK-2491,48148,STARLINK-36986,68207,2026-07-30 10:05:52,8.068,8.97,13.846,469.0,29.7
2317,STARLINK-34321,64267,STARLINK-37174,68767,2026-07-30 21:51:53,6.0942,6.992,10.534,464.2,29.7
2318,STARLINK-3294,50829,STARLINK-37189,68603,2026-07-30 18:20:52,8.5669,9.487,14.672,477.2,29.7
2319,STARLINK-31373,58965,STARLINK-35227,65654,2026-07-30 13:45:53,6.8833,8.588,11.853,478.0,29.7
2320,STARLINK-5610,57244,STARLINK-33776,63851,2026-07-30 21:25:52,2.8294,5.269,5.069,485.0,29.7
2321,STARLINK-37263,68544,STARLINK-37733,69329,2026-07-31 02:31:53,8.6098,8.795,14.741,471.3,29.7
2322,STARLINK-30129,56689,STARLINK-36637,67633,2026-07-30 20:19:53,5.673,5.974,9.825,487.6,29.7
2323,STARLINK-5399,54788,STARLINK-35326,66031,2026-07-30 17:32:52,3.224,3.511,5.727,460.6,29.7
2324,STARLINK-33600,62772,STARLINK-34189,64121,2026-07-30 17:49:51,3.7292,8.418,6.572,484.9,29.7
2325,STARLINK-6121,56129,STARLINK-33645,63412,2026-07-31 07:18:45,0.587,9.339,1.316,484.1,29.7
2326,STARLINK-5399,54788,ASTROCAST-0403,55111,2026-07-30 23:31:53,8.4378,8.819,14.445,464.7,29.7
2327,STARLINK-30538,57994,STARLINK-31485,59308,2026-07-30 14:37:52,5.96,8.526,10.301,491.1,29.7
2328,TEVEL2-1,63217,STARLINK-35560,66059,2026-07-31 00:47:53,8.5972,9.744,14.711,473.3,29.7
2329,STARLINK-31205,59046,STARLINK-35719,67183,2026-07-31 07:14:51,3.5091,7.516,6.202,492.8,29.7
2330,JILIN-1 GAOFEN 2B,44836,SPACEMOBILE-004,61049,2026-07-30 09:45:53,8.5971,8.71,14.707,507.6,29.7
2331,STARLINK-2436,48101,STARLINK-34549,65017,2026-07-30 18:06:52,6.6628,6.812,11.473,478.6,29.7
2332,STARLINK-35145,65685,STARLINK-36273,68166,2026-07-31 04:30:53,8.5504,8.665,14.625,475.9,29.7
2333,STARLINK-32921,62920,STARLINK-33666,63592,2026-07-30 11:49:52,5.9853,5.992,10.338,489.2,29.7
2334,STARLINK-5415,54796,PELICAN-5,66667,2026-07-31 00:44:53,8.6254,8.809,14.746,472.0,29.7
2335,STARLINK-30612,58106,STARLINK-37533,69130,2026-07-31 00:54:52,8.4846,9.402,14.504,467.8,29.6
2336,NEXTSAT-2,56743,STARLINK-32761,62749,2026-07-30 18:41:53,4.1857,7.629,7.323,493.0,29.6
2337,STARLINK-34653,64917,STARLINK-35616,66255,2026-07-31 07:58:52,3.513,3.513,6.199,471.5,29.6
2338,HAWK-10B,60545,STARLINK-34079,64038,2026-07-30 14:25:53,8.7923,9.188,15.011,587.5,29.6
2339,STARLINK-5022,53903,STARLINK-36596,67670,2026-07-31 07:10:52,8.4314,8.723,14.405,483.6,29.6
2340,STARLINK-31949,59891,STARLINK-33847,63685,2026-07-30 09:06:53,4.3729,4.926,7.63,491.8,29.6
2341,HAWK-7A,56191,STARLINK-32418,62429,2026-07-31 07:39:52,7.6387,7.805,13.077,494.5,29.6
2342,STARLINK-35223,65494,STARLINK-37169,68346,2026-07-31 00:53:53,4.2223,5.238,7.377,462.3,29.6
2343,STARLINK-31850,59903,SITRO-AIS-63,67294,2026-07-31 06:01:53,7.1664,7.668,12.287,486.3,29.6
2344,STARLINK-32028,60095,STARLINK-37930,69668,2026-07-31 02:55:53,8.5927,9.821,14.666,475.8,29.6
2345,STARLINK-3798,52371,GHGSAT-C4,52746,2026-07-30 15:08:53,6.721,7.309,11.539,466.7,29.6
2346,STARLINK-3513,51756,STARLINK-32512,62027,2026-07-30 22:11:53,6.9988,7.417,12.001,473.7,29.6
2347,STARLINK-4055,53161,GEOSCAN 3 (RS92S3),64893,2026-07-30 10:31:53,5.0626,5.362,8.771,468.9,29.6
2348,STARLINK-3938,52566,STARLINK-36800,67797,2026-07-30 13:05:52,8.6382,8.977,14.728,469.7,29.6
2349,STARLINK-37392,69171,STARLINK-37089,69183,2026-07-30 20:09:53,2.8153,3.147,5.023,475.8,29.6
2350,LYNK TOWER 6,59123,STARLINK-31522,59204,2026-07-30 17:38:53,8.1836,8.266,13.964,472.1,29.6
2351,STARLINK-5448,54770,STARLINK-36316,67705,2026-07-30 09:17:53,8.2083,8.642,14.002,466.0,29.6
2352,STARLINK-31146,58769,STARLINK-37789,69495,2026-07-30 18:39:53,8.6135,9.519,14.672,469.7,29.6
2353,2023-085A,57004,STARLINK-32459,61715,2026-07-30 12:45:53,8.6093,8.609,14.66,477.0,29.6
2354,STARLINK-36077,66903,STARLINK-37475,68839,2026-07-30 21:25:53,8.3961,9.94,14.305,466.4,29.6
2355,STARLINK-31531,59477,STARLINK-35583,66611,2026-07-31 05:37:53,3.6792,3.826,6.452,492.3,29.6
2356,STARLINK-2487,48144,STARLINK-32858,62962,2026-07-30 08:33:52,4.5624,4.657,7.92,473.3,29.6
2357,STARLINK-5764,55602,STARLINK-33549,62289,2026-07-31 01:39:52,5.6429,5.812,9.715,487.2,29.6
2358,STARLINK-32212,60256,STARLINK-37713,69212,2026-07-30 23:21:52,7.74,7.802,13.199,477.7,29.6
2359,STARLINK-3249,49730,STARLINK-4724,53702,2026-07-31 04:30:52,4.1424,6.56,7.218,474.0,29.6
2360,STARLINK-2250,48593,LIME,62648,2026-07-31 01:56:52,7.0208,7.069,12.002,471.3,29.6
2361,STARLINK-6225,57092,STARLINK-33683,63573,2026-07-30 22:12:53,5.5617,9.852,9.57,491.5,29.5
2362,STARLINK-33576,62775,STARLINK-35144,65538,2026-07-31 00:16:53,6.745,6.815,11.533,477.5,29.5
2363,STARLINK-31327,59160,STARLINK-32635,62155,2026-07-31 02:27:51,2.8632,6.131,5.084,484.7,29.5
2364,STARLINK-30463,57909,STARLINK-33816,63677,2026-07-31 04:38:52,3.6745,4.447,6.431,485.1,29.5
2365,NANOACE,42844,JILIN-1 10,43946,2026-07-30 20:20:53,5.3171,6.553,9.157,505.2,29.5
2366,STARLINK-35220,65661,STARLINK-34934,65897,2026-07-31 04:00:53,8.6621,8.808,14.706,470.2,29.5
2367,STARLINK-5414,54809,ICEYE-X31,58288,2026-07-30 21:01:53,8.6735,9.806,14.725,472.8,29.5
2368,STARLINK-37539,68845,STARLINK-37511,69512,2026-07-30 21:05:53,7.5209,9.216,12.801,465.9,29.5
2369,STARLINK-30820,58190,STARLINK-36951,67990,2026-07-30 11:11:52,4.3897,4.785,7.608,485.2,29.5
2370,STARLINK-37089,69183,STARLINK-37859,69553,2026-07-31 00:52:52,7.497,9.532,12.759,478.1,29.5
2371,STARLINK-34551,64682,STARLINK-37554,69663,2026-07-31 02:40:52,6.3903,7.896,10.913,464.3,29.5
2372,PANDORE,63244,STARLINK-33877,63933,2026-07-30 11:33:53,8.8762,9.03,15.026,582.9,29.5
2373,STARLINK-35002,65291,KUIPER-00629,69783,2026-07-31 03:05:52,8.4683,8.825,14.348,564.2,29.5
2374,STARLINK-35027,65466,STARLINK-37370,68806,2026-07-31 07:23:52,7.3494,7.472,12.494,478.1,29.5
2375,STARLINK-6262,57091,2024-203A,61869,2026-07-31 01:44:52,6.378,6.688,10.883,493.1,29.5
2376,STARLINK-30578,58093,STARLINK-34107,63960,2026-07-30 23:35:52,4.5654,6.607,7.882,492.2,29.5
2377,STARLINK-34527,64482,STARLINK-36316,67705,2026-07-30 08:52:52,8.4532,8.479,14.31,467.5,29.5
2378,POEM,52939,TIANMU-1 08,57400,2026-07-31 01:56:53,7.2142,9.032,12.26,483.0,29.5
2379,STARLINK-36954,68057,STARLINK-37430,68863,2026-07-30 16:07:52,7.825,9.075,13.268,477.7,29.5
2380,STARLINK-31295,59095,STARLINK-36463,67315,2026-07-31 08:09:54,0.5862,2.308,1.299,492.9,29.4
2381,STARLINK-3892,52488,FLOCK 4G-15,62678,2026-07-31 05:27:52,8.62,9.27,14.573,485.1,29.4
2382,STARLINK-32580,62075,STARLINK-37431,68812,2026-07-30 12:45:53,8.7318,9.498,14.757,479.2,29.4
2383,STARLINK-4197,52849,STARLINK-31108,58738,2026-07-31 04:29:51,1.8252,6.856,3.345,493.1,29.4
2384,STARLINK-3331,50834,STARLINK-37055,68147,2026-07-31 03:58:51,3.472,7.671,6.065,477.0,29.4
2385,STARLINK-3685,52115,STARLINK-36708,67713,2026-07-30 20:04:53,8.7253,8.931,14.74,471.2,29.4
2386,STARLINK-3881,52472,STARLINK-30955,58417,2026-07-31 01:35:53,6.6587,7.015,11.323,488.5,29.4
2387,LKW-2,43080,STARLINK-36860,67935,2026-07-31 07:26:52,8.2543,8.355,13.954,495.6,29.4
2388,STARLINK-4128,53249,STARLINK-31435,59004,2026-07-30 19:58:53,6.5724,7.558,11.178,484.5,29.4
2389,STARLINK-11225 [DTC],60912,STARLINK-11530 [DTC],62562,2026-07-30 11:08:53,6.472,6.507,11.008,366.0,29.4
2390,STARLINK-32340,61008,STARLINK-36796,67722,2026-07-31 05:34:53,8.4427,9.497,14.254,477.0,29.4
2391,STARLINK-5801,56005,STARLINK-31997,60288,2026-07-30 21:19:53,6.0952,8.935,10.382,489.3,29.4
2392,STARLINK-30892,58366,STARLINK-31114,58766,2026-07-31 05:19:53,6.6285,6.635,11.26,485.4,29.4
2393,SKYSAT-C10,42988,STARLINK-34172,64173,2026-07-30 22:18:53,8.5868,8.597,14.483,468.5,29.4
2394,STARLINK-6245,57079,STARLINK-33893,64253,2026-07-31 03:41:52,5.8808,6.293,10.021,487.9,29.4
2395,KUZGTU 1 (RS47S),57217,STARLINK-37273,68723,2026-07-30 09:12:53,8.75,8.921,14.744,476.2,29.4
2396,STARLINK-30408,57824,STARLINK-36438,67625,2026-07-30 14:03:52,4.4283,6.572,7.619,485.9,29.4
2397,STARLINK-2655,48449,STARLINK-36338,67704,2026-07-30 21:39:53,6.6364,8.243,11.254,468.3,29.4
2398,STARLINK-34771,65078,STARLINK-35433,65870,2026-07-30 13:26:53,5.0454,5.755,8.634,487.5,29.4
2399,STARLINK-2503,48151,STARLINK-3977,52640,2026-07-30 19:44:53,6.4581,7.908,10.958,470.7,29.4
2400,STARLINK-30612,58106,STARLINK-34882,66227,2026-07-30 19:45:51,4.4676,9.085,7.681,474.9,29.4
2401,STARLINK-31124,58674,COSMOS 2604,67678,2026-07-31 07:16:53,6.4432,9.104,10.927,491.6,29.4
2402,STARLINK-32012,60027,STARLINK-33835,63645,2026-07-31 00:08:52,6.4123,9.646,10.872,483.5,29.3
2403,STARLINK-32226,60426,STARLINK-34585,64779,2026-07-31 07:28:54,1.3725,4.544,2.585,461.6,29.3
2404,STARLINK-2084,47368,STARLINK-33833,63498,2026-07-31 08:11:52,4.4775,7.486,7.689,483.0,29.3
2405,2024-092C,59775,STARLINK-32890,62896,2026-07-31 00:20:53,7.3169,8.65,12.356,493.8,29.3
2406,STARLINK-32326,61674,STARLINK-36603,67592,2026-07-30 21:08:52,8.0871,9.244,13.621,481.3,29.3
2407,STARLINK-3622,51768,STARLINK-36394,67566,2026-07-30 11:52:52,8.4124,8.659,14.155,464.6,29.3
2408,STARLINK-4410,53204,STARLINK-32591,61718,2026-07-30 17:03:52,8.1489,8.553,13.72,472.5,29.3
2409,2023-091H,57173,STARLINK-36457,67349,2026-07-30 18:32:52,8.0671,8.38,13.583,482.5,29.3
2410,STARLINK-30545,58000,STARLINK-32557,62127,2026-07-31 05:59:53,2.917,4.352,5.119,484.7,29.3
2411,STARLINK-3135,49424,STARLINK-35524,65914,2026-07-30 21:49:52,4.7866,4.99,8.189,464.4,29.3
2412,STARLINK-31592,59467,STARLINK-36139,66966,2026-07-31 02:10:59,0.4372,7.067,1.046,493.3,29.3
2413,STARLINK-35339,66028,STARLINK-36672,68674,2026-07-31 05:41:53,5.8269,5.951,9.892,464.8,29.3
2414,STARLINK-36358,67598,STARLINK-37027,68232,2026-07-30 20:15:53,5.5563,5.594,9.447,477.2,29.3
2415,STARLINK-34751,65338,STARLINK-37060,68150,2026-07-30 13:14:52,3.8927,4.666,6.716,481.0,29.3
2416,STARLINK-3197,49757,STARLINK-35475,65865,2026-07-30 10:00:52,6.6995,7.312,11.32,475.3,29.3
2417,STARLINK-32186,60412,STARLINK-37005,68107,2026-07-30 13:53:52,7.9461,9.437,13.364,464.6,29.3
2418,STARLINK-34921,65893,STARLINK-37630,69301,2026-07-30 18:31:53,8.7742,9.348,14.716,476.6,29.3
2419,STARLINK-37856,69491,STARLINK-37229,69659,2026-07-30 22:20:53,1.5831,1.612,2.923,463.4,29.3
2420,STARLINK-3892,52488,STARLINK-31913,59667,2026-07-30 10:47:52,6.7215,6.857,11.344,487.0,29.3
2421,POLYITAN-1,40042,STARLINK-36335,68015,2026-07-30 16:13:52,5.8692,7.903,9.947,478.9,29.3
2422,STARLINK-3887,52484,FLOCK 4G-26,62633,2026-07-31 03:30:52,8.6914,8.694,14.571,485.6,29.3
2423,STARLINK-32457,61717,STARLINK-35709,66216,2026-07-31 07:37:53,6.548,8.362,11.056,475.2,29.3
2424,STARLINK-34934,65897,STARLINK-36693,67742,2026-07-31 01:44:53,8.6613,9.091,14.513,475.9,29.3
2425,STARLINK-4769,53843,STARLINK-4634,53967,2026-07-30 12:53:52,4.0621,4.724,6.98,539.9,29.3
2426,STARLINK-30350,57746,STARLINK-36724,67914,2026-07-30 15:53:53,3.7083,5.129,6.4,492.1,29.3
2427,STARLINK-35517,66244,STARLINK-36856,67883,2026-07-30 15:20:52,8.7474,9.135,14.65,475.1,29.3
2428,STARLINK-2428,48099,STARLINK-36812,67968,2026-07-30 08:54:54,3.3083,6.846,5.744,477.8,29.3
2429,STARLINK-2473,48131,STARLINK-36752,67724,2026-07-30 10:40:53,5.0048,5.298,8.521,481.1,29.3
2430,STARLINK-6166,56383,STARLINK-36951,67990,2026-07-31 06:56:53,5.9238,6.586,10.024,491.3,29.3
2431,STARLINK-35256,66011,STARLINK-35706,67051,2026-07-31 08:15:53,6.5077,7.726,10.979,488.2,29.3
2432,SKYKRAFT-1,55041,STARLINK-11631 [DTC],63195,2026-07-31 05:31:53,7.6493,9.936,12.837,363.9,29.2
2433,STARLINK-6056,56813,LEMUR-2-MARACHE-FRAN,63262,2026-07-31 04:01:52,7.9555,8.094,13.334,571.1,29.2
2434,STARLINK-2659,48467,STARLINK-37471,68802,2026-07-31 05:02:52,8.8221,9.171,14.75,476.5,29.2
2435,STARLINK-4677,53600,STARLINK-37005,68107,2026-07-30 10:48:52,8.5479,8.938,14.3,464.9,29.2
2436,STARLINK-5968,56010,STARLINK-36495,67311,2026-07-30 20:38:54,4.4796,9.394,7.647,485.8,29.2
2437,STARLINK-36630,67703,STARLINK-37037,68084,2026-07-31 03:55:52,6.7868,7.862,11.416,477.9,29.2
2438,STARLINK-34004,63941,TRANSPORTER-14 OBJECT AJ,64560,2026-07-31 05:38:54,4.4384,9.841,7.576,577.3,29.2
2439,STARLINK-31528,59010,STARLINK-37249,68625,2026-07-31 02:30:53,6.2715,6.932,10.565,465.5,29.2
2440,STARLINK-34925,65249,STARLINK-34856,65687,2026-07-30 19:35:53,8.5358,8.583,14.259,481.1,29.2
2441,STARLINK-31846,60126,STARLINK-34537,64778,2026-07-31 00:08:52,7.2325,7.508,12.13,476.9,29.2
2442,PIESAT-2 10,62334,RASSVET-3 13,68372,2026-07-30 16:40:53,9.0659,9.173,15.122,533.9,29.2
2443,STARLINK-2743,48682,STARLINK-35566,66061,2026-07-31 08:15:53,7.2873,8.967,12.216,480.6,29.2
2444,NUSAT-45 (UZMASAT-1),62640,STARLINK-35963,66585,2026-07-31 01:49:52,4.6632,4.964,7.934,484.0,29.2
2445,STARLINK-31835,59772,STARLINK-36369,67723,2026-07-31 08:25:52,8.84,8.844,14.743,475.4,29.2
2446,STARLINK-5375,56140,STARLINK-33947,63787,2026-07-30 14:52:52,4.4868,4.741,7.64,485.8,29.2
2447,STARLINK-35433,65870,STARLINK-35655,66470,2026-07-30 13:01:52,6.3684,8.065,10.706,489.0,29.2
2448,STARLINK-31306,58876,STARLINK-37515,69169,2026-07-30 11:06:53,4.0035,4.011,6.851,475.0,29.2
2449,STARLINK-5781,56030,STARLINK-34791,65891,2026-07-30 14:23:52,5.5153,5.527,9.313,489.2,29.2
2450,STARLINK-36611,67830,STARLINK-36914,67942,2026-07-31 02:13:53,3.7635,3.914,6.456,492.0,29.2
2451,STARLINK-5124,54011,STARLINK-30331,57740,2026-07-30 19:00:53,4.8876,7.969,8.285,491.0,29.2
2452,STARLINK-36802,67985,STARLINK-37398,69249,2026-07-30 08:32:53,8.8628,8.887,14.758,472.0,29.2
2453,STARLINK-30914,58377,STARLINK-32274,60922,2026-07-30 11:33:54,4.3317,8.603,7.379,463.9,29.2
2454,STARLINK-6126,56124,STARLINK-34125,63901,2026-07-31 03:14:54,1.4043,3.524,2.612,483.9,29.2
2455,STARLINK-2377,47797,STARLINK-35144,65538,2026-07-30 17:19:53,3.9675,5.637,6.786,471.9,29.2
2456,TEVEL2-5,63214,STARLINK-34863,66190,2026-07-31 04:51:53,8.8525,9.265,14.736,466.2,29.2
2457,STARLINK-36797,67815,STARLINK-37200,68339,2026-07-30 09:08:51,3.3532,7.577,5.784,473.6,29.2
2458,SARI-1,66668,STARLINK-37531,69136,2026-07-30 23:32:52,7.9092,7.962,13.201,483.8,29.2
2459,STARLINK-31640,59748,STARLINK-34616,66320,2026-07-30 17:37:49,1.3777,8.986,2.568,484.0,29.2
2460,BANDWAGON-4 OBJECT N,66305,STARLINK-37527,68895,2026-07-30 10:31:53,8.6436,8.693,14.395,478.9,29.2
2461,STARLINK-4445,53474,KUIPER-00383,69268,2026-07-30 16:01:53,7.8308,9.455,13.071,567.7,29.2
2462,STARLINK-36696,67651,STARLINK-37451,69471,2026-07-31 05:30:53,8.7645,8.793,14.59,468.2,29.2
2463,STSAT-3,39422,ICEYE-X51,63257,2026-07-30 11:23:53,5.3652,9.086,9.057,562.5,29.2
2464,STARLINK-5704,55486,STARLINK-36656,67841,2026-07-30 15:19:54,3.5985,8.439,6.182,484.9,29.2
2465,STARLINK-34612,64773,STARLINK-36248,68979,2026-07-30 10:24:52,1.2297,1.247,2.327,461.4,29.2
2466,STARLINK-34817,65362,STARLINK-36387,67610,2026-07-30 14:37:52,5.2887,9.275,8.931,477.4,29.2
2467,STARLINK-3289,50173,IRIDE-MS1-EAGLET 2-12,68461,2026-07-31 08:09:53,8.3841,8.393,13.967,517.2,29.2
2468,STARLINK-31120,58778,STARLINK-37225,68714,2026-07-30 19:55:51,1.1005,3.157,2.116,461.7,29.1
2469,STARLINK-31294,58949,STARLINK-31973,59943,2026-07-30 09:00:52,5.8627,8.642,9.862,489.3,29.1
2470,STARLINK-1526,46029,STARLINK-37292,68787,2026-07-31 00:19:53,5.6356,5.642,9.49,481.1,29.1
2471,STARLINK-31661,59735,STARLINK-32748,62524,2026-07-31 08:14:50,2.1558,9.699,3.831,492.4,29.1
2472,STARLINK-36920,67947,MISR-C-2,68633,2026-07-30 10:22:52,5.2176,5.225,8.805,482.8,29.1
2473,STARLINK-31648,59266,STARLINK-37614,69041,2026-07-30 18:13:52,8.8555,9.046,14.716,477.1,29.1
2474,LEMUR-2-MJR092620,58340,STARLINK-37629,69443,2026-07-30 17:15:52,7.3463,9.282,12.263,436.9,29.1
2475,STARLINK-3635,51981,SPACEVAN-002,68424,2026-07-30 10:46:53,4.8821,6.263,8.258,511.7,29.1
2476,STARLINK-31389,59013,STARLINK-37948,69670,2026-07-30 10:25:52,7.8708,8.986,13.114,468.9,29.1
2477,STARLINK-4599,53631,STARLINK-35640,66536,2026-07-30 14:15:52,5.8507,5.863,9.829,484.5,29.1
2478,STARLINK-34864,65330,STARLINK-35529,66259,2026-07-30 22:58:53,4.4886,4.89,7.615,482.6,29.1
2479,STARLINK-31976,59887,STARLINK-36050,66602,2026-07-30 20:21:53,3.6076,5.66,6.182,485.1,29.1
2480,STARLINK-32837,62812,STARLINK-37223,68387,2026-07-30 21:54:51,3.4013,8.909,5.844,473.5,29.1
2481,STARLINK-3135,49424,STARLINK-34069,64920,2026-07-30 13:29:52,5.3848,5.547,9.063,475.9,29.1
2482,STARLINK-5444,54768,STARLINK-37119,68210,2026-07-30 16:17:52,3.499,3.499,6.0,474.4,29.1
2483,STARLINK-4180,53278,STARLINK-36747,67730,2026-07-30 21:56:53,3.3884,3.655,5.818,475.9,29.1
2484,STARLINK-31694,60140,STARLINK-36906,68036,2026-07-31 02:36:53,8.6168,8.687,14.287,466.3,29.1
2485,JILIN-1 10,43946,STARLINK-31583,59369,2026-07-31 04:44:53,8.4651,8.536,14.041,490.5,29.1
2486,AAC-AIS-SAT2,56996,STARLINK-34484,64366,2026-07-31 03:12:53,3.6045,6.753,6.164,585.7,29.1
2487,STARLINK-36043,66901,STARLINK-37140,68311,2026-07-31 04:16:53,7.0203,7.023,11.698,464.1,29.1
2488,STARLINK-6156,56374,STARLINK-35505,66329,2026-07-30 08:56:58,0.5932,7.514,1.285,483.9,29.1
2489,TEVEL2-7,63238,STARLINK-34371,64756,2026-07-30 19:47:52,8.8866,9.409,14.721,473.7,29.1
2490,STARLINK-5158,54055,STARLINK-35797,66364,2026-07-31 02:45:53,6.6945,8.108,11.168,464.8,29.1
2491,STARLINK-3943,52557,STARLINK-34908,65329,2026-07-30 16:12:53,3.4191,3.463,5.861,474.0,29.1
2492,STARLINK-36186,67165,STARLINK-36985,68014,2026-07-31 00:55:52,4.6557,6.563,7.863,491.6,29.1
2493,STARLINK-2614,48380,STARLINK-30611,58108,2026-07-30 18:25:52,7.2892,7.369,12.126,473.1,29.1
2494,STARLINK-30986,58492,STARLINK-35935,66527,2026-07-30 22:17:53,5.938,9.057,9.937,488.1,29.1
2495,STARLINK-6195,56902,STARLINK-32714,62499,2026-07-30 19:45:53,5.8744,6.917,9.833,487.6,29.1
2496,STARLINK-34244,65351,STARLINK-37193,68390,2026-07-30 21:02:52,8.3416,8.77,13.824,477.7,29.1
2497,STARLINK-33846,63780,STARLINK-36557,67500,2026-07-31 06:47:52,4.6623,4.745,7.869,491.6,29.1
2498,STARLINK-36703,67650,STARLINK-36275,68702,2026-07-30 13:43:52,8.7362,8.812,14.456,476.8,29.0
2499,STARLINK-34598,64759,STARLINK-36895,68038,2026-07-30 10:38:52,8.3993,8.417,13.91,477.2,29.0
2500,HORACIO,59098,STARLINK-32257,62171,2026-07-30 09:18:52,9.1148,9.821,15.065,579.8,29.0
2501,STARLINK-31374,59404,STARLINK-32950,63566,2026-07-31 02:10:51,4.5373,9.352,7.656,492.3,29.0
2502,STARLINK-37141,68249,STARLINK-37263,68544,2026-07-30 23:37:53,4.27,4.27,7.224,463.1,29.0
2503,STARLINK-6242,56424,STARLINK-35928,66528,2026-07-31 06:37:53,4.6625,4.684,7.857,485.6,29.0
2504,STARLINK-2634,48445,STARLINK-3975,52620,2026-07-30 10:22:53,6.5128,6.583,10.844,479.4,29.0
2505,STARLINK-3754,52350,STARLINK-32840,63363,2026-07-30 09:18:53,7.3266,9.109,12.158,470.1,29.0
2506,STARLINK-3277,50182,STARLINK-37504,68913,2026-07-30 13:06:53,6.5278,6.801,10.867,481.6,29.0
2507,STARLINK-2034,47352,RESURS-P 4,59371,2026-07-30 08:56:52,4.8147,4.923,8.098,471.1,29.0
2508,STARLINK-4304,53414,STARLINK-35601,66149,2026-07-30 13:41:53,4.2795,4.521,7.234,463.1,29.0
2509,KUIPER-00618,69294,STARLINK-37868,69334,2026-07-31 03:11:51,4.471,9.417,7.542,469.2,29.0
2510,STARLINK-36311,68525,STARLINK-37775,69348,2026-07-30 13:00:53,5.2236,8.319,8.755,477.2,29.0
2511,CSG-2,51444,GEESAT-2 07,58911,2026-07-30 17:18:53,7.7622,7.898,12.851,624.9,29.0
2512,STARLINK-32092,59700,STARLINK-32384,62146,2026-07-30 08:54:53,4.6698,7.892,7.86,493.1,29.0
2513,STARLINK-31694,60140,STARLINK-35101,65700,2026-07-31 04:02:50,1.3863,7.185,2.56,461.5,29.0
2514,STARLINK-30124,56690,STARLINK-31822,59752,2026-07-31 00:30:53,4.6618,6.079,7.845,492.5,29.0
2515,STARLINK-30426,57848,STARLINK-36256,67103,2026-07-31 01:03:53,5.2567,7.517,8.804,489.6,29.0
2516,STARLINK-32412,61680,TANSTAAFL-2,62378,2026-07-31 08:11:52,4.9792,5.004,8.356,483.9,29.0
2517,STARLINK-4585,53567,ROADS 2,64549,2026-07-30 10:42:53,8.8628,9.523,14.619,501.2,29.0
2518,STARLINK-34272,64274,STARLINK-37453,68862,2026-07-30 12:18:53,4.9796,5.066,8.354,465.5,29.0
2519,STARLINK-30945,58874,FLOCK 4G-36,62675,2026-07-31 07:42:53,8.2189,8.276,13.56,483.4,29.0
2520,STARLINK-32002,60200,STARLINK-37663,69048,2026-07-30 17:41:52,4.7811,5.236,8.022,481.8,29.0
2521,STARLINK-5776,57151,STARLINK-35640,66536,2026-07-30 15:36:53,0.6226,0.841,1.325,483.9,29.0
2522,STARLINK-4162,53288,STARLINK-37120,68211,2026-07-30 19:21:52,8.9395,9.496,14.716,468.7,29.0
2523,STARLINK-32697,62436,STARLINK-34154,63995,2026-07-30 16:00:53,5.9386,6.155,9.883,488.8,29.0
2524,STARLINK-31074,58601,SATMAR,64551,2026-07-31 00:46:53,7.5601,7.645,12.493,488.0,29.0
2525,STARLINK-4270,52863,STARLINK-36667,68975,2026-07-31 04:52:52,6.9667,7.839,11.537,476.1,29.0
2526,STARLINK-35444,66511,STARLINK-35640,66536,2026-07-31 04:18:51,3.6235,8.761,6.155,484.6,29.0
2527,STARLINK-32011,60030,STARLINK-34976,65209,2026-07-30 22:45:52,4.5574,5.808,7.657,475.0,29.0
2528,STARLINK-31100,58714,STARLINK-36437,67465,2026-07-31 02:30:52,6.821,8.584,11.3,486.1,28.9
2529,STARLINK-36906,68036,STARLINK-37356,68704,2026-07-30 14:54:53,5.8711,9.512,9.767,477.5,28.9
2530,STARLINK-30130,56697,STARLINK-36570,67640,2026-07-31 06:56:52,5.6936,6.103,9.481,487.4,28.9
2531,STARLINK-3327,50819,STARLINK-36741,67727,2026-07-30 16:38:52,3.6564,3.675,6.203,476.9,28.9
2532,YAOGAN-30 10C,48863,STARLINK-34709,64844,2026-07-31 06:16:52,8.4297,8.585,13.872,563.1,28.9
2533,STARLINK-2603,48375,STARLINK-37946,69672,2026-07-31 07:36:53,8.5758,8.6,14.102,481.6,28.9
2534,STARLINK-2109,47388,STARLINK-34607,64742,2026-07-30 16:02:53,6.247,9.0,10.357,484.0,28.9
2535,STARLINK-33974,63954,STARLINK-35474,66437,2026-07-30 18:58:52,4.6856,5.23,7.848,485.6,28.9
2536,STARLINK-5739,55571,STARLINK-35777,66975,2026-07-30 15:30:55,0.6614,3.245,1.383,484.1,28.9
2537,STARLINK-2457,48321,EOSSAT-1,55053,2026-07-30 19:15:52,7.8592,8.035,12.937,467.7,28.9
2538,STARLINK-11499 [DTC],62279,STARLINK-11543 [DTC],62981,2026-07-30 14:17:52,2.8774,3.986,4.938,363.9,28.9
2539,STARLINK-35177,65673,STARLINK-37442,68811,2026-07-31 01:48:52,9.1654,9.315,15.026,468.0,28.9
2540,2024-153E,60749,STARLINK-35941,66583,2026-07-31 05:30:53,7.0204,8.165,11.584,484.0,28.9
2541,STARLINK-36904,67977,STARLINK-36871,68023,2026-07-31 07:26:53,4.5869,6.068,7.677,479.9,28.9
2542,STARLINK-31616,59270,STARLINK-34866,65189,2026-07-31 04:24:52,8.7689,9.834,14.382,466.8,28.9
2543,STARLINK-5258,54195,STARLINK-35921,66640,2026-07-31 01:55:52,6.5603,7.582,10.84,480.8,28.9
2544,STARLINK-33600,62772,STARLINK-36868,68120,2026-07-30 14:00:52,8.7965,9.181,14.424,471.0,28.9
2545,ICEYE-X4,44390,STARLINK-5278,54164,2026-07-30 09:43:53,8.9844,9.03,14.725,477.1,28.9
2546,GRUS-1C,47933,STARLINK-5883,55956,2026-07-30 09:06:52,9.1577,9.317,15.0,587.5,28.9
2547,STARLINK-30292,57844,STARLINK-31242,58864,2026-07-30 19:05:53,6.8848,6.919,11.353,487.0,28.9
2548,STARLINK-35103,65633,STARLINK-37306,68680,2026-07-30 10:02:53,6.3757,8.856,10.537,463.6,28.9
2549,STARLINK-34067,64115,KUIPER-00532,69604,2026-07-31 07:06:53,5.9554,5.96,9.863,454.2,28.9
2550,STARLINK-34400,64463,STARLINK-37861,69552,2026-07-30 17:34:53,6.9721,7.387,11.489,468.6,28.9
2551,STARLINK-3311,50849,STARLINK-34976,65209,2026-07-31 02:03:51,2.7556,5.922,4.733,475.1,28.9
2552,STARLINK-35044,65536,STARLINK-36924,68054,2026-07-30 12:51:53,9.0166,9.159,14.757,472.1,28.9
2553,2023-072F,56748,STARLINK-31929,59836,2026-07-30 17:38:53,8.2778,8.687,13.572,488.8,28.9
2554,STARLINK-2487,48144,STARLINK-32858,62962,2026-07-30 09:20:52,4.739,4.748,7.906,485.3,28.8
2555,STARLINK-30393,57866,STARLINK-32263,60371,2026-07-30 18:35:53,6.8546,6.867,11.29,487.2,28.8
2556,STARLINK-6142,57113,2025-313M,67259,2026-07-30 20:38:53,6.9738,7.701,11.479,493.5,28.8
2557,STARLINK-30226,57497,STARLINK-35600,66510,2026-07-31 01:24:50,1.213,5.768,2.26,492.1,28.8
2558,STARLINK-30247,57644,STARLINK-33608,63425,2026-07-31 00:39:51,0.6354,2.72,1.336,492.4,28.8
2559,STARLINK-35003,65413,STARLINK-36059,66904,2026-07-31 04:36:52,7.1899,7.682,11.821,472.8,28.8
2560,STARLINK-30442,57868,STARLINK-36119,67619,2026-07-31 02:15:52,6.0091,6.34,9.925,491.2,28.8
2561,STARLINK-3117,49435,JILIN GAOFEN OBJECT C,68693,2026-07-30 14:47:51,3.3958,9.908,5.747,547.6,28.8
2562,STARLINK-31432,59932,STARLINK-33672,63326,2026-07-30 12:40:52,2.9551,4.345,5.042,484.0,28.8
2563,STARLINK-3514,51731,STARLINK-34525,64678,2026-07-30 10:17:52,7.1808,7.214,11.795,466.1,28.8
2564,STARLINK-6125,57114,STARLINK-34150,63998,2026-07-31 06:17:53,3.8424,3.928,6.459,492.2,28.8
2565,STARLINK-30250,57527,STARLINK-31866,59668,2026-07-31 01:32:50,1.6293,8.444,2.922,484.2,28.8
2566,STARLINK-3587,51892,STARLINK-4527,53436,2026-07-30 13:37:53,5.9095,5.932,9.757,462.8,28.8
2567,STARLINK-32611,61976,STARLINK-33725,63717,2026-07-30 13:58:52,6.9101,6.911,11.353,485.5,28.8
2568,STARLINK-2483,48140,STARLINK-35517,66244,2026-07-30 08:36:53,6.3972,9.06,10.533,474.8,28.8
2569,STARLINK-34182,64013,STARLINK-35538,66475,2026-07-30 18:41:51,2.9789,8.073,5.073,484.2,28.8
2570,STARLINK-3868,52649,STARLINK-36850,68119,2026-07-31 04:39:52,8.9086,9.486,14.53,471.8,28.8
2571,STARLINK-32676,62426,FLOCK 4G-15,62678,2026-07-31 03:09:53,6.0554,7.439,9.978,482.4,28.8
2572,STARLINK-30153,57510,STARLINK-35604,66802,2026-07-31 03:59:53,4.7515,5.026,7.896,491.7,28.8
2573,STARLINK-32005,60034,STARLINK-33899,63799,2026-07-31 05:56:53,6.8779,6.895,11.284,485.5,28.8
2574,STARLINK-37141,68249,STARLINK-37775,69348,2026-07-30 10:13:52,7.4187,9.474,12.146,477.0,28.8
2575,STARLINK-34897,65212,STARLINK-37183,68349,2026-07-30 15:21:53,7.3803,7.751,12.084,466.4,28.8
2576,STARLINK-5205,54202,STARLINK-36107,66979,2026-07-30 15:44:52,6.3628,7.733,10.461,485.2,28.8
2577,FLOCK 4G-8,62613,STARLINK-36906,68036,2026-07-30 15:47:53,8.5352,8.969,13.924,468.0,28.8
2578,STARLINK-5496,56886,STARLINK-31435,59004,2026-07-31 06:26:53,6.4313,9.114,10.569,488.7,28.8
2579,STARLINK-2250,48593,STARLINK-33783,63712,2026-07-30 15:52:53,4.7231,5.943,7.846,483.1,28.8
2580,STARLINK-33792,63506,STARLINK-37426,68813,2026-07-30 17:54:52,8.5187,9.336,13.894,471.8,28.8
2581,STARLINK-3198,49763,STARLINK-3672,51974,2026-07-30 17:01:52,6.5395,8.536,10.736,483.5,28.8
2582,STARLINK-30119,56823,STARLINK-32942,63120,2026-07-31 05:01:53,4.6031,7.348,7.648,485.2,28.8
2583,GUANGCHUAN 02,62112,2026-106D,69100,2026-07-31 05:39:52,3.7795,4.58,6.336,536.0,28.8
2584,STARLINK-31593,59350,STARLINK-32712,62433,2026-07-31 03:52:53,6.5085,6.553,10.681,489.1,28.7
2585,STARLINK-32604,62070,STARLINK-37657,69145,2026-07-31 08:00:53,8.9857,9.598,14.624,476.1,28.7
2586,STARLINK-37144,68556,STARLINK-37855,69493,2026-07-30 17:55:52,9.0714,9.422,14.761,473.4,28.7
2587,STARLINK-5714,55614,STARLINK-32256,60362,2026-07-30 12:15:53,5.7861,6.014,9.525,489.1,28.7
2588,VRSS-1,38782,KUIPER-00499,68881,2026-07-30 08:36:53,8.5655,8.957,13.947,628.2,28.7
2589,STARLINK-30324,57640,STARLINK-32636,62232,2026-07-30 22:14:52,4.8671,4.877,8.061,490.1,28.7
2590,STARLINK-30931,58413,STARLINK-32592,62035,2026-07-30 21:35:53,5.8968,9.884,9.699,491.3,28.7
2591,STARLINK-35026,65514,STARLINK-37644,69042,2026-07-31 08:17:52,7.4307,9.256,12.139,478.1,28.7
2592,STARLINK-5828,57070,STARLINK-32329,62736,2026-07-30 18:28:51,2.9754,7.383,5.05,492.1,28.7
2593,STARLINK-3750,52311,STARLINK-36982,68278,2026-07-30 15:07:52,7.2575,7.268,11.859,469.0,28.7
2594,STARLINK-31391,59406,STARLINK-36051,66793,2026-07-31 02:24:53,3.0,3.401,5.087,491.9,28.7
2595,STARLINK-3523,51729,STARLINK-35159,65461,2026-07-31 08:18:53,4.7381,6.109,7.847,461.5,28.7
2596,TANSTAAFL-2,62378,STARLINK-37400,68777,2026-07-30 11:23:53,8.8478,8.915,14.375,479.5,28.7
2597,ION SCV-015,58469,STARLINK-35276,66009,2026-07-31 03:03:53,8.722,8.975,14.172,472.3,28.7
2598,STARLINK-32325,61588,STARLINK-36694,67653,2026-07-31 05:15:53,8.329,9.114,13.548,464.9,28.7
2599,STARLINK-36397,67538,STARLINK-37353,69157,2026-07-30 18:49:53,8.8395,8.993,14.352,466.5,28.7
2600,STARLINK-31353,58980,STARLINK-36703,67650,2026-07-30 23:31:53,7.5376,7.897,12.275,478.4,28.7
2601,STARLINK-35377,66185,STARLINK-37361,69134,2026-07-30 19:32:53,7.6467,8.464,12.447,464.1,28.7
2602,STARLINK-30359,57779,STARLINK-33933,63784,2026-07-31 02:05:52,5.9158,6.031,9.699,491.4,28.7
2603,STARLINK-33600,62772,STARLINK-36868,68120,2026-07-30 13:13:52,8.882,9.368,14.399,480.9,28.7
2604,STARLINK-5973,56916,STARLINK-32303,61912,2026-07-30 23:40:53,6.128,6.184,10.027,488.0,28.7
2605,STARLINK-2491,48148,STARLINK-36986,68207,2026-07-30 10:52:52,8.5171,8.818,13.812,481.9,28.7
2606,STARLINK-30372,57789,STARLINK-34121,63961,2026-07-31 01:00:54,4.748,9.167,7.839,492.0,28.7
2607,STARLINK-2055,47358,STARLINK-37508,69257,2026-07-30 14:02:54,3.4263,7.86,5.745,476.1,28.7
2608,STARLINK-33664,63415,STARLINK-34587,64735,2026-07-30 13:18:53,6.5933,6.664,10.758,488.5,28.6
2609,CELESTIS-17 & SHERPA-FX1,47486,STARLINK-5244,54199,2026-07-30 15:14:53,9.1191,9.119,14.756,479.0,28.6
2610,STARLINK-5429,54801,STARLINK-36360,68402,2026-07-30 12:12:52,8.1889,9.367,13.278,481.5,28.6
2611,STARLINK-32305,61523,STARLINK-36587,67532,2026-07-30 20:38:52,7.2824,7.293,11.843,464.5,28.6
2612,STARLINK-34122,64117,STARLINK-37884,69655,2026-07-30 11:56:52,9.1082,9.514,14.733,478.4,28.6
2613,FLOCK 4G-12,62625,STARLINK-33720,63468,2026-07-30 17:28:52,7.9887,9.445,12.956,490.2,28.6
2614,AEROCUBE 6B,40046,STARLINK-5545,56476,2026-07-30 09:55:52,7.5652,8.978,12.284,574.6,28.6
2615,STARLINK-31280,58843,STARLINK-37015,68825,2026-07-30 16:40:53,9.0012,9.107,14.552,468.3,28.6
2616,FALCONSAT-6,43815,STARLINK-32514,61965,2026-07-30 18:37:52,8.7486,9.554,14.148,483.2,28.6
2617,STARLINK-3958,52535,STARLINK-4596,53624,2026-07-30 14:14:53,5.7778,5.895,9.45,469.2,28.6
2618,STARLINK-4563,53561,STARLINK-32033,60144,2026-07-30 21:26:52,6.6696,7.555,10.859,472.4,28.6
2619,STARLINK-30558,58060,STARLINK-35930,66599,2026-07-30 23:31:51,1.438,3.058,2.589,492.0,28.6
2620,OTTER,62623,STARLINK-34282,64454,2026-07-30 13:36:53,8.8207,9.721,14.256,474.9,28.6
2621,STARLINK-4278,53182,FLOCK 4G-23,62647,2026-07-30 21:06:53,6.5497,8.952,10.664,459.5,28.6
2622,STARLINK-30942,58441,STARLINK-36654,67838,2026-07-30 08:44:53,5.8652,8.836,9.575,492.2,28.6
2623,STARLINK-3267,50197,STARLINK-31511,59462,2026-07-30 17:08:47,0.8028,8.539,1.583,487.3,28.6
2624,STARLINK-36796,67722,STARLINK-37562,69208,2026-07-30 15:51:52,6.958,7.369,11.297,477.6,28.6
2625,STARLINK-6209,56877,STARLINK-32961,63122,2026-07-30 20:37:54,3.6736,7.356,6.111,491.7,28.6
2626,STARLINK-34945,65185,STARLINK-35410,66024,2026-07-31 07:48:52,6.0725,6.192,9.892,464.8,28.6
2627,STARLINK-4173,53285,STARLINK-37322,68715,2026-07-30 08:31:53,7.5107,9.286,12.158,470.4,28.6
2628,STARLINK-30888,58370,STARLINK-35249,65901,2026-07-30 10:41:52,6.9351,8.703,11.248,487.2,28.6
2629,STARLINK-30310,57733,NASBSAT-2,67285,2026-07-31 06:08:53,8.8261,8.917,14.227,491.4,28.6
2630,STARLINK-32252,60442,STARLINK-37722,69125,2026-07-31 03:43:52,8.6987,9.502,14.023,465.8,28.6
2631,STARLINK-31942,59899,STARLINK-34182,64013,2026-07-31 06:48:52,5.7942,5.795,9.444,491.3,28.6
2632,STARLINK-30943,58449,STARLINK-35995,66817,2026-07-31 00:23:53,4.8017,4.81,7.878,492.5,28.6
2633,ICEYE-X76,68502,CAS500-2 RIDESHARE OBJE*,68989,2026-07-31 02:38:52,4.6239,4.696,7.597,608.5,28.5
2634,STARLINK-5961,56914,STARLINK-35738,67116,2026-07-30 17:15:52,4.8006,4.833,7.874,486.7,28.5
2635,STARLINK-31144,58682,STARLINK-36054,66812,2026-07-31 03:50:55,1.4826,7.123,2.649,492.3,28.5
2636,STARLINK-5721,55617,STARLINK-30221,57418,2026-07-31 07:51:52,4.7886,7.929,7.854,492.2,28.5
2637,STARLINK-4020,52703,STARLINK-37223,68387,2026-07-31 05:57:52,8.8753,9.729,14.285,464.6,28.5
2638,STARLINK-5681,55469,STARLINK-36897,67951,2026-07-31 06:50:52,5.9647,8.402,9.702,487.5,28.5
2639,STARLINK-30363,57744,STARLINK-32462,62129,2026-07-31 07:17:51,1.2348,2.793,2.258,492.1,28.5
2640,STARLINK-30267,57663,STARLINK-37446,68808,2026-07-31 07:52:53,9.0609,9.322,14.574,468.1,28.5
2641,STARLINK-31680,59380,STARLINK-35209,65636,2026-07-30 21:05:51,2.9929,7.133,5.024,475.5,28.5
2642,STARLINK-30520,58010,STARLINK-32807,62845,2026-07-30 15:37:56,0.6377,4.601,1.318,492.2,28.5
2643,STARLINK-30793,58185,STARLINK-35696,66489,2026-07-31 06:31:53,6.2279,6.229,10.114,488.2,28.5
2644,STARLINK-3278,50830,STARLINK-4675,53601,2026-07-30 17:09:53,3.9632,4.537,6.549,461.1,28.5
2645,STARLINK-30973,58713,STARLINK-32295,62147,2026-07-30 10:37:52,6.695,7.248,10.844,488.6,28.5
2646,STARLINK-35123,65634,STARLINK-37639,69146,2026-07-31 02:32:51,4.8436,9.498,7.932,469.3,28.5
2647,STARLINK-6243,57080,STARLINK-36136,66967,2026-07-31 08:01:53,3.7398,3.743,6.196,484.8,28.5
2648,STARLINK-35291,66083,STARLINK-36561,67537,2026-07-30 17:37:52,9.025,9.277,14.504,473.9,28.5
2649,YAOGAN-25 01A,40338,ONEWEB-0703,56724,2026-07-30 21:20:52,4.0934,5.312,6.749,1216.9,28.5
2650,STARLINK-31037,58536,STARLINK-36260,67732,2026-07-31 08:02:53,8.943,9.177,14.371,476.8,28.5
2651,STARLINK-6130,57104,STARLINK-31135,58771,2026-07-30 14:46:52,6.2668,7.819,10.164,489.3,28.5
2652,SHIYAN-6 01 (SY-6 01),43711,STARLINK-32954,63567,2026-07-31 03:42:52,5.1983,9.043,8.483,494.3,28.5
2653,STARLINK-31004,58528,STARLINK-36491,67310,2026-07-30 16:48:52,5.9803,6.205,9.71,487.6,28.5
2654,STARLINK-31372,58939,RESURS-P 5,62430,2026-07-30 23:11:52,8.4996,9.321,13.668,486.3,28.5
2655,SUOMI NPP,37849,QIANFAN-236,69865,2026-07-31 03:06:53,6.7101,7.808,10.856,823.5,28.5
2656,STARLINK-6115,56123,STARLINK-30902,58421,2026-07-31 02:04:53,4.685,4.829,7.673,485.7,28.5
2657,STARLINK-4152,53136,STARLINK-34956,65174,2026-07-31 04:08:53,9.1183,9.35,14.635,474.5,28.5
2658,STARLINK-35123,65634,STARLINK-37639,69146,2026-07-31 04:06:53,4.8688,5.344,7.959,469.3,28.5
2659,STARLINK-34142,63957,STARLINK-36505,67463,2026-07-30 19:17:50,1.4404,5.452,2.575,492.1,28.5
2660,STARLINK-5161,54163,STARLINK-37391,68779,2026-07-30 14:42:53,9.1863,9.204,14.732,471.1,28.5
2661,STARLINK-4254,52998,STARLINK-35606,66171,2026-07-30 16:23:52,3.0733,3.125,5.136,476.5,28.5
2662,STARLINK-31387,59407,STARLINK-35118,66858,2026-07-31 01:34:54,3.7346,8.726,6.174,492.5,28.5
2663,JILIN-1 04,43022,STARLINK-1362,45538,2026-07-30 13:43:53,9.2028,9.876,14.752,448.6,28.5
2664,LKW-3,43146,CUAVA-2,60527,2026-07-30 20:37:53,6.0531,6.402,9.81,453.1,28.5
2665,STARLINK-35412,65797,COSMOS 2610,68758,2026-07-31 01:18:52,6.026,6.388,9.767,550.2,28.5
2666,COSMOS 2556,52713,STARLINK-35358,66564,2026-07-31 01:07:53,7.1782,7.204,11.573,486.8,28.5
2667,STARLINK-34474,64474,STARLINK-37799,69317,2026-07-31 05:22:53,5.8708,6.029,9.521,477.5,28.5
2668,STARLINK-36878,67899,STARLINK-37256,68569,2026-07-30 11:29:52,6.8335,6.906,11.028,463.6,28.5
2669,STARLINK-3647,51994,STARLINK-31004,58528,2026-07-30 09:19:52,4.4868,8.277,7.348,486.6,28.5
2670,STARLINK-5571,55380,STARLINK-36083,66857,2026-07-30 10:02:50,1.8662,9.624,3.238,494.1,28.5
2671,STARLINK-5250,54200,STARLINK-30864,58243,2026-07-31 05:14:53,6.2938,6.365,10.169,489.4,28.4
2672,STARLINK-3363,51135,STARLINK-32340,61008,2026-07-31 06:01:52,6.0928,7.811,9.852,462.6,28.4
2673,JILIN-1 06,43024,STARLINK-4256,52994,2026-07-31 00:02:52,8.9973,9.782,14.399,464.3,28.4
2674,STARLINK-1560,46036,STARLINK-36706,67657,2026-07-30 20:30:52,5.6166,8.605,9.1,481.5,28.4
2675,STARLINK-6324,57353,STARLINK-33806,63723,2026-07-30 15:49:52,5.8979,5.943,9.538,489.2,28.4
2676,STARLINK-3057,49139,STARLINK-30848,58240,2026-07-30 16:37:53,3.9118,6.82,6.429,484.8,28.4
2677,STARLINK-2421,48098,STARLINK-37746,69230,2026-07-31 02:45:54,3.8049,8.46,6.261,479.8,28.4
2678,STARLINK-31967,60021,STARLINK-37188,68404,2026-07-31 01:43:53,8.5631,9.874,13.7,477.0,28.4
2679,FOX-1CLIFF (AO-95),43770,STARLINK-32010,60279,2026-07-30 18:04:52,9.1634,9.416,14.638,486.0,28.4
2680,STARLINK-35609,66100,STARLINK-36399,67665,2026-07-31 04:33:52,6.9077,8.297,11.104,477.3,28.4
2681,STARLINK-30836,58221,STARLINK-31753,59484,2026-07-31 08:10:53,6.1645,9.091,9.94,488.1,28.4
2682,STARLINK-31856,59960,STARLINK-37932,69564,2026-07-31 01:23:53,8.2675,9.643,13.223,477.7,28.4
2683,STARLINK-2524,48304,STARLINK-35844,66880,2026-07-30 19:05:54,4.496,9.368,7.332,472.8,28.4
2684,STARLINK-34214,64190,STARLINK-34207,64333,2026-07-30 13:55:53,5.8718,6.295,9.476,489.5,28.4
2685,STARLINK-34691,65691,STARLINK-36398,67562,2026-07-30 13:04:53,8.2057,8.941,13.116,483.5,28.4
2686,STARLINK-31059,58596,STARLINK-35582,66537,2026-07-30 22:40:53,4.6803,4.848,7.615,492.7,28.4
2687,STARLINK-4728,53793,STARLINK-32489,61893,2026-07-30 19:33:53,7.5875,7.613,12.146,475.9,28.4
2688,STARLINK-30574,58094,STARLINK-32752,62567,2026-07-31 04:31:52,6.1674,9.661,9.927,488.0,28.4
2689,STARLINK-1048,44753,STARLINK-11399 [DTC],63063,2026-07-30 22:09:51,2.737,8.589,4.577,363.7,28.4
2690,STARLINK-3529,51724,STARLINK-34224,64251,2026-07-30 09:44:52,7.0752,9.701,11.336,488.9,28.4
2691,STARLINK-30465,57891,STARLINK-31895,59849,2026-07-31 03:16:52,2.0775,2.288,3.548,484.1,28.3
2692,STARLINK-6374,57338,STARLINK-34645,64766,2026-07-30 11:37:52,6.505,7.073,10.446,488.9,28.3
2693,STARLINK-3147,49410,STARLINK-34189,64121,2026-07-30 18:26:53,7.1899,8.556,11.513,476.6,28.3
2694,STARLINK-3125,49451,STARLINK-32299,61702,2026-07-30 19:33:53,5.1385,9.409,8.315,464.5,28.3
2695,CELESTIS-17 & SHERPA-FX1,47486,STARLINK-30800,58206,2026-07-31 07:49:52,8.7459,8.794,13.933,488.9,28.3
2696,STARLINK-2235,48581,STARLINK-3823,52336,2026-07-30 13:37:52,6.6398,6.866,10.651,479.8,28.3
2697,YAOGAN-21,40143,STARLINK-35701,67118,2026-07-30 15:40:53,8.9687,9.24,14.276,494.2,28.3
2698,STARLINK-34948,65191,STARLINK-36960,68225,2026-07-30 21:16:08,0.2065,9.566,0.633,464.4,28.3
2699,STARLINK-3256,50202,STARLINK-34228,64171,2026-07-30 15:08:53,7.6129,8.476,12.158,480.3,28.3
2700,STARLINK-6106,57154,STARLINK-35906,67112,2026-07-31 04:56:53,4.6984,5.203,7.622,492.1,28.3
2701,STARLINK-30243,57648,STARLINK-33655,63424,2026-07-30 15:51:55,0.6595,3.648,1.337,492.2,28.3
2702,TIANMU-1 09,57401,STARLINK-33669,63283,2026-07-31 02:28:52,7.7512,7.829,12.366,491.7,28.3
2703,STARLINK-4288,53005,STARLINK-37184,68393,2026-07-31 04:40:52,9.2634,9.55,14.718,472.0,28.3
2704,RADFXSAT (FOX-1B),43017,STARLINK-2399,47816,2026-07-31 03:56:52,8.4901,8.503,13.515,480.9,28.3
2705,STARLINK-3978,52635,TIANMU-1 19,58660,2026-07-30 21:18:51,3.5056,6.953,5.762,476.9,28.3
2706,STARLINK-31868,59783,STARLINK-32578,61979,2026-07-31 00:15:54,1.3068,4.038,2.343,493.0,28.3
2707,STARLINK-31875,59674,STARLINK-33875,63789,2026-07-30 11:21:00,0.6226,9.888,1.279,492.0,28.3
2708,STARLINK-34858,65023,STARLINK-36590,67577,2026-07-30 16:55:53,6.444,6.447,10.321,477.3,28.3
2709,STARLINK-31568,59412,STARLINK-33805,63590,2026-07-30 12:00:52,4.7121,4.995,7.63,485.2,28.3
2710,STARLINK-3447,51736,STARLINK-34973,65250,2026-07-31 07:14:53,8.7292,9.942,13.869,481.5,28.3
2711,ION SCV-017,63230,STARLINK-35542,66064,2026-07-30 11:48:52,9.2223,9.287,14.632,485.9,28.3
2712,STARLINK-5768,57145,STARLINK-35935,66527,2026-07-30 10:59:58,0.6533,7.064,1.325,484.2,28.3
2713,STARLINK-3652,51991,STARLINK-36692,67744,2026-07-30 22:02:52,9.1213,9.159,14.47,475.7,28.3
2714,STARLINK-4383,53473,STARLINK-37286,68512,2026-07-31 04:10:52,9.2304,9.286,14.638,470.7,28.3
2715,STARLINK-34493,64472,STARLINK-35019,65513,2026-07-30 22:23:52,7.4473,7.491,11.869,472.3,28.3
2716,STARLINK-35733,66224,STARLINK-36303,68969,2026-07-31 01:40:53,1.9744,3.51,3.374,476.0,28.3
2717,STARLINK-2213,47780,STARLINK-36306,68160,2026-07-30 20:10:52,3.9558,4.018,6.448,480.2,28.3
2718,LYNK TOWER 5,59121,STARLINK-32295,62147,2026-07-30 15:39:52,6.7068,7.074,10.716,492.2,28.3
2719,STARLINK-31514,59187,STARLINK-36370,67937,2026-07-31 03:02:52,4.877,4.88,7.876,484.5,28.3
2720,STARLINK-1647,47978,STARLINK-32504,62024,2026-07-30 17:00:53,7.5889,7.625,12.081,482.5,28.3
2721,GRUS-1E,47935,STARLINK-5602,55743,2026-07-30 14:52:53,9.1924,9.752,14.568,571.4,28.3
2722,ICEYE-X4,44390,KUIPER-00496,69597,2026-07-30 16:07:53,5.4828,6.321,8.812,485.3,28.3
2723,STARLINK-30191,57413,STARLINK-34621,64774,2026-07-30 23:02:53,7.0113,7.454,11.182,487.9,28.3
2724,STARLINK-36786,67872,STARLINK-37571,69043,2026-07-30 12:42:52,9.2606,9.317,14.669,473.7,28.3
2725,STARLINK-35418,65879,STARLINK-36616,67672,2026-07-30 08:58:53,7.6995,8.724,12.239,477.6,28.2
2726,STARLINK-3595,51894,LYNK TOWER 5,59121,2026-07-30 11:41:53,6.6354,7.212,10.585,464.9,28.2
2727,STARLINK-4509,53404,STARLINK-37456,69300,2026-07-30 13:13:52,4.9536,5.002,7.98,481.1,28.2
2728,STARLINK-34636,64915,STARLINK-37790,69312,2026-07-30 19:11:52,9.2266,9.436,14.597,475.7,28.2
2729,STARLINK-32271,60368,STARLINK-33679,63460,2026-07-30 22:56:53,7.0879,8.774,11.28,485.3,28.2
2730,STARLINK-35895,66354,STARLINK-37473,68804,2026-07-30 18:54:53,8.5993,9.484,13.618,478.9,28.2
2731,STARLINK-30425,57850,STARLINK-34489,64679,2026-07-31 04:45:53,7.5724,9.363,12.026,472.7,28.2
2732,STARLINK-34082,64100,STARLINK-36674,67661,2026-07-30 13:22:53,9.2128,9.582,14.565,482.3,28.2
2733,YUBILEINY (RS30),32953,COSMOS 2488 (RODNIK-S 7),39483,2026-07-30 09:21:53,8.887,9.179,14.058,1517.5,28.2
2734,ION SCV-004,50993,STARLINK-30837,58212,2026-07-30 15:30:53,8.9785,9.195,14.199,486.4,28.2
2735,STARLINK-4340,53494,STARLINK-34331,64204,2026-07-31 08:28:53,8.2719,8.813,13.103,463.9,28.2
2736,GLOBAL-31,63027,STARLINK-36890,68258,2026-07-31 03:35:53,7.6834,8.236,12.192,470.6,28.2
2737,STARLINK-1570,46059,STARLINK-31345,58941,2026-07-30 20:58:52,7.6138,8.722,12.084,482.3,28.2
2738,STARLINK-36923,68016,STARLINK-37380,69182,2026-07-30 15:50:52,9.2552,9.706,14.621,475.8,28.2
2739,STARLINK-31750,59552,FLOCK 4G-3,62639,2026-07-31 03:40:52,5.1187,5.638,8.221,483.6,28.2
2740,STARLINK-6312,56536,STARLINK-31590,59198,2026-07-31 05:09:53,5.9979,6.02,9.579,487.5,28.2
2741,STARLINK-37090,68193,STARLINK-37737,69227,2026-07-31 03:20:52,6.9853,9.83,11.102,477.8,28.2
2742,STARLINK-4054,53158,STARLINK-37325,68748,2026-07-30 19:34:52,9.2704,9.315,14.626,474.4,28.2
2743,GHOST-5,59130,2025-155L,64886,2026-07-30 13:00:52,9.6015,9.994,15.137,448.5,28.2
2744,STARLINK-35580,66155,STARLINK-37777,69349,2026-07-30 17:39:52,8.4638,8.589,13.378,477.2,28.2
2745,STARLINK-4085,53262,STARLINK-37077,68169,2026-07-30 22:04:53,3.2958,3.296,5.398,463.5,28.2
2746,STARLINK-31733,59486,FLOCK 4G-14,62667,2026-07-31 05:13:52,5.2782,7.866,8.456,490.0,28.2
2747,STARLINK-31058,58677,STARLINK-32819,62995,2026-07-30 17:16:54,3.0766,6.777,5.057,492.2,28.2
2748,STARLINK-2755,48479,STARLINK-5453,54773,2026-07-31 00:53:53,6.862,6.863,10.894,472.8,28.2
2749,STARLINK-32228,60445,STARLINK-37592,69025,2026-07-30 17:58:52,9.206,9.778,14.507,467.5,28.2
2750,STARLINK-3198,49763,STARLINK-37226,68619,2026-07-30 20:06:53,9.2813,9.289,14.622,481.0,28.2
2751,STARLINK-4570,53690,JILIN-01 KUANFU 02B 6,61194,2026-07-30 11:07:53,9.1767,9.495,14.461,545.5,28.2
2752,STARLINK-3746,52268,STARLINK-35041,66188,2026-07-30 23:00:53,6.6161,7.104,10.5,463.0,28.1
2753,STARLINK-30240,57404,STARLINK-34084,63970,2026-07-31 02:51:51,3.8112,8.362,6.178,485.3,28.1
2754,FLOCK 4G-24,62637,STARLINK-33899,63799,2026-07-31 03:29:53,4.7338,8.357,7.597,489.9,28.1
2755,STARLINK-3551,51887,STARLINK-4020,52703,2026-07-31 06:19:52,7.2319,8.219,11.442,472.2,28.1
2756,STARLINK-30781,58123,STARLINK-34125,63901,2026-07-31 07:55:51,2.3251,4.553,3.887,484.9,28.1
2757,STARLINK-30247,57644,STARLINK-36824,67953,2026-07-30 23:14:52,4.9263,6.081,7.891,492.4,28.1
2758,STARLINK-34086,65734,STARLINK-36264,68307,2026-07-30 22:11:52,5.0138,5.624,8.024,476.8,28.1
2759,STARLINK-30273,57681,STARLINK-35319,65743,2026-07-31 06:22:53,6.8878,9.091,10.908,467.8,28.1
2760,STARLINK-32203,60331,STARLINK-35807,66358,2026-07-31 01:34:52,7.6995,7.791,12.151,475.5,28.1
2761,STARLINK-32740,62754,STARLINK-36052,66605,2026-07-31 03:13:53,4.8893,8.782,7.828,492.1,28.1
2762,STARLINK-34105,63977,STARLINK-35604,66802,2026-07-31 00:20:54,3.0937,7.516,5.065,484.6,28.1
2763,STARLINK-32441,61668,STARLINK-37556,69660,2026-07-30 12:58:53,7.862,8.23,12.398,470.6,28.1
2764,STARLINK-37228,68570,STARLINK-37646,69650,2026-07-30 20:34:53,9.2779,9.45,14.572,468.2,28.1
2765,STARLINK-30909,58363,STARLINK-35687,66524,2026-07-30 21:42:53,3.7883,4.337,6.131,492.9,28.1
2766,TIANMU-1 07,57399,STARLINK-35566,66061,2026-07-31 01:47:53,4.4776,5.158,7.19,478.7,28.1
2767,STARLINK-32591,61718,STARLINK-35492,65926,2026-07-31 00:06:53,4.8126,7.255,7.703,462.8,28.1
2768,STARLINK-32723,62449,STARLINK-37881,69547,2026-07-30 08:53:52,9.1635,9.647,14.379,466.9,28.1
2769,STARLINK-35927,66624,STARLINK-37531,69136,2026-07-31 05:10:53,9.0363,9.385,14.184,472.1,28.1
2770,TEVEL2-7,63238,STARLINK-37746,69230,2026-07-30 23:11:52,8.4163,8.446,13.227,464.7,28.1
2771,STARLINK-5470,54776,STARLINK-37241,68528,2026-07-30 21:20:53,4.0291,4.099,6.491,461.4,28.1
2772,LUR-1,60506,STARLINK-37222,68663,2026-07-31 07:00:52,9.3507,9.882,14.659,485.1,28.1
2773,STARLINK-6090,56095,STARLINK-32945,63118,2026-07-31 08:08:53,6.3288,6.448,10.021,488.4,28.1
2774,STARLINK-4703,53855,STARLINK-37542,68917,2026-07-31 02:33:52,4.7863,8.474,7.653,481.2,28.1
2775,STARLINK-33591,62777,STARLINK-36603,67592,2026-07-31 06:52:53,7.3849,8.45,11.64,477.3,28.1
2776,STARLINK-31246,58835,STARLINK-34952,65197,2026-07-30 11:24:53,9.4175,9.789,14.757,479.4,28.1
2777,STARLINK-34897,65212,STARLINK-37108,68218,2026-07-31 05:42:52,8.2233,9.34,12.92,464.2,28.1
2778,STARLINK-31991,59963,STARLINK-37661,69147,2026-07-30 18:14:52,6.2005,8.194,9.817,477.8,28.1
2779,STARLINK-4184,52852,STARLINK-35181,65666,2026-07-30 14:28:52,9.2004,9.583,14.416,466.7,28.1
2780,STARLINK-4450,53491,STARLINK-34194,64179,2026-07-30 22:18:52,9.3592,9.439,14.657,467.3,28.1
2781,STARLINK-35202,65647,STARLINK-37958,69559,2026-07-30 16:39:52,8.2646,8.265,12.979,477.8,28.1
2782,STARLINK-4479,53415,STARLINK-37869,69483,2026-07-30 18:48:51,4.8839,9.926,7.789,481.6,28.0
2783,STARLINK-3632,51784,STARLINK-37044,68247,2026-07-30 20:39:53,4.7419,8.111,7.57,461.9,28.0
2784,2024-205B,61895,STARLINK-36744,67987,2026-07-31 04:01:52,4.7979,4.87,7.65,488.4,28.0
2785,YAOGAN-14,38257,STARLINK-6127,57135,2026-07-30 16:56:53,9.1623,9.236,14.327,487.8,28.0
2786,STARLINK-35819,66285,STARLINK-36735,68976,2026-07-31 06:48:52,4.4845,7.93,7.167,462.4,28.0
2787,GRUS-1C,47933,STARLINK-33998,63951,2026-07-31 04:27:52,9.6438,9.84,15.048,585.7,28.0
2788,STARLINK-3122,49445,STARLINK-31324,58976,2026-07-30 12:11:53,3.6948,4.132,5.952,463.8,28.0
2789,STARLINK-32248,61219,STARLINK-32349,61700,2026-07-30 17:56:52,7.7362,9.339,12.128,482.4,28.0
2790,STARLINK-31827,59727,STARLINK-33950,63701,2026-07-30 16:19:52,4.9096,5.719,7.808,483.2,28.0
2791,STARLINK-30704,57946,STARLINK-37359,69188,2026-07-30 11:41:53,7.6747,7.713,12.033,468.0,28.0
2792,STARLINK-30092,57467,STARLINK-33866,63653,2026-07-31 06:53:55,1.5132,7.05,2.618,484.8,28.0
2793,STARLINK-32267,60363,STARLINK-37927,69556,2026-07-30 20:46:53,8.5268,8.532,13.332,471.4,28.0
2794,SVYATOBOR 1 (RS60S),57187,SIGI,62632,2026-07-30 15:41:50,1.1436,4.444,2.052,488.0,28.0
2795,STARLINK-30984,58480,STARLINK-34222,64191,2026-07-31 04:00:52,7.216,7.715,11.326,486.9,28.0
2796,YAOGAN-12,37875,STARLINK-31477,59314,2026-07-30 12:40:53,7.9774,8.393,12.485,483.2,28.0
2797,STARLINK-4576,53566,STARLINK-37653,69140,2026-07-31 04:05:52,6.4211,7.397,10.108,478.1,28.0
2798,STARLINK-31226,58858,STARLINK-36496,67329,2026-07-31 00:34:53,4.002,4.601,6.414,492.4,28.0
2799,STARLINK-2516,48283,STARLINK-35328,65652,2026-07-31 07:53:52,8.5788,9.838,13.399,481.6,28.0
2800,STARLINK-30212,57506,STARLINK-30328,57638,2026-07-30 13:32:52,3.4494,3.687,5.569,491.1,28.0
2801,STARLINK-31554,59195,STARLINK-33686,63422,2026-07-30 16:05:45,0.6533,9.855,1.302,484.4,28.0
2802,STARLINK-4129,53251,STARLINK-30355,57777,2026-07-30 19:18:52,7.0875,9.101,11.116,489.3,28.0
2803,STARLINK-5811,55787,STRIX-6,68291,2026-07-30 16:05:54,4.3373,9.298,6.921,584.9,28.0
2804,STARLINK-3986,52623,STARLINK-34916,65427,2026-07-30 20:17:54,3.6283,7.881,5.839,484.3,28.0
2805,STARLINK-3122,49445,STARLINK-37264,68729,2026-07-31 07:01:53,9.0842,9.238,14.161,467.7,28.0
2806,STARLINK-3652,51991,STARLINK-36664,68965,2026-07-30 22:19:53,7.5829,7.594,11.868,466.5,28.0
2807,ASTROCAST-0401,55110,STARLINK-31691,59856,2026-07-31 03:33:52,8.3185,9.846,12.989,495.3,28.0
2808,SKYSAT-C4,41771,FLOCK 4Q-4,58327,2026-07-30 13:23:52,5.4363,5.478,8.584,414.1,27.9
2809,STARLINK-36344,67710,STARLINK-36811,67808,2026-07-30 17:13:53,5.949,6.055,9.356,480.0,27.9
2810,2025-108F,64092,STARLINK-37287,68684,2026-07-31 01:04:53,9.4547,9.481,14.689,483.9,27.9
2811,STARLINK-30793,58185,STARLINK-34168,64079,2026-07-30 16:01:52,3.1066,3.789,5.029,492.4,27.9
2812,STARLINK-30711,57940,STARLINK-35527,66092,2026-07-31 00:44:53,4.8409,4.885,7.666,475.2,27.9
2813,STARLINK-32864,62862,STARLINK-36585,67540,2026-07-30 14:42:53,6.9909,7.855,10.933,464.7,27.9
2814,STARLINK-37184,68393,STARLINK-37408,69518,2026-07-30 10:30:53,8.4101,8.584,13.086,477.4,27.9
2815,STARLINK-31612,59337,STARLINK-33914,63774,2026-07-30 23:40:53,6.3459,8.317,9.947,487.9,27.9
2816,STARLINK-5869,57061,STARLINK-30949,58415,2026-07-31 00:37:52,3.2943,3.374,5.309,486.2,27.9
2817,STARLINK-35190,65663,STARLINK-34108,65872,2026-07-30 23:44:52,7.3989,7.441,11.545,477.5,27.9
2818,STARLINK-36057,66884,STARLINK-37554,69663,2026-07-31 03:13:53,9.5197,9.565,14.765,472.4,27.9
2819,STARLINK-4509,53404,STARLINK-37296,68672,2026-07-31 04:14:53,7.7589,7.765,12.09,467.8,27.9
2820,STARLINK-5960,56920,STARLINK-32609,61929,2026-07-31 05:04:52,6.401,6.411,10.023,491.0,27.9
2821,STARLINK-3967,52636,STARLINK-31166,58789,2026-07-31 04:44:52,5.1953,5.212,8.192,486.9,27.9
2822,STARLINK-34222,64191,STARLINK-35488,66254,2026-07-31 00:53:53,7.8019,7.956,12.149,481.8,27.9
2823,2024-153D,60748,STARLINK-36552,67503,2026-07-31 03:14:53,8.5128,8.54,13.225,492.9,27.9
2824,STARLINK-5432,54848,STARLINK-36092,66869,2026-07-31 02:43:52,6.2027,6.392,9.716,487.5,27.9
2825,STARLINK-3621,51769,STARLINK-4088,53155,2026-07-31 02:22:52,7.8082,7.813,12.151,545.0,27.9
2826,STARLINK-31859,59848,STARLINK-32479,62148,2026-07-30 11:23:52,5.3947,5.407,8.488,484.5,27.9
2827,STARLINK-6138,57329,STARLINK-35994,66818,2026-07-30 09:59:52,6.2071,6.476,9.72,487.6,27.9
2828,STARLINK-30967,58416,STARLINK-31472,59730,2026-07-31 05:23:52,6.0368,9.554,9.461,485.3,27.9
2829,STARLINK-3931,52548,STARLINK-37305,68713,2026-07-31 03:13:52,6.6182,6.806,10.341,475.5,27.9
2830,STARLINK-34894,65753,STARLINK-36130,66931,2026-07-30 08:56:53,1.4563,1.539,2.511,461.8,27.9
2831,STARLINK-37027,68232,STARLINK-37859,69553,2026-07-30 13:07:53,7.8505,7.855,12.203,463.7,27.8
2832,STARLINK-34673,65090,STARLINK-36612,67580,2026-07-30 16:18:53,9.5104,9.982,14.717,481.3,27.8
2833,STARLINK-11514 [DTC],62514,STARLINK-11530 [DTC],62562,2026-07-30 16:05:54,3.7598,7.162,6.0,356.0,27.8
2834,STARLINK-31756,61517,STARLINK-35046,65701,2026-07-31 00:59:53,7.7138,9.214,11.99,472.0,27.8
2835,STARLINK-30101,56301,STARLINK-36357,67963,2026-07-30 08:35:52,7.5614,7.661,11.755,483.0,27.8
2836,STARLINK-32423,61218,STARLINK-37113,68318,2026-07-30 22:36:53,4.6121,7.875,7.287,471.4,27.8
2837,STARLINK-32044,60092,STARLINK-33591,62777,2026-07-30 23:56:52,4.766,7.817,7.518,462.7,27.8
2838,STARLINK-3145,49455,STARLINK-37165,68287,2026-07-30 23:29:52,4.8945,5.352,7.711,462.9,27.8
2839,STARLINK-30470,57892,STARLINK-35906,67112,2026-07-31 01:08:53,6.3534,6.357,9.917,487.9,27.8
2840,STARLINK-32535,62119,STARLINK-36457,67349,2026-07-30 12:44:52,4.8291,4.967,7.61,491.9,27.8
2841,STARLINK-30073,56840,STARLINK-33628,63067,2026-07-31 05:59:53,6.3612,7.036,9.924,491.2,27.8
2842,STARLINK-32433,61852,DCS-1,67263,2026-07-31 03:40:52,8.8219,9.623,13.644,495.1,27.8
2843,STARLINK-1456,45673,COSMOS 2575,58929,2026-07-31 07:26:53,4.2601,4.262,6.744,357.3,27.8
2844,STARLINK-37671,69206,STARLINK-37656,69649,2026-07-30 12:01:52,7.72,7.745,11.974,461.0,27.8
2845,STARLINK-3278,50830,STARLINK-4458,53668,2026-07-30 23:55:53,9.307,9.564,14.366,472.2,27.8
2846,STARLINK-36139,66966,STARLINK-36495,67311,2026-07-30 12:43:53,3.1484,4.853,5.059,484.1,27.8
2847,STARLINK-30754,58124,STARLINK-35754,67054,2026-07-30 11:24:53,4.8564,7.696,7.638,485.8,27.8
2848,STARLINK-11554 [DTC],62833,STARLINK-11613 [DTC],63136,2026-07-31 07:29:52,3.0257,5.065,4.872,356.0,27.8
2849,STARLINK-32592,62035,STARLINK-32454,62142,2026-07-31 04:59:53,5.0014,7.245,7.85,491.6,27.8
2850,STARLINK-33862,63709,STARLINK-37715,69126,2026-07-30 16:11:53,8.8542,8.865,13.663,483.6,27.8
2851,STARLINK-5124,54011,STARLINK-35309,66323,2026-07-30 14:35:52,7.1304,7.225,11.051,486.7,27.7
2852,STARLINK-31515,59476,ION SCV-017,63230,2026-07-30 09:26:53,9.185,9.269,14.135,491.9,27.7
2853,STARLINK-32874,62954,STARLINK-34941,65210,2026-07-30 13:57:53,4.8737,6.242,7.641,474.9,27.7
2854,STARLINK-32127,60146,STARLINK-37519,69298,2026-07-31 06:54:52,8.9114,8.918,13.718,477.6,27.7
2855,STARLINK-2380,47799,STARLINK-34900,65374,2026-07-30 11:57:53,4.0291,4.047,6.367,485.6,27.7
2856,STARLINK-3332,50825,STARLINK-36460,67432,2026-07-30 17:23:52,5.3603,5.364,8.37,481.8,27.7
2857,STARLINK-3209,49752,STARLINK-3609,51808,2026-07-30 14:17:52,7.7732,7.869,11.999,465.7,27.7
2858,JILIN-1 08,43160,STARLINK-34264,64277,2026-07-30 16:15:53,5.5885,5.703,8.711,465.6,27.7
2859,STARLINK-35386,65862,STARLINK-37613,69211,2026-07-30 18:20:52,8.4829,8.673,13.064,464.6,27.7
2860,STARLINK-37430,68863,STARLINK-37369,69529,2026-07-31 07:00:53,8.4195,9.128,12.968,464.1,27.7
2861,STARLINK-36593,67564,STARLINK-37422,69191,2026-07-30 12:05:52,7.0415,7.615,10.891,477.7,27.7
2862,STARLINK-3133,49416,STARLINK-36583,67545,2026-07-30 09:13:52,9.3806,9.438,14.409,466.5,27.7
2863,STARLINK-31062,58590,COSMOS 2607,67681,2026-07-31 06:11:52,9.2958,9.914,14.278,488.9,27.7
2864,STARLINK-4191,52860,STARLINK-5761,55599,2026-07-30 16:51:52,7.303,8.116,11.28,489.0,27.7
2865,2024-153B,60746,STARLINK-36893,68112,2026-07-31 06:00:52,9.864,9.898,15.125,478.1,27.7
2866,STARLINK-3075,49409,STARLINK-35319,65743,2026-07-30 10:55:53,5.3541,5.372,8.346,476.1,27.7
2867,STARLINK-30892,58366,STARLINK-31939,60026,2026-07-30 12:16:52,6.7129,6.754,10.382,489.2,27.7
2868,STARLINK-6089,56096,STARLINK-35879,66960,2026-07-31 04:31:52,6.2686,6.462,9.708,491.2,27.7
2869,STARLINK-30589,58103,STARLINK-36493,67456,2026-07-31 07:57:53,5.8052,5.823,9.012,489.5,27.7
2870,STARLINK-31712,59491,STARLINK-32165,60599,2026-07-30 20:59:53,5.6071,5.768,8.714,489.6,27.7
2871,STARLINK-36820,67966,STARLINK-37440,69189,2026-07-31 01:17:52,8.9635,9.384,13.75,464.7,27.7
2872,STARLINK-5432,54848,STARLINK-30505,57972,2026-07-30 18:51:52,6.4234,9.96,9.938,487.9,27.7
2873,STARLINK-33841,63771,STARLINK-35305,66561,2026-07-31 06:53:52,3.1638,3.996,5.047,492.3,27.7
2874,STARLINK-6290,57328,STARLINK-36186,67165,2026-07-31 03:47:51,3.1762,9.751,5.064,492.4,27.7
2875,STARLINK-30752,58171,STARLINK-31427,59241,2026-07-30 12:59:52,6.9433,7.628,10.714,488.9,27.7
2876,STARLINK-31275,59197,STARLINK-32481,62320,2026-07-30 10:26:52,6.6346,7.211,10.25,489.2,27.7
2877,STARLINK-30797,58154,STARLINK-37370,68806,2026-07-31 04:12:53,9.2509,9.284,14.172,483.4,27.7
2878,STARLINK-4146,53294,STARLINK-37334,68700,2026-07-30 16:17:52,7.8431,9.534,12.06,468.3,27.6
2879,STARLINK-32124,60298,STARLINK-34653,64917,2026-07-30 21:11:53,4.2765,4.318,6.712,470.5,27.6
2880,STARLINK-32459,61715,STARLINK-35190,65663,2026-07-31 01:46:52,7.6901,9.076,11.828,464.4,27.6
2881,STARLINK-34151,64120,STARLINK-34531,64750,2026-07-31 07:38:53,7.7309,7.961,11.881,476.4,27.6
2882,STARLINK-3616,51782,STARLINK-33621,63375,2026-07-30 14:40:51,2.8197,7.958,4.524,462.0,27.6
2883,STARLINK-33698,63420,STARLINK-36967,68013,2026-07-30 17:41:53,3.1586,3.471,5.03,492.9,27.6
2884,STARLINK-3375,51114,STARLINK-35340,66022,2026-07-31 02:23:53,7.7641,7.817,11.916,482.0,27.6
2885,STARLINK-6344,56520,STARLINK-32714,62499,2026-07-30 16:59:54,4.1159,9.203,6.457,492.7,27.6
2886,STARLINK-5111,56146,STARLINK-33757,63720,2026-07-31 00:19:53,7.0166,7.173,10.794,488.7,27.6
2887,STARLINK-32777,62525,STARLINK-36544,67517,2026-07-31 03:56:53,4.8958,4.934,7.62,485.6,27.6
2888,STARLINK-34202,64174,STARLINK-37743,69339,2026-07-30 19:06:52,7.5155,7.517,11.536,470.9,27.6
2889,STARLINK-30377,57825,STARLINK-36595,67639,2026-07-30 12:27:52,4.8968,7.563,7.621,485.9,27.6
2890,STARLINK-30509,57977,STARLINK-36950,67992,2026-07-31 07:10:52,3.1954,5.399,5.075,484.9,27.6
2891,STARLINK-31225,59040,STARLINK-35888,67190,2026-07-31 02:38:53,3.9103,4.021,6.143,484.7,27.6
2892,STARLINK-4166,53291,STARLINK-35163,65507,2026-07-30 12:59:52,4.7035,7.503,7.328,461.2,27.6
2893,STARLINK-32476,61550,STARLINK-36843,67856,2026-07-30 21:44:53,7.9379,8.152,12.16,475.4,27.6
2894,STARLINK-33551,62110,STARLINK-36406,67923,2026-07-30 22:09:53,2.1757,3.389,3.55,483.9,27.6
2895,YAOGAN-35 01A,49390,STARLINK-6107,56117,2026-07-30 12:51:53,3.014,5.082,4.802,484.5,27.6
2896,STARLINK-31604,59214,STARLINK-36808,67881,2026-07-30 16:04:53,5.9552,7.436,9.197,477.6,27.6
2897,STARLINK-35024,65410,STARLINK-37152,68616,2026-07-30 17:02:52,8.6961,9.148,13.286,469.4,27.6
2898,STARLINK-3781,52272,STARLINK-36674,67661,2026-07-30 21:17:52,5.9066,5.962,9.118,481.2,27.6
2899,STARLINK-1480,45741,STARLINK-11697 [DTC],63553,2026-07-30 20:52:53,6.8282,7.509,10.493,365.3,27.6
2900,STARLINK-2231,48577,STARLINK-36798,67798,2026-07-30 16:25:53,9.2359,9.25,14.087,481.6,27.6
2901,STARLINK-32878,62892,STARLINK-33531,63399,2026-07-30 15:31:53,6.3848,6.455,9.826,487.8,27.6
2902,STARLINK-2542,48292,COSMOS 2588,64095,2026-07-30 08:57:51,2.1655,5.661,3.529,483.5,27.6
2903,STARLINK-31169,58809,STARLINK-32499,61959,2026-07-30 23:02:46,0.6556,8.408,1.276,484.0,27.6
2904,STARLINK-5408,54810,STARLINK-37132,68233,2026-07-30 12:05:53,6.7365,6.839,10.348,477.8,27.6
2905,CENTAURI-7,62708,STARLINK-34376,64300,2026-07-31 03:05:53,7.6192,8.456,11.665,585.7,27.6
2906,LYNK TOWER 3,55046,STARLINK-33715,63441,2026-07-30 18:06:53,6.8976,7.123,10.586,472.1,27.6
2907,STARLINK-30457,57900,FLOCK 4G-8,62613,2026-07-31 05:37:53,6.5276,6.938,10.032,482.1,27.6
2908,STARLINK-3748,52267,STARLINK-37296,68672,2026-07-31 04:14:53,7.6669,9.019,11.73,462.3,27.5
2909,STARLINK-5537,55384,STARLINK-31336,58944,2026-07-31 06:47:52,6.8575,8.427,10.52,489.1,27.5
2910,STARLINK-34542,65890,STARLINK-36558,67499,2026-07-30 21:45:52,7.2988,7.362,11.175,484.7,27.5
2911,STARLINK-30873,58249,STARLINK-35777,66975,2026-07-30 16:08:53,5.0956,5.878,7.888,492.0,27.5
2912,STARLINK-1564,46058,SHIYAN-21 (SY-21),54752,2026-07-30 19:33:52,1.4603,1.486,2.473,481.2,27.5
2913,STARLINK-32376,61707,STARLINK-34977,65245,2026-07-30 18:45:52,7.6366,8.931,11.672,464.3,27.5
2914,STARLINK-31914,59902,STARLINK-36637,67633,2026-07-30 10:36:47,0.6595,6.62,1.28,484.1,27.5
2915,SNUGLITE,43784,STARLINK-31521,59015,2026-07-30 13:56:52,8.9512,9.291,13.628,479.2,27.5
2916,STARLINK-31996,60100,STARLINK-34602,65333,2026-07-31 05:46:52,7.9744,7.998,12.173,475.5,27.5
2917,STARLINK-33991,64122,STARLINK-36579,67541,2026-07-31 01:59:51,3.9294,8.055,6.148,473.6,27.5
2918,STARLINK-2684,48471,STARLINK-32268,60372,2026-07-30 12:13:53,6.9028,7.428,10.571,484.6,27.5
2919,STARLINK-35308,65848,STARLINK-37229,69659,2026-07-30 19:02:53,8.3996,9.043,12.797,464.1,27.5
2920,STARLINK-5406,54860,STARLINK-32943,63023,2026-07-31 07:37:53,6.4894,6.541,9.95,488.2,27.5
2921,STARLINK-35830,66284,STARLINK-36248,68979,2026-07-30 15:01:54,4.6189,9.0,7.167,462.7,27.5
2922,STARLINK-33659,63445,STARLINK-37106,68219,2026-07-30 20:14:52,7.9384,8.038,12.102,465.0,27.5
2923,STARLINK-33586,63073,STARLINK-37729,69653,2026-07-30 13:06:52,9.294,9.301,14.114,495.7,27.5
2924,STARLINK-6295,56554,TIANYI E,64052,2026-07-30 11:29:53,9.1298,9.588,13.866,490.9,27.5
2925,STARLINK-31960,59931,STARLINK-35836,66571,2026-07-30 12:44:46,0.7235,9.243,1.372,492.5,27.5
2926,STARLINK-36707,67706,KUIPER-00513,69598,2026-07-30 10:16:52,9.0112,9.011,13.685,466.2,27.5
2927,STARLINK-3752,52312,STARLINK-35304,66249,2026-07-30 20:35:52,8.0238,8.765,12.214,473.7,27.5
2928,STARLINK-30092,57467,STARLINK-33866,63653,2026-07-31 06:06:51,1.5607,5.04,2.615,491.8,27.5
2929,TIANMU-1 07,57399,STARLINK-31124,58674,2026-07-31 01:45:53,7.5345,8.325,11.487,481.7,27.5
2930,STARLINK-5973,56916,STARLINK-32935,63202,2026-07-30 19:17:56,0.7159,5.197,1.36,483.8,27.5
2931,STARLINK-30578,58093,FLOCK 4G-36,62675,2026-07-30 12:33:53,6.0221,6.388,9.24,492.7,27.5
2932,STARLINK-35194,65671,STARLINK-37463,68854,2026-07-30 19:56:50,2.1783,9.755,3.531,480.8,27.5
2933,STARLINK-3370,51127,STARLINK-32305,61523,2026-07-30 12:24:52,8.0149,8.13,12.198,475.6,27.5
2934,STARLINK-2427,47837,STARLINK-37725,69224,2026-07-30 14:18:52,6.0892,6.096,9.338,469.0,27.5
2935,STARLINK-31206,59028,STARLINK-36657,67835,2026-07-31 01:54:52,3.0503,5.378,4.825,484.4,27.5
2936,STARLINK-34284,64212,STARLINK-35894,66500,2026-07-30 18:49:53,7.4283,7.46,11.324,485.3,27.5
2937,LEMUR-2-TARTIFLETTE,66784,STARLINK-36106,67018,2026-07-30 09:52:52,9.9347,9.935,15.04,578.3,27.5
2938,STARLINK-30479,57898,STARLINK-34851,66447,2026-07-31 05:54:54,2.1673,5.148,3.512,492.3,27.5
2939,STARLINK-4260,52986,STARLINK-35679,66408,2026-07-30 21:27:52,6.2781,7.41,9.61,475.7,27.5
2940,STARLINK-31501,59359,STARLINK-35618,66423,2026-07-30 15:57:55,0.6793,3.406,1.304,484.1,27.4
2941,LEMUR-2-DEMBITZ,42842,STARLINK-32452,61961,2026-07-30 16:34:53,5.7857,9.927,8.873,489.1,27.4
2942,STARLINK-4186,52880,STARLINK-34878,65334,2026-07-31 07:12:53,8.0413,8.205,12.216,474.1,27.4
2943,STARLINK-34520,64486,STARLINK-36407,67612,2026-07-30 14:26:53,7.9802,9.202,12.121,477.7,27.4
2944,STARLINK-31950,59863,STARLINK-36528,67458,2026-07-31 05:55:53,3.9865,5.096,6.203,492.6,27.4
2945,STARLINK-36885,68049,STARLINK-37727,69481,2026-07-31 08:16:53,9.1323,9.399,13.826,464.8,27.4
2946,STARLINK-3902,52487,STARLINK-30078,56841,2026-07-30 14:55:52,7.2701,7.644,11.067,484.9,27.4
2947,STARLINK-32156,60278,STARLINK-36626,67603,2026-07-30 12:12:53,9.7093,9.809,14.679,475.7,27.4
2948,STARLINK-6350,57226,2024-153E,60749,2026-07-30 14:31:53,5.5765,7.024,8.557,494.5,27.4
2949,STARLINK-31114,58766,EDISON-1,62610,2026-07-31 00:05:52,9.0109,9.088,13.64,487.0,27.4
2950,STARLINK-31029,58712,STARLINK-37638,69144,2026-07-31 02:42:53,8.8042,9.139,13.329,470.7,27.4
2951,STARLINK-5789,56003,STARLINK-36494,67331,2026-07-30 20:15:53,4.9652,5.152,7.639,492.5,27.4
2952,STARLINK-35367,65883,STARLINK-37833,69332,2026-07-31 00:02:53,9.7858,9.817,14.763,472.5,27.4
2953,STARLINK-34264,64277,STARLINK-36946,68382,2026-07-31 00:36:52,9.7816,9.853,14.757,473.4,27.4
2954,STARLINK-31484,59005,STARLINK-34816,65467,2026-07-30 19:25:52,8.0657,9.283,12.216,480.7,27.4
2955,STARLINK-5418,54852,STARLINK-32677,63020,2026-07-30 18:01:53,6.5168,7.812,9.927,488.1,27.4
2956,STARLINK-32833,62873,STARLINK-37232,69515,2026-07-31 04:47:53,4.6506,5.392,7.165,462.4,27.4
2957,STARLINK-31093,58717,STARLINK-34897,65212,2026-07-31 03:31:51,5.1009,9.61,7.83,476.2,27.4
2958,STARLINK-35193,65889,STARLINK-36641,67589,2026-07-31 05:10:52,9.4849,9.949,14.296,472.7,27.4
2959,STARLINK-37334,68700,STARLINK-37266,68780,2026-07-31 03:56:52,9.6945,9.943,14.603,476.6,27.4
2960,STARLINK-31410,59179,STARLINK-33693,63409,2026-07-30 23:03:52,0.684,0.731,1.305,492.6,27.4
2961,STARLINK-30942,58441,STARLINK-36728,67927,2026-07-30 14:57:53,6.6964,7.425,10.178,490.9,27.4
2962,STARLINK-2570,48405,STARLINK-35468,66118,2026-07-31 08:05:52,4.4356,4.544,6.839,485.3,27.4
2963,STARLINK-34941,65210,STARLINK-37119,68210,2026-07-30 12:13:52,8.704,9.149,13.134,477.5,27.4
2964,STARLINK-35201,65664,STARLINK-36677,68178,2026-07-31 01:35:52,6.0964,9.879,9.283,476.8,27.3
2965,STARLINK-30598,58079,STARLINK-34142,63957,2026-07-30 12:47:54,5.1457,9.845,7.881,492.4,27.3
2966,STARLINK-35317,66184,STARLINK-37616,69040,2026-07-30 11:43:52,8.8683,9.872,13.369,465.2,27.3
2967,STARLINK-3794,52631,STARLINK-34716,65352,2026-07-31 03:11:53,6.9363,8.895,10.515,472.6,27.3
2968,STARLINK-4181,52882,JILIN GAOFEN OBJECT A,68691,2026-07-31 02:33:52,9.6687,9.669,14.525,544.4,27.3
2969,STARLINK-32339,61640,STARLINK-37729,69653,2026-07-30 21:48:53,9.5139,9.963,14.291,491.9,27.3
2970,ASTROCAST-0402,55109,STARLINK-30768,58120,2026-07-31 05:51:52,7.6955,7.921,11.612,481.1,27.3
2971,STARLINK-4261,52868,STARLINK-31471,59568,2026-07-31 00:17:53,7.5177,7.584,11.349,493.5,27.3
2972,STARLINK-3127,49450,STARLINK-37081,68229,2026-07-30 17:44:53,9.631,9.662,14.455,475.2,27.3
2973,STARLINK-35402,66079,STARLINK-35522,66341,2026-07-30 11:58:53,7.5167,7.889,11.346,486.8,27.3
2974,ONEWEB-0212,48791,ONEWEB-0442,51636,2026-07-30 19:26:53,7.7146,7.814,11.636,1196.1,27.3
2975,STARLINK-31788,60055,STARLINK-35597,66493,2026-07-31 03:22:53,6.7891,6.86,10.271,482.1,27.3
2976,STARLINK-2570,48405,STARLINK-35468,66118,2026-07-31 07:18:52,4.4633,4.572,6.851,472.7,27.3
2977,STARLINK-32626,62123,STARLINK-33703,63418,2026-07-31 05:46:55,1.5802,6.154,2.614,491.8,27.3
2978,STARLINK-3145,49455,STARLINK-3538,51996,2026-07-30 23:41:52,7.9763,8.054,12.006,469.9,27.3
2979,STARLINK-34211,64255,STARLINK-35939,66584,2026-07-31 05:21:53,2.1809,2.248,3.496,484.0,27.3
2980,STARLINK-3504,51881,STARLINK-3747,52306,2026-07-30 14:38:53,5.7949,7.019,8.801,473.6,27.3
2981,STARLINK-11116 [DTC],60045,STARLINK-11648 [DTC],63313,2026-07-31 00:32:52,7.4765,7.635,11.268,362.5,27.3
2982,STARLINK-3139,49425,STARLINK-36691,67735,2026-07-31 07:28:51,4.565,8.811,6.993,471.6,27.3
2983,STARLINK-31603,59201,STARLINK-31426,59249,2026-07-31 05:00:53,7.3667,8.672,11.103,487.8,27.3
2984,STARLINK-32441,61668,STARLINK-36800,67797,2026-07-30 09:00:53,8.3196,9.298,12.491,484.4,27.2
2985,STARLINK-3902,52487,STARLINK-31246,58835,2026-07-30 09:59:52,7.4733,7.495,11.247,487.4,27.2
2986,STARLINK-5755,55600,STARLINK-31786,59771,2026-07-30 21:42:52,7.5455,9.027,11.349,486.6,27.2
2987,STARLINK-1556,46033,STARLINK-34885,65328,2026-07-31 04:26:52,5.1317,5.447,7.805,483.2,27.2
2988,STARLINK-31786,59771,STARLINK-36072,66856,2026-07-30 15:24:52,7.545,9.005,11.337,485.8,27.2
2989,GAOFEN-12 02,48079,KUIPER-00055,64515,2026-07-31 01:16:53,5.2125,9.311,7.922,630.4,27.2
2990,STARLINK-5559,56335,KUIPER-00296,68595,2026-07-30 12:58:52,8.6608,9.939,12.963,534.0,27.2
2991,STARLINK-32917,62921,STARLINK-34102,63806,2026-07-31 05:52:54,2.4628,6.068,3.896,484.3,27.2
2992,STARLINK-2487,48144,STARLINK-37382,68851,2026-07-30 19:07:52,4.01,4.673,6.159,473.8,27.2
2993,STARLINK-3578,51868,STARLINK-30782,58137,2026-07-30 19:48:53,2.6476,4.26,4.162,484.0,27.2
2994,STARLINK-30600,58100,STARLINK-34290,64929,2026-07-30 10:49:53,8.1641,8.493,12.225,470.5,27.2
2995,STARLINK-31252,59083,SCS-01 D,63985,2026-07-31 05:30:53,9.3835,9.588,14.007,482.2,27.2
2996,LKW-3,43146,STARLINK-3556,51877,2026-07-30 22:21:52,5.604,5.929,8.48,460.9,27.2
2997,STARLINK-30427,57865,STARLINK-31427,59241,2026-07-30 18:14:52,6.5188,6.848,9.813,491.6,27.2
2998,STARLINK-3830,52363,STARLINK-36711,68040,2026-07-30 10:50:52,8.1439,9.375,12.185,468.0,27.2
2999,STARLINK-36238,68563,STARLINK-37517,69254,2026-07-30 14:55:51,1.2564,2.73,2.126,461.7,27.2
3000,GEOSCAN 3 (RS92S3),64893,STARLINK-37033,68959,2026-07-31 02:55:53,9.2327,9.245,13.769,459.9,27.2
3001,STARLINK-31324,58976,STARLINK-37619,69309,2026-07-30 14:34:52,8.5863,9.186,12.824,477.3,27.2
3002,STARLINK-33551,62110,STARLINK-34161,64017,2026-07-31 00:45:53,6.7204,7.155,10.099,490.9,27.2
3003,STARLINK-31563,59190,STARLINK-36851,67943,2026-07-31 07:13:53,5.1963,6.407,7.874,485.7,27.2
3004,STARLINK-5676,55464,STARLINK-32618,62045,2026-07-31 06:21:53,4.0008,4.38,6.128,492.4,27.2
3005,STARLINK-30426,57848,STARLINK-36339,67340,2026-07-30 18:55:53,7.4594,7.461,11.172,488.0,27.2
3006,STARLINK-34415,64618,STARLINK-37884,69655,2026-07-30 09:20:52,9.2851,9.456,13.833,477.2,27.2
3007,GLOBAL-32,64231,STARLINK-34390,64666,2026-07-30 21:21:53,7.8856,8.178,11.783,471.6,27.1
3008,STARLINK-2485,48142,STARLINK-32123,60284,2026-07-30 18:46:52,6.7663,7.117,10.142,469.7,27.1
3009,RESURS-P 4,59371,STARLINK-32371,60916,2026-07-31 06:40:53,9.9444,9.961,14.751,479.1,27.1
3010,STARLINK-35673,66492,KUIPER-00615,69774,2026-07-30 21:59:53,7.3793,7.465,11.021,483.9,27.1
3011,STARLINK-4021,53149,STARLINK-37258,68951,2026-07-30 21:50:52,5.228,7.699,7.892,476.4,27.1
3012,STARLINK-31135,58771,STARLINK-36335,68015,2026-07-31 06:11:53,7.7586,7.842,11.565,484.3,27.1
3013,STARLINK-4575,53565,STARLINK-36731,68964,2026-07-31 00:46:52,8.1665,8.202,12.156,471.1,27.1
3014,STARLINK-1470,45772,YAOGAN-35 05B,53761,2026-07-30 22:10:52,7.044,7.117,10.524,453.5,27.1
3015,STARLINK-35824,66370,STARLINK-36878,67899,2026-07-30 22:48:53,9.4459,9.539,14.011,465.1,27.1
3016,STARLINK-4553,53577,STARLINK-31627,59268,2026-07-31 05:26:52,6.6856,6.704,10.002,473.0,27.1
3017,STARLINK-36725,68285,KUIPER-00597,69282,2026-07-31 07:07:52,8.1232,9.333,12.088,466.1,27.1
3018,STARLINK-2658,48473,STARLINK-37401,68784,2026-07-31 02:52:53,3.7671,6.546,5.758,476.3,27.1
3019,STARLINK-3323,50804,STARLINK-33600,62772,2026-07-30 11:59:52,7.7597,8.015,11.549,478.4,27.1
3020,STARLINK-32528,61724,STARLINK-35187,65521,2026-07-30 14:17:52,8.9294,9.947,13.244,464.8,27.1
3021,STARLINK-30284,57877,HYPERFIELD-1A,60562,2026-07-30 18:37:52,9.0303,9.208,13.374,488.0,27.0
3022,STARLINK-36948,68209,STARLINK-37282,69190,2026-07-31 00:29:53,7.614,8.879,11.321,477.8,27.0
3023,SAUDISAT 3,31118,KINEIS-3C,61220,2026-07-30 14:07:53,9.4482,9.551,13.978,649.8,27.0
3024,STARLINK-35119,65508,STARLINK-37518,69259,2026-07-30 16:03:53,4.7643,6.846,7.19,462.1,27.0
3025,STARLINK-31007,58889,STARLINK-37395,69148,2026-07-30 16:04:52,4.5426,4.543,6.864,462.1,27.0
3026,STARLINK-2377,47797,STARLINK-31055,58539,2026-07-31 08:19:53,8.1778,8.303,12.125,476.2,27.0
3027,STARLINK-2411,47826,STARLINK-32006,60029,2026-07-30 19:02:52,8.1979,9.673,12.153,482.1,27.0
3028,STARLINK-5515,56884,STARLINK-34082,64100,2026-07-31 04:38:52,5.1931,5.611,7.803,490.1,27.0
3029,STARLINK-6172,57130,STARLINK-33627,63068,2026-07-31 04:59:53,6.4247,8.466,9.585,487.3,27.0
3030,STARLINK-6132,57101,TRANSPORTER-14 OBJECT E,64532,2026-07-30 13:27:53,9.0891,9.158,13.438,496.8,27.0
3031,STARLINK-32206,60273,STARLINK-36928,68020,2026-07-30 21:16:53,5.5623,6.145,8.336,465.5,27.0
3032,STARLINK-37486,69264,STARLINK-37732,69307,2026-07-30 23:24:53,9.8407,9.899,14.524,467.6,27.0
3033,STARLINK-30166,57602,STARLINK-35437,66563,2026-07-31 00:35:52,5.0762,5.502,7.631,492.1,27.0
3034,STARLINK-3522,51725,GEOSCAN 1 (RS92S1),64880,2026-07-30 20:19:53,9.3816,9.426,13.853,472.7,27.0
3035,STARLINK-6267,56400,STARLINK-33841,63771,2026-07-31 00:12:53,6.6055,9.923,9.837,488.2,27.0
3036,STARLINK-31240,59041,STARLINK-33925,63793,2026-07-30 22:14:56,1.5701,9.315,2.558,492.8,27.0
3037,STARLINK-4709,53778,STARLINK-35427,66110,2026-07-30 15:01:53,8.207,9.838,12.139,479.5,27.0
3038,STARLINK-35295,66070,STARLINK-36368,67887,2026-07-30 17:07:53,9.8529,9.978,14.51,474.0,27.0
3039,STARLINK-31497,60592,STARLINK-34255,65417,2026-07-31 02:01:51,4.807,9.726,7.227,462.8,27.0
3040,STARLINK-30542,58041,STARLINK-36850,68119,2026-07-30 21:54:53,4.8757,6.138,7.324,466.6,27.0
3041,STARLINK-6188,56376,STARLINK-31348,59172,2026-07-31 02:07:52,6.5202,6.967,9.696,487.5,27.0
3042,STARLINK-3202,49742,STARLINK-37395,69148,2026-07-30 15:04:52,5.4416,7.358,8.137,474.0,27.0
3043,STARLINK-3295,50840,STARLINK-32224,60941,2026-07-30 22:09:53,4.5251,7.14,6.813,476.5,26.9
3044,STARLINK-32482,62141,STARLINK-32961,63122,2026-07-30 09:01:52,6.6869,6.687,9.927,488.4,26.9
3045,STARLINK-5336,57138,STARLINK-36223,67126,2026-07-30 14:55:53,5.0943,6.885,7.631,485.2,26.9
3046,STARLINK-1566,46079,FLOCK 4G-15,62678,2026-07-31 00:02:53,9.5074,9.624,13.989,475.1,26.9
3047,STARLINK-31490,59222,STARLINK-32904,63198,2026-07-30 19:24:53,7.3405,7.365,10.865,483.7,26.9
3048,STARLINK-30434,57875,STARLINK-35322,66332,2026-07-31 02:51:52,4.0969,5.266,6.19,492.3,26.9
3049,STARLINK-32572,61952,KUIPER-00598,69768,2026-07-31 05:55:53,5.8385,6.285,8.699,464.6,26.9
3050,STARLINK-30802,58150,STARLINK-36635,67601,2026-07-31 08:18:52,3.7997,4.508,5.761,476.3,26.9
3051,STARLINK-31949,59891,STARLINK-31981,60035,2026-07-30 12:32:52,5.5794,8.656,8.322,490.0,26.9
3052,STARLINK-6321,57340,STARLINK-33655,63424,2026-07-30 16:57:52,6.702,6.739,9.936,488.1,26.9
3053,STARLINK-32211,60270,YAOGAN-43 01G,60464,2026-07-31 05:18:52,6.3557,7.71,9.437,476.7,26.9
3054,STARLINK-30354,57772,STARLINK-32102,59699,2026-07-30 21:54:53,6.549,7.108,9.712,487.1,26.9
3055,STARLINK-31321,58887,STARLINK-36930,68018,2026-07-30 10:30:52,9.5974,9.657,14.097,465.8,26.9
3056,STARLINK-30820,58190,STARLINK-36951,67990,2026-07-30 21:23:52,5.0821,8.846,7.6,492.5,26.9
3057,QPS-SAR-11 (YAMATSUMI-I),64340,STARLINK-34775,64934,2026-07-31 04:08:53,8.8173,9.019,12.974,555.9,26.9
3058,STARLINK-34776,65037,STARLINK-36164,67127,2026-07-30 10:22:53,5.4724,5.626,8.161,489.7,26.9
3059,STARLINK-2123,47401,STARLINK-37727,69481,2026-07-30 08:46:53,9.5366,9.957,14.008,469.5,26.9
3060,STARLINK-33681,63438,STARLINK-37804,69302,2026-07-31 00:50:53,5.3894,8.039,8.04,466.2,26.9
3061,STARLINK-2034,47352,STARLINK-37012,68221,2026-07-30 09:20:52,4.2026,4.952,6.332,473.1,26.9
3062,STARLINK-3558,52119,STARLINK-33780,63459,2026-07-30 23:39:50,2.854,9.607,4.392,473.6,26.9
3063,STARLINK-32360,61007,STARLINK-37795,69311,2026-07-30 23:29:53,9.406,9.663,13.799,477.9,26.9
3064,STARLINK-6134,57110,STARLINK-33898,64002,2026-07-31 07:17:53,4.3006,6.032,6.465,485.0,26.9
3065,STARLINK-3314,50851,STARLINK-37262,68508,2026-07-31 04:24:54,5.0118,9.081,7.486,464.0,26.9
3066,STARLINK-2034,47352,STARLINK-3958,52535,2026-07-30 21:45:53,6.1517,7.671,9.119,468.8,26.9
3067,STARLINK-34221,64453,STARLINK-37934,69567,2026-07-31 05:11:52,8.1659,8.218,12.002,464.6,26.9
3068,STARLINK-2105,47385,STARLINK-2763,48670,2026-07-31 06:26:52,4.5104,4.542,6.757,469.9,26.9
3069,STARLINK-30981,58494,STARLINK-33954,63863,2026-07-30 19:58:55,0.7323,3.392,1.336,492.1,26.8
3070,STARLINK-30773,58161,STARLINK-32163,60262,2026-07-31 08:15:52,8.2838,8.306,12.154,479.7,26.8
3071,STARLINK-31663,59576,STARLINK-35611,66427,2026-07-30 15:50:52,5.1536,5.254,7.67,485.2,26.8
3072,STARLINK-30158,57438,STARLINK-31337,58934,2026-07-30 13:06:52,7.6767,9.531,11.284,487.5,26.8
3073,STARLINK-3626,51792,STARLINK-32511,61727,2026-07-30 11:53:52,6.0306,6.044,8.925,476.2,26.8
3074,EDISON-1,62610,STARLINK-35465,65871,2026-07-30 23:19:52,5.6869,5.69,8.432,465.2,26.8
3075,STARLINK-5051,53916,ION SCV-017,63230,2026-07-30 18:13:52,8.1806,9.05,12.002,483.1,26.8
3076,STARLINK-33574,62774,STARLINK-37930,69668,2026-07-31 01:02:52,8.8772,9.61,12.999,465.1,26.8
3077,STARLINK-3688,52310,STARLINK-35125,65534,2026-07-30 15:16:52,8.8604,9.785,12.972,468.7,26.8
3078,STARLINK-6077,56097,STARLINK-36534,67496,2026-07-30 22:35:53,6.9556,7.318,10.244,488.9,26.8
3079,STARLINK-30888,58370,STARLINK-36888,68004,2026-07-30 14:22:51,3.3781,8.296,5.122,484.6,26.8
3080,TRANSPORTER-11 OBJECT A,60468,STARLINK-32813,62869,2026-07-31 05:10:52,8.5903,8.786,12.58,463.1,26.8
3081,STARLINK-31435,59004,STARLINK-37403,68788,2026-07-30 14:17:53,8.7135,8.83,12.754,470.5,26.8
3082,STARLINK-35031,65404,STARLINK-36720,67655,2026-07-30 10:03:52,5.6629,9.86,8.387,465.5,26.8
3083,STARLINK-34525,64678,STARLINK-36737,67740,2026-07-30 22:15:52,7.3107,8.943,10.741,477.5,26.8
3084,STARLINK-4591,53607,2023-072F,56748,2026-07-30 10:58:53,8.0861,8.205,11.846,478.2,26.8
3085,YAOGAN-42 01,59395,PELICAN-9,69019,2026-07-31 03:51:53,8.0749,9.529,11.83,498.6,26.8
3086,STARLINK-34520,64486,STARLINK-37778,69352,2026-07-31 05:59:52,6.7091,8.381,9.871,477.5,26.8
3087,STARLINK-35441,65869,STARLINK-37277,68751,2026-07-31 03:05:52,7.6026,8.428,11.145,464.2,26.8
3088,STARLINK-33757,63720,STARLINK-34025,63824,2026-07-30 14:59:52,7.7159,9.699,11.304,487.4,26.8
3089,STARLINK-2502,48327,STARLINK-31346,58943,2026-07-31 00:44:52,8.1176,8.137,11.873,478.4,26.8
3090,STARLINK-34827,65038,STARLINK-36329,67739,2026-07-30 15:12:53,7.3264,7.377,10.743,464.1,26.8
3091,STARLINK-35980,66600,STARLINK-36038,66804,2026-07-31 04:12:54,3.3192,9.29,5.023,484.6,26.8
3092,STARLINK-3602,51791,SCS-01 M,63993,2026-07-31 04:35:52,9.3676,9.701,13.654,460.6,26.8
3093,STARLINK-11463 [DTC],62066,STARLINK-11552 [DTC],62907,2026-07-30 17:52:53,6.7464,7.093,9.912,366.1,26.8
3094,STARLINK-6171,56883,STARLINK-32497,62161,2026-07-31 07:19:54,4.3154,7.855,6.442,484.8,26.8
3095,STARLINK-37159,68284,STARLINK-37780,69340,2026-07-31 04:46:52,9.3442,9.92,13.615,464.2,26.8
3096,STARLINK-2217,48568,STARLINK-36732,67813,2026-07-30 16:25:52,9.6971,9.722,14.116,470.1,26.8
3097,STARLINK-30268,57531,NESS,58020,2026-07-31 02:22:52,5.1061,5.146,7.567,489.6,26.8
3098,STARLINK-31521,59015,GEOSCAN 2 (RS92S2),64890,2026-07-30 23:53:53,5.4034,9.521,7.991,488.1,26.8
3099,STARLINK-30782,58137,STARLINK-34765,66506,2026-07-31 04:57:52,6.7002,7.156,9.839,488.1,26.7
3100,STARLINK-4256,52994,STARLINK-5025,53920,2026-07-30 11:53:53,7.758,8.031,11.344,477.4,26.7
3101,STARLINK-34926,65194,STARLINK-34839,65703,2026-07-31 04:05:52,5.1633,9.115,7.645,469.7,26.7
3102,STARLINK-35129,66077,STARLINK-37493,68910,2026-07-30 14:05:53,8.4264,8.674,12.296,464.2,26.7
3103,STARLINK-1552,46076,STARLINK-35623,66138,2026-07-30 19:48:52,4.0939,5.779,6.12,485.4,26.7
3104,LEMUR-2-FURIAUS,42840,STARLINK-36876,67902,2026-07-30 22:04:52,8.7079,9.084,12.694,481.1,26.7
3105,STARLINK-3516,51739,STARLINK-37022,68101,2026-07-31 06:09:52,9.6827,9.732,14.08,476.0,26.7
3106,STARLINK-4169,53280,STARLINK-33910,63916,2026-07-31 02:02:53,6.8934,9.134,10.105,489.7,26.7
3107,STARLINK-3460,51755,STARLINK-34949,65175,2026-07-30 15:39:52,5.9795,9.323,8.802,477.6,26.7
3108,HAWK-7C,56200,STARLINK-30574,58094,2026-07-30 15:30:52,8.3732,8.389,12.211,494.1,26.7
3109,STARLINK-31490,59222,STARLINK-31835,59772,2026-07-30 23:35:53,7.5684,7.59,11.063,475.9,26.7
3110,STARLINK-32645,62321,STARLINK-35067,65527,2026-07-30 17:10:53,5.1381,8.609,7.599,466.5,26.7
3111,STARLINK-31446,59315,STARLINK-32725,62505,2026-07-31 02:37:52,3.347,3.57,5.049,492.3,26.7
3112,STARLINK-31236,58841,STARLINK-36713,67701,2026-07-30 15:14:52,6.1714,9.089,9.068,465.4,26.7
3113,STARLINK-32171,60332,STARLINK-37445,69165,2026-07-30 14:44:53,8.388,8.51,12.219,474.3,26.7
3114,STARLINK-3185,51144,STARLINK-34538,64689,2026-07-30 09:39:53,8.3527,8.47,12.167,473.5,26.7
3115,STARLINK-31838,60130,STARLINK-36672,68674,2026-07-30 22:05:53,3.8321,4.003,5.735,478.0,26.7
3116,STARLINK-35037,65483,STARLINK-36620,67654,2026-07-30 22:10:52,6.4141,7.025,9.404,478.0,26.7
3117,STARLINK-31244,58856,STARLINK-35437,66563,2026-07-31 05:44:52,5.3297,5.647,7.862,485.4,26.7
3118,STARLINK-3324,50814,STARLINK-34156,64108,2026-07-30 10:02:52,8.3039,8.759,12.09,480.0,26.7
3119,STARLINK-1552,46076,STARLINK-31311,58948,2026-07-31 07:20:52,8.1615,8.27,11.875,478.1,26.7
3120,STARLINK-3285,50181,STARLINK-34386,66096,2026-07-31 01:21:52,8.3219,9.918,12.096,479.1,26.7
3121,STARLINK-32345,60920,STARLINK-36217,67120,2026-07-30 11:27:53,6.0412,6.466,8.858,489.8,26.7
3122,STARLINK-5382,54820,STARLINK-31812,59800,2026-07-31 06:49:52,4.1709,4.179,6.201,485.1,26.7
3123,STARLINK-36243,67077,KUIPER-00572,69272,2026-07-31 01:30:52,9.0964,9.448,13.186,577.9,26.7
3124,STARLINK-2743,48682,STARLINK-35566,66061,2026-07-31 05:54:53,8.4146,9.033,12.215,480.9,26.6
3125,STARLINK-34953,65240,STARLINK-35681,66395,2026-07-30 18:45:54,4.1535,9.106,6.173,469.4,26.6
3126,STARLINK-30861,58230,STARLINK-37245,68547,2026-07-31 04:29:52,7.3396,9.7,10.691,465.5,26.6
3127,STARLINK-35256,66011,KUIPER-00440,68942,2026-07-31 07:15:53,4.0696,4.071,6.051,476.3,26.6
3128,SAUDISAT 5A,43831,STARLINK-31305,59232,2026-07-31 06:56:52,9.4411,9.872,13.659,490.5,26.6
3129,STARLINK-35811,66596,STARLINK-36464,67428,2026-07-30 20:43:53,7.1505,7.151,10.402,492.0,26.6
3130,STARLINK-30909,58363,STARLINK-36968,67995,2026-07-30 10:09:51,3.3719,7.202,5.054,483.9,26.6
3131,STARLINK-31710,59378,STARLINK-34721,65039,2026-07-31 02:06:54,2.7435,7.203,4.163,476.6,26.6
3132,STARLINK-31430,59375,STARLINK-32719,62448,2026-07-30 23:30:53,5.2336,5.414,7.679,475.3,26.6
3133,STARLINK-4103,53141,STARLINK-35664,66223,2026-07-30 19:07:55,2.7457,8.828,4.163,473.7,26.6
3134,STARLINK-31799,59652,STARLINK-35978,66601,2026-07-31 05:56:53,4.177,6.506,6.185,492.2,26.6
3135,STARLINK-30078,56841,STARLINK-34460,66099,2026-07-31 00:27:52,7.816,8.029,11.327,487.2,26.6
3136,STARLINK-6183,56905,STARLINK-32536,61925,2026-07-31 03:48:53,6.8192,7.215,9.917,487.4,26.6
3137,STARLINK-5443,54781,STARLINK-34565,64686,2026-07-31 03:14:52,5.2614,7.595,7.714,462.1,26.6
3138,STARLINK-5246,54198,STARLINK-36734,67988,2026-07-31 05:25:53,6.3703,7.074,9.279,492.5,26.6
3139,STARLINK-34862,65180,STARLINK-37052,68179,2026-07-30 18:13:53,9.1606,9.82,13.216,464.0,26.6
3140,STARLINK-32653,62199,STARLINK-35962,66518,2026-07-31 08:23:55,0.7227,3.309,1.303,492.4,26.6
3141,FOX-1CLIFF (AO-95),43770,STARLINK-5396,54867,2026-07-31 02:26:52,8.9229,9.005,12.875,496.9,26.6
3142,STARLINK-32184,60942,STARLINK-37429,69523,2026-07-31 02:40:54,4.8856,8.972,7.176,462.7,26.6
3143,STARLINK-3586,51795,STARLINK-33598,62771,2026-07-30 20:29:51,3.1508,5.974,4.726,475.4,26.6
3144,STARLINK-32005,60034,STARLINK-35359,65670,2026-07-30 12:19:53,9.0879,9.097,13.098,484.0,26.6
3145,STARLINK-32352,61847,STARLINK-32770,62741,2026-07-30 15:18:53,4.1609,7.158,6.148,492.5,26.5
3146,STARLINK-35144,65538,STARLINK-36089,66947,2026-07-30 09:25:53,9.6012,9.968,13.816,465.3,26.5
3147,STARLINK-33727,63719,STARLINK-37175,68401,2026-07-30 21:47:52,7.3282,7.493,10.611,477.5,26.5
3148,STARLINK-2604,48374,STARLINK-33583,63503,2026-07-30 18:42:53,8.1354,8.515,11.747,471.6,26.5
3149,STARLINK-2706,48481,STARLINK-34179,64103,2026-07-30 23:47:52,8.3988,8.418,12.118,479.0,26.5
3150,STARLINK-32045,60106,STARLINK-37607,69514,2026-07-30 16:59:52,1.3351,1.354,2.163,475.2,26.5
3151,STARLINK-5276,55399,AE3VA,64563,2026-07-30 12:19:53,8.0321,8.088,11.6,587.6,26.5
3152,STARLINK-5948,55991,STARLINK-33744,63471,2026-07-31 05:47:52,7.029,8.937,10.183,488.6,26.5
3153,STARLINK-6089,56096,STARLINK-35879,66960,2026-07-30 18:19:53,6.6972,9.615,9.713,487.6,26.5
3154,STARLINK-34217,64488,STARLINK-37571,69043,2026-07-31 01:41:52,8.4475,9.414,12.171,464.3,26.5
3155,MESON-1,59131,STARLINK-35694,66389,2026-07-30 16:06:53,7.1706,7.193,10.373,464.8,26.5
3156,POLYTECH-UNIVERSE 3 (R*),57191,TRANSPORTER-16 OBJECT A,68416,2026-07-30 15:52:53,7.9673,8.0,11.491,520.3,26.5
3157,STARLINK-31976,59887,STARLINK-36517,67454,2026-07-30 18:15:53,4.3587,4.374,6.412,491.9,26.5
3158,PELICAN-1,58296,STARLINK-11552 [DTC],62907,2026-07-31 04:47:53,8.7944,8.807,12.65,364.5,26.5
3159,LEMUR-2-LIA-MARTIN,63248,STARLINK-35837,66840,2026-07-31 06:35:52,9.6098,9.864,13.785,586.7,26.5
3160,STARLINK-32457,61717,2024-203B,61870,2026-07-31 02:47:52,9.4176,9.63,13.509,479.2,26.5
3161,ASTROCAST-0404,55112,STARLINK-34133,64143,2026-07-30 22:56:53,5.7069,8.8,8.297,483.4,26.5
3162,STARLINK-6173,56385,STARLINK-33630,63477,2026-07-30 21:42:53,3.4023,3.405,5.06,492.8,26.5
3163,STARLINK-4658,53612,STARLINK-31745,60329,2026-07-30 15:45:52,8.4967,8.525,12.214,483.2,26.5
3164,STARLINK-3513,51756,STARLINK-30605,58101,2026-07-31 00:31:53,8.3896,8.407,12.063,473.7,26.5
3165,STARLINK-31277,59651,STARLINK-36038,66804,2026-07-31 01:12:49,1.4497,8.423,2.317,484.5,26.5
3166,STARLINK-30318,57711,STARLINK-34092,63904,2026-07-30 19:48:54,3.4428,8.133,5.116,484.7,26.5
3167,STARLINK-5425,54791,STARLINK-36303,68969,2026-07-30 12:41:52,8.0814,9.849,11.629,468.5,26.5
3168,STARLINK-4674,53591,STARLINK-37459,68814,2026-07-31 04:27:52,8.3993,8.713,12.064,462.5,26.5
3169,STARLINK-2726,48662,SITRO-AIS 8 (ANOKHIN),57193,2026-07-31 00:49:53,8.7295,9.932,12.524,470.8,26.5
3170,TEVEL2-7,63238,STARLINK-37767,69245,2026-07-30 16:48:52,6.772,6.831,9.776,465.6,26.5
3171,STARLINK-3226,49740,STARLINK-30887,58394,2026-07-30 10:05:53,8.462,8.721,12.142,473.1,26.4
3172,STARLINK-30710,57938,STARLINK-37319,68706,2026-07-30 13:58:51,1.3501,3.798,2.173,461.7,26.4
3173,SCS-01 G,63988,STARLINK-34050,64331,2026-07-31 04:28:53,8.4628,9.72,12.14,481.5,26.4
3174,STARLINK-3860,52477,STARLINK-6353,57056,2026-07-30 13:34:52,6.1568,6.161,8.908,482.5,26.4
3175,STARLINK-4493,53533,STARLINK-31443,59393,2026-07-30 20:14:53,8.1658,8.306,11.719,471.2,26.4
3176,ZHUHAI-1 OVS-02,43440,STARLINK-33699,63328,2026-07-30 21:11:52,6.8334,6.989,9.851,487.4,26.4
3177,STARLINK-3969,52551,STARLINK-36559,67555,2026-07-30 13:04:52,8.6072,8.933,12.336,465.6,26.4
3178,STARLINK-30341,57714,STARLINK-32549,62118,2026-07-31 07:53:58,0.7435,6.729,1.321,492.2,26.4
3179,2022-023F,51951,STARLINK-33738,63889,2026-07-31 07:17:53,7.8737,7.972,11.302,576.0,26.4
3180,REAL,64875,STARLINK-37869,69483,2026-07-30 21:21:51,4.1019,9.922,6.021,462.5,26.4
3181,STARLINK-37196,69163,STARLINK-37851,69658,2026-07-30 14:34:53,5.7431,9.924,8.316,477.5,26.4
3182,STARLINK-4612,53750,STARLINK-36357,67963,2026-07-30 08:57:52,9.0244,9.101,12.906,476.3,26.4
3183,STARLINK-4600,53628,STARLINK-31887,59839,2026-07-31 08:12:52,6.9581,7.868,10.012,493.6,26.4
3184,STARLINK-32211,60270,STARLINK-37726,69124,2026-07-31 07:30:52,5.9691,5.995,8.626,465.6,26.4
3185,STARLINK-2738,48668,STARLINK-36373,68039,2026-07-30 16:23:53,3.8997,4.354,5.732,477.3,26.4
3186,STARLINK-3672,51974,STARLINK-35342,66181,2026-07-30 10:15:53,8.2783,8.466,11.849,477.1,26.4
3187,STARLINK-4129,53251,STARLINK-31439,59178,2026-07-31 03:39:53,5.7918,6.371,8.372,491.1,26.4
3188,STARLINK-6348,57360,STARLINK-33604,63070,2026-07-31 06:59:52,5.2436,6.755,7.605,485.4,26.4
3189,STARLINK-34926,65194,STARLINK-34839,65703,2026-07-31 05:39:53,5.2936,6.553,7.672,469.6,26.4
3190,ICEYE-X7,46496,STARLINK-31099,58781,2026-07-30 19:34:52,8.8287,9.342,12.607,485.7,26.4
3191,STARLINK-34025,63824,STARLINK-34129,64138,2026-07-30 22:14:53,5.2592,7.742,7.619,485.2,26.4
3192,STARLINK-32026,60098,STARLINK-35586,66159,2026-07-31 05:57:52,1.6511,2.951,2.583,475.3,26.4
3193,STARLINK-31249,58838,STARLINK-32326,61674,2026-07-30 08:42:53,7.1434,7.679,10.247,480.1,26.4
3194,STARLINK-30848,58240,STARLINK-32915,63152,2026-07-30 14:30:53,5.4198,7.959,7.841,492.3,26.4
3195,STARLINK-37175,68401,STARLINK-37230,68730,2026-07-31 04:58:53,6.876,6.909,9.871,463.9,26.4
3196,STARLINK-34513,64609,STARLINK-36397,67538,2026-07-30 18:52:52,6.6415,6.757,9.544,464.9,26.4
3197,GHGSAT-C12,64529,FLOCK 4H-27,66730,2026-07-31 00:44:53,3.635,5.979,5.349,501.5,26.4
3198,STARLINK-5636,55454,STARLINK-34134,63899,2026-07-30 21:30:53,7.0454,7.67,10.106,488.2,26.4
3199,STARLINK-3881,52472,HAWK-7C,56200,2026-07-30 10:26:52,5.0941,7.476,7.382,484.9,26.4
3200,STARLINK-34002,63856,ZORKIY-2M-VPE,67252,2026-07-30 14:14:52,6.7493,7.386,9.687,487.7,26.3
3201,STARLINK-3098,49442,STARLINK-37471,68802,2026-07-30 19:01:53,9.8171,9.848,13.96,477.3,26.3
3202,TEVEL2-9,63237,STARLINK-37419,69197,2026-07-31 00:14:53,8.9053,9.256,12.686,479.2,26.3
3203,STARLINK-31484,59005,STARLINK-34816,65467,2026-07-30 17:04:52,8.573,9.478,12.216,480.7,26.3
3204,STARLINK-5447,54779,STARLINK-32879,62957,2026-07-31 03:44:52,8.5669,8.709,12.206,475.1,26.3
3205,STARLINK-1558,46035,STARLINK-35103,65633,2026-07-30 16:44:52,8.5776,8.582,12.219,474.7,26.3
3206,STARLINK-3297,50159,STARLINK-35658,66126,2026-07-30 08:42:52,7.3867,7.516,10.56,475.4,26.3
3207,STARLINK-31568,59412,STARLINK-33805,63590,2026-07-30 22:12:52,5.2767,6.033,7.621,492.6,26.3
3208,STARLINK-37441,68858,STARLINK-36765,68962,2026-07-31 06:01:53,7.8107,8.793,11.146,464.1,26.3
3209,STARLINK-30590,58090,UMBRA-11,66748,2026-07-31 03:19:52,6.7545,7.164,9.673,494.7,26.3
3210,FLOCK 4BE-27,60513,STARLINK-37767,69245,2026-07-30 20:00:52,8.4312,9.314,12.005,461.6,26.3
3211,STARLINK-4114,53162,STARLINK-31999,60101,2026-07-30 14:17:53,8.2281,8.262,11.72,471.2,26.3
3212,STARLINK-31346,58943,STARLINK-34173,64196,2026-07-30 19:13:53,8.1252,9.5,11.575,483.6,26.3
3213,STARLINK-30361,57743,STARLINK-32687,63565,2026-07-31 05:42:52,5.4624,5.527,7.873,492.0,26.3
3214,STARLINK-5089,56148,STARLINK-32185,60341,2026-07-30 14:59:53,6.4501,8.061,9.246,489.9,26.3
3215,STARLINK-34751,65338,STARLINK-36407,67612,2026-07-30 11:55:51,4.0764,9.491,5.943,474.6,26.3
3216,STARLINK-2355,47895,STARLINK-30564,58043,2026-07-30 10:09:53,8.5679,8.636,12.185,475.5,26.3
3217,STARLINK-33741,63365,STARLINK-36835,67863,2026-07-30 19:01:53,8.4077,8.436,11.961,469.3,26.3
3218,STARLINK-4169,53280,STARLINK-31599,59327,2026-07-30 18:13:53,6.6727,9.829,9.55,490.7,26.3
3219,STARLINK-6172,57130,STARLINK-36527,67631,2026-07-30 20:20:52,6.8662,9.649,9.809,491.2,26.3
3220,STARLINK-30806,58180,2024-203A,61869,2026-07-31 02:32:52,9.3486,9.858,13.237,465.0,26.3
3221,STARLINK-6290,57328,STARLINK-35608,66508,2026-07-30 10:36:53,5.4913,6.826,7.888,492.6,26.2
3222,STARLINK-6203,56899,STARLINK-36438,67625,2026-07-30 22:25:54,3.4583,9.242,5.07,492.4,26.2
3223,STARLINK-37093,68194,STARLINK-36999,68268,2026-07-31 01:37:52,3.6398,3.64,5.322,475.2,26.2
3224,STARLINK-3544,51803,STARLINK-37097,68238,2026-07-31 05:30:53,5.2486,5.25,7.551,474.6,26.2
3225,STARLINK-31439,59178,STARLINK-35283,66478,2026-07-30 17:16:52,7.1004,7.967,10.116,488.4,26.2
3226,STARLINK-35252,65850,STARLINK-36752,67724,2026-07-31 07:50:52,9.4041,9.407,13.305,464.9,26.2
3227,STARLINK-4487,53531,STARLINK-36110,66945,2026-07-30 11:05:52,6.4124,6.58,9.156,468.2,26.2
3228,MUSAT-3ALPHA,64573,STARLINK-34919,65802,2026-07-31 05:50:52,8.4212,9.418,11.935,568.9,26.2
3229,ONEWEB-0223,48768,ONEWEB-0295,49084,2026-07-30 15:23:53,8.2074,8.302,11.636,1195.8,26.2
3230,STARLINK-37082,68182,STARLINK-37503,69262,2026-07-30 11:53:53,5.234,8.618,7.52,474.5,26.2
3231,STARLINK-32144,60269,LIZZIESAT-2 (LS-2),62383,2026-07-31 06:26:52,3.6899,5.824,5.383,473.0,26.2
3232,STARLINK-35422,66068,STARLINK-36247,68245,2026-07-30 17:38:51,3.1469,6.018,4.63,475.1,26.2
3233,STARLINK-32732,62488,STARLINK-34508,64601,2026-07-30 16:13:53,7.9804,8.626,11.314,485.5,26.2
3234,STARLINK-4049,52840,STARLINK-30321,57679,2026-07-30 19:18:52,8.6422,9.647,12.229,472.0,26.2
3235,STARLINK-30907,58352,2025-313A,67248,2026-07-31 00:12:53,4.9757,8.402,7.155,489.1,26.2
3236,STARLINK-3790,52274,STARLINK-3974,52634,2026-07-30 08:51:53,8.5392,8.604,12.079,480.4,26.2
3237,STARLINK-2616,48695,STARLINK-36900,67973,2026-07-31 03:33:53,7.9548,9.097,11.271,468.0,26.2
3238,STARLINK-2415,47828,STARLINK-35308,65848,2026-07-31 06:17:52,8.5969,8.597,12.159,472.9,26.2
3239,STARLINK-32869,62859,STARLINK-37557,69231,2026-07-30 21:13:53,5.4492,8.55,7.807,466.6,26.2
3240,STARLINK-6351,57240,STARLINK-32537,61923,2026-07-31 02:48:52,5.296,5.477,7.595,492.6,26.2
3241,STARLINK-31857,59843,STARLINK-32545,62135,2026-07-30 13:57:52,6.8189,8.282,9.698,487.6,26.2
3242,STARLINK-30391,57817,STARLINK-34121,63961,2026-07-30 22:08:53,3.4631,3.756,5.059,492.0,26.2
3243,STARLINK-30122,56688,BOTSAT-1,63216,2026-07-31 04:09:52,7.6069,7.607,10.778,494.1,26.2
3244,STARLINK-2701,48656,STARLINK-34965,65186,2026-07-31 06:37:53,7.5746,8.278,10.732,468.6,26.2
3245,STARLINK-5386,54834,STARLINK-34562,64725,2026-07-30 17:21:52,8.0056,8.872,11.327,485.8,26.2
3246,STARLINK-2046,47354,STARLINK-30600,58100,2026-07-30 09:23:53,8.1504,9.195,11.525,470.4,26.2
3247,STARLINK-32236,60418,STARLINK-36802,67985,2026-07-31 07:03:53,6.8556,7.369,9.737,478.2,26.2
3248,STARLINK-3598,51897,STARLINK-34402,64446,2026-07-31 04:47:52,5.1342,5.275,7.359,462.7,26.2
3249,STARLINK-35227,65654,STARLINK-37071,68190,2026-07-30 20:49:52,6.6279,6.673,9.42,464.7,26.2
3250,STARLINK-5777,56027,STARLINK-32618,62045,2026-07-30 23:28:52,7.06,9.047,10.014,487.9,26.2
3251,STARLINK-33748,63383,STARLINK-37315,68816,2026-07-31 00:02:52,6.1281,8.013,8.728,465.4,26.2
3252,STARLINK-2188,48563,STARLINK-32036,60141,2026-07-30 19:54:53,8.6039,8.604,12.143,476.0,26.2
3253,STARLINK-31325,59165,STARLINK-32458,61962,2026-07-30 20:26:54,3.4885,7.665,5.086,492.3,26.2
3254,STARLINK-30353,58113,STARLINK-34127,63810,2026-07-31 01:26:52,7.467,7.517,10.572,488.9,26.2
3255,STARLINK-34256,64249,STARLINK-36139,66966,2026-07-30 13:28:53,4.4635,7.462,6.428,492.2,26.2
3256,STARLINK-31472,59730,STARLINK-33644,63414,2026-07-30 12:16:53,4.4375,4.997,6.392,482.4,26.1
3257,STARLINK-31719,59495,STARLINK-35865,67826,2026-07-30 16:57:51,4.2904,7.65,6.189,484.1,26.1
3258,STARLINK-5078,54857,STARLINK-31859,59848,2026-07-31 00:37:53,7.0167,7.067,9.946,489.0,26.1
3259,STARLINK-30766,58125,STARLINK-35810,66575,2026-07-30 18:06:53,6.9427,7.151,9.843,488.4,26.1
3260,STARLINK-35509,66199,STARLINK-36619,67645,2026-07-30 15:25:53,6.6102,8.571,9.383,489.1,26.1
3261,STARLINK-6315,57236,STARLINK-36431,67421,2026-07-31 04:20:53,6.9352,6.959,9.831,487.5,26.1
3262,STARLINK-32371,60916,STARLINK-37287,68684,2026-07-31 06:16:52,8.7482,8.817,12.328,468.4,26.1
3263,STARLINK-5013,55492,STARLINK-30515,57983,2026-07-30 16:49:59,0.7361,8.943,1.29,484.4,26.1
3264,STARLINK-4283,53016,STARLINK-37041,68104,2026-07-30 10:11:52,4.0832,4.225,5.9,475.0,26.1
3265,STARLINK-31693,59441,STARLINK-31745,60329,2026-07-31 06:43:52,8.4593,8.919,11.918,477.1,26.1
3266,STARLINK-34463,64598,STARLINK-37300,68682,2026-07-30 10:31:52,5.77,8.053,8.214,477.0,26.1
3267,STARLINK-4080,52835,STARLINK-4399,53469,2026-07-30 22:23:53,9.9398,9.951,13.95,473.3,26.1
3268,STARLINK-30178,57447,STARLINK-34093,64015,2026-07-30 18:31:53,5.4929,8.231,7.832,492.6,26.1
3269,STARLINK-6229,57093,STARLINK-34471,64739,2026-07-30 22:36:52,7.3253,9.459,10.352,489.1,26.1
3270,STARLINK-35304,66249,STARLINK-37230,68730,2026-07-31 01:39:52,8.3361,8.828,11.734,467.5,26.1
3271,STARLINK-31354,58942,STARLINK-34288,64673,2026-07-30 20:22:52,8.6851,8.728,12.212,474.1,26.1
3272,STARLINK-31242,58864,STARLINK-32419,61637,2026-07-30 20:06:53,5.3504,5.813,7.628,485.7,26.1
3273,STARLINK-30891,58367,STARLINK-34594,65088,2026-07-31 01:00:53,8.0625,8.389,11.354,486.5,26.1
3274,STARLINK-4558,53426,STARLINK-35364,65840,2026-07-30 19:22:54,2.44,6.241,3.627,475.7,26.1
3275,STARLINK-36343,67816,STARLINK-36915,68061,2026-07-31 07:05:53,6.2257,6.335,8.829,477.5,26.1
3276,STARLINK-30056,57622,STARLINK-36533,67643,2026-07-30 23:37:53,3.4752,3.488,5.048,492.2,26.1
3277,STARLINK-32380,61069,STARLINK-36794,68955,2026-07-31 06:02:52,8.678,8.701,12.194,473.5,26.1
3278,STARLINK-33706,63461,STARLINK-35610,66428,2026-07-31 03:19:56,0.7302,4.745,1.278,492.5,26.1
3279,STARLINK-33804,63511,STARLINK-37517,69254,2026-07-30 18:20:53,8.5574,8.89,12.027,472.2,26.1
3280,STARLINK-30428,57906,STARLINK-31830,59769,2026-07-30 16:00:52,7.6699,8.75,10.805,489.0,26.1
3281,STARLINK-5023,53919,STARLINK-36643,67822,2026-07-31 04:02:53,7.8545,9.864,11.057,490.1,26.1
3282,STARLINK-3807,52353,STARLINK-32202,60595,2026-07-30 12:28:53,6.1301,6.142,8.689,468.6,26.1
3283,STARLINK-34288,64673,GLOBAL-34,68098,2026-07-31 07:59:52,7.7169,7.997,10.864,469.6,26.1
3284,STARLINK-37671,69206,STARLINK-37656,69649,2026-07-30 22:11:53,8.3927,8.393,11.79,474.9,26.1
3285,STARLINK-36259,67106,STARLINK-36479,67352,2026-07-30 18:24:54,3.4727,6.896,5.038,492.3,26.1
3286,STARLINK-32636,62232,STARLINK-36791,68111,2026-07-30 08:43:53,8.7389,8.925,12.261,470.4,26.1
3287,STARLINK-30500,58076,STARLINK-34114,63905,2026-07-31 01:24:52,5.555,7.443,7.889,492.4,26.1
3288,STARLINK-5205,54202,STARLINK-31933,59874,2026-07-30 20:09:53,6.9856,7.759,9.849,490.8,26.1
3289,STARLINK-5844,57068,STARLINK-34588,64729,2026-07-30 08:31:53,7.8035,9.774,10.97,488.5,26.1
3290,STARLINK-2468,48127,STARLINK-34294,64599,2026-07-30 19:09:52,8.6833,9.078,12.174,473.3,26.1
3291,STARLINK-31039,58784,STARLINK-35859,67185,2026-07-30 19:42:53,7.8597,8.08,11.044,488.4,26.0
3292,STARLINK-31766,59723,STARLINK-37842,69487,2026-07-30 11:24:53,5.0163,7.679,7.145,467.4,26.0
3293,STARLINK-32554,62136,STARLINK-33915,63708,2026-07-30 14:09:53,7.4222,9.268,10.439,483.0,26.0
3294,STARLINK-5382,54820,STARLINK-31953,59898,2026-07-30 17:20:48,0.7158,5.404,1.254,492.6,26.0
3295,FLYING LAPTOP,42831,LEMUR-2-LEIA-PHILIP,63246,2026-07-30 10:58:53,8.0363,9.53,11.276,567.6,26.0
3296,STARLINK-33976,63858,STARLINK-34153,63967,2026-07-31 02:44:53,5.5459,7.125,7.857,485.5,26.0
3297,STARLINK-31514,59187,STARLINK-36370,67937,2026-07-30 16:50:53,5.5527,8.109,7.866,493.3,26.0
3298,STARLINK-31680,59380,STARLINK-32721,62438,2026-07-30 19:34:53,5.4268,5.719,7.693,474.7,26.0
3299,STARLINK-2682,48440,PROTOMETHEE,58321,2026-07-31 01:22:53,6.2743,9.327,8.846,469.8,26.0
3300,STARLINK-3265,50180,STARLINK-36836,68065,2026-07-30 17:13:53,8.2275,8.26,11.514,477.7,26.0
3301,STARLINK-6312,56536,STARLINK-30471,57932,2026-07-30 18:36:53,5.5513,6.733,7.858,485.8,26.0
3302,STARLINK-5199,54201,KUIPER-00532,69604,2026-07-31 00:50:52,7.4447,8.332,10.444,458.6,26.0
3303,STARLINK-37086,68253,STARLINK-37211,68620,2026-07-31 05:02:53,6.8527,8.094,9.634,464.7,26.0
3304,STARLINK-3297,50159,STARLINK-31846,60126,2026-07-31 08:08:53,7.0248,7.918,9.868,479.7,26.0
3305,STARLINK-3459,51757,STARLINK-4557,53432,2026-07-30 09:03:53,8.5299,8.677,11.915,471.2,26.0
3306,STARLINK-3287,50172,STARLINK-30450,57913,2026-07-31 05:58:53,5.6623,7.276,8.0,483.4,26.0
3307,STARLINK-34975,65224,STARLINK-37858,69555,2026-07-30 23:33:52,5.0012,5.209,7.097,467.0,26.0
3308,STARLINK-30418,57829,STARLINK-36614,67622,2026-07-31 03:27:53,5.3835,5.387,7.612,492.1,26.0
3309,STARLINK-11085 [DTC],59425,STARLINK-11576 [DTC],62993,2026-07-30 23:10:52,6.7289,6.751,9.444,359.5,26.0
3310,STARLINK-3564,52302,STARLINK-34870,65370,2026-07-30 11:57:53,4.4693,7.5,6.364,485.2,26.0
3311,STARLINK-30534,57992,2023-189A,58502,2026-07-30 08:54:52,8.9424,9.56,12.46,489.6,26.0
3312,STARLINK-33640,63378,STARLINK-33749,63716,2026-07-30 21:14:53,8.714,8.772,12.141,473.2,25.9
3313,STARLINK-3554,51872,STARLINK-35728,66544,2026-07-30 22:42:53,6.4039,6.472,8.995,488.2,25.9
3314,STARLINK-2639,48436,STARLINK-3638,51786,2026-07-30 10:34:53,8.7461,9.049,12.184,475.5,25.9
3315,STARLINK-31040,58722,STARLINK-37048,68155,2026-07-31 02:02:53,5.7206,5.835,8.063,466.1,25.9
3316,STARLINK-31151,58742,STARLINK-35932,66526,2026-07-30 21:26:54,3.5209,9.995,5.066,484.6,25.9
3317,STARLINK-31266,59087,STARLINK-36862,68003,2026-07-30 17:56:52,5.5906,8.368,7.883,491.7,25.9
3318,STARLINK-4602,53629,STARLINK-34239,64728,2026-07-30 19:50:53,5.2113,6.311,7.365,476.7,25.9
3319,STARLINK-4576,53566,STARLINK-36033,66893,2026-07-30 16:14:54,3.3111,7.49,4.778,461.9,25.9
3320,STARLINK-35382,66019,STARLINK-37441,68858,2026-07-31 08:02:52,6.9729,9.629,9.757,477.2,25.9
3321,STARLINK-2504,48328,STARLINK-37399,68772,2026-07-30 09:47:53,8.0548,8.06,11.226,481.5,25.9
3322,STARLINK-11198 [DTC],60114,STARLINK-11185 [DTC],62588,2026-07-30 19:16:53,6.6115,8.621,9.263,359.4,25.9
3323,STARLINK-11304 [DTC],61209,STARLINK-11363 [DTC],62012,2026-07-31 08:05:53,8.1664,9.605,11.376,361.5,25.9
3324,STARLINK-32314,61709,STARLINK-37005,68107,2026-07-31 05:04:53,4.302,4.385,6.121,469.5,25.9
3325,STARLINK-5246,54198,STARLINK-35921,66640,2026-07-31 01:55:52,7.7724,8.441,10.839,481.7,25.9
3326,STARLINK-5118,53991,STARLINK-30252,57607,2026-07-30 12:24:54,4.005,7.171,5.716,484.8,25.9
3327,STARLINK-31024,58786,STARLINK-36481,67307,2026-07-31 06:50:53,8.1217,8.576,11.308,487.2,25.9
3328,KSM1-D,46907,STARLINK-31791,59637,2026-07-30 09:56:53,5.652,8.587,7.949,493.9,25.9
3329,STARLINK-34323,64219,STARLINK-36058,66591,2026-07-30 23:58:52,7.2858,8.065,10.167,488.6,25.9
3330,STARLINK-2674,48354,STARLINK-3765,52295,2026-07-30 16:54:52,7.6155,7.834,10.615,479.8,25.9
3331,STARLINK-37092,68240,STARLINK-37592,69025,2026-07-31 08:09:53,7.8022,7.93,10.868,464.1,25.9
3332,STARLINK-33937,63704,STARLINK-36069,66806,2026-07-30 22:01:52,6.7424,7.554,9.427,489.6,25.9
3333,STARLINK-32045,60106,STARLINK-35138,65420,2026-07-30 11:09:53,8.721,9.806,12.113,473.1,25.9
3334,STARLINK-5382,54820,STARLINK-31953,59898,2026-07-30 18:54:57,0.7243,6.3,1.254,492.6,25.9
3335,STARLINK-31253,58830,STARLINK-37288,68551,2026-07-30 08:56:53,8.6327,8.737,11.98,472.1,25.9
3336,STARLINK-32311,62114,STARLINK-34269,64386,2026-07-31 05:49:53,3.5366,5.189,5.065,484.4,25.9
3337,STARLINK-30320,57678,STARLINK-35026,65514,2026-07-30 22:00:53,5.4709,5.569,7.688,462.4,25.9
3338,THEA,43796,STARLINK-36874,67981,2026-07-31 02:27:52,5.458,7.101,7.669,478.7,25.9
3339,STARLINK-34974,65221,STARLINK-37365,69186,2026-07-30 15:05:53,8.5151,8.605,11.812,473.0,25.9
3340,STARLINK-2232,48578,STARLINK-31713,59381,2026-07-30 22:56:52,7.9832,8.323,11.091,469.8,25.9
3341,STARLINK-2468,48127,STARLINK-32029,60145,2026-07-30 08:55:52,8.5798,8.597,11.897,477.0,25.9
3342,STARLINK-31124,58674,STARLINK-35682,66467,2026-07-31 07:43:53,7.1963,7.486,10.014,488.1,25.8
3343,STARLINK-5240,54187,STARLINK-34463,64598,2026-07-30 17:45:51,3.3642,8.145,4.824,462.1,25.8
3344,STARLINK-5352,56426,STARLINK-33847,63685,2026-07-31 05:38:53,7.2113,7.632,10.025,490.5,25.8
3345,LEMUR-2-ANDIS,42838,STARLINK-3135,49424,2026-07-30 18:47:52,8.0322,9.362,11.134,463.9,25.8
3346,STARLINK-37731,69304,KUIPER-00496,69597,2026-07-30 20:00:52,5.795,5.83,8.104,466.2,25.8
3347,STARLINK-5944,56001,STARLINK-35697,66539,2026-07-30 15:29:52,7.1658,8.794,9.951,487.6,25.8
3348,STARLINK-31801,59647,STARLINK-32539,62022,2026-07-31 06:06:52,8.0723,8.107,11.17,487.1,25.8
3349,STARLINK-31237,58855,STARLINK-36099,66797,2026-07-30 21:03:53,6.9049,7.148,9.591,487.1,25.8
3350,STARLINK-2096,47376,STARLINK-32447,61261,2026-07-31 02:15:52,8.0452,8.803,11.121,470.0,25.8
3351,STARLINK-3785,52375,MESON-1,59131,2026-07-30 09:50:52,7.9593,7.959,11.005,463.0,25.8
3352,STARLINK-5836,56386,STARLINK-32349,61700,2026-07-31 04:22:52,6.3287,6.564,8.804,489.6,25.8
3353,STARLINK-4458,53668,STARLINK-34375,64477,2026-07-30 09:01:52,7.07,7.235,9.803,459.6,25.8
3354,STARLINK-33531,63399,STARLINK-36441,67469,2026-07-30 22:15:53,5.6494,8.743,7.886,486.0,25.8
3355,STARLINK-5513,57251,2024-174E,61242,2026-07-30 14:05:52,7.245,9.545,10.035,482.5,25.8
3356,STARLINK-3147,49410,STARLINK-36945,68050,2026-07-30 09:06:52,8.7351,9.341,12.041,472.6,25.8
3357,STARLINK-35401,66067,STARLINK-37149,68309,2026-07-31 06:26:51,5.3648,9.263,7.496,466.8,25.8
3358,LEMUR-2-TOMATOKECHUP,60471,STARLINK-37255,68554,2026-07-30 16:01:53,9.602,9.65,13.201,473.4,25.7
3359,STARLINK-5233,54160,STARLINK-30611,58108,2026-07-30 16:52:53,8.762,9.641,12.068,473.0,25.7
3360,STARLINK-31861,59906,STARLINK-33769,63773,2026-07-31 02:09:54,4.409,9.839,6.205,492.2,25.7
3361,STARLINK-5372,54838,STARLINK-36137,67033,2026-07-30 15:37:52,5.5054,6.441,7.681,485.7,25.7
3362,STARLINK-5718,55620,STARLINK-33731,63475,2026-07-31 02:48:52,5.4549,6.422,7.612,485.5,25.7
3363,STARLINK-4787,53904,2023-104A,57424,2026-07-31 05:51:52,9.3489,9.989,12.849,470.7,25.7
3364,STARLINK-32101,60447,STARLINK-36392,68115,2026-07-31 01:41:53,8.4528,8.53,11.642,464.2,25.7
3365,STARLINK-4114,53162,STARLINK-37319,68706,2026-07-30 21:19:52,8.5945,8.635,11.825,477.0,25.7
3366,TYVAK-0130,48606,STARLINK-33914,63774,2026-07-30 23:56:53,7.4392,7.501,10.265,488.8,25.7
3367,STARLINK-2151,48556,STARLINK-37562,69208,2026-07-30 13:57:53,8.736,8.737,12.005,476.6,25.7
3368,STARLINK-4043,52836,STARLINK-5697,55589,2026-07-31 03:39:53,8.2323,8.845,11.323,492.5,25.7
3369,STARLINK-35846,66367,STARLINK-37766,69216,2026-07-30 11:42:52,6.4453,8.506,8.923,465.1,25.7
3370,STARLINK-3564,52302,STARLINK-34870,65370,2026-07-30 11:10:53,4.5487,7.046,6.375,472.9,25.7
3371,STARLINK-4707,53721,STARLINK-30267,57663,2026-07-30 14:32:52,4.7511,5.566,6.646,461.1,25.7
3372,STARLINK-34833,65218,STARLINK-36350,67572,2026-07-30 19:07:52,6.7614,10.0,9.343,465.0,25.7
3373,STARLINK-31701,59582,STARLINK-36656,67841,2026-07-30 19:18:53,5.8252,6.058,8.085,490.1,25.7
3374,STARLINK-3828,52469,STARLINK-5646,55461,2026-07-31 00:06:53,6.5431,7.976,9.049,492.9,25.7
3375,STARLINK-5716,56504,STARLINK-34102,63806,2026-07-31 03:39:50,2.4241,8.219,3.52,492.1,25.7
3376,COSMOS 2588,64095,STARLINK-35333,66182,2026-07-31 00:51:52,9.9274,9.939,13.579,474.1,25.7
3377,STARLINK-31793,60053,STARLINK-34938,65236,2026-07-30 10:00:53,9.4207,9.908,12.898,477.7,25.7
3378,STARLINK-34001,64272,STARLINK-36376,67590,2026-07-31 04:20:53,9.0128,9.032,12.349,464.7,25.7
3379,STARLINK-32149,60292,STARLINK-34870,65370,2026-07-30 19:41:52,7.5357,7.58,10.363,485.1,25.7
3380,STARLINK-35948,66633,STARLINK-36674,67661,2026-07-30 13:26:52,5.9198,7.9,8.193,476.7,25.6
3381,STARLINK-31802,59636,STARLINK-35994,66818,2026-07-30 18:23:51,1.53,4.726,2.315,492.2,25.6
3382,STARLINK-4687,53784,STARLINK-31859,59848,2026-07-30 15:51:53,8.2358,9.018,11.286,483.4,25.6
3383,STARLINK-5578,55374,SITRO-TD-3,67270,2026-07-30 15:03:52,6.3924,6.533,8.816,495.4,25.6
3384,STARLINK-4644,53719,2024-105C,59919,2026-07-30 17:11:52,7.1987,9.155,9.892,549.6,25.6
3385,STARLINK-4275,53008,STARLINK-37611,69034,2026-07-30 11:04:53,8.7664,9.492,11.986,476.6,25.6
3386,STARLINK-34304,64224,STARLINK-36850,68119,2026-07-30 08:39:53,7.2782,7.367,9.997,484.0,25.6
3387,STARLINK-30125,56701,STARLINK-30467,57895,2026-07-30 18:23:52,2.6454,2.698,3.801,492.1,25.6
3388,STARLINK-3967,52636,STARLINK-31559,59358,2026-07-31 00:15:53,8.284,8.311,11.332,492.9,25.6
3389,STARLINK-6207,56900,STARLINK-32321,61065,2026-07-31 02:35:53,8.2209,8.315,11.247,485.6,25.6
3390,STARLINK-36194,67130,STARLINK-36656,67841,2026-07-30 13:27:52,5.6847,9.677,7.858,486.0,25.6
3391,STARLINK-31345,58941,STARLINK-35572,66117,2026-07-30 16:04:53,6.2753,9.996,8.647,487.6,25.6
3392,STARLINK-32944,63022,STARLINK-34073,64606,2026-07-31 05:30:52,7.8609,7.864,10.762,483.6,25.6
3393,STARLINK-5610,57244,STARLINK-36443,67431,2026-07-31 04:06:52,7.1613,7.186,9.826,491.4,25.6
3394,STARLINK-37016,68288,STARLINK-37596,69032,2026-07-31 02:03:52,6.233,7.762,8.585,465.5,25.6
3395,STARLINK-30376,57782,STARLINK-36633,67632,2026-07-31 05:13:51,3.3506,8.945,4.738,492.3,25.6
3396,STARLINK-1551,46075,STARLINK-37034,68171,2026-07-31 05:57:52,8.8645,8.903,12.094,476.3,25.6
3397,IRIDE-MS1-EAGLET 2-13,68450,GEN1A-1,69004,2026-07-31 05:53:53,5.5234,6.608,7.636,520.6,25.6
3398,STARLINK-5773,57074,STARLINK-36450,67317,2026-07-31 06:23:52,7.3083,8.61,10.014,490.9,25.6
3399,STARLINK-31190,58897,STARLINK-37360,68901,2026-07-31 01:40:53,4.9093,5.082,6.812,472.1,25.6
3400,STARLINK-32367,60919,STARLINK-35960,66531,2026-07-30 08:48:52,8.0142,8.443,10.948,484.3,25.6
3401,STARLINK-5470,54776,STARLINK-35119,65508,2026-07-30 10:00:52,8.7721,9.946,11.952,467.7,25.6
3402,STARLINK-30834,58151,STARLINK-32372,61960,2026-07-31 02:47:53,8.3192,8.658,11.347,486.5,25.6
3403,STARLINK-32363,61678,STARLINK-34913,65369,2026-07-30 17:32:53,5.6057,6.895,7.732,475.0,25.6
3404,STARLINK-30213,57504,STARLINK-35427,66110,2026-07-31 00:14:53,7.488,7.757,10.238,489.2,25.6
3405,STARLINK-30266,57529,STARLINK-34488,64604,2026-07-30 08:30:52,7.0727,8.388,9.685,489.3,25.6
3406,STARLINK-37170,68614,STARLINK-37435,69265,2026-07-30 23:13:54,4.3354,9.377,6.037,472.0,25.5
3407,STARLINK-35331,66468,STARLINK-36507,67409,2026-07-30 20:56:54,3.604,7.165,5.063,491.9,25.5
3408,STARLINK-6312,56536,STARLINK-30244,57614,2026-07-31 03:33:53,7.2669,8.514,9.937,488.3,25.5
3409,STARLINK-30384,57774,STARLINK-36956,68009,2026-07-31 07:19:52,7.3341,8.931,10.023,488.3,25.5
3410,STARLINK-32212,60256,STARLINK-36386,68612,2026-07-31 05:40:52,6.1454,8.562,8.441,477.5,25.5
3411,STARLINK-30300,57715,STARLINK-33770,63906,2026-07-30 21:12:54,3.5907,6.954,5.041,492.5,25.5
3412,STARLINK-5832,57063,STARLINK-34094,63822,2026-07-31 07:18:54,3.6384,8.697,5.102,484.8,25.5
3413,STARLINK-30951,58439,STARLINK-32938,63201,2026-07-31 06:29:54,2.7046,5.397,3.859,492.9,25.5
3414,STARLINK-3821,52357,STARLINK-37510,69520,2026-07-31 04:48:52,8.8641,9.112,12.04,467.0,25.5
3415,STARLINK-32673,63000,STARLINK-36968,67995,2026-07-30 22:58:51,5.5659,9.781,7.657,485.4,25.5
3416,STARLINK-31785,60131,STARLINK-36870,67897,2026-07-31 02:44:53,6.7996,7.447,9.294,481.9,25.5
3417,STARLINK-32879,62957,STARLINK-35593,66107,2026-07-31 06:16:53,8.1251,9.426,11.054,477.8,25.5
3418,STARLINK-3660,51977,STARLINK-35664,66223,2026-07-31 00:59:53,8.944,9.038,12.139,473.0,25.5
3419,STARLINK-31902,59666,STARLINK-35981,66598,2026-07-30 12:01:00,0.7398,9.307,1.246,492.8,25.5
3420,2025-180A,65259,STARLINK-36927,67941,2026-07-30 15:22:53,9.6291,9.648,13.035,486.8,25.5
3421,STARLINK-30883,58252,STARLINK-34488,64604,2026-07-30 23:58:52,8.3044,9.959,11.276,485.0,25.5
3422,STARLINK-32167,60268,STARLINK-35944,66928,2026-07-31 02:22:52,4.0944,4.937,5.694,476.1,25.5
3423,STARLINK-31656,60286,STARLINK-35728,66544,2026-07-30 18:50:53,5.4681,5.471,7.514,489.7,25.5
3424,JILIN-1 GAOFEN 2B,44836,STARLINK-4747,53832,2026-07-31 05:12:52,8.462,8.627,11.482,521.2,25.5
3425,STARLINK-3643,51992,STARLINK-32312,61711,2026-07-31 03:10:51,4.6508,8.907,6.43,473.8,25.5
3426,STARLINK-3502,51746,STARLINK-32698,62312,2026-07-30 09:01:52,8.3307,8.336,11.306,470.2,25.5
3427,STARLINK-32149,60292,STARLINK-32706,62308,2026-07-30 15:50:52,8.4857,9.736,11.509,470.3,25.5
3428,STARLINK-32802,62738,STARLINK-34043,63823,2026-07-30 12:36:59,0.7886,8.396,1.309,484.3,25.5
3429,STARLINK-2413,47827,STARLINK-36596,67670,2026-07-30 10:46:53,6.1839,7.627,8.453,481.6,25.5
3430,STARLINK-3595,51894,STARLINK-4608,53621,2026-07-31 03:04:52,7.819,9.236,10.612,462.1,25.4
3431,STARLINK-32812,63038,STARLINK-35371,66484,2026-07-30 15:04:52,6.627,6.719,9.033,490.4,25.4
3432,CUBESX-HSE 3 (RS42S),57178,STARLINK-33809,63508,2026-07-30 21:17:53,7.9055,7.907,10.724,473.9,25.4
3433,STARLINK-31757,59427,STARLINK-35134,65641,2026-07-31 06:10:56,1.7325,8.194,2.555,461.7,25.4
3434,STARLINK-32785,62531,STARLINK-33859,63640,2026-07-31 06:57:53,7.3202,7.321,9.94,487.6,25.4
3435,STARLINK-1577,46063,STARLINK-37761,69200,2026-07-31 05:53:52,9.0281,9.041,12.198,474.0,25.4
3436,STARLINK-36476,67314,STARLINK-36598,67844,2026-07-30 20:01:53,3.6062,4.93,5.03,492.5,25.4
3437,STARLINK-30894,58375,STARLINK-36065,66898,2026-07-31 01:47:51,1.6662,4.591,2.466,475.2,25.4
3438,SITRO-AIS 20,61758,STARLINK-32918,63087,2026-07-30 23:57:52,5.6293,5.629,7.703,574.9,25.4
3439,JY1SAT (JO-97),43803,STARLINK-3315,50848,2026-07-30 18:18:53,4.5946,6.487,6.335,472.0,25.4
3440,STARLINK-3940,52540,STARLINK-35131,66075,2026-07-31 04:25:52,6.6309,8.835,9.02,473.4,25.4
3441,STARLINK-4618,53735,STARLINK-37057,68161,2026-07-30 09:13:53,9.0483,9.977,12.212,476.4,25.4
3442,STARLINK-6082,56110,STARLINK-33960,63966,2026-07-31 07:45:57,0.7779,6.196,1.291,484.0,25.4
3443,STARLINK-5255,54208,STARLINK-5719,55609,2026-07-30 17:12:53,7.8221,8.967,10.586,489.6,25.4
3444,STARLINK-31716,59377,STARLINK-35961,66530,2026-07-30 08:40:53,4.918,5.513,6.753,490.0,25.4
3445,STARLINK-32261,61530,STARLINK-35546,66240,2026-07-30 16:42:52,8.5567,8.864,11.554,476.9,25.4
3446,STARLINK-5387,54842,STARLINK-36799,67958,2026-07-30 20:15:52,3.6222,6.014,5.041,484.9,25.4
3447,STARLINK-32382,61258,STARLINK-34612,64773,2026-07-31 03:30:54,3.5677,7.91,4.968,461.5,25.4
3448,STARLINK-5237,54196,SL-4 R/B,68753,2026-07-31 08:14:52,6.5618,8.296,8.912,472.6,25.4
3449,STARLINK-5701,55487,STARLINK-36589,67843,2026-07-31 06:44:53,4.4943,4.528,6.186,484.7,25.4
3450,STARLINK-5258,54195,STARLINK-30755,58186,2026-07-31 02:17:50,1.3231,4.745,2.006,492.6,25.4
3451,STARLINK-5509,57263,STARLINK-33907,63769,2026-07-30 15:38:55,0.8109,3.805,1.331,492.5,25.4
3452,BRO-11,58264,STARLINK-32792,62504,2026-07-30 16:27:52,8.2392,8.314,11.113,481.3,25.4
3453,STARLINK-30891,58367,STARLINK-34073,64606,2026-07-31 03:11:53,7.5593,8.734,10.216,488.9,25.4
3454,ICEYE-X7,46496,STARLINK-36746,67733,2026-07-31 00:24:52,7.4769,8.885,10.106,481.5,25.4
3455,STARLINK-31135,58771,STARLINK-37022,68101,2026-07-30 18:27:52,9.0565,9.059,12.182,470.2,25.3
3456,STARLINK-5145,54008,STARLINK-31131,58673,2026-07-30 13:51:52,4.6853,5.371,6.428,491.3,25.3
3457,STARLINK-4810,53869,STARLINK-35613,66097,2026-07-30 16:14:52,9.0659,9.12,12.187,481.4,25.3
3458,STARLINK-5209,54061,STARLINK-35140,65501,2026-07-30 17:13:53,4.4919,4.51,6.171,477.0,25.3
3459,STARLINK-31595,59273,STARLINK-32245,62133,2026-07-30 14:16:53,8.4157,8.426,11.328,485.6,25.3
3460,STARLINK-31749,59631,STARLINK-32745,62755,2026-07-31 03:36:53,0.838,0.984,1.364,484.2,25.3
3461,STARLINK-5694,55481,STARLINK-36131,67032,2026-07-30 18:35:51,3.6351,6.258,5.041,484.4,25.3
3462,STARLINK-31163,58807,STARLINK-36633,67632,2026-07-30 18:58:56,1.5038,7.761,2.239,483.6,25.3
3463,ASTROCAST-0404,55112,STARLINK-5756,55598,2026-07-30 14:33:53,6.0055,6.613,8.155,487.3,25.3
3464,STARLINK-4199,52857,STARLINK-36506,67414,2026-07-31 04:41:51,3.5516,6.427,4.929,482.0,25.3
3465,STARLINK-32249,60444,STARLINK-37041,68104,2026-07-31 06:15:53,8.606,8.613,11.568,477.9,25.3
3466,STARLINK-31611,59325,STARLINK-33881,63779,2026-07-31 06:41:53,7.1102,9.005,9.601,487.3,25.3
3467,STARLINK-34881,65347,STARLINK-37502,69263,2026-07-31 04:54:52,8.3753,9.101,11.262,477.6,25.3
3468,STARLINK-3575,51878,TOMORROW-S6,63225,2026-07-30 12:18:52,4.4158,4.57,6.061,514.7,25.3
3469,STARLINK-31337,58934,STARLINK-34093,64015,2026-07-31 01:06:52,6.2258,6.305,8.437,489.9,25.3
3470,STARLINK-5026,57260,SCS-01 J,63990,2026-07-31 06:59:54,5.1062,9.125,6.963,488.1,25.3
3471,STARLINK-30980,58476,STARLINK-32441,61668,2026-07-31 05:50:53,8.4059,8.463,11.292,485.6,25.3
3472,STARLINK-34751,65338,STARLINK-34752,66153,2026-07-30 22:55:52,8.6997,9.151,11.675,470.8,25.3
3473,HXMT (HUIYAN),42758,STARLINK-32710,62604,2026-07-30 21:07:52,6.3351,6.656,8.571,489.3,25.3
3474,STARLINK-3286,50171,STARLINK-31117,58776,2026-07-30 14:46:52,7.4074,7.818,9.972,482.4,25.3
3475,STARLINK-5703,55593,STARLINK-36991,68011,2026-07-31 04:15:51,2.7624,4.796,3.883,492.4,25.3
3476,STARLINK-2055,47358,STARLINK-2655,48449,2026-07-30 15:56:53,8.5824,9.031,11.511,478.6,25.3
3477,STARLINK-31712,59491,STARLINK-35507,66327,2026-07-31 06:46:52,7.2347,7.243,9.744,487.8,25.3
3478,ALTAIR (RS65S),61779,GLOBAL-31,63027,2026-07-30 16:16:52,6.3837,7.356,8.628,445.4,25.3
3479,STARLINK-34591,64734,STARLINK-36878,67899,2026-07-30 14:56:53,8.4651,8.752,11.354,464.0,25.3
3480,STARLINK-34888,65471,STARLINK-35265,65748,2026-07-30 22:23:53,5.5058,7.79,7.475,475.0,25.3
3481,STARLINK-2608,48365,STARLINK-36705,67712,2026-07-30 09:58:53,7.8658,8.97,10.566,481.1,25.3
3482,STARLINK-1132,45044,STARLINK-11585 [DTC],63309,2026-07-31 07:33:52,8.4704,8.527,11.348,365.2,25.3
3483,STARLINK-30277,57645,STARLINK-35844,66880,2026-07-30 23:11:52,8.0238,8.589,10.763,488.8,25.3
3484,STARLINK-34842,65235,STARLINK-35403,66081,2026-07-31 00:01:52,5.7732,6.22,7.817,481.2,25.3
3485,STARLINK-34616,66320,STARLINK-35922,66502,2026-07-31 03:21:52,7.2474,8.054,9.745,487.2,25.3
3486,STARLINK-31201,58870,STARLINK-36434,67322,2026-07-31 01:09:54,4.7493,9.588,6.476,492.4,25.3
3487,STARLINK-4114,53162,STARLINK-37412,69248,2026-07-30 21:55:52,8.9467,9.024,11.968,476.7,25.3
3488,2024-016C,58822,STARLINK-32657,62475,2026-07-30 08:29:53,5.1338,5.519,6.976,492.1,25.2
3489,STARLINK-3832,52646,STARLINK-35576,66137,2026-07-30 08:51:53,7.8873,9.197,10.576,475.4,25.2
3490,STARLINK-3714,52094,STARLINK-31598,59263,2026-07-30 18:22:52,5.2909,7.874,7.179,475.3,25.2
3491,STARLINK-4729,53804,STARLINK-36160,66936,2026-07-31 00:23:52,5.6831,6.755,7.691,460.8,25.2
3492,STARLINK-30315,57708,STARLINK-34032,63853,2026-07-31 04:42:53,2.5307,2.583,3.567,492.4,25.2
3493,STARLINK-32247,60446,STARLINK-36684,68718,2026-07-30 09:10:52,9.1507,9.187,12.21,468.9,25.2
3494,STARLINK-32493,62025,STARLINK-37413,68789,2026-07-30 15:05:54,4.7663,8.581,6.483,475.9,25.2
3495,STARLINK-32238,61661,STARLINK-33805,63590,2026-07-30 18:47:52,5.8573,6.592,7.895,489.7,25.2
3496,STARLINK-31362,58935,STARLINK-37078,68174,2026-07-30 21:19:52,3.4163,4.222,4.713,474.8,25.2
3497,STARLINK-3156,49458,STARLINK-35757,66270,2026-07-30 20:37:54,3.7314,7.956,5.124,463.3,25.2
3498,STARLINK-30938,58389,STARLINK-33837,63501,2026-07-30 09:27:52,8.6118,8.725,11.476,470.8,25.2
3499,STARLINK-5795,56039,FALCONSAT-10,58291,2026-07-30 15:33:53,5.3212,7.156,7.189,490.3,25.2
3500,STARLINK-2068,47722,STARLINK-37356,68704,2026-07-30 16:51:53,9.0031,9.138,11.982,476.6,25.2
3501,STARLINK-35474,66437,STARLINK-35810,66575,2026-07-31 07:49:53,4.5401,5.412,6.17,485.1,25.2
3502,STARLINK-3690,51964,STARLINK-3975,52620,2026-07-30 20:05:53,5.8842,6.18,7.918,480.4,25.2
3503,STARLINK-33567,62773,STARLINK-36684,68718,2026-07-31 05:48:52,5.3043,5.865,7.163,474.4,25.2
3504,STARLINK-2589,48371,STARLINK-3240,49728,2026-07-31 04:48:52,9.1634,9.517,12.182,475.6,25.2
3505,STARLINK-5339,56510,STARLINK-32672,62195,2026-07-31 07:56:51,3.7033,7.294,5.078,492.3,25.2
3506,STARLINK-4599,53631,STARLINK-32595,62037,2026-07-30 15:00:53,7.8406,8.301,10.458,490.7,25.1
3507,STARLINK-2395,47814,STARLINK-36684,68718,2026-07-31 04:50:52,8.8914,9.782,11.819,471.6,25.1
3508,STARLINK-6066,56105,STARLINK-32093,59701,2026-07-30 18:16:52,6.0095,6.443,8.07,492.6,25.1
3509,STARLINK-31973,59943,STARLINK-36468,67415,2026-07-31 04:15:52,5.677,6.092,7.637,485.6,25.1
3510,STARLINK-3794,52631,STARLINK-32594,62302,2026-07-30 15:31:52,6.8432,6.908,9.149,462.1,25.1
3511,STARLINK-5443,54781,STARLINK-36229,68114,2026-07-31 01:29:52,7.3564,7.623,9.814,464.9,25.1
3512,STARLINK-36066,66592,LUCA (RS90S),67287,2026-07-30 10:54:52,6.2834,7.213,8.42,488.6,25.1
3513,ONEWEB-0255,48973,ONEWEB-0573,55152,2026-07-30 22:50:52,8.7468,8.754,11.61,1210.2,25.1
3514,STARLINK-36562,67570,STARLINK-37090,68193,2026-07-30 21:59:53,5.9218,8.976,7.942,465.9,25.1
3515,STARLINK-32139,61510,KUIPER-00598,69768,2026-07-30 12:43:53,6.4826,6.535,8.669,468.7,25.1
3516,STARLINK-31437,60057,STARLINK-37438,69526,2026-07-31 06:24:49,1.5907,7.409,2.322,475.2,25.1
3517,STARLINK-3973,52645,STARLINK-31037,58536,2026-07-30 23:46:52,8.7638,8.828,11.621,477.5,25.1
3518,STARLINK-3984,52621,STARLINK-31599,59327,2026-07-31 01:42:52,7.163,7.266,9.545,493.7,25.1
3519,STARLINK-31728,59496,STARLINK-32291,62442,2026-07-30 08:59:52,8.0049,8.03,10.635,483.8,25.1
3520,STARLINK-31936,59875,STARLINK-35117,65632,2026-07-30 19:16:52,8.3544,9.984,11.087,484.3,25.1
3521,DUCHIFAT-1,40021,STARLINK-11685 [DTC],63552,2026-07-30 17:10:53,8.8133,8.833,11.681,350.2,25.1
3522,STARLINK-35223,65494,STARLINK-37495,68841,2026-07-30 16:11:52,8.8894,9.419,11.779,477.9,25.1
3523,STARLINK-6107,56117,STARLINK-33864,63636,2026-07-31 05:59:52,7.3838,7.389,9.826,488.0,25.1
3524,STARLINK-33783,63712,STARLINK-34647,64904,2026-07-30 11:30:53,8.1672,8.171,10.84,478.0,25.1
3525,STARLINK-34616,66320,STARLINK-36259,67106,2026-07-30 23:05:50,2.7695,9.87,3.847,492.6,25.1
3526,STARLINK-5655,55336,STARLINK-30972,58721,2026-07-30 16:27:53,5.7406,5.932,7.693,489.6,25.1
3527,FLOCK 4G-34,62650,STARLINK-32931,63199,2026-07-30 12:31:52,7.3305,7.856,9.747,481.2,25.1
3528,STARLINK-31861,59906,STARLINK-35927,66624,2026-07-31 03:24:53,8.5012,8.837,11.262,485.7,25.1
3529,SITRO-AIS 13,61743,STARLINK-35959,66827,2026-07-30 23:53:53,7.2496,7.765,9.639,584.0,25.1
3530,TECHNOSAT,42829,UM5-RIBAT,60554,2026-07-30 19:31:52,7.1718,9.301,9.537,561.8,25.1
3531,STARLINK-32011,60030,STARLINK-37001,68330,2026-07-31 04:46:52,6.1429,7.888,8.205,476.4,25.1
3532,STARLINK-37822,69424,STARLINK-37959,69696,2026-07-30 16:44:56,1.2839,7.174,1.92,434.8,25.1
3533,STARLINK-6139,57109,2025-108F,64092,2026-07-30 17:08:53,8.7633,9.168,11.593,489.3,25.1
3534,STARLINK-34550,64683,STARLINK-37862,69551,2026-07-30 23:05:53,6.7718,7.613,9.017,477.1,25.1
3535,STARLINK-3160,49454,STARLINK-34342,64271,2026-07-30 21:11:53,8.06,9.472,10.681,475.5,25.0
3536,STARLINK-35747,66207,STARLINK-37385,69175,2026-07-30 10:46:52,1.7486,1.996,2.52,474.4,25.0
3537,STARLINK-3758,52297,STARLINK-36877,67896,2026-07-31 02:16:53,4.8783,6.97,6.565,469.5,25.0
3538,STARLINK-4257,53184,2024-173D,61230,2026-07-30 19:59:53,8.544,8.944,11.296,473.0,25.0
3539,STARLINK-34261,64764,STARLINK-36411,67608,2026-07-30 19:12:53,4.5708,4.797,6.162,476.0,25.0
3540,STARLINK-33715,63441,STARLINK-36400,67575,2026-07-31 03:29:53,8.0825,8.659,10.698,477.4,25.0
3541,STARLINK-30925,58406,STARLINK-31728,59496,2026-07-30 16:42:53,4.5921,4.78,6.189,484.9,25.0
3542,STARLINK-30958,58457,STARLINK-34203,64246,2026-07-30 11:20:53,5.7108,9.154,7.632,485.6,25.0
3543,STARLINK-6313,56519,STARLINK-30205,57408,2026-07-30 22:39:50,2.3055,8.336,3.234,483.3,25.0
3544,STARLINK-3735,52116,STARLINK-35386,65862,2026-07-30 19:30:52,9.1738,9.79,12.091,473.2,25.0
3545,STARLINK-33646,63280,STARLINK-36223,67126,2026-07-30 21:09:53,4.5826,5.028,6.168,484.9,25.0
3546,STARLINK-3844,52705,STARLINK-35329,65908,2026-07-30 13:58:52,8.8105,9.491,11.619,472.0,25.0
3547,STARLINK-30553,58056,STARLINK-32960,63197,2026-07-30 18:56:53,3.7485,3.848,5.091,484.5,25.0
3548,STARLINK-5803,56008,STARLINK-35501,66436,2026-07-31 04:01:52,7.5094,9.997,9.938,487.6,25.0
3549,STARLINK-31946,59940,STARLINK-36985,68014,2026-07-31 03:19:52,4.7586,4.824,6.388,484.6,25.0
3550,STARLINK-3966,52552,STARLINK-37174,68767,2026-07-31 03:17:53,5.9357,6.219,7.905,481.5,25.0
3551,STARLINK-32535,62119,STARLINK-32670,62210,2026-07-30 10:29:53,7.3331,7.333,9.704,487.6,25.0
3552,STARLINK-3751,52289,STARLINK-32256,60362,2026-07-30 16:44:53,9.227,9.312,12.144,479.5,25.0
3553,STARLINK-31321,58887,STARLINK-34349,64215,2026-07-31 06:01:53,5.7397,5.746,7.651,475.1,25.0
3554,STARLINK-30856,58725,STARLINK-36276,67852,2026-07-31 08:08:55,1.9065,8.188,2.711,476.5,25.0
3555,STARLINK-5371,55489,STARLINK-36050,66602,2026-07-30 12:15:52,4.8164,4.87,6.454,485.1,25.0
3556,STARLINK-34285,65101,STARLINK-37128,68385,2026-07-30 20:13:53,8.2586,8.262,10.88,477.3,25.0
3557,STARLINK-31454,59014,STARLINK-36368,67887,2026-07-31 06:38:52,4.4263,5.405,5.95,474.2,25.0
3558,STARLINK-6203,56899,STARLINK-34189,64121,2026-07-30 20:52:53,6.0366,6.159,8.019,489.5,25.0
3559,STARLINK-2734,48657,STARLINK-5244,54199,2026-07-31 00:23:53,6.9857,7.669,9.239,472.1,25.0
3560,STARLINK-2639,48436,STARLINK-32724,62441,2026-07-30 19:04:52,9.1105,9.284,11.969,476.4,24.9
3561,STARLINK-5656,55451,FLOCK 4G-10,62670,2026-07-31 03:07:53,6.8055,7.272,9.003,483.5,24.9
3562,STARLINK-32333,61626,STARLINK-33874,63825,2026-07-31 00:43:51,0.819,2.617,1.309,484.0,24.9
3563,STARLINK-32250,60425,STARLINK-34482,64782,2026-07-31 06:32:55,1.8088,6.995,2.58,475.1,24.9
3564,STARLINK-35849,66348,STARLINK-37763,69217,2026-07-30 23:23:52,6.5667,6.567,8.69,477.1,24.9
3565,STARLINK-6043,56464,SITRO-AIS 19,61759,2026-07-30 18:39:52,8.6318,9.667,11.339,583.7,24.9
3566,STARLINK-30802,58150,STARLINK-35121,65737,2026-07-30 19:32:52,7.7335,7.811,10.183,478.9,24.9
3567,STARLINK-36397,67538,STARLINK-37165,68287,2026-07-30 12:37:52,8.2502,9.893,10.846,464.6,24.9
3568,STARLINK-31255,58893,STARLINK-36591,67576,2026-07-30 13:27:52,9.3221,9.569,12.22,477.7,24.9
3569,SPIP,58298,YAOGAN-43 02F,60950,2026-07-30 19:18:52,5.9584,9.893,7.9,500.8,24.9
3570,STARLINK-31546,59470,2024-092B,59774,2026-07-31 01:14:52,6.2406,6.405,8.259,495.2,24.9
3571,LEMUR-2-FURIAUS,42840,STARLINK-33772,63656,2026-07-30 11:43:53,9.529,9.529,12.475,480.6,24.9
3572,STARLINK-4049,52840,STARLINK-4194,53000,2026-07-30 20:36:52,6.0802,6.196,8.049,463.0,24.9
3573,STARLINK-4700,53722,STARLINK-32325,61588,2026-07-30 19:30:52,9.0273,9.253,11.822,466.4,24.9
3574,STARLINK-31007,58889,STARLINK-35525,66134,2026-07-30 12:22:53,5.7982,9.481,7.681,475.0,24.9
3575,STARLINK-31256,59161,STARLINK-31506,59259,2026-07-31 04:22:52,8.1896,9.18,10.743,483.8,24.9
3576,STARLINK-30525,58012,2025-313P,67261,2026-07-30 19:29:53,6.7381,6.766,8.88,483.8,24.9
3577,STARLINK-30529,58047,STARLINK-36249,68532,2026-07-30 08:44:53,3.1923,4.864,4.338,475.6,24.9
3578,STARLINK-32235,60739,STARLINK-37097,68238,2026-07-30 21:33:48,1.4541,9.551,2.115,474.2,24.9
3579,STARLINK-3904,52464,STARLINK-36462,67321,2026-07-30 10:08:52,6.7473,6.81,8.884,488.4,24.9
3580,STARLINK-35927,66624,NASBSAT-1,67289,2026-07-30 14:24:52,8.5703,8.749,11.214,491.1,24.9
3581,STARLINK-2417,48096,STARLINK-34824,65042,2026-07-30 10:18:52,8.3885,8.665,10.97,469.8,24.8
3582,STARLINK-37251,68514,STARLINK-36295,68667,2026-07-30 14:24:52,9.1408,9.94,11.925,463.9,24.8
3583,STARLINK-37649,69202,KUIPER-00598,69768,2026-07-30 14:45:52,7.5863,7.586,9.935,471.8,24.8
3584,SKYSAT-C1,41601,STARLINK-32255,60417,2026-07-30 13:04:53,6.491,6.539,8.537,460.4,24.8
3585,STARLINK-4304,53414,STARLINK-32182,60319,2026-07-31 08:05:52,9.2575,9.74,12.066,470.0,24.8
3586,STARLINK-30154,57495,STARLINK-30602,58081,2026-07-30 14:55:52,4.2084,4.787,5.624,485.9,24.8
3587,STARLINK-5664,55360,STARLINK-36486,67335,2026-07-30 15:03:51,5.7957,9.678,7.648,485.5,24.8
3588,STARLINK-32459,61715,STARLINK-34939,65183,2026-07-30 09:25:52,7.754,9.498,10.145,478.1,24.8
3589,STARLINK-31970,59928,STARLINK-32613,61970,2026-07-31 06:58:53,7.7297,9.245,10.108,488.3,24.8
3590,STARLINK-33650,63321,STARLINK-37173,68536,2026-07-30 16:30:52,7.7795,7.932,10.165,489.7,24.8
3591,STARLINK-31708,59439,STARLINK-34932,65179,2026-07-30 21:41:53,9.4757,9.972,12.324,465.4,24.8
3592,STARLINK-6112,57136,STARLINK-32162,60597,2026-07-31 05:32:53,8.6927,9.757,11.325,487.5,24.8
3593,STARLINK-30560,58038,STARLINK-30925,58406,2026-07-30 16:23:53,8.6509,9.267,11.271,487.4,24.8
3594,STARLINK-31677,59749,STARLINK-33754,63487,2026-07-30 17:19:53,4.8321,6.603,6.408,493.8,24.8
3595,STARLINK-2574,48395,STARLINK-37514,68899,2026-07-31 07:30:52,4.6879,6.495,6.224,473.7,24.8
3596,STARLINK-31465,59012,STARLINK-37043,68246,2026-07-31 05:59:52,9.071,9.082,11.803,477.1,24.8
3597,STARLINK-2516,48283,STARLINK-37472,69172,2026-07-30 11:50:52,9.3984,9.428,12.219,474.8,24.8
3598,STARLINK-34638,64762,STARLINK-36359,67979,2026-07-30 20:42:53,7.6385,9.415,9.978,477.2,24.8
3599,STARLINK-31127,58765,STARLINK-31519,59546,2026-07-30 14:11:53,8.7076,8.716,11.338,486.9,24.8
3600,STARLINK-30894,58375,STARLINK-34992,65412,2026-07-30 09:54:52,8.4014,9.01,10.943,477.9,24.8
3601,STARLINK-3969,52551,STARLINK-32205,60266,2026-07-31 02:14:53,6.9327,7.126,9.074,480.2,24.8
3602,STARLINK-32680,62423,FOSSASAT-2E20 (TAT-O),63003,2026-07-30 23:24:52,7.2765,7.284,9.509,481.7,24.8
3603,STARLINK-3903,52462,STARLINK-30131,56833,2026-07-30 21:03:52,8.1127,8.537,10.572,497.8,24.8
3604,STARLINK-32712,62433,STARLINK-36687,67711,2026-07-30 19:03:52,7.3037,8.955,9.54,471.0,24.8
3605,STARLINK-11277 [DTC],61205,STARLINK-11630 [DTC],63111,2026-07-31 05:26:52,6.5671,7.51,8.603,360.3,24.8
3606,STARLINK-32283,62425,STARLINK-35150,65635,2026-07-30 09:10:52,8.1996,8.202,10.678,483.5,24.8
3607,SALSAT,46495,STARLINK-35440,66345,2026-07-30 20:54:53,8.8624,9.13,11.519,490.1,24.8
3608,STARLINK-30830,58194,STARLINK-34150,63998,2026-07-31 03:34:53,7.6068,7.762,9.918,490.7,24.7
3609,STARLINK-2453,47845,STARLINK-4193,52875,2026-07-30 21:02:53,8.5952,8.75,11.173,478.0,24.7
3610,STARLINK-30935,58455,STARLINK-36599,67638,2026-07-30 21:25:52,5.9918,8.999,7.865,492.1,24.7
3611,STARLINK-2134,47407,STARLINK-30606,58109,2026-07-31 05:07:53,8.3735,8.574,10.891,478.2,24.7
3612,STARLINK-30883,58252,STARLINK-36086,66980,2026-07-30 22:08:53,6.0105,6.243,7.887,492.6,24.7
3613,STARLINK-2156,47742,STARLINK-30399,57951,2026-07-30 09:20:53,9.3958,9.57,12.183,475.5,24.7
3614,STARLINK-32343,61712,ASRTU-1 (AO-123),61781,2026-07-30 09:55:53,7.887,9.34,10.267,478.1,24.7
3615,STARLINK-36969,68167,STARLINK-37790,69312,2026-07-31 06:02:53,7.991,8.77,10.399,477.5,24.7
3616,STARLINK-6030,56107,STARLINK-32245,62133,2026-07-30 11:32:52,1.6189,1.712,2.309,483.4,24.7
3617,STARLINK-31675,59548,STARLINK-32083,60343,2026-07-30 10:50:53,7.7303,8.025,10.067,489.5,24.7
3618,STARLINK-5209,54061,STARLINK-32164,60271,2026-07-30 09:36:53,6.2109,6.404,8.138,477.6,24.7
3619,STARLINK-1572,46060,STARLINK-34098,64080,2026-07-30 19:28:53,4.1165,5.625,5.478,489.2,24.7
3620,STARLINK-5247,54203,STARLINK-32707,62478,2026-07-30 18:53:53,8.253,8.995,10.725,490.6,24.7
3621,STARLINK-31219,58866,STARLINK-33693,63409,2026-07-30 21:00:52,7.5451,7.68,9.827,487.1,24.7
3622,NUSTAR,38358,STARLINK-5471,54766,2026-07-31 03:55:53,4.8519,4.917,6.41,547.9,24.7
3623,STARLINK-5348,56515,STARLINK-30880,58232,2026-07-30 22:17:51,4.6481,8.373,6.151,485.1,24.7
3624,STARLINK-35634,66173,STARLINK-36961,68900,2026-07-30 16:42:53,7.3836,7.485,9.612,477.4,24.7
3625,STARLINK-2166,48558,STARLINK-3517,51735,2026-07-30 11:41:52,9.111,9.409,11.801,471.5,24.7
3626,STARLINK-3232,50809,STARLINK-37112,68707,2026-07-30 12:48:53,8.9979,9.18,11.656,471.0,24.7
3627,STARLINK-32096,59698,STARLINK-32671,62209,2026-07-30 21:31:52,7.7094,8.578,10.022,488.0,24.7
3628,TIANMU-1 18,58703,STARLINK-36956,68009,2026-07-30 12:07:52,7.9784,8.731,10.363,487.4,24.7
3629,STARLINK-30827,58195,STARLINK-32761,62749,2026-07-30 23:52:47,0.849,7.507,1.329,484.2,24.7
3630,STARLINK-34393,64724,STARLINK-36562,67570,2026-07-30 16:03:53,5.3756,8.012,7.063,476.5,24.7
3631,STARLINK-32802,62738,STARLINK-34043,63823,2026-07-30 10:15:46,0.8325,9.156,1.308,492.1,24.7
3632,STARLINK-34456,64439,STARLINK-34830,65405,2026-07-31 06:20:52,9.0134,9.107,11.667,477.0,24.7
3633,STARLINK-3314,50851,STARLINK-37061,68185,2026-07-30 20:47:52,5.191,5.36,6.826,463.8,24.7
3634,STARLINK-5714,55614,STARLINK-34100,64385,2026-07-30 18:48:53,7.8884,8.731,10.239,488.4,24.7
3635,STARLINK-31516,59221,STARLINK-37054,68082,2026-07-31 05:40:54,1.7878,3.534,2.516,475.2,24.7
3636,STARLINK-33750,63513,STARLINK-35944,66928,2026-07-31 04:07:52,8.9422,9.652,11.569,477.2,24.7
3637,STARLINK-3210,49755,STARLINK-32196,60430,2026-07-31 03:12:54,3.565,5.993,4.764,474.0,24.7
3638,STARLINK-32877,62960,STARLINK-35227,65654,2026-07-30 14:37:52,5.3992,8.54,7.078,467.3,24.7
3639,STARLINK-3680,51969,STARLINK-30533,58037,2026-07-30 09:37:52,8.9677,9.392,11.587,477.5,24.7
3640,STARLINK-5688,55479,STARLINK-34844,66486,2026-07-31 04:51:53,1.8447,1.888,2.584,492.7,24.7
3641,STARLINK-37546,69467,STARLINK-37992,69681,2026-07-30 16:21:53,4.4693,4.756,5.896,424.9,24.6
3642,STARLINK-30300,57715,STARLINK-35591,66984,2026-07-30 18:35:53,5.8414,6.579,7.626,485.5,24.6
3643,STARLINK-30053,56700,STARLINK-33937,63704,2026-07-30 12:13:52,6.2753,6.751,8.169,490.0,24.6
3644,STARLINK-37541,68906,STARLINK-37472,69172,2026-07-31 05:25:53,9.3199,9.395,12.001,478.4,24.6
3645,STARLINK-35563,66087,STARLINK-37296,68672,2026-07-30 09:27:52,7.9367,9.964,10.257,464.0,24.6
3646,STARLINK-5627,55364,STARLINK-33814,63582,2026-07-30 19:18:49,0.8508,4.189,1.324,492.2,24.6
3647,STARLINK-35686,66407,STARLINK-36674,67661,2026-07-31 07:56:52,4.8045,4.887,6.303,468.8,24.6
3648,STARLINK-34080,64116,STARLINK-35727,66281,2026-07-30 18:52:52,9.417,9.615,12.111,472.6,24.6
3649,STARLINK-2413,47827,STARLINK-36596,67670,2026-07-30 09:12:52,6.5358,7.252,8.481,481.6,24.6
3650,STARLINK-31069,58607,STARLINK-36410,67337,2026-07-30 10:26:54,3.8405,8.17,5.087,492.4,24.6
3651,STARLINK-3529,51724,STARLINK-36463,67315,2026-07-31 03:02:52,8.7763,9.406,11.3,485.0,24.6
3652,STARLINK-6171,56883,STARLINK-32703,62996,2026-07-30 10:53:52,3.8507,6.296,5.099,484.7,24.6
3653,STARLINK-4554,53626,STARLINK-30300,57715,2026-07-31 00:56:53,5.6744,7.889,7.394,486.9,24.6
3654,STARLINK-35335,66180,STARLINK-37835,69500,2026-07-31 03:33:52,7.1153,7.809,9.207,477.4,24.6
3655,STARLINK-34093,64015,STARLINK-35531,66112,2026-07-31 02:22:52,7.2196,8.258,9.337,489.7,24.6
3656,2025-313AB,67273,CANVAS,68635,2026-07-31 01:06:53,8.2118,8.245,10.583,516.7,24.6
3657,STARLINK-35177,65673,STARLINK-37547,68846,2026-07-31 08:16:52,2.6294,2.669,3.559,464.6,24.6
3658,STARLINK-34969,65241,STARLINK-35691,66404,2026-07-30 09:29:53,4.7254,6.86,6.192,475.8,24.6
3659,STARLINK-4640,53728,STARLINK-33857,64195,2026-07-30 19:26:53,9.5221,9.621,12.221,474.6,24.6
3660,STARLINK-31921,59868,STARLINK-32454,62142,2026-07-30 20:18:53,4.6715,5.07,6.118,485.0,24.6
3661,STARLINK-3460,51755,TEVEL2-5,63214,2026-07-30 20:25:52,8.5237,8.54,10.954,474.4,24.6
3662,STARLINK-5431,54792,STARLINK-37136,68347,2026-07-30 21:21:52,5.7703,6.716,7.494,468.2,24.5
3663,STARLINK-3966,52552,STARLINK-31120,58778,2026-07-30 11:32:52,8.7896,9.664,11.282,478.1,24.5
3664,STARLINK-30822,58193,STARLINK-35462,65877,2026-07-30 13:13:52,4.8377,4.838,6.322,490.2,24.5
3665,STARLINK-2575,48396,STARLINK-33753,63443,2026-07-30 21:15:53,9.4496,9.626,12.11,476.3,24.5
3666,STARLINK-31333,58971,STARLINK-35134,65641,2026-07-30 10:38:57,1.5073,9.167,2.141,475.2,24.5
3667,STARLINK-5379,54868,STARLINK-32560,61982,2026-07-30 22:27:54,3.8388,8.001,5.064,492.3,24.5
3668,STARLINK-30099,56304,STARLINK-30805,58214,2026-07-31 04:52:57,0.8589,5.71,1.328,492.6,24.5
3669,STARLINK-31979,59964,STARLINK-36122,66952,2026-07-31 05:20:53,5.246,8.553,6.827,462.1,24.5
3670,STARLINK-30435,57842,STARLINK-35436,65932,2026-07-31 08:04:53,8.1374,9.129,10.447,484.5,24.5
3671,STARLINK-6252,56555,STARLINK-34026,63842,2026-07-31 04:04:52,7.7233,7.923,9.925,491.1,24.5
3672,STARLINK-30958,58457,STARLINK-34729,65364,2026-07-31 07:00:53,6.2044,8.325,8.021,490.0,24.5
3673,CARTOSAT-2C,41599,STARLINK-5096,54006,2026-07-30 15:48:53,4.6947,6.616,6.128,513.9,24.5
3674,TIANYI A,64048,KUIPER-00620,69295,2026-07-30 16:32:53,8.1505,9.579,10.454,522.9,24.5
3675,STARLINK-3845,52541,STARLINK-36330,67737,2026-07-31 03:03:52,6.7847,9.568,8.74,475.9,24.5
3676,STARLINK-5126,54012,STARLINK-31928,59897,2026-07-30 22:14:53,7.7476,8.312,9.945,490.5,24.5
3677,STARLINK-2110,47389,STARLINK-36844,68117,2026-07-30 17:24:52,8.2024,8.316,10.513,464.4,24.5
3678,STARLINK-31912,59656,STARLINK-35977,66604,2026-07-30 16:37:56,0.7969,4.548,1.247,492.0,24.5
3679,STARLINK-2478,48135,STARLINK-32118,60280,2026-07-31 02:21:53,8.0205,8.063,10.281,478.4,24.5
3680,STARLINK-31031,58711,STARLINK-37855,69493,2026-07-30 13:48:52,6.3384,7.284,8.176,477.7,24.5
3681,STARLINK-31219,58866,STARLINK-35379,66084,2026-07-30 08:59:52,8.3405,8.452,10.679,483.4,24.5
3682,STARLINK-31459,59233,STARLINK-35293,66012,2026-07-30 14:21:53,6.95,7.501,8.939,489.3,24.5
3683,STARLINK-2751,48685,STARLINK-36332,67862,2026-07-31 04:52:52,8.9936,9.35,11.493,477.6,24.5
3684,STARLINK-30916,58391,STARLINK-35022,65409,2026-07-31 01:41:52,8.5519,8.814,10.938,477.5,24.5
3685,STARLINK-3145,49455,STARLINK-35198,65672,2026-07-31 01:07:53,5.6468,5.702,7.307,467.7,24.5
3686,STARLINK-35207,65500,STARLINK-37511,69512,2026-07-31 07:43:52,9.1704,9.171,11.71,468.3,24.5
3687,STARLINK-32843,62814,STARLINK-35301,65843,2026-07-30 16:59:52,8.9088,8.93,11.383,470.4,24.5
3688,STARLINK-35507,66327,STARLINK-35985,66815,2026-07-30 18:33:52,6.0771,6.129,7.844,491.8,24.5
3689,STARLINK-31797,59634,STARLINK-35907,66498,2026-07-31 00:36:53,7.8225,9.987,10.025,488.5,24.5
3690,STARLINK-4701,53727,STARLINK-32305,61523,2026-07-31 00:46:53,8.6622,9.014,11.071,472.7,24.5
3691,STARLINK-6308,56534,STARLINK-33940,63831,2026-07-31 01:32:50,1.6503,5.637,2.311,492.6,24.5
3692,STARLINK-3836,52577,STARLINK-36900,67973,2026-07-30 22:42:51,4.6546,7.92,6.064,470.1,24.5
3693,STARLINK-2364,47904,STARLINK-32366,61551,2026-07-30 21:26:52,8.1772,8.178,10.461,478.3,24.5
3694,STARLINK-6178,56387,STARLINK-30797,58154,2026-07-31 04:29:53,8.8283,9.708,11.272,485.7,24.5
3695,STARLINK-30849,58245,STARLINK-35780,66974,2026-07-30 09:55:52,6.0769,7.771,7.836,492.0,24.5
3696,KUIPER-00183,67138,BLACK KITE-2,68474,2026-07-31 01:28:52,5.5015,5.631,7.117,594.7,24.5
3697,STARLINK-3668,52002,STARLINK-30604,58075,2026-07-30 10:57:53,7.0615,8.16,9.063,494.6,24.5
3698,STARLINK-32030,61513,STARLINK-35481,66247,2026-07-30 20:08:52,9.044,9.544,11.534,470.4,24.4
3699,STARLINK-6084,56111,STARLINK-32268,60372,2026-07-30 09:26:54,5.0297,8.974,6.524,489.7,24.4
3700,STARLINK-32175,60339,STARLINK-36592,68007,2026-07-30 15:05:53,8.8755,9.237,11.311,487.1,24.4
3701,STARLINK-32155,60274,STARLINK-35003,65413,2026-07-30 22:27:53,9.6073,9.611,12.222,474.7,24.4
3702,STARLINK-4299,53172,STARLINK-33605,63074,2026-07-31 01:26:52,8.9013,9.278,11.341,487.3,24.4
3703,GEISAT PRECURSOR,56934,STARLINK-37608,69037,2026-07-30 11:43:52,6.9154,7.079,8.865,477.8,24.4
3704,2024-105D,59920,STARLINK-36442,67413,2026-07-30 22:15:53,8.4926,8.65,10.829,488.1,24.4
3705,STARLINK-33857,64195,STARLINK-37381,68774,2026-07-30 21:24:52,9.4865,9.509,12.062,468.1,24.4
3706,STARLINK-32361,61933,STARLINK-34673,65090,2026-07-30 14:29:53,7.3817,8.968,9.441,481.7,24.4
3707,STARLINK-4426,53484,STARLINK-34762,65473,2026-07-31 03:15:53,4.8148,5.805,6.244,475.5,24.4
3708,STARLINK-33798,63449,STARLINK-37732,69307,2026-07-30 14:19:52,5.9832,6.054,7.698,476.6,24.4
3709,ICEYE-X34,58294,STARLINK-11576 [DTC],62993,2026-07-31 03:53:52,8.9046,9.602,11.334,350.4,24.4
3710,STARLINK-30069,56834,STARLINK-31579,59267,2026-07-30 23:50:53,8.3524,8.582,10.646,483.6,24.4
3711,STARLINK-2743,48682,STARLINK-31249,58838,2026-07-30 17:14:53,9.0475,9.091,11.506,472.1,24.4
3712,STARLINK-3286,50171,STARLINK-32438,61722,2026-07-31 02:47:53,9.5275,9.66,12.103,476.3,24.4
3713,STARLINK-33960,63966,STARLINK-35219,66443,2026-07-30 10:46:53,6.1436,6.352,7.893,491.9,24.4
3714,STARLINK-35462,65877,GUOWANG TEST OBJECT D,69323,2026-07-31 00:31:52,9.5424,9.901,12.119,475.9,24.4
3715,STARLINK-6094,56122,STARLINK-34115,63972,2026-07-30 09:08:47,0.8324,6.861,1.284,492.4,24.4
3716,STARLINK-33627,63068,STARLINK-35734,66225,2026-07-31 02:55:53,8.1966,9.962,10.443,482.6,24.4
3717,STARLINK-35574,66111,STARLINK-37354,68743,2026-07-30 14:29:52,8.5388,8.645,10.867,464.4,24.4
3718,STARLINK-31253,58830,STARLINK-37617,69314,2026-07-30 15:09:52,4.8621,6.068,6.295,473.0,24.4
3719,STARLINK-3219,49724,STARLINK-34887,65103,2026-07-31 05:58:53,9.0602,9.128,11.51,477.4,24.4
3720,STARLINK-31957,59926,STARLINK-32317,60918,2026-07-31 02:43:53,6.6087,7.285,8.463,489.9,24.4
3721,STARLINK-35114,65502,STARLINK-37503,69262,2026-07-30 15:01:52,5.5747,5.862,7.177,474.3,24.4
3722,STARLINK-35225,65626,STARLINK-37136,68347,2026-07-30 21:11:51,3.463,6.115,4.549,463.3,24.4
3723,STARLINK-35611,66427,ZORKIY-2M-5,67295,2026-07-30 13:19:53,9.2786,9.307,11.767,496.6,24.4
3724,STARLINK-36609,67582,STARLINK-37096,68239,2026-07-30 23:19:53,7.6713,7.712,9.764,477.4,24.3
3725,LEMUR-1,40044,EZIE-A,63247,2026-07-31 06:22:52,9.2289,9.51,11.695,595.3,24.3
3726,STARLINK-31795,59645,STARLINK-32729,62497,2026-07-30 20:18:53,7.953,8.016,10.109,488.4,24.3
3727,STARLINK-30597,58078,STARLINK-33832,63637,2026-07-31 06:53:53,4.7712,6.948,6.164,492.4,24.3
3728,STARLINK-32105,59689,STARLINK-35617,66422,2026-07-31 00:14:52,7.8075,7.974,9.928,487.6,24.3
3729,STARLINK-4340,53494,STARLINK-37101,68234,2026-07-30 17:45:53,4.6079,4.709,5.961,474.8,24.3
3730,VIGORIDE-3,52760,MONITOR-4 (RS57S),57182,2026-07-30 12:03:52,7.4147,7.749,9.435,492.3,24.3
3731,STARLINK-4217,52999,STARLINK-32371,60916,2026-07-30 22:50:53,9.6476,9.652,12.2,475.4,24.3
3732,STARLINK-36357,67963,STARLINK-37262,68508,2026-07-30 21:53:53,6.098,6.132,7.8,466.0,24.3
3733,STARLINK-30272,57860,STARLINK-35923,66641,2026-07-30 21:49:52,9.1551,9.185,11.586,477.7,24.3
3734,STARLINK-31358,58977,STARLINK-31852,59841,2026-07-30 16:08:53,8.952,9.53,11.333,486.9,24.3
3735,STARLINK-5705,55472,STARLINK-35394,66023,2026-07-30 11:48:52,5.4384,5.503,6.981,490.2,24.3
3736,STARLINK-30249,57618,STARLINK-35358,66564,2026-07-30 09:35:53,5.9713,5.983,7.639,485.3,24.3
3737,STARLINK-1305,45377,STARLINK-5035,53897,2026-07-31 04:27:53,9.2888,9.311,11.742,347.5,24.3
3738,STARLINK-5302,56556,STARLINK-31579,59267,2026-07-31 07:59:52,6.9421,7.151,8.835,489.7,24.3
3739,STARLINK-34513,64609,STARLINK-37141,68249,2026-07-30 13:25:53,3.6924,3.791,4.815,474.3,24.3
3740,STARLINK-30501,57917,XCUBE-1,62400,2026-07-30 09:17:53,8.3675,9.179,10.597,485.6,24.3
3741,STARLINK-3901,52574,STARLINK-32389,61549,2026-07-30 16:33:52,8.3693,9.438,10.591,472.9,24.3
3742,STARLINK-32276,60944,STARLINK-34760,65359,2026-07-30 12:18:52,3.1522,3.538,4.14,463.3,24.3
3743,STARLINK-3446,51747,STARLINK-32594,62302,2026-07-30 20:20:53,9.2798,9.295,11.705,471.1,24.3
3744,STARLINK-34240,64265,STARLINK-36746,67733,2026-07-30 08:33:52,8.8999,9.086,11.236,477.3,24.3
3745,STARLINK-3970,52706,STARLINK-33657,63370,2026-07-31 04:53:53,7.6188,9.954,9.653,472.8,24.3
3746,STARLINK-30425,57850,STARLINK-30887,58394,2026-07-31 01:16:53,5.7972,9.132,7.404,463.0,24.3
3747,STARLINK-2381,47800,STARLINK-36681,68720,2026-07-30 14:30:52,9.4515,9.855,11.913,472.0,24.3
3748,STARLINK-33591,62777,STARLINK-34200,64186,2026-07-30 17:01:53,8.7621,9.624,11.062,477.6,24.3
3749,STARLINK-32915,63152,STARLINK-34197,64184,2026-07-31 06:05:52,8.6411,9.871,10.911,488.3,24.3
3750,STARLINK-32358,61531,STARLINK-36363,67890,2026-07-30 23:56:52,6.0289,7.86,7.686,466.6,24.3
3751,STARLINK-5969,55993,STARLINK-35969,66523,2026-07-30 16:21:53,7.7634,9.955,9.826,490.8,24.3
3752,STARLINK-3829,52348,STARLINK-35340,66022,2026-07-30 19:02:52,8.1005,8.68,10.24,476.9,24.3
3753,STARLINK-2614,48380,STARLINK-35519,65919,2026-07-30 23:57:52,9.7073,9.842,12.221,474.9,24.3
3754,STARLINK-5821,57069,STARLINK-35930,66599,2026-07-31 02:46:53,2.7119,3.046,3.59,492.1,24.2
3755,STARLINK-3978,52635,TIANMU-1 19,58660,2026-07-30 20:31:52,4.4742,5.039,5.76,481.3,24.2
3756,STARLINK-5822,57064,STARLINK-36140,67034,2026-07-30 12:02:54,4.772,8.38,6.126,485.2,24.2
3757,STARLINK-4684,53595,STARLINK-37270,68727,2026-07-30 22:11:53,8.8154,9.084,11.108,469.8,24.2
3758,STARLINK-30533,58037,STARLINK-36568,68017,2026-07-30 17:01:53,7.1678,7.952,9.074,464.5,24.2
3759,STARLINK-35661,66387,STARLINK-36297,67671,2026-07-30 13:35:54,5.0889,8.678,6.51,476.1,24.2
3760,STARLINK-35456,65867,STARLINK-36621,67561,2026-07-30 21:29:52,8.1376,8.257,10.262,463.6,24.2
3761,STARLINK-32442,61729,STARLINK-37323,69516,2026-07-30 20:43:52,3.5145,3.935,4.57,463.0,24.2
3762,STARLINK-32185,60341,STARLINK-37879,69490,2026-07-30 17:33:52,9.5851,9.984,12.039,470.4,24.2
3763,STARLINK-30799,58121,RAWHIDE-2,68632,2026-07-30 20:59:54,3.1153,5.973,4.077,485.1,24.2
3764,STARLINK-4788,53863,STARLINK-32282,61006,2026-07-31 01:39:53,8.4111,8.428,10.59,469.0,24.2
3765,STARLINK-30951,58439,STARLINK-35803,66568,2026-07-30 16:59:52,3.7121,5.053,4.81,483.9,24.2
3766,STARLINK-4663,53724,STARLINK-37723,69128,2026-07-30 23:54:52,8.4404,8.758,10.623,476.4,24.2
3767,STARLINK-3282,50177,STARLINK-37527,68895,2026-07-30 22:26:52,8.7916,9.752,11.054,463.0,24.2
3768,STARLINK-30511,57978,STARLINK-36951,67990,2026-07-30 08:34:52,3.9247,4.66,5.069,492.3,24.2
3769,STARLINK-3135,49424,STARLINK-37388,68860,2026-07-30 21:13:53,8.1281,8.742,10.233,479.0,24.2
3770,STARLINK-3697,51962,STARLINK-35180,65462,2026-07-31 00:14:52,8.7108,9.061,10.948,469.3,24.2
3771,STARLINK-3352,51147,STARLINK-34891,65373,2026-07-30 17:36:52,8.8888,8.898,11.162,465.5,24.2
3772,STARLINK-30463,57909,STARLINK-32945,63118,2026-07-30 19:11:53,3.9023,3.906,5.036,484.6,24.2
3773,STARLINK-3551,51887,STARLINK-37246,68607,2026-07-30 21:45:53,4.7787,6.858,6.11,469.8,24.2
3774,STARLINK-31205,59046,STARLINK-35719,67183,2026-07-30 21:02:52,4.8616,7.132,6.21,484.5,24.2
3775,STARLINK-34796,65205,STARLINK-36802,67985,2026-07-30 15:41:52,4.7048,6.722,6.017,470.4,24.2
3776,STARLINK-2465,48124,STARLINK-37517,69254,2026-07-31 02:12:53,9.7492,9.895,12.205,473.9,24.2
3777,STARLINK-3839,52480,STARLINK-4581,53576,2026-07-31 08:12:40,0.2215,6.716,0.517,476.6,24.2
3778,STARLINK-35101,65700,STARLINK-35828,66351,2026-07-31 04:40:52,8.0071,8.028,10.068,478.2,24.2
3779,STARLINK-32274,60922,STARLINK-34878,65334,2026-07-30 10:33:53,6.0462,6.812,7.661,480.2,24.2
3780,STARLINK-31181,58746,KUIPER-00490,69595,2026-07-31 01:31:53,8.6799,9.324,10.888,488.9,24.2
3781,STARLINK-30352,57736,STARLINK-33845,63495,2026-07-30 17:08:53,7.0857,7.186,8.931,489.4,24.1
3782,STARLINK-30082,57509,STARLINK-35867,66791,2026-07-30 19:00:52,6.2434,7.387,7.898,492.0,24.1
3783,STARLINK-30767,58126,STARLINK-36420,67347,2026-07-30 11:26:53,6.1986,6.337,7.843,492.0,24.1
3784,STARLINK-31891,59854,STARLINK-35249,65901,2026-07-31 02:09:52,7.8234,9.406,9.828,482.3,24.1
3785,LAPAN-A3,41603,STARLINK-34813,66195,2026-07-30 17:05:52,9.1001,9.708,11.392,477.8,24.1
3786,STARLINK-6079,56120,STARLINK-34134,63899,2026-07-31 02:38:56,1.931,9.22,2.61,492.4,24.1
3787,STARLINK-5572,55378,STARLINK-34486,64597,2026-07-30 14:19:52,8.8983,9.073,11.141,487.9,24.1
3788,STARLINK-31011,58517,STARLINK-33861,63678,2026-07-30 13:19:52,4.792,6.129,6.112,484.4,24.1
3789,STARLINK-5782,56034,STARLINK-32711,62435,2026-07-30 16:23:52,5.4018,7.727,6.855,489.7,24.1
3790,STARLINK-6290,57328,STARLINK-35608,66508,2026-07-30 20:48:53,6.2531,8.201,7.897,485.4,24.1
3791,STARLINK-3517,51735,STARLINK-30856,58725,2026-07-31 00:31:52,7.7769,9.354,9.761,475.5,24.1
3792,STARLINK-34552,64731,STARLINK-35055,65524,2026-07-30 23:30:52,6.0861,8.802,7.691,477.1,24.1
3793,STARLINK-3130,49437,STARLINK-4514,53551,2026-07-30 14:38:53,9.2006,9.893,11.5,464.9,24.1
3794,POLYTECH-UNIVERSE 3 (R*),57191,TRANSPORTER-16 OBJECT A,68416,2026-07-30 19:49:52,9.2182,9.225,11.513,507.3,24.1
3795,STARLINK-30405,57851,STARLINK-37206,68326,2026-07-30 17:42:51,5.1499,9.621,6.537,485.8,24.1
3796,STARLINK-6310,56533,STARLINK-35389,66434,2026-07-30 11:09:52,5.0387,5.041,6.4,492.8,24.1
3797,STARLINK-34686,65087,STARLINK-36937,68113,2026-07-30 17:36:53,8.8984,9.902,11.115,470.8,24.1
3798,STARLINK-2446,47844,STARLINK-34553,64681,2026-07-30 14:11:53,8.4799,8.516,10.603,462.7,24.1
3799,STARLINK-3652,51991,STARLINK-34881,65347,2026-07-31 05:56:53,9.4976,9.501,11.845,475.9,24.1
3800,STARLINK-4408,53206,STARLINK-37758,69219,2026-07-31 03:41:51,4.1611,7.364,5.326,482.2,24.1
3801,STARLINK-32229,60436,STARLINK-32444,62073,2026-07-30 18:17:53,1.7436,1.77,2.373,461.9,24.1
3802,STARLINK-34264,64277,STARLINK-37266,68780,2026-07-30 17:52:52,8.1308,9.851,10.171,465.2,24.1
3803,STARLINK-31028,58516,STARLINK-36497,67323,2026-07-31 03:23:52,7.7551,8.743,9.711,487.3,24.1
3804,STARLINK-2221,48571,STARLINK-35220,65661,2026-07-31 02:43:53,7.1382,8.61,8.954,481.5,24.1
3805,STARLINK-32546,62134,STARLINK-35539,65915,2026-07-31 06:56:52,9.1039,9.117,11.35,486.2,24.1
3806,STARLINK-33845,63495,STARLINK-33866,63653,2026-07-30 20:38:53,5.9648,6.11,7.519,489.2,24.1
3807,STARLINK-30071,56708,STARLINK-32714,62499,2026-07-30 12:23:56,0.8872,5.003,1.326,492.6,24.1
3808,STARLINK-2459,48119,STARLINK-33908,63700,2026-07-30 20:37:52,5.4121,5.728,6.844,485.4,24.1
3809,STARLINK-6095,56101,STARLINK-34092,63904,2026-07-31 02:09:54,0.9307,2.008,1.379,484.1,24.1
3810,STARLINK-4439,53498,STARLINK-35850,66352,2026-07-31 00:31:53,6.108,7.633,7.689,477.1,24.1
3811,STARLINK-32653,62199,STARLINK-35962,66518,2026-07-31 06:49:46,0.8688,8.345,1.303,492.4,24.1
3812,STARLINK-1983,47630,STARLINK-37300,68682,2026-07-31 07:23:52,4.8214,5.997,6.12,479.9,24.1
3813,STARLINK-31911,60587,STARLINK-35014,65429,2026-07-30 19:11:52,5.7204,5.723,7.215,474.8,24.1
3814,STARLINK-5661,55343,STARLINK-34043,63823,2026-07-31 07:43:52,7.6789,7.889,9.6,487.5,24.0
3815,STARLINK-31396,59409,STARLINK-35782,67182,2026-07-31 03:12:53,6.1146,6.285,7.693,485.7,24.0
3816,STARLINK-1569,46039,STARLINK-32580,62075,2026-07-30 16:59:53,4.4376,7.14,5.648,472.4,24.0
3817,STARLINK-36070,66864,ZORKIY-2M-VPE,67252,2026-07-30 11:21:52,6.056,7.491,7.618,494.7,24.0
3818,STARLINK-30328,57638,STARLINK-34879,65377,2026-07-30 23:37:53,8.2524,8.388,10.293,482.7,24.0
3819,STARLINK-32645,62321,STARLINK-34516,64605,2026-07-31 07:42:52,9.5859,9.854,11.906,471.5,24.0
3820,STARLINK-32251,60940,STARLINK-37054,68082,2026-07-31 05:38:52,3.8794,4.205,4.963,475.2,24.0
3821,CUBESX-HSE 3 (RS42S),57178,STARLINK-33768,63454,2026-07-30 17:22:52,8.7644,8.962,10.902,478.0,24.0
3822,STARLINK-4705,53723,STARLINK-32014,60150,2026-07-30 15:32:54,3.7228,6.051,4.77,460.7,24.0
3823,YAOGAN-35 01A,49390,STARLINK-30452,57925,2026-07-30 20:25:53,6.74,8.56,8.439,485.4,24.0
3824,STARLINK-34504,64600,STARLINK-36498,67318,2026-07-31 02:49:52,8.9006,8.924,11.064,488.3,24.0
3825,STARLINK-3796,52372,STARLINK-4368,53234,2026-07-31 06:02:54,4.8051,9.002,6.085,464.1,24.0
3826,STARLINK-4000,52605,STARLINK-4297,53543,2026-07-30 22:15:53,9.1925,9.197,11.418,465.0,24.0
3827,STARLINK-30766,58125,STARLINK-35810,66575,2026-07-31 04:18:53,7.8975,8.041,9.84,490.8,24.0
3828,STARLINK-3933,52538,STARLINK-35489,65857,2026-07-31 06:38:52,9.4717,9.641,11.751,472.9,24.0
3829,STARLINK-6124,56126,STARLINK-33836,63642,2026-07-31 04:10:52,7.8885,8.711,9.826,488.0,24.0
3830,STARLINK-31777,59619,STARLINK-33701,63464,2026-07-31 02:53:53,7.8908,7.923,9.827,487.5,24.0
3831,STARLINK-31667,59609,STARLINK-34284,64212,2026-07-30 20:30:52,8.8073,8.929,10.939,487.9,24.0
3832,STARLINK-2453,47845,STARLINK-34814,65100,2026-07-30 22:35:52,8.7822,8.802,10.908,477.8,24.0
3833,STARLINK-31031,58711,STARLINK-34410,64440,2026-07-30 16:32:52,9.2484,9.25,11.467,474.9,24.0
3834,STARLINK-2658,48473,STARLINK-32077,60344,2026-07-30 09:49:53,8.2593,8.451,10.265,474.9,24.0
3835,STARLINK-2618,48693,STARLINK-36764,68963,2026-07-30 16:14:53,9.8485,9.891,12.193,473.4,24.0
3836,STARLINK-3769,52300,STARLINK-36297,67671,2026-07-31 04:48:52,7.9838,8.925,9.929,476.1,24.0
3837,STARLINK-3690,51964,STARLINK-3836,52577,2026-07-31 01:54:52,8.8056,9.37,10.926,469.5,24.0
3838,STARLINK-31523,59220,STARLINK-37618,69228,2026-07-30 16:38:52,4.9269,7.41,6.216,469.6,24.0
3839,STARLINK-5699,55449,STARLINK-36799,67958,2026-07-31 06:02:52,7.8295,8.958,9.731,487.5,24.0
3840,STARLINK-2711,48673,STARLINK-31034,58785,2026-07-30 13:20:53,9.6349,9.672,11.918,472.1,24.0
3841,STARLINK-5960,56920,STARLINK-33672,63326,2026-07-31 02:57:51,2.7371,6.165,3.558,483.8,24.0
3842,STARLINK-34265,64192,STARLINK-34895,65349,2026-07-31 01:07:53,8.2728,8.279,10.263,484.8,24.0
3843,STARLINK-30438,58035,STARLINK-30826,58188,2026-07-30 19:07:52,5.7709,8.692,7.23,490.2,23.9
3844,STARLINK-6126,56124,STARLINK-34125,63901,2026-07-31 02:27:49,1.9549,8.357,2.609,492.6,23.9
3845,STARLINK-30333,57702,STARLINK-35887,66959,2026-07-30 13:10:53,6.0987,6.221,7.625,486.0,23.9
3846,STARLINK-1506,45747,STARLINK-30052,57611,2026-07-31 04:29:52,6.7111,7.261,8.363,482.4,23.9
3847,STARLINK-32332,62490,STARLINK-34681,66438,2026-07-31 07:34:57,0.8987,6.422,1.329,484.3,23.9
3848,STARLINK-2164,47750,STARLINK-37888,69535,2026-07-30 19:51:52,9.1802,9.882,11.336,470.0,23.9
3849,STARLINK-30181,57444,STARLINK-36909,67946,2026-07-30 20:53:52,4.906,5.425,6.169,492.2,23.9
3850,STARLINK-34938,65236,STARLINK-34249,65376,2026-07-30 13:02:52,5.3309,5.919,6.681,476.1,23.9
3851,STARLINK-5772,56024,STARLINK-32819,62995,2026-07-30 14:03:52,6.3192,6.476,7.864,492.3,23.9
3852,STARLINK-31380,58979,STARLINK-37215,68392,2026-07-30 10:20:51,4.5521,7.901,5.732,472.8,23.9
3853,STARLINK-3456,51759,GEISAT PRECURSOR,56934,2026-07-30 17:29:53,5.2783,5.451,6.608,464.4,23.9
3854,STARLINK-35666,66222,STARLINK-36286,69162,2026-07-30 09:46:50,1.7605,6.117,2.365,475.3,23.9
3855,STARLINK-31913,59667,STARLINK-32549,62118,2026-07-31 07:44:53,6.293,8.501,7.829,492.3,23.9
3856,STARLINK-31801,59647,STARLINK-35551,66200,2026-07-31 02:28:52,7.5972,7.649,9.399,489.5,23.9
3857,STARLINK-5401,54870,STARLINK-32372,61960,2026-07-30 17:39:53,4.0007,4.1,5.063,492.6,23.9
3858,HAWK-2C,47502,STARLINK-35063,65528,2026-07-30 10:09:55,2.3743,8.3,3.102,480.4,23.9
3859,STARLINK-30160,57441,STARLINK-35637,66130,2026-07-31 04:50:51,6.0987,9.78,7.59,489.8,23.9
3860,STARLINK-30598,58079,STARLINK-32488,62125,2026-07-31 05:58:53,4.0273,4.637,5.093,492.6,23.9
3861,STARLINK-32263,60371,STARLINK-36087,66854,2026-07-31 04:08:52,7.5378,7.539,9.322,488.9,23.9
3862,STARLINK-35831,66374,STARLINK-37524,68842,2026-07-30 11:27:53,7.1285,8.073,8.828,476.8,23.9
3863,STARLINK-36992,68149,STARLINK-36735,68976,2026-07-31 05:23:53,8.6245,9.403,10.629,464.1,23.9
3864,STARLINK-5387,54842,STARLINK-36085,67035,2026-07-30 17:38:51,6.1274,9.862,7.62,492.2,23.9
3865,STARLINK-2633,48435,STARLINK-37029,68271,2026-07-30 18:05:53,9.6444,9.993,11.853,476.8,23.9
3866,STARLINK-30843,58241,STARLINK-35505,66329,2026-07-30 20:51:53,4.9273,4.946,6.174,492.3,23.9
3867,STARLINK-1286,45417,STARLINK-1771,46384,2026-07-30 16:56:53,9.4752,9.572,11.647,371.7,23.9
3868,STARLINK-30213,57504,STARLINK-34009,63849,2026-07-30 22:59:54,4.0029,8.52,5.058,492.5,23.8
3869,STARLINK-31035,58532,STARLINK-35022,65409,2026-07-30 12:32:52,9.9528,9.992,12.216,474.4,23.8
3870,STARLINK-2605,48392,STARLINK-32475,61728,2026-07-31 06:05:53,8.9629,9.944,11.022,469.9,23.8
3871,STARLINK-31723,59553,STARLINK-34141,64020,2026-07-30 22:18:52,0.8934,1.467,1.315,493.1,23.8
3872,STARLINK-3075,49409,STARLINK-35948,66633,2026-07-30 19:13:52,8.11,8.245,9.993,465.3,23.8
3873,STARLINK-4598,53630,ARCSTONE,64540,2026-07-31 07:56:53,5.6155,7.488,6.992,480.3,23.8
3874,STARLINK-31466,59420,STARLINK-32919,63150,2026-07-31 05:44:52,2.7835,2.965,3.586,484.5,23.8
3875,STARLINK-3132,49457,STARLINK-4217,52999,2026-07-30 08:37:53,8.9116,9.367,10.951,478.3,23.8
3876,STARLINK-5364,55491,STARLINK-36422,67344,2026-07-31 06:39:52,6.1661,8.497,7.651,485.5,23.8
3877,STARLINK-30787,58128,STARLINK-36423,67448,2026-07-30 20:03:53,5.1253,5.221,6.398,485.5,23.8
3878,STARLINK-6289,56408,STARLINK-36034,66609,2026-07-31 00:35:53,7.6541,8.235,9.434,491.1,23.8
3879,STARLINK-4673,53589,STARLINK-36273,68166,2026-07-30 09:35:53,8.7698,8.848,10.773,476.4,23.8
3880,STARLINK-34031,63912,BANDWAGON-4 OBJECT P,66306,2026-07-30 14:22:52,8.3329,9.843,10.247,491.7,23.8
3881,STARLINK-5952,56923,STARLINK-35764,67109,2026-07-31 04:40:53,6.3615,6.667,7.876,485.6,23.8
3882,STARLINK-32909,62894,STARLINK-36113,66982,2026-07-31 04:08:52,3.9707,4.148,5.003,484.4,23.8
3883,STARLINK-36419,67584,STARLINK-36970,68071,2026-07-31 06:02:51,6.0846,9.861,7.537,476.7,23.8
3884,STARLINK-2643,48367,STARLINK-30426,57848,2026-07-30 15:32:51,4.8911,7.992,6.105,485.6,23.8
3885,STARLINK-31982,60022,STARLINK-37255,68554,2026-07-31 06:15:53,5.8088,5.968,7.205,475.3,23.8
3886,STARLINK-32103,59688,STARLINK-32351,61529,2026-07-30 15:03:53,8.275,8.376,10.159,482.8,23.8
3887,STARLINK-31821,59737,STARLINK-32460,61914,2026-07-31 00:05:52,6.3425,8.861,7.84,486.0,23.8
3888,STARLINK-3962,52708,STARLINK-4762,53866,2026-07-30 21:57:52,8.9441,9.992,10.956,471.2,23.8
3889,STARLINK-31035,58532,STARLINK-37636,69143,2026-07-30 10:41:52,7.0468,7.371,8.682,477.5,23.8
3890,STARLINK-6261,56417,STARLINK-33846,63780,2026-07-31 04:52:52,7.8035,7.906,9.586,487.5,23.8
3891,STARLINK-5778,57149,STARLINK-32495,62052,2026-07-30 19:22:50,0.8774,3.066,1.29,484.3,23.8
3892,STARLINK-32296,61524,STARLINK-35418,65879,2026-07-30 20:25:52,9.6833,9.688,11.831,471.2,23.8
3893,STARLINK-35606,66171,STARLINK-35485,66251,2026-07-31 00:40:53,9.3114,9.312,11.382,470.1,23.8
3894,STARLINK-35690,66383,STARLINK-36995,68143,2026-07-31 01:25:53,5.7031,8.37,7.063,467.3,23.7
3895,STARLINK-3669,51971,STARLINK-37004,68089,2026-07-30 13:07:52,9.7338,9.78,11.882,476.9,23.7
3896,STARLINK-31900,59942,STARLINK-36829,67957,2026-07-31 04:45:53,8.0143,8.194,9.824,487.7,23.7
3897,STARLINK-32183,60433,STARLINK-34063,64185,2026-07-31 01:51:52,8.8882,9.111,10.869,478.1,23.7
3898,STARLINK-6217,57058,STARLINK-36570,67640,2026-07-31 06:38:50,1.9983,6.139,2.629,484.3,23.7
3899,STARLINK-2570,48405,STARLINK-37243,68608,2026-07-30 12:09:53,5.0626,5.097,6.292,473.5,23.7
3900,STARLINK-3341,50817,STARLINK-35540,66151,2026-07-31 02:48:53,9.0278,9.423,11.033,465.3,23.7
3901,STARLINK-4254,52998,STARLINK-35845,66366,2026-07-30 20:34:52,8.746,8.932,10.696,470.1,23.7
3902,STARLINK-5215,54759,STARLINK-37264,68729,2026-07-31 08:15:53,5.6703,7.334,7.017,481.3,23.7
3903,STARLINK-31874,60603,STARLINK-34927,65196,2026-07-30 12:56:52,8.5695,9.958,10.478,477.8,23.7
3904,STARLINK-2422,47832,STARLINK-32851,62810,2026-07-30 20:49:53,5.2878,6.866,6.555,485.2,23.7
3905,STARLINK-5118,53991,STARLINK-33670,63413,2026-07-30 19:31:53,7.0582,8.349,8.669,493.7,23.7
3906,STARLINK-30430,57849,STARLINK-35921,66640,2026-07-31 06:19:52,9.5253,9.64,11.605,483.9,23.7
3907,STARLINK-6245,57079,STARLINK-36152,66968,2026-07-31 07:00:53,4.9408,7.334,6.134,484.3,23.7
3908,STARLINK-34771,65078,STARLINK-36390,67886,2026-07-31 00:27:53,7.6481,9.125,9.363,483.8,23.7
3909,STARLINK-32309,61676,STARLINK-34857,65102,2026-07-31 02:06:53,5.5075,5.771,6.807,474.6,23.7
3910,STARLINK-32337,61643,STARLINK-34828,65353,2026-07-31 05:14:53,9.1466,9.225,11.139,485.0,23.7
3911,STARLINK-34401,64757,STARLINK-37736,69226,2026-07-31 02:42:53,7.6017,7.612,9.296,464.3,23.7
3912,STARLINK-3194,49758,STARLINK-37063,68079,2026-07-30 11:10:54,1.6101,4.32,2.156,475.1,23.7
3913,STARLINK-32458,61962,BANDWAGON-4 OBJECT N,66305,2026-07-30 14:35:52,8.5895,8.589,10.466,489.3,23.7
3914,STARLINK-6172,57130,FLOCK 4G-12,62625,2026-07-30 10:25:53,9.6743,9.879,11.755,482.1,23.7
3915,STARLINK-4546,53422,STARLINK-34847,65211,2026-07-31 01:45:50,1.534,5.09,2.064,461.7,23.7
3916,STARLINK-6232,57085,STARLINK-35680,66610,2026-07-31 08:21:55,2.7591,7.713,3.521,484.3,23.7
3917,STARLINK-2672,48650,STARLINK-36932,68331,2026-07-30 23:18:53,9.1345,9.642,11.105,469.6,23.7
3918,STARLINK-33643,63381,STARLINK-36586,67548,2026-07-31 01:16:54,4.6813,8.693,5.805,471.0,23.7
3919,STARLINK-31941,59866,STARLINK-34162,64018,2026-07-31 04:20:53,6.3879,6.442,7.832,492.1,23.6
3920,STARLINK-32794,62844,STARLINK-37173,68536,2026-07-30 22:09:53,9.3387,9.669,11.34,489.6,23.6
3921,STARLINK-34825,65692,STARLINK-36287,67708,2026-07-30 17:48:53,8.4285,8.465,10.252,465.1,23.6
3922,STARLINK-2643,48367,STARLINK-30426,57848,2026-07-30 16:19:52,4.9476,6.917,6.116,472.6,23.6
3923,STARLINK-34360,64304,KORSAT-4,66293,2026-07-30 23:12:53,8.2024,8.825,9.982,574.3,23.6
3924,STARLINK-34323,64219,STARLINK-36953,68010,2026-07-31 00:44:53,8.6244,9.342,10.483,483.2,23.6
3925,IRIS-F2,62684,BANDWAGON-4 OBJECT N,66305,2026-07-31 07:15:52,7.462,7.462,9.101,485.8,23.6
3926,STARLINK-32211,60270,STARLINK-35071,65477,2026-07-31 03:57:52,9.864,9.962,11.953,468.1,23.6
3927,STARLINK-32579,61922,FLOCK 4G-31,62652,2026-07-30 17:34:52,9.5826,9.782,11.614,481.3,23.6
3928,COSMOS 2575,58929,STARLINK-11606 [DTC],63559,2026-07-31 02:09:52,9.0928,9.348,11.03,349.8,23.6
3929,STARLINK-5683,55452,STARLINK-36128,66873,2026-07-31 03:28:52,0.885,1.129,1.288,484.2,23.6
3930,STARLINK-4263,53010,STARLINK-33894,63697,2026-07-30 12:20:53,8.0312,8.32,9.766,475.6,23.6
3931,STARLINK-4108,52834,STARLINK-6094,56122,2026-07-31 02:21:54,3.2076,5.888,4.042,491.1,23.6
3932,STARLINK-4207,52871,STARLINK-35122,65510,2026-07-31 03:39:52,8.831,9.321,10.71,463.6,23.6
3933,STARLINK-3370,51127,STARLINK-32654,62322,2026-07-31 06:34:53,8.8792,9.266,10.767,469.2,23.6
3934,NUSAT-41 (C PAYNE-G),56944,STARLINK-37025,68223,2026-07-31 00:33:52,9.3691,9.429,11.345,468.6,23.6
3935,STARLINK-35308,65848,STARLINK-37409,68819,2026-07-30 11:13:53,8.9336,9.516,10.822,464.4,23.6
3936,STARLINK-30434,57875,STARLINK-32093,59701,2026-07-30 15:28:53,7.9036,8.339,9.599,487.9,23.6
3937,STARLINK-34859,65348,STARLINK-37184,68393,2026-07-31 08:06:53,9.5518,9.8,11.551,477.8,23.6
3938,STARLINK-30981,58494,STARLINK-33954,63863,2026-07-30 20:45:59,0.9296,9.081,1.338,484.4,23.6
3939,STARLINK-30356,57748,STARLINK-35591,66984,2026-07-30 18:43:52,8.2562,8.642,10.015,488.2,23.6
3940,STARLINK-2422,47832,STARLINK-32851,62810,2026-07-30 20:02:53,5.3459,7.169,6.567,472.6,23.6
3941,STARLINK-3265,50180,STARLINK-34302,65216,2026-07-30 10:30:52,8.5946,8.656,10.414,478.4,23.6
3942,STARLINK-3703,52101,STARLINK-30548,58046,2026-07-30 21:18:53,4.7338,4.747,5.842,473.8,23.6
3943,STARLINK-34266,65093,STARLINK-37528,68904,2026-07-31 02:31:52,5.341,5.754,6.56,468.5,23.6
3944,UNISAT-6,40012,STARLINK-5928,55958,2026-07-30 13:02:52,9.6907,9.734,11.7,587.8,23.6
3945,STARLINK-4538,53430,STARLINK-36719,67648,2026-07-31 04:40:53,8.0193,8.37,9.72,476.1,23.6
3946,STARLINK-5665,55361,STARLINK-32639,62153,2026-07-31 08:14:52,7.7865,8.36,9.445,487.0,23.6
3947,STARLINK-34119,63895,STARLINK-35532,66091,2026-07-30 19:09:53,5.4161,5.569,6.64,489.7,23.6
3948,STARLINK-1569,46039,STARLINK-32580,62075,2026-07-30 17:46:54,4.5701,7.286,5.638,485.6,23.5
3949,STARLINK-3934,52675,STARLINK-30446,57872,2026-07-30 13:03:54,3.0569,5.001,3.848,491.3,23.5
3950,STARLINK-30613,58077,STARLINK-32548,62120,2026-07-31 01:10:53,4.1109,5.087,5.093,492.4,23.5
3951,STARLINK-2029,48320,STARLINK-36940,68027,2026-07-31 05:16:52,4.7014,7.045,5.788,475.7,23.5
3952,FLOCK 4G-31,62652,STARLINK-36926,67999,2026-07-30 11:47:53,6.2839,6.746,7.656,484.2,23.5
3953,STARLINK-30214,57411,STARLINK-34159,63952,2026-07-30 21:52:53,4.9783,5.165,6.114,484.8,23.5
3954,STARLINK-32391,61855,STARLINK-35132,66461,2026-07-30 23:56:52,4.0867,4.163,5.061,484.5,23.5
3955,STARLINK-1456,45673,JILIN-1 GAOFEN 03D09,53445,2026-07-31 02:22:52,8.7375,9.238,10.544,349.7,23.5
3956,STARLINK-30766,58125,STARLINK-35608,66508,2026-07-31 08:14:53,8.0511,8.234,9.734,488.0,23.5
3957,STARLINK-30111,56302,2024-018A,58849,2026-07-31 07:12:51,3.8184,8.626,4.74,486.2,23.5
3958,STARLINK-34897,65212,STARLINK-35105,65543,2026-07-31 05:41:52,8.4133,8.866,10.158,464.4,23.5
3959,STARLINK-30593,58112,STARLINK-32781,62848,2026-07-30 17:08:53,8.8582,9.011,10.682,483.4,23.5
3960,STARLINK-31148,58741,STARLINK-33878,63862,2026-07-30 17:44:52,8.1331,8.692,9.826,487.6,23.5
3961,STARLINK-31769,59617,STARLINK-33935,63791,2026-07-31 00:47:51,0.9217,1.981,1.322,492.5,23.5
3962,STARLINK-2621,48370,HAWK-11C,62381,2026-07-30 23:42:48,0.9418,5.729,1.345,474.4,23.5
3963,STARLINK-31286,59082,STARLINK-36430,67326,2026-07-31 01:32:56,0.9025,5.012,1.298,492.6,23.5
3964,STARLINK-2620,48453,STARLINK-4080,52835,2026-07-30 12:31:53,8.8987,9.277,10.712,485.7,23.5
3965,STARLINK-35575,66165,STARLINK-37657,69145,2026-07-30 19:09:53,7.8792,8.455,9.51,464.6,23.5
3966,STARLINK-3757,52539,STARLINK-37734,69305,2026-07-30 16:46:53,5.7006,6.825,6.941,468.7,23.5
3967,STARLINK-5371,55489,STARLINK-34126,64083,2026-07-30 13:25:53,8.064,8.247,9.718,487.4,23.5
3968,STARLINK-4672,53592,STARLINK-32036,60141,2026-07-30 23:23:53,4.8394,4.935,5.925,461.1,23.5
3969,STARLINK-3679,51973,STARLINK-34227,64178,2026-07-31 01:23:54,4.6287,7.365,5.675,472.4,23.5
3970,SPIP,58298,STARLINK-31225,59040,2026-07-30 20:03:52,5.7621,5.879,7.007,489.7,23.5
3971,STARLINK-32287,60358,STARLINK-36473,67325,2026-07-30 23:57:53,8.5241,9.703,10.244,482.7,23.4
3972,ASTROCAST-0404,55112,STARLINK-31773,59429,2026-07-30 19:47:52,5.6601,5.66,6.88,479.2,23.4
3973,STARLINK-5371,55489,STARLINK-34126,64083,2026-07-30 23:37:53,8.0739,8.37,9.712,491.7,23.4
3974,STARLINK-32341,61639,STARLINK-35427,66110,2026-07-30 23:48:52,6.8739,9.654,8.302,489.6,23.4
3975,STARLINK-4050,53274,STARLINK-36327,67738,2026-07-30 19:47:51,4.772,8.439,5.834,473.2,23.4
3976,STARLINK-5915,55987,STARLINK-36463,67315,2026-07-31 03:38:52,6.3115,6.791,7.64,492.4,23.4
3977,STARLINK-5240,54187,STARLINK-34463,64598,2026-07-31 00:47:54,3.9038,9.029,4.815,475.1,23.4
3978,STARLINK-35078,65523,STARLINK-37052,68179,2026-07-30 17:33:52,6.1265,6.701,7.42,477.2,23.4
3979,STARLINK-6156,56374,STARLINK-32539,62022,2026-07-30 23:58:53,7.2994,7.302,8.793,489.6,23.4
3980,JILIN-1 06,43024,STARLINK-4662,53738,2026-07-31 01:21:53,5.0471,6.867,6.148,475.3,23.4
3981,STARLINK-31389,59013,STARLINK-32029,60145,2026-07-31 08:05:53,8.8535,9.617,10.605,469.1,23.4
3982,STARLINK-32423,61218,STARLINK-36780,67866,2026-07-31 07:37:53,8.7415,9.806,10.473,469.0,23.4
3983,STARLINK-6209,56877,STARLINK-36098,66816,2026-07-31 05:25:53,2.0336,2.417,2.615,484.4,23.4
3984,STARLINK-31430,59375,STARLINK-37556,69660,2026-07-31 08:07:52,6.9231,9.734,8.337,465.7,23.4
3985,STARLINK-5210,54082,STARLINK-5421,54799,2026-07-30 20:49:52,3.7584,3.826,4.632,539.1,23.4
3986,STARLINK-1591,46045,STARLINK-34892,65350,2026-07-31 07:54:52,6.4691,7.58,7.802,470.7,23.4
3987,STARLINK-35740,66210,STARLINK-37419,69197,2026-07-31 05:34:53,5.9712,6.14,7.218,462.4,23.4
3988,STARLINK-2105,47385,STARLINK-36853,68097,2026-07-30 21:12:53,9.6334,9.832,11.5,469.9,23.4
3989,STARLINK-6351,57240,STARLINK-31206,59028,2026-07-31 00:31:53,4.0793,4.85,5.004,484.9,23.4
3990,STARLINK-30971,58443,STARLINK-34224,64251,2026-07-30 16:33:53,6.3657,6.368,7.677,492.3,23.4
3991,STARLINK-5445,54790,STARLINK-34465,64438,2026-07-30 17:06:53,3.396,5.12,4.204,473.6,23.4
3992,2024-153E,60749,STARLINK-36592,68007,2026-07-30 16:50:53,6.3624,6.526,7.671,487.7,23.4
3993,STARLINK-3513,51756,STARLINK-5470,54776,2026-07-31 06:28:53,7.7013,7.724,9.235,462.5,23.4
3994,STARLINK-30790,58127,STARLINK-35673,66492,2026-07-30 23:23:53,8.3746,9.159,10.022,494.2,23.4
3995,STARLINK-35064,65531,STARLINK-35904,66627,2026-07-31 00:36:53,9.0503,9.715,10.802,483.7,23.4
3996,SHIJIAN-16 (SJ-16),39358,STARLINK-32923,63097,2026-07-30 16:35:53,7.7237,7.973,9.25,576.9,23.3
3997,STARLINK-2446,47844,STARLINK-31007,58889,2026-07-30 17:37:53,6.2505,6.854,7.528,462.7,23.3
3998,HULIANWANG DIGUI-108,66918,HULIANWANG DIGUI-157,68131,2026-07-30 14:47:53,6.5494,6.749,7.876,1150.9,23.3
3999,STARLINK-3811,52383,STARLINK-37017,68108,2026-07-30 17:32:52,8.7595,8.893,10.451,479.1,23.3
4000,STARLINK-3642,51989,STARLINK-32459,61715,2026-07-31 04:50:53,3.905,5.129,4.788,462.2,23.3
4001,STARLINK-5280,54166,STARLINK-34294,64599,2026-07-31 02:36:53,3.9273,4.23,4.813,475.6,23.3
4002,STARLINK-34850,65460,STARLINK-35104,65631,2026-07-31 06:58:51,4.0654,7.702,4.971,475.4,23.3
4003,STARLINK-35633,66162,STARLINK-37576,69047,2026-07-31 00:49:53,6.7618,6.861,8.107,465.7,23.3
4004,STARLINK-2661,48469,STARLINK-37713,69212,2026-07-30 20:42:54,4.9912,7.915,6.044,479.9,23.3
4005,STARLINK-30243,57648,STARLINK-33655,63424,2026-07-30 16:39:00,0.9499,9.574,1.338,484.4,23.3
4006,STARLINK-37293,68978,STARLINK-37949,69671,2026-07-30 16:50:52,7.5772,7.734,9.05,465.3,23.3
4007,STARLINK-31946,59940,STARLINK-32082,60346,2026-07-31 07:43:52,7.9833,9.64,9.522,481.3,23.3
4008,STARLINK-35183,65646,STARLINK-36312,67609,2026-07-30 12:32:52,9.3047,9.392,11.059,470.9,23.3
4009,STARLINK-35417,66335,STARLINK-36041,66798,2026-07-30 12:46:52,6.5416,6.594,7.844,492.0,23.3
4010,HORS 2,57196,STARLINK-35141,65644,2026-07-31 05:32:53,8.7986,9.476,10.469,479.7,23.3
4011,STARLINK-5050,53890,STARLINK-5476,57258,2026-07-30 14:08:52,5.6628,8.591,6.818,481.8,23.3
4012,STARLINK-30041,57613,STARLINK-32612,61972,2026-07-30 17:03:53,6.5892,6.934,7.893,492.0,23.3
4013,STARLINK-2055,47358,STARLINK-4580,53579,2026-07-30 17:17:54,2.8936,6.794,3.596,476.2,23.3
4014,STARLINK-31009,58530,STARLINK-32008,60028,2026-07-30 22:56:52,8.0879,9.494,9.634,489.9,23.3
4015,STARLINK-37042,68266,STARLINK-37146,68555,2026-07-30 17:41:51,3.7057,8.977,4.537,474.9,23.3
4016,STARLINK-30988,58529,STARLINK-34140,64085,2026-07-31 00:24:52,6.5695,6.731,7.863,491.2,23.3
4017,STARLINK-30848,58240,STARLINK-32915,63152,2026-07-31 00:42:52,6.5576,7.06,7.849,485.3,23.3
4018,STARLINK-6081,56108,STARLINK-35904,66627,2026-07-30 19:42:53,8.3638,8.738,9.947,489.1,23.3
4019,CS1,49261,STARLINK-35014,65429,2026-07-30 17:03:53,4.9084,5.241,5.933,469.1,23.3
4020,STARLINK-34227,64178,STARLINK-36551,67493,2026-07-30 12:18:52,6.1748,6.545,7.398,489.7,23.3
4021,STARLINK-6139,57109,STARLINK-36633,67632,2026-07-30 23:08:52,8.2763,8.498,9.835,491.5,23.2
4022,STARLINK-31732,60099,STARLINK-33571,63386,2026-07-31 06:00:49,1.9949,9.803,2.547,475.2,23.2
4023,STARLINK-4278,53182,STARLINK-35824,66370,2026-07-30 09:32:53,6.1123,6.422,7.323,473.6,23.2
4024,STARLINK-5126,54012,QPS-SAR-5 (TSUKUYOMI-I),58578,2026-07-30 09:56:53,9.1353,9.837,10.83,486.8,23.2
4025,STARLINK-30426,57848,STARLINK-32546,62134,2026-07-30 21:52:53,5.1556,7.441,6.213,489.9,23.2
4026,STARLINK-31125,58678,STARLINK-32321,61065,2026-07-30 10:57:53,9.242,9.395,10.95,484.3,23.2
4027,STARLINK-3681,51968,STARLINK-35155,65935,2026-07-31 02:30:53,9.7249,9.912,11.509,477.6,23.2
4028,STARLINK-4021,53149,STARLINK-35468,66118,2026-07-30 13:38:53,9.7648,9.946,11.548,480.9,23.2
4029,STARLINK-31987,60017,STARLINK-37307,68681,2026-07-30 08:54:53,6.8222,9.094,8.137,469.8,23.2
4030,STARLINK-32934,63200,STARLINK-35812,66574,2026-07-31 02:43:53,6.5639,6.759,7.836,491.8,23.2
4031,STARLINK-4190,53001,STARLINK-5245,54168,2026-07-30 19:00:53,7.2574,7.684,8.637,474.9,23.2
4032,STARLINK-3567,51871,PREFIRE-1,59965,2026-07-31 01:17:53,8.6259,8.833,10.214,512.3,23.2
4033,STARLINK-6216,56893,STARLINK-32151,60299,2026-07-30 21:07:53,6.3246,6.869,7.55,489.9,23.2
4034,STARLINK-34654,64858,COSMOS 2614,68764,2026-07-30 08:54:53,7.6573,7.877,9.091,563.0,23.2
4035,STARLINK-3726,52122,STARLINK-37158,68343,2026-07-30 22:15:52,8.6428,8.667,10.23,465.8,23.2
4036,STARLINK-30589,58103,STARLINK-31309,59164,2026-07-30 11:19:52,9.4423,9.535,11.153,484.7,23.2
4037,STARLINK-3148,49736,STARLINK-33618,63374,2026-07-31 01:43:52,8.97,9.145,10.606,463.2,23.2
4038,STARLINK-30603,58080,STARLINK-35986,66853,2026-07-30 23:31:53,6.4082,7.964,7.643,491.9,23.2
4039,STARLINK-3892,52488,STARLINK-30268,57531,2026-07-30 14:36:52,9.0054,9.008,10.644,483.5,23.2
4040,STARLINK-3181,51461,FLOCK 4H-5,66708,2026-07-31 02:46:52,8.0941,8.14,9.587,519.4,23.2
4041,STARLINK-2684,48471,STARLINK-32268,60372,2026-07-30 11:26:53,8.9594,9.113,10.585,475.2,23.2
4042,STARLINK-5187,54065,STARLINK-35499,66462,2026-07-30 14:07:53,9.2481,9.484,10.919,492.0,23.2
4043,STARLINK-34481,65104,STARLINK-35287,65754,2026-07-31 01:29:53,4.0862,4.535,4.953,474.4,23.2
4044,STARLINK-5772,56024,STARLINK-32819,62995,2026-07-31 00:15:52,6.6124,9.495,7.872,485.6,23.2
4045,STARLINK-4712,53798,STARLINK-32711,62435,2026-07-31 01:53:53,3.7621,3.857,4.578,485.3,23.2
4046,STARLINK-4115,53032,STARLINK-35929,66625,2026-07-31 05:26:51,3.0884,6.943,3.8,460.6,23.2
4047,STARLINK-31642,59726,STARLINK-33774,63721,2026-07-31 03:30:53,6.5703,6.613,7.822,470.8,23.2
4048,STARLINK-33706,63461,STARLINK-35610,66428,2026-07-31 01:45:47,0.906,6.862,1.278,492.5,23.2
4049,JILIN-1 KUANFU 01,45016,STARLINK-3956,52560,2026-07-30 23:22:53,9.4135,9.505,11.102,550.0,23.2
4050,NANOSATC-BR1,40024,STARLINK-36690,67913,2026-07-30 14:40:53,9.5904,9.605,11.304,488.3,23.2
4051,STARLINK-32128,60272,STARLINK-37518,69259,2026-07-30 10:47:52,5.9872,8.799,7.143,476.5,23.2
4052,STARLINK-5456,55667,KORSAT-3,63630,2026-07-30 21:45:54,5.4161,8.888,6.484,585.3,23.2
4053,STARLINK-31705,59382,STARLINK-32172,61518,2026-07-31 02:01:52,8.6012,9.527,10.158,478.7,23.2
4054,STARLINK-31814,59802,STARLINK-36661,67831,2026-07-31 05:18:52,4.179,4.32,5.054,492.6,23.2
4055,STARLINK-3286,50171,STARLINK-37689,69308,2026-07-30 11:30:52,9.1121,9.838,10.745,481.7,23.2
4056,STARLINK-4695,53718,STARLINK-35970,66618,2026-07-30 09:09:52,9.539,9.729,11.233,476.0,23.2
4057,STARLINK-32285,60355,STARLINK-36712,67700,2026-07-30 23:05:52,6.1938,7.056,7.373,467.1,23.1
4058,STARLINK-32139,61510,STARLINK-32389,61549,2026-07-31 01:10:52,9.3189,9.394,10.974,469.8,23.1
4059,PREFIRE-1,59965,STARLINK-33705,63651,2026-07-30 11:31:52,9.4765,9.477,11.155,487.2,23.1
4060,STARLINK-35462,65877,STARLINK-36917,68059,2026-07-30 12:28:53,8.6179,8.619,10.163,471.7,23.1
4061,STARLINK-6280,56531,STARLINK-35405,66440,2026-07-31 04:09:53,5.361,5.785,6.408,484.9,23.1
4062,STARLINK-31306,58876,STARLINK-34790,65690,2026-07-30 23:44:56,2.0176,8.454,2.555,475.1,23.1
4063,STARLINK-4709,53778,STARLINK-32397,61593,2026-07-30 10:58:53,9.1106,9.115,10.729,478.1,23.1
4064,STARLINK-36686,68719,STARLINK-37446,68808,2026-07-30 21:26:52,5.5622,5.659,6.64,468.2,23.1
4065,STARLINK-5834,57071,FLOCK 4G-36,62675,2026-07-30 14:53:52,8.8365,9.123,10.411,479.9,23.1
4066,STARLINK-30166,57602,STARLINK-32295,62147,2026-07-31 01:40:53,5.424,5.482,6.478,485.2,23.1
4067,STARLINK-6185,56901,STARLINK-35868,66579,2026-07-31 01:24:52,6.4613,9.481,7.671,485.6,23.1
4068,STARLINK-34888,65471,STARLINK-37157,68394,2026-07-30 15:04:52,6.2759,6.468,7.454,466.7,23.1
4069,STARLINK-31292,59081,STARLINK-36500,67320,2026-07-30 19:57:55,0.9981,4.231,1.379,484.1,23.1
4070,STARLINK-3120,49419,STARLINK-30706,57947,2026-07-30 17:58:53,9.5374,9.611,11.202,478.2,23.1
4071,STARLINK-30292,57844,STARLINK-30837,58212,2026-07-30 18:09:53,8.6689,8.878,10.203,482.4,23.1
4072,STARLINK-34841,65208,STARLINK-37399,68772,2026-07-30 17:33:52,6.3571,7.695,7.542,476.6,23.1
4073,STARLINK-31498,59189,STARLINK-35323,66071,2026-07-30 12:16:52,5.1658,5.193,6.171,489.9,23.1
4074,STARLINK-30099,56304,STARLINK-31442,59859,2026-07-31 05:48:53,5.2031,5.802,6.211,485.0,23.1
4075,STARLINK-5181,54070,STARLINK-33880,63686,2026-07-30 21:59:53,8.2368,9.462,9.696,488.5,23.1
4076,STARLINK-2701,48656,STARLINK-34965,65186,2026-07-31 08:11:53,9.1217,9.252,10.705,468.6,23.1
4077,STARLINK-36710,67971,STARLINK-37475,68839,2026-07-31 07:49:55,0.3426,1.821,0.623,480.7,23.1
4078,STARLINK-31701,59582,STARLINK-33801,63963,2026-07-31 04:28:52,8.81,9.363,10.342,488.5,23.1
4079,STARLINK-5397,54871,STARLINK-32807,62845,2026-07-30 21:59:51,2.931,4.686,3.592,492.3,23.1
4080,SKYBEE-A02,64544,TRANSPORTER-15 OBJECT DM,66773,2026-07-30 09:32:51,4.434,9.098,5.316,502.1,23.1
4081,STARLINK-31957,59926,STARLINK-36443,67431,2026-07-31 02:25:52,6.4539,6.674,7.63,492.4,23.1
4082,STARLINK-3523,51729,STARLINK-34772,65020,2026-07-30 22:59:52,3.7979,5.601,4.583,461.1,23.1
4083,STARLINK-30918,58365,STARLINK-35615,66257,2026-07-30 11:10:53,5.9648,6.232,7.065,489.7,23.0
4084,STARLINK-31426,59249,STARLINK-33613,63286,2026-07-31 04:52:53,6.6599,8.072,7.861,492.2,23.0
4085,STARLINK-4022,52629,STARLINK-4634,53967,2026-07-30 12:03:51,3.8502,9.859,4.638,552.1,23.0
4086,STARLINK-33576,62775,STARLINK-37363,69158,2026-07-30 13:13:54,5.7346,9.747,6.793,474.3,23.0
4087,STARLINK-31591,59207,STARLINK-36877,67896,2026-07-31 02:58:52,7.6588,9.622,8.993,477.5,23.0
4088,DEIMOS-2,40013,PERSEUS-M1,40039,2026-07-30 13:43:52,7.475,7.497,8.782,600.6,23.0
4089,STARLINK-3884,52497,STARLINK-30312,57641,2026-07-31 06:46:53,8.4798,8.48,9.93,495.8,23.0
4090,YAOGAN-35 05C,53763,STARLINK-33865,64247,2026-07-30 23:51:52,7.5938,7.854,8.916,495.2,23.0
4091,STARLINK-3652,51991,STARLINK-34485,64684,2026-07-30 19:35:51,5.945,9.288,7.028,462.1,23.0
4092,STARLINK-31138,58806,STARLINK-32601,61973,2026-07-31 03:50:48,0.9161,5.533,1.276,483.9,23.0
4093,STARLINK-32189,60317,STARLINK-36695,67702,2026-07-30 20:11:53,5.6036,6.949,6.635,476.3,23.0
4094,STARLINK-5692,55483,STARLINK-37206,68326,2026-07-30 22:58:52,9.4461,9.523,11.025,484.6,23.0
4095,STARLINK-30510,57981,STARLINK-34180,64081,2026-07-31 04:54:53,8.6428,8.731,10.105,488.4,23.0
4096,STARLINK-2732,48646,STARLINK-3128,49441,2026-07-31 07:39:52,8.6626,9.293,10.123,468.4,23.0
4097,STARLINK-35105,65543,AGGIESAT6 (AGS6),68634,2026-07-30 20:35:53,9.5815,9.664,11.171,464.7,23.0
4098,STARLINK-31370,59520,STARLINK-36781,67931,2026-07-31 06:59:51,5.2348,9.823,6.206,484.8,23.0
4099,STARLINK-31351,58972,STARLINK-32874,62954,2026-07-30 10:15:53,5.8099,7.105,6.863,462.4,23.0
4100,STARLINK-32467,61713,STARLINK-37858,69555,2026-07-30 11:06:52,9.1687,9.169,10.697,464.4,23.0
4101,STARLINK-5950,56913,STARLINK-36223,67126,2026-07-30 20:04:53,6.6929,6.694,7.868,492.2,23.0
4102,STARLINK-31057,58545,STARLINK-35525,66134,2026-07-31 07:16:49,1.8478,7.759,2.337,475.3,23.0
4103,STARLINK-3360,51149,STARLINK-37186,68617,2026-07-30 22:22:53,5.8177,7.508,6.865,467.7,23.0
4104,STARLINK-6146,57124,STARLINK-31246,58835,2026-07-31 01:45:53,5.3408,5.393,6.318,489.9,23.0
4105,STARLINK-32782,62821,STARLINK-36665,68968,2026-07-31 05:45:53,4.0075,4.263,4.797,460.6,23.0
4106,STARLINK-1992,47632,STARLINK-31786,59771,2026-07-30 11:49:53,4.7952,4.806,5.695,472.4,23.0
4107,STARLINK-31726,59739,STARLINK-32616,61920,2026-07-31 04:05:52,6.7246,9.57,7.891,484.9,23.0
4108,STARLINK-6323,56524,STARLINK-36458,67343,2026-07-30 17:24:49,0.9206,4.64,1.277,492.5,23.0
4109,STARLINK-32527,62319,STARLINK-37403,68788,2026-07-31 03:26:53,5.0444,5.933,5.976,479.3,23.0
4110,ICEYE-X4,44390,STARLINK-36941,67991,2026-07-31 03:31:53,8.6784,8.683,10.117,495.1,23.0
4111,STARLINK-31005,58486,STARLINK-34323,64219,2026-07-30 21:38:52,8.4194,8.564,9.822,482.1,23.0
4112,STARLINK-30056,57622,GAOFEN-14 02,66175,2026-07-30 21:16:53,8.3528,8.566,9.743,488.0,23.0
4113,STARLINK-32180,60374,STARLINK-36354,67800,2026-07-30 21:35:53,6.005,6.058,7.068,471.0,23.0
4114,STARLINK-31635,59511,STARLINK-32039,60604,2026-07-31 04:44:53,9.0561,9.474,10.543,483.4,23.0
4115,STARLINK-3709,52102,STARLINK-36573,67539,2026-07-31 00:16:52,7.077,8.584,8.287,467.3,22.9
4116,STARLINK-32208,60598,STARLINK-33950,63701,2026-07-30 09:31:53,7.2855,8.036,8.522,473.3,22.9
4117,STARLINK-6129,57116,STARLINK-36615,67621,2026-07-30 22:32:53,8.4227,8.533,9.815,487.7,22.9
4118,STARLINK-33965,64755,STARLINK-37755,69234,2026-07-31 01:22:52,7.9027,7.94,9.218,478.3,22.9
4119,STARLINK-5387,54842,STARLINK-35528,66094,2026-07-30 09:21:53,8.2065,8.228,9.559,482.9,22.9
4120,STARLINK-30962,58458,STARLINK-31716,59377,2026-07-30 21:30:51,4.1953,8.431,4.997,489.7,22.9
4121,STARLINK-5942,56014,INNOCUBE (TUBSAT-31),62616,2026-07-30 12:03:53,6.4702,6.726,7.583,487.6,22.9
4122,STARLINK-32769,62602,STARLINK-34211,64255,2026-07-30 14:20:51,2.1365,5.452,2.656,491.7,22.9
4123,TIANMU-1 18,58703,STARLINK-35467,66343,2026-07-31 05:50:53,9.3826,9.932,10.892,484.5,22.9
4124,STARLINK-34178,64096,STARLINK-37655,69142,2026-07-31 00:07:52,5.8849,5.973,6.916,471.4,22.9
4125,STARLINK-33760,63764,STARLINK-35812,66574,2026-07-30 23:30:53,4.2406,6.456,5.047,492.4,22.9
4126,STARLINK-4080,52835,STARLINK-32374,62145,2026-07-31 00:43:53,3.3662,3.387,4.053,491.4,22.9
4127,STARLINK-34619,64737,STARLINK-36817,67882,2026-07-30 19:38:52,9.7694,9.851,11.328,484.0,22.9
4128,STARLINK-6332,57339,STARLINK-35466,66457,2026-07-30 23:51:54,3.2179,5.256,3.882,492.1,22.9
4129,STARLINK-33818,63502,STARLINK-34749,65675,2026-07-31 01:05:53,7.5648,8.598,8.812,484.1,22.9
4130,STARLINK-31281,59077,STARLINK-36450,67317,2026-07-31 01:21:55,1.0135,3.706,1.377,492.5,22.9
4131,STARLINK-35885,66890,STARLINK-36576,67534,2026-07-30 20:03:53,5.288,5.618,6.228,475.6,22.9
4132,STARLINK-2245,48589,STARLINK-37020,68144,2026-07-30 09:42:52,6.9086,9.135,8.064,481.0,22.9
4133,STARLINK-2564,48284,STARLINK-34929,65178,2026-07-30 22:54:53,6.7954,7.628,7.932,470.2,22.9
4134,STARLINK-6113,56113,STARLINK-33679,63460,2026-07-30 11:20:52,6.769,7.431,7.901,492.1,22.9
4135,STARLINK-30260,57524,STARLINK-33723,63593,2026-07-31 02:38:54,2.9469,4.825,3.566,484.1,22.9
4136,STARLINK-31572,59333,STARLINK-35257,66331,2026-07-31 06:23:45,0.9046,9.984,1.252,484.0,22.9
4137,STARLINK-3555,51863,STARLINK-31000,58488,2026-07-30 18:17:52,8.0296,8.235,9.324,483.7,22.9
4138,STARLINK-31633,59331,STARLINK-32492,62050,2026-07-30 15:46:52,5.4535,6.361,6.403,492.3,22.9
4139,STARLINK-2459,48119,STARLINK-33908,63700,2026-07-30 19:50:52,5.8569,6.246,6.857,472.7,22.9
4140,STARLINK-30400,57937,STARLINK-36954,68057,2026-07-31 07:39:49,2.0361,8.887,2.531,475.2,22.9
4141,STARLINK-3172,51139,STARLINK-3550,52373,2026-07-30 16:33:52,8.7431,8.823,10.123,475.7,22.8
4142,SCS-01 D,63985,STARLINK-36608,67854,2026-07-30 09:54:53,5.539,7.473,6.496,484.2,22.8
4143,STARLINK-35584,66106,STARLINK-37232,69515,2026-07-31 01:37:53,3.9836,5.778,4.735,461.7,22.8
4144,STARLINK-35164,65519,STARLINK-36235,68400,2026-07-30 17:58:53,5.7111,5.795,6.69,476.4,22.8
4145,GAOFEN-9 05,46232,STARLINK-37736,69226,2026-07-30 21:02:55,2.3803,7.214,2.92,480.0,22.8
4146,STARLINK-5111,56146,STARLINK-33842,63782,2026-07-30 12:39:52,6.5522,8.408,7.64,485.8,22.8
4147,STARLINK-4398,53466,STARLINK-37604,69203,2026-07-31 04:06:53,5.1612,6.435,6.064,464.9,22.8
4148,STARLINK-35523,65910,STARLINK-36631,67602,2026-07-31 01:14:52,7.528,8.875,8.74,476.8,22.8
4149,COSMOS 2556,52713,STARLINK-30457,57900,2026-07-30 09:24:53,8.4839,8.56,9.817,488.1,22.8
4150,STARLINK-30488,57931,STARLINK-36094,66851,2026-07-30 15:40:47,0.9747,7.49,1.328,492.4,22.8
4151,STARLINK-6176,56388,STARLINK-35470,66430,2026-07-31 06:57:52,5.4648,6.596,6.4,484.5,22.8
4152,STARLINK-31736,59547,STARLINK-33899,63799,2026-07-30 13:46:53,5.4652,5.672,6.4,484.7,22.8
4153,STARLINK-3267,50197,STARLINK-31511,59462,2026-07-30 17:55:52,1.2021,1.832,1.584,492.3,22.8
4154,STARLINK-31399,59416,STARLINK-32745,62755,2026-07-30 18:02:53,6.7842,6.786,7.888,485.8,22.8
4155,STARLINK-35210,65903,STARLINK-35946,66522,2026-07-30 17:14:53,8.6612,9.127,10.007,482.0,22.8
4156,STARLINK-34523,64475,STARLINK-37775,69348,2026-07-30 20:51:53,8.6305,9.664,9.969,477.5,22.8
4157,STARLINK-30089,56296,STARLINK-33672,63326,2026-07-30 22:27:52,8.423,9.381,9.735,487.3,22.8
4158,STARLINK-2569,48277,STARLINK-32038,60281,2026-07-30 12:37:54,3.5884,5.793,4.277,460.6,22.8
4159,TOMORROW-S11,67399,NUSAT-54 (BRANCA MARQU*),68442,2026-07-30 14:24:51,4.4762,9.551,5.275,522.8,22.8
4160,STARLINK-32253,60733,STARLINK-36307,68306,2026-07-30 22:58:52,5.1459,6.266,6.029,470.4,22.8
4161,CORVUS BC1,42847,ICEYE-X37,59102,2026-07-31 06:34:54,2.4323,5.562,2.968,555.3,22.8
4162,STARLINK-6211,57059,SITRO-TD-4,67265,2026-07-31 08:12:53,9.952,9.952,11.439,489.1,22.8
4163,STARLINK-1094,44941,STARLINK-37683,69367,2026-07-30 14:06:54,2.4171,4.328,2.948,394.3,22.8
4164,STARLINK-31966,59944,TEN-KOH 2,68261,2026-07-31 01:44:53,8.9125,9.079,10.259,496.4,22.8
4165,STARLINK-32894,62969,STARLINK-36645,67707,2026-07-31 00:11:53,6.1495,7.634,7.145,477.1,22.8
4166,STARLINK-35211,65757,STARLINK-35368,65830,2026-07-31 02:44:53,9.0338,9.725,10.39,464.2,22.8
4167,STARLINK-3514,51731,STARLINK-32235,60739,2026-07-30 22:24:54,5.911,9.899,6.876,461.4,22.8
4168,CARTOSAT-3,44804,SHIJIAN-30B (SJ-30B),66546,2026-07-31 01:07:52,7.7928,7.833,8.992,516.9,22.8
4169,STARLINK-35821,66372,STARLINK-37790,69312,2026-07-30 20:41:52,6.8393,7.549,7.916,477.0,22.7
4170,STARLINK-3323,50804,STARLINK-36560,67585,2026-07-31 07:08:52,6.2761,8.615,7.282,481.4,22.7
4171,STARLINK-1554,46055,STARLINK-37312,68676,2026-07-31 03:43:52,9.3453,9.51,10.732,468.5,22.7
4172,STARLINK-5574,55362,STARLINK-33836,63642,2026-07-31 01:24:53,5.5546,8.206,6.469,492.4,22.7
4173,STARLINK-3907,52501,STARLINK-5644,55369,2026-07-30 19:29:53,7.9907,8.943,9.206,489.4,22.7
4174,STARLINK-3291,50175,STARLINK-32714,62499,2026-07-30 22:49:53,8.7502,9.125,10.056,489.4,22.7
4175,STARLINK-2436,48101,STARLINK-32164,60271,2026-07-30 23:57:52,8.2214,8.499,9.46,478.8,22.7
4176,STARLINK-5843,57072,STARLINK-31579,59267,2026-07-31 00:36:53,9.0263,9.931,10.362,489.1,22.7
4177,STARLINK-6094,56122,STARLINK-34115,63972,2026-07-30 09:55:52,0.9448,1.301,1.286,484.2,22.7
4178,STARLINK-37461,69173,STARLINK-37865,69550,2026-07-30 10:59:53,8.3399,9.705,9.59,477.3,22.7
4179,STARLINK-2607,48391,STARLINK-34955,65192,2026-07-30 15:58:53,7.2724,7.769,8.389,480.7,22.7
4180,STARLINK-2045,47353,STARLINK-36294,68531,2026-07-30 15:15:53,9.6209,9.658,11.026,469.7,22.7
4181,STARLINK-32845,62815,STARLINK-33783,63712,2026-07-30 18:28:53,7.5069,7.603,8.65,468.6,22.7
4182,STARLINK-31285,59244,STARLINK-33680,63287,2026-07-31 00:50:52,6.8075,6.959,7.86,492.1,22.7
4183,STARLINK-30166,57602,STARLINK-35437,66563,2026-07-30 14:23:52,6.61,6.743,7.638,485.7,22.7
4184,STARLINK-4694,53708,STARLINK-32364,61622,2026-07-30 14:30:52,8.6779,8.684,9.957,481.9,22.7
4185,STARLINK-34332,64213,STARLINK-37246,68607,2026-07-30 11:29:52,6.6522,9.211,7.684,477.4,22.7
4186,STARLINK-32701,62510,STARLINK-35710,66212,2026-07-30 15:02:53,6.6697,6.732,7.692,489.4,22.7
4187,STARLINK-3975,52620,STARLINK-36902,68043,2026-07-30 19:21:53,8.5182,9.859,9.76,465.5,22.7
4188,STARLINK-2607,48391,STARLINK-34955,65192,2026-07-30 14:24:52,7.2695,9.579,8.361,480.7,22.7
4189,STARLINK-3369,51142,STARLINK-35463,66463,2026-07-31 07:01:52,9.2671,9.324,10.595,487.7,22.7
4190,STARLINK-11136 [DTC],60407,STARLINK-11567 [DTC],62909,2026-07-30 11:25:52,7.9532,9.762,9.119,359.2,22.7
4191,STARLINK-6153,56384,STARLINK-32384,62146,2026-07-31 01:37:51,2.9712,6.705,3.546,483.7,22.7
4192,STARLINK-3931,52548,STARLINK-33773,63713,2026-07-30 21:15:53,6.0977,6.347,7.042,480.5,22.7
4193,STARLINK-32858,62962,STARLINK-37172,68395,2026-07-30 19:33:52,8.1884,9.913,9.372,471.3,22.6
4194,STARLINK-3277,50182,STARLINK-37504,68913,2026-07-30 14:40:52,9.5518,9.553,10.894,481.6,22.6
4195,STARLINK-6350,57226,STARLINK-35449,66459,2026-07-30 21:35:53,6.65,6.954,7.652,485.6,22.6
4196,STARLINK-30827,58195,STARLINK-36941,67991,2026-07-31 04:23:53,6.6126,8.694,7.606,486.0,22.6
4197,ASTROSAT,40930,CATCH-1,60088,2026-07-30 21:12:52,2.5071,2.516,3.02,621.8,22.6
4198,STARLINK-5449,54780,STARLINK-34887,65103,2026-07-30 17:14:53,1.8786,1.931,2.319,475.2,22.6
4199,STARLINK-6122,56128,STARLINK-36454,67470,2026-07-30 19:05:53,4.2941,4.3,5.012,492.6,22.6
4200,STARLINK-5383,54827,STARLINK-35836,66571,2026-07-30 19:20:52,8.7851,8.84,10.019,490.9,22.6
4201,STARLINK-35844,66880,STARLINK-36911,68008,2026-07-30 19:32:52,8.5698,9.103,9.778,488.6,22.6
4202,STARLINK-6255,56550,STARLINK-32556,61858,2026-07-31 01:34:54,0.9411,2.026,1.272,484.1,22.6
4203,STARLINK-5664,55360,STARLINK-32420,61931,2026-07-30 23:47:51,2.9865,6.226,3.552,492.5,22.6
4204,STARLINK-5333,56507,STARLINK-32615,62034,2026-07-30 19:03:54,5.5883,9.208,6.452,492.1,22.6
4205,STARLINK-30860,58234,STARLINK-36851,67943,2026-07-30 15:52:52,6.6388,8.734,7.622,485.7,22.6
4206,STARLINK-31002,58495,STARLINK-35600,66510,2026-07-30 15:17:53,5.3501,5.649,6.18,485.1,22.6
4207,STARLINK-30105,57433,STARLINK-35569,66471,2026-07-30 11:46:53,6.6789,6.802,7.659,485.7,22.6
4208,STARLINK-4283,53016,STARLINK-30595,58111,2026-07-31 04:36:53,5.5586,7.441,6.412,485.5,22.6
4209,STARLINK-30421,58107,STARLINK-34064,64114,2026-07-30 14:17:52,9.4823,9.608,10.771,478.1,22.6
4210,STARLINK-31292,59081,STARLINK-36950,67992,2026-07-31 04:44:53,6.8901,8.189,7.884,491.9,22.6
4211,STARLINK-35326,66031,STARLINK-36790,68095,2026-07-31 00:45:53,6.4213,6.539,7.362,474.6,22.6
4212,STARLINK-32404,61710,STARLINK-37287,68684,2026-07-30 21:12:52,8.6886,9.173,9.88,464.9,22.6
4213,STARLINK-34925,65249,STARLINK-35241,65515,2026-07-30 20:19:52,8.7634,8.789,9.962,464.0,22.6
4214,STARLINK-3160,49454,STARLINK-37554,69663,2026-07-30 18:27:53,6.2813,9.46,7.203,478.6,22.6
4215,STARLINK-31677,59749,STARLINK-36143,67056,2026-07-31 06:14:52,8.7531,9.216,9.948,487.9,22.6
4216,STARLINK-6115,56123,STARLINK-36758,67926,2026-07-30 20:55:53,6.8544,8.08,7.835,492.0,22.5
4217,STARLINK-31919,59880,STARLINK-32891,62927,2026-07-30 20:14:53,8.828,8.868,10.023,491.0,22.5
4218,STARLINK-3679,51973,STARLINK-34227,64178,2026-07-31 02:10:54,4.9022,8.458,5.664,485.7,22.5
4219,STARLINK-3111,49418,STARLINK-35173,65744,2026-07-31 07:13:52,7.1679,7.463,8.176,464.4,22.5
4220,STARLINK-30880,58232,STARLINK-32399,61627,2026-07-30 21:21:52,8.5459,8.587,9.705,491.7,22.5
4221,STARLINK-6230,57228,STARLINK-33744,63471,2026-07-30 21:52:53,8.3124,8.315,9.442,487.5,22.5
4222,STARLINK-30598,58079,STARLINK-36087,66854,2026-07-30 18:43:52,6.6946,7.127,7.644,491.9,22.5
4223,STARLINK-30866,58237,STARLINK-33697,63467,2026-07-31 08:18:56,1.8554,9.107,2.279,484.3,22.5
4224,STARLINK-31025,58634,STARLINK-35620,66474,2026-07-30 18:02:53,8.3356,9.549,9.46,487.0,22.5
4225,STARLINK-3159,49415,FLOCK 4BE-27,60513,2026-07-31 07:12:54,4.9983,9.881,5.76,468.6,22.5
4226,STARLINK-4060,53267,STARLINK-34797,65363,2026-07-30 20:32:51,4.0818,6.886,4.743,473.7,22.5
4227,STARLINK-36640,67600,STARLINK-36310,68244,2026-07-30 10:08:52,8.5211,9.108,9.659,464.8,22.5
4228,STARLINK-6159,56381,STARLINK-36898,68002,2026-07-31 07:56:53,8.8574,8.882,10.028,488.5,22.5
4229,STARLINK-5239,54183,STARLINK-35109,65642,2026-07-31 02:15:52,6.6149,8.821,7.544,475.2,22.5
4230,STARLINK-34875,65689,STARLINK-37189,68603,2026-07-30 17:31:52,5.1029,5.745,5.87,471.0,22.5
4231,STARLINK-37203,68388,STARLINK-37202,68731,2026-07-31 03:24:53,8.684,8.687,9.831,480.7,22.5
4232,STARLINK-3332,50825,STARLINK-35565,66803,2026-07-30 17:04:53,9.5073,9.56,10.74,489.9,22.5
4233,STARLINK-37129,68274,STARLINK-37460,68803,2026-07-30 18:09:52,6.8891,8.233,7.843,465.9,22.5
4234,STARLINK-4526,53438,STARLINK-30714,57939,2026-07-30 16:23:53,8.0207,8.286,9.094,463.6,22.5
4235,STARLINK-30125,56701,STARLINK-31754,59488,2026-07-30 22:22:52,5.6072,5.707,6.424,485.7,22.5
4236,STARLINK-6202,56896,STARLINK-35716,67191,2026-07-31 02:22:53,8.5785,9.826,9.704,491.3,22.5
4237,STARLINK-4263,53010,STARLINK-36574,67535,2026-07-31 01:33:53,8.286,8.328,9.381,466.1,22.5
4238,STARLINK-5628,55466,STARLINK-32701,62510,2026-07-31 05:07:50,3.0062,7.842,3.543,492.3,22.5
4239,STARLINK-37172,68395,STARLINK-37314,68740,2026-07-30 21:16:53,8.7312,9.098,9.87,464.1,22.5
4240,STARLINK-31533,59505,STARLINK-36031,66593,2026-07-31 05:26:53,5.5754,6.035,6.382,492.2,22.5
4241,STARLINK-30799,58121,STARLINK-31986,60019,2026-07-31 05:38:52,6.9368,7.888,7.886,489.8,22.5
4242,STARLINK-6235,57094,STARLINK-34621,64774,2026-07-30 19:43:52,5.7431,7.052,6.566,489.9,22.5
4243,STARLINK-35713,66278,STARLINK-36894,67972,2026-07-31 02:34:54,5.4475,9.353,6.239,469.5,22.5
4244,STARLINK-4209,52855,STARLINK-32561,62026,2026-07-31 06:03:52,9.6355,9.636,10.858,477.9,22.5
4245,STARLINK-3790,52274,STARLINK-32102,59699,2026-07-31 02:50:53,9.7251,9.828,10.955,485.8,22.4
4246,STARLINK-5747,55574,STARLINK-33881,63779,2026-07-31 07:08:54,3.3252,8.433,3.89,492.1,22.4
4247,STARLINK-3897,52537,STARLINK-35259,66197,2026-07-31 00:17:52,7.9952,8.454,9.044,475.3,22.4
4248,STARLINK-5266,55290,SITRO-AIS 18,61790,2026-07-30 23:12:54,4.1672,7.974,4.819,584.6,22.4
4249,STARLINK-3534,52120,STARLINK-3844,52705,2026-07-30 21:11:52,5.2122,5.343,5.97,460.9,22.4
4250,STARLINK-5776,57151,STARLINK-35640,66536,2026-07-30 14:49:48,0.9995,5.511,1.323,492.8,22.4
4251,STARLINK-34296,64216,STARLINK-36868,68120,2026-07-30 16:25:53,8.995,8.995,10.14,484.4,22.4
4252,NANOSATC-BR1,40024,STARLINK-33681,63438,2026-07-31 00:52:53,7.909,8.604,8.942,465.3,22.4
4253,STARLINK-30239,57291,STARLINK-33805,63590,2026-07-30 17:56:53,6.9741,8.366,7.911,486.0,22.4
4254,FLOCK 4BE-1,60518,KUIPER-00134,65960,2026-07-31 02:29:52,6.9873,7.375,7.923,435.6,22.4
4255,KUIPER-00166,65779,KUIPER-00454,68948,2026-07-30 09:17:53,9.1863,9.354,10.346,645.3,22.4
4256,STARLINK-30350,57746,STARLINK-36139,66966,2026-07-30 09:11:53,8.8214,9.405,9.942,491.9,22.4
4257,STARLINK-3937,52542,STARLINK-35052,65540,2026-07-31 01:19:53,9.3541,9.924,10.523,463.2,22.4
4258,STARLINK-31779,59744,STARLINK-34307,64489,2026-07-31 06:32:52,6.3211,8.339,7.182,489.6,22.4
4259,STARLINK-5358,57143,STARLINK-35764,67109,2026-07-30 13:19:53,6.728,6.942,7.63,485.2,22.4
4260,STARLINK-30797,58154,STARLINK-37142,68296,2026-07-30 09:55:52,7.9325,9.392,8.955,471.9,22.4
4261,STARLINK-5916,55988,FLOCK 4G-2,62661,2026-07-30 08:48:53,7.4664,7.488,8.437,491.4,22.4
4262,TROLL,62658,STARLINK-35546,66240,2026-07-30 16:20:52,6.9126,8.476,7.824,487.4,22.4
4263,2023-085Y,57026,STARLINK-32836,62965,2026-07-31 06:04:53,6.8551,7.216,7.759,462.4,22.4
4264,STARLINK-2591,48361,STARLINK-34582,64781,2026-07-31 00:20:52,9.2892,9.372,10.435,468.7,22.4
4265,TIANMU-1 08,57400,STARLINK-30434,57875,2026-07-31 06:01:52,8.7155,9.919,9.802,491.4,22.4
4266,STARLINK-31269,58844,STARLINK-37363,69158,2026-07-31 00:54:54,3.7451,5.968,4.337,462.4,22.4
4267,STARLINK-11193 [DTC],60195,STARLINK-11654 [DTC],63265,2026-07-30 19:26:52,9.9543,9.994,11.16,365.7,22.4
4268,STARLINK-3532,51727,STARLINK-5956,55994,2026-07-30 16:12:53,6.0537,6.707,6.873,486.2,22.4
4269,STARLINK-2439,48104,STARLINK-35556,66238,2026-07-30 20:38:53,9.8382,9.931,11.03,469.4,22.4
4270,STARLINK-34414,64620,STARLINK-35027,65466,2026-07-30 09:35:52,6.7872,7.285,7.677,475.8,22.4
4271,STARLINK-5339,56510,STARLINK-30404,57853,2026-07-30 14:18:53,9.6622,9.825,10.836,488.4,22.4
4272,STARLINK-30095,56289,STARLINK-33642,63978,2026-07-31 06:33:01,0.6555,7.606,0.939,483.9,22.4
4273,SPAWAR-CAL-O,43766,STARLINK-4166,53291,2026-07-30 15:45:52,5.6268,5.694,6.398,463.9,22.4
4274,STARLINK-2459,48119,STARLINK-4131,53246,2026-07-31 06:48:51,6.2703,9.578,7.101,470.9,22.4
4275,STARLINK-6193,56904,STARLINK-36124,67121,2026-07-30 11:05:52,6.9703,7.853,7.868,492.1,22.4
4276,STARLINK-4089,52831,STARLINK-32788,62502,2026-07-30 10:42:53,7.2656,9.288,8.191,482.4,22.4
4277,STARLINK-31377,58938,STARLINK-32337,61643,2026-07-30 23:23:52,5.1462,6.515,5.862,490.0,22.3
4278,SEEDS II (CO-66),32791,STARLINK-35244,65829,2026-07-30 13:41:52,8.2771,8.683,9.294,480.6,22.3
4279,STARLINK-30761,58134,STARLINK-34092,63904,2026-07-31 00:32:55,3.3474,8.698,3.889,484.4,22.3
4280,STARLINK-4158,53027,STARLINK-36349,67964,2026-07-31 00:20:53,8.372,8.935,9.395,476.4,22.3
4281,STARLINK-34108,65872,STARLINK-37474,69167,2026-07-30 22:53:54,3.7752,7.788,4.356,461.8,22.3
4282,STARLINK-5714,55614,STARLINK-36660,67848,2026-07-30 13:31:53,5.3908,5.613,6.123,492.1,22.3
4283,STARLINK-32000,60289,STARLINK-36580,67546,2026-07-31 06:14:53,5.0794,5.477,5.78,478.1,22.3
4284,STARLINK-3560,51859,STARLINK-32383,61891,2026-07-30 17:22:53,8.1788,8.888,9.169,467.6,22.3
4285,STARLINK-2399,47816,STARLINK-33682,63433,2026-07-30 19:02:53,9.5988,9.601,10.722,469.1,22.3
4286,STARLINK-32179,60734,STARLINK-36247,68245,2026-07-30 16:53:56,1.8104,8.802,2.2,461.9,22.3
4287,STARLINK-3352,51147,STARLINK-32842,62822,2026-07-31 05:35:01,0.7902,9.533,1.083,475.5,22.3
4288,STARLINK-32100,59686,STARLINK-35964,66796,2026-07-31 05:35:51,4.385,7.579,5.014,493.0,22.3
4289,STARLINK-31244,58856,STARLINK-35437,66563,2026-07-30 19:32:53,6.9823,7.313,7.854,492.4,22.3
4290,STARLINK-5167,54058,STARLINK-35551,66200,2026-07-31 01:40:53,9.4418,9.603,10.541,472.9,22.3
4291,STARLINK-3831,52332,2026-052C,68200,2026-07-31 05:38:54,5.0476,8.79,5.736,545.9,22.3
4292,STARLINK-3966,52552,STARLINK-34331,64204,2026-07-30 10:02:52,8.9129,9.447,9.958,478.8,22.3
4293,STARLINK-31820,59725,STARLINK-34153,63967,2026-07-31 00:43:52,8.1763,8.19,9.151,487.0,22.3
4294,STARLINK-31390,58937,STARLINK-33684,63649,2026-07-30 13:35:52,7.0832,7.36,7.956,489.6,22.3
4295,STARLINK-35461,66088,STARLINK-36806,67965,2026-07-30 16:22:53,8.0209,8.039,8.977,484.1,22.3
4296,YAOGAN-35 02A,52907,STARLINK-36647,67824,2026-07-30 15:13:51,3.2907,7.989,3.808,485.8,22.3
4297,STARLINK-5512,57256,STARLINK-33958,63850,2026-07-30 17:38:54,4.4481,7.582,5.07,484.5,22.3
4298,STARLINK-32301,61664,STARLINK-35745,66271,2026-07-31 01:21:53,8.3663,8.375,9.343,467.6,22.3
4299,STARLINK-5732,55572,STARLINK-33708,63405,2026-07-30 11:40:52,7.0209,7.686,7.873,492.1,22.3
4300,STARLINK-32552,62174,ICEYE-X51,63257,2026-07-31 01:08:53,6.8942,7.837,7.734,582.4,22.3
4301,STARLINK-3331,50834,STARLINK-36699,67652,2026-07-31 07:57:53,5.0792,5.726,5.754,473.6,22.2
4302,STARLINK-30854,58244,STARLINK-36108,66868,2026-07-31 01:43:52,4.4558,4.493,5.074,492.5,22.2
4303,STARLINK-5488,57250,STARLINK-32682,62196,2026-07-31 02:31:53,8.8265,9.534,9.834,487.7,22.2
4304,STARLINK-33774,63721,STARLINK-37208,68523,2026-07-30 11:49:52,7.933,9.337,8.86,467.4,22.2
4305,HAWK-2A,47505,STARLINK-3292,50174,2026-07-31 04:23:53,7.7618,8.5,8.671,462.6,22.2
4306,STARLINK-35171,65605,FSI-SAT2,68792,2026-07-30 09:30:53,8.9511,9.097,9.963,549.7,22.2
4307,ASTROCAST-0402,55109,STARLINK-30289,57653,2026-07-30 11:03:52,7.8723,9.34,8.787,482.9,22.2
4308,STARLINK-5020,55458,STARLINK-36090,66855,2026-07-30 19:51:52,0.982,1.05,1.286,493.2,22.2
4309,QIANFAN-172,69389,QIANFAN-200,69418,2026-07-30 09:21:53,8.6278,8.995,9.604,1011.6,22.2
4310,STARLINK-30956,58481,STARLINK-34508,64601,2026-07-31 03:27:52,6.4101,7.676,7.189,490.2,22.2
4311,STARLINK-36904,67977,STARLINK-37892,69485,2026-07-31 01:56:47,1.3131,9.323,1.646,463.0,22.2
4312,STARLINK-34636,64915,STARLINK-35629,66127,2026-07-30 14:49:51,5.0636,8.045,5.723,476.1,22.2
4313,STARLINK-30198,57290,STARLINK-32464,62140,2026-07-30 22:07:53,5.2272,5.807,5.898,489.7,22.2
4314,STARLINK-5840,57231,STARLINK-35372,66476,2026-07-31 03:46:52,6.8437,7.757,7.652,485.6,22.2
4315,STARLINK-35637,66130,STARLINK-37471,68802,2026-07-30 16:19:52,6.4206,7.802,7.192,483.5,22.2
4316,STARLINK-32334,62023,STARLINK-36301,67932,2026-07-31 06:08:52,8.8952,9.416,9.879,489.2,22.2
4317,STARLINK-34814,65100,STARLINK-37661,69147,2026-07-31 01:22:52,6.0051,6.693,6.738,467.9,22.2
4318,STARLINK-4667,53707,FLOCK 4G-4,62659,2026-07-31 02:09:54,5.1745,8.67,5.836,469.2,22.2
4319,STARLINK-32236,60418,STARLINK-34680,65356,2026-07-31 01:24:53,6.4246,9.029,7.193,462.6,22.2
4320,STARLINK-34157,64084,STARLINK-35581,66479,2026-07-30 15:37:52,6.8374,6.902,7.64,485.1,22.2
4321,STARLINK-32199,60320,STARLINK-35222,65677,2026-07-30 22:40:52,4.3998,6.641,4.994,461.8,22.2
4322,STARLINK-36743,67876,STARLINK-36875,68300,2026-07-30 11:34:52,9.1924,9.193,10.197,477.8,22.2
4323,STARLINK-11506 [DTC],62466,STARLINK-11680 [DTC],63554,2026-07-30 16:31:52,5.2581,7.614,5.924,357.8,22.2
4324,STARLINK-5450,54778,STARLINK-34253,64685,2026-07-30 22:10:52,6.8971,9.116,7.7,474.6,22.2
4325,STARLINK-3509,51737,STARLINK-31308,59153,2026-07-30 09:23:54,5.1743,9.198,5.83,490.6,22.2
4326,STARLINK-32507,62132,STARLINK-34044,63846,2026-07-31 06:56:54,4.4602,9.831,5.054,484.4,22.2
4327,STARLINK-5368,54840,STARLINK-36872,67955,2026-07-30 09:27:54,4.4484,6.908,5.041,484.7,22.2
4328,YAOGAN-42 02,59557,FLOCK 4H-36,66739,2026-07-30 09:23:53,9.4455,9.449,10.459,501.9,22.2
4329,STARLINK-31080,58603,STARLINK-36670,67828,2026-07-31 02:39:53,7.0823,9.015,7.896,485.6,22.2
4330,STARLINK-5951,56918,STARLINK-32960,63197,2026-07-30 14:18:50,1.0545,3.949,1.36,484.0,22.2
4331,STARLINK-32857,62949,STARLINK-34511,65214,2026-07-31 03:58:53,6.8517,9.774,7.642,474.6,22.2
4332,STARLINK-32457,61717,STARLINK-37280,68511,2026-07-31 00:23:49,1.7506,6.948,2.114,461.7,22.2
4333,STARLINK-32192,60316,STARLINK-37166,69195,2026-07-30 14:05:51,0.2274,0.613,0.463,461.7,22.2
4334,STARLINK-5340,56506,STARLINK-35217,65627,2026-07-30 11:15:52,8.4592,9.04,9.379,481.7,22.2
4335,STARLINK-31438,59234,STARLINK-35428,66115,2026-07-30 17:47:52,4.424,4.424,5.004,489.4,22.1
4336,STARLINK-3591,51870,STARLINK-5806,56007,2026-07-30 17:45:53,8.6224,8.693,9.537,489.4,22.1
4337,STARLINK-2524,48304,STARLINK-35844,66880,2026-07-30 18:18:53,6.5706,9.757,7.318,485.4,22.1
4338,STARLINK-2315,47789,STARLINK-37881,69547,2026-07-31 02:05:52,7.4275,7.557,8.242,470.3,22.1
4339,STARLINK-5608,55353,STARLINK-36415,67519,2026-07-30 16:34:55,0.9966,3.594,1.293,484.0,22.1
4340,STARLINK-32459,61715,STARLINK-36033,66893,2026-07-30 22:32:53,6.7713,6.773,7.532,462.8,22.1
4341,STARLINK-32413,61590,STARLINK-37471,68802,2026-07-31 07:09:53,7.8016,7.984,8.641,465.3,22.1
4342,STARLINK-30858,58358,STARLINK-33832,63637,2026-07-30 18:58:57,1.0225,6.382,1.32,484.0,22.1
4343,STARLINK-30479,57898,STARLINK-33960,63966,2026-07-31 00:12:53,8.8077,9.451,9.725,487.9,22.1
4344,STARLINK-31178,59025,STARLINK-35992,66852,2026-07-30 21:10:52,3.4014,3.425,3.886,484.8,22.1
4345,STARLINK-5796,55916,HORACIO,59098,2026-07-30 19:08:51,5.5467,8.685,6.192,580.9,22.1
4346,STARLINK-31937,59871,STARLINK-34076,63915,2026-07-30 19:27:52,6.9164,6.935,7.667,485.9,22.1
4347,STARLINK-5414,54809,STARLINK-34692,65759,2026-07-30 19:40:53,6.4574,6.768,7.172,475.0,22.1
4348,STARLINK-2675,48470,STARLINK-34731,65029,2026-07-30 21:41:53,8.6066,9.106,9.485,478.8,22.1
4349,STARLINK-5722,55610,STARLINK-33951,63803,2026-07-31 03:37:53,4.4702,4.598,5.029,484.8,22.1
4350,STARLINK-37226,68619,STARLINK-37510,69520,2026-07-30 13:44:52,8.212,9.663,9.053,477.6,22.0
4351,STARLINK-36089,66947,STARLINK-36295,68667,2026-07-30 17:54:51,6.0784,9.92,6.753,476.6,22.0
4352,STARLINK-31164,58733,STARLINK-35924,66516,2026-07-30 14:02:52,4.5062,4.52,5.062,492.6,22.0
4353,STARLINK-31619,59531,HYPERFIELD-1A,60562,2026-07-31 04:49:53,8.807,9.281,9.682,480.5,22.0
4354,STARLINK-5763,56505,STARLINK-36210,67174,2026-07-31 01:22:53,7.1066,7.252,7.85,492.3,22.0
4355,STARLINK-30610,58082,STARLINK-34211,64255,2026-07-30 14:38:52,8.6055,8.719,9.459,491.1,22.0
4356,STARLINK-37181,68341,STARLINK-37253,68606,2026-07-30 22:49:54,5.3576,8.319,5.967,470.3,22.0
4357,STARLINK-32483,61856,STARLINK-33782,64332,2026-07-31 02:04:52,8.0307,9.029,8.834,490.8,22.0
4358,STARLINK-3690,51964,STARLINK-37277,68751,2026-07-30 14:18:52,5.1661,7.587,5.758,478.0,22.0
4359,STARLINK-4643,54824,STARLINK-35814,66576,2026-07-30 23:31:53,9.143,9.286,10.021,490.3,22.0
4360,STARLINK-31620,59460,STARLINK-32922,62926,2026-07-31 04:14:52,7.1217,7.358,7.853,485.7,22.0
4361,STARLINK-3521,51742,STARLINK-36668,68177,2026-07-31 05:15:52,6.4943,9.675,7.179,462.6,22.0
4362,STARLINK-30292,57844,STARLINK-30463,57909,2026-07-30 11:25:53,8.6191,8.839,9.454,482.3,22.0
4363,STARLINK-32331,61623,STARLINK-32225,62036,2026-07-30 19:53:53,7.1562,8.961,7.884,485.8,22.0
4364,STARLINK-34716,65352,STARLINK-37948,69670,2026-07-31 03:34:53,6.3542,6.679,7.022,467.5,22.0
4365,STARLINK-30443,57894,STARLINK-33951,63803,2026-07-31 01:11:53,7.1362,7.309,7.857,492.3,22.0
4366,STARLINK-32013,60103,STARLINK-33574,62774,2026-07-30 22:04:53,6.8751,7.457,7.577,462.4,22.0
4367,STARLINK-35237,65645,STARLINK-37268,68747,2026-07-30 09:31:52,8.8291,9.221,9.669,470.2,22.0
4368,STARLINK-2228,48576,STARLINK-37233,68562,2026-07-31 05:07:52,8.553,8.77,9.368,467.7,22.0
4369,STARLINK-3197,49757,STARLINK-32604,62070,2026-07-30 22:19:54,3.3077,7.617,3.754,476.6,22.0
4370,STARLINK-32224,60941,STARLINK-34911,65325,2026-07-30 22:10:52,6.9487,9.479,7.65,474.9,22.0
4371,STARLINK-32580,62075,STARLINK-35487,66262,2026-07-30 15:39:52,8.6694,8.927,9.488,473.6,22.0
4372,STARLINK-33773,63713,STARLINK-34305,65375,2026-07-30 18:56:51,4.6598,8.243,5.198,472.1,22.0
4373,STARLINK-32471,61968,STARLINK-33752,63580,2026-07-31 04:20:53,9.18,9.221,10.033,488.2,22.0
4374,STARLINK-31668,59580,STARLINK-35613,66097,2026-07-30 20:45:53,9.0764,9.554,9.922,482.0,22.0
4375,STARLINK-2482,48139,STARLINK-35342,66181,2026-07-30 17:38:52,8.0555,8.061,8.825,478.9,21.9
4376,STARLINK-31573,59334,STARLINK-36994,67997,2026-07-31 07:31:53,8.8896,9.109,9.714,491.3,21.9
4377,STARLINK-32106,59690,STARLINK-35865,67826,2026-07-30 17:07:53,9.0951,9.097,9.932,487.5,21.9
4378,STARLINK-30336,57703,STARLINK-36152,66968,2026-07-30 13:47:53,6.943,6.962,7.627,485.1,21.9
4379,2024-092B,59774,STARLINK-33600,62772,2026-07-31 08:02:53,6.2381,6.345,6.874,485.0,21.9
4380,STARLINK-30105,57433,STARLINK-35569,66471,2026-07-30 21:58:52,6.9692,7.174,7.652,492.0,21.9
4381,STARLINK-35425,65874,STARLINK-36704,67697,2026-07-30 11:58:53,5.9293,8.148,6.542,468.4,21.9
4382,STARLINK-31024,58786,STARLINK-31938,59865,2026-07-30 14:15:53,9.1632,9.601,9.99,482.4,21.9
4383,STARLINK-3200,49753,STARLINK-32465,61716,2026-07-30 23:16:52,6.2108,6.342,6.839,474.0,21.9
4384,STARLINK-30909,58363,FLOCK 4G-15,62678,2026-07-30 13:44:53,6.9891,6.993,7.668,488.9,21.9
4385,STARLINK-3966,52552,STARLINK-37785,69345,2026-07-30 12:22:53,6.5388,6.739,7.184,471.3,21.9
4386,STARLINK-32285,60355,STARLINK-37107,68294,2026-07-30 10:38:52,5.9643,5.976,6.569,468.4,21.9
4387,STARLINK-2435,47843,STARLINK-36307,68306,2026-07-30 12:03:52,5.9493,6.343,6.546,472.6,21.9
4388,STARLINK-34204,66213,STARLINK-36707,67706,2026-07-30 10:13:53,6.5238,8.716,7.157,467.1,21.9
4389,STARLINK-2630,48381,STARLINK-37194,68397,2026-07-30 17:00:53,7.3836,7.532,8.072,481.3,21.9
4390,STARLINK-31705,59382,STARLINK-35313,65758,2026-07-30 23:58:53,7.047,7.06,7.712,462.9,21.9
4391,STARLINK-5320,55289,ICEYE-X45,62705,2026-07-31 04:27:52,9.5622,9.655,10.375,581.9,21.9
4392,STARLINK-32021,60148,STARLINK-34148,64111,2026-07-30 17:05:53,6.9307,9.407,7.578,470.6,21.9
4393,STARLINK-36276,67852,STARLINK-36244,68145,2026-07-30 19:03:53,5.9686,7.363,6.552,467.7,21.8
4394,STARLINK-31413,59353,STARLINK-35360,66444,2026-07-31 08:21:47,1.026,7.221,1.302,483.4,21.8
4395,STARLINK-35150,65635,STARLINK-37267,68745,2026-07-31 01:03:53,9.1836,9.184,9.959,470.2,21.8
4396,STARLINK-32042,60108,STARLINK-37586,69521,2026-07-30 14:55:52,1.7665,1.82,2.087,475.3,21.8
4397,STARLINK-2045,47353,STARLINK-36832,68805,2026-07-31 07:07:53,5.2439,5.274,5.778,478.3,21.8
4398,STARLINK-34123,63891,STARLINK-36834,67959,2026-07-30 13:01:48,0.9865,5.668,1.259,492.2,21.8
4399,STARLINK-33587,63469,STARLINK-36763,67906,2026-07-31 07:07:48,0.9991,6.07,1.272,492.2,21.8
4400,STARLINK-3339,50820,STARLINK-35504,66325,2026-07-30 19:15:52,9.0875,9.107,9.853,483.7,21.8
4401,STARLINK-3968,52639,STARLINK-35004,65428,2026-07-30 10:51:53,4.3496,4.723,4.825,462.2,21.8
4402,STARLINK-6080,56112,STARLINK-34031,63912,2026-07-31 04:10:55,1.0264,3.795,1.3,492.3,21.8
4403,STARLINK-4326,53081,STARLINK-35043,65436,2026-07-30 10:46:52,4.1531,4.963,4.616,566.5,21.8
4404,STARLINK-5485,57261,STARLINK-33760,63764,2026-07-30 20:26:58,1.0564,7.764,1.332,492.8,21.8
4405,STARLINK-30496,57919,2025-155J,64884,2026-07-30 10:06:53,8.6011,9.435,9.323,483.4,21.8
4406,STARLINK-2609,48373,STARLINK-32168,60335,2026-07-30 10:50:53,8.055,8.078,8.74,485.2,21.8
4407,STARLINK-2380,47799,STARLINK-34900,65374,2026-07-30 12:44:53,5.8253,5.898,6.379,472.6,21.8
4408,STARLINK-5758,56037,2024-153D,60748,2026-07-30 17:47:53,7.9827,9.126,8.662,492.8,21.8
4409,STARLINK-33697,63467,STARLINK-34201,64077,2026-07-30 12:33:53,4.5669,4.685,5.043,491.7,21.8
4410,STARLINK-30427,57865,STARLINK-32676,62426,2026-07-30 11:30:50,2.3015,6.053,2.646,484.6,21.8
4411,STARLINK-31890,59785,STARLINK-33916,63792,2026-07-31 06:31:53,9.3639,9.475,10.113,488.1,21.8
4412,LAPAN-A3,41603,STARLINK-32446,61262,2026-07-30 14:01:52,6.8835,8.64,7.49,478.3,21.8
4413,STARLINK-31246,58835,STARLINK-31760,59869,2026-07-31 08:01:53,6.0394,6.185,6.597,490.1,21.8
4414,TIANMU-1 07,57399,BANDWAGON-4 OBJECT Q,66307,2026-07-31 08:19:52,6.7354,7.51,7.33,490.6,21.8
4415,STARLINK-34290,64929,STARLINK-36566,67551,2026-07-30 15:47:52,8.0134,8.22,8.677,477.0,21.8
4416,STARLINK-31312,59152,2025-012C,62727,2026-07-30 09:44:53,7.7408,8.435,8.387,483.7,21.8
4417,STARLINK-30405,57851,STARLINK-37206,68326,2026-07-30 16:55:51,6.0036,9.877,6.55,472.4,21.8
4418,STARLINK-34302,65216,STARLINK-35152,65530,2026-07-30 09:27:52,9.0689,9.361,9.783,464.7,21.7
4419,STARLINK-31253,58830,STARLINK-37373,68848,2026-07-31 02:04:53,6.2405,7.684,6.797,471.8,21.7
4420,STARLINK-2535,48295,STARLINK-4204,52854,2026-07-31 02:24:51,2.8193,6.305,3.186,482.1,21.7
4421,HULIANWANG DIGUI-122,67062,HULIANWANG DIGUI-134,67242,2026-07-30 17:21:53,7.2849,7.328,7.895,1160.4,21.7
4422,STARLINK-30385,57778,STARLINK-32703,62996,2026-07-31 01:10:52,3.1238,3.33,3.504,484.7,21.7
4423,STARLINK-30308,57742,STARLINK-36067,66965,2026-07-31 07:55:52,9.3227,9.527,10.035,488.2,21.7
4424,STARLINK-34912,65378,STARLINK-35780,66974,2026-07-31 04:51:53,6.1588,6.447,6.701,489.7,21.7
4425,STARLINK-1569,46039,STARLINK-36684,68718,2026-07-30 12:51:53,8.2861,8.293,8.941,478.9,21.7
4426,STARLINK-30834,58151,STARLINK-37802,69318,2026-07-30 15:37:53,6.6978,6.707,7.267,483.6,21.7
4427,STARLINK-3967,52636,YAOGAN-43 03B,61618,2026-07-31 01:13:54,5.3482,8.033,5.844,492.5,21.7
4428,STARLINK-30287,57709,STARLINK-30839,58209,2026-07-30 19:14:54,5.8953,9.934,6.416,492.1,21.7
4429,STARLINK-6193,56904,STARLINK-32870,63018,2026-07-30 17:01:53,7.0638,8.659,7.645,492.1,21.7
4430,STARLINK-4509,53404,STARLINK-35572,66117,2026-07-31 08:01:53,8.1762,8.479,8.815,485.2,21.7
4431,STARLINK-30610,58082,STARLINK-33963,63968,2026-07-31 05:11:53,7.2484,7.832,7.831,491.8,21.7
4432,STARLINK-35778,66973,STARLINK-35705,67039,2026-07-31 05:53:57,1.0747,6.524,1.34,484.0,21.7
4433,STARLINK-36692,67744,STARLINK-37934,69567,2026-07-31 08:28:52,2.8131,3.054,3.167,464.9,21.7
4434,STARLINK-5796,55916,HORACIO,59098,2026-07-30 10:19:52,5.5751,5.834,6.069,577.9,21.7
4435,STARLINK-3207,49756,STARLINK-37869,69483,2026-07-31 07:16:52,5.9324,7.354,6.442,476.5,21.7
4436,STARLINK-31710,59378,STARLINK-35288,65749,2026-07-31 06:51:52,7.1308,9.546,7.699,475.1,21.7
4437,HULIANWANG DIGUI-138,67436,HULIANWANG DIGUI-146,67522,2026-07-30 13:30:53,7.3181,7.32,7.895,1151.5,21.7
4438,STARLINK-2685,48468,STARLINK-31324,58976,2026-07-31 01:23:53,9.0919,9.275,9.753,478.6,21.7
4439,STARLINK-32621,62303,STARLINK-37790,69312,2026-07-31 07:04:53,5.2954,6.075,5.762,473.7,21.6
4440,STARLINK-2427,47837,STARLINK-37725,69224,2026-07-30 15:52:53,8.6792,8.914,9.309,469.0,21.6
4441,STARLINK-32023,60197,STARLINK-34700,64922,2026-07-30 15:02:56,2.2738,9.741,2.593,461.8,21.6
4442,STARLINK-31046,58552,STARLINK-37143,68336,2026-07-31 06:08:53,6.6813,8.185,7.212,475.3,21.6
4443,STARLINK-2235,48581,STARLINK-35708,66277,2026-07-31 03:38:52,7.7312,9.148,8.308,480.9,21.6
4444,FLOCK 4G-29,62642,STARLINK-35518,66198,2026-07-30 23:42:52,5.3328,5.426,5.79,482.2,21.6
4445,STARLINK-3647,51994,STARLINK-6213,56891,2026-07-30 13:13:53,8.0372,8.574,8.618,495.2,21.6
4446,STARLINK-32926,63025,SITRO-AIS-57,67256,2026-07-30 17:32:53,7.5035,8.142,8.059,495.0,21.6
4447,STARLINK-3942,52563,STARLINK-35635,66161,2026-07-30 17:30:52,8.0999,8.163,8.679,461.7,21.6
4448,STARLINK-3813,52482,STARLINK-6358,57377,2026-07-30 14:15:53,3.0604,4.325,3.408,493.8,21.6
4449,STARLINK-5789,56003,STARLINK-36494,67331,2026-07-30 10:03:52,7.118,7.199,7.647,485.4,21.6
4450,STARLINK-31759,59740,STARLINK-32605,61921,2026-07-31 01:18:52,7.2991,9.039,7.833,492.0,21.6
4451,STARLINK-5107,54826,STARLINK-30880,58232,2026-07-30 09:33:53,9.3998,9.541,10.023,488.3,21.6
4452,STARLINK-35369,68705,STARLINK-37167,68732,2026-07-30 14:27:52,5.5197,7.884,5.972,470.4,21.6
4453,STARLINK-11656 [DTC],63674,STARLINK-11679 [DTC],64129,2026-07-30 09:23:53,4.4685,5.932,4.874,357.9,21.6
4454,STARLINK-32393,61862,STARLINK-36412,67518,2026-07-31 01:11:52,5.934,8.539,6.404,492.7,21.6
4455,STARLINK-32406,61545,STARLINK-37320,68711,2026-07-30 20:51:52,1.8204,2.397,2.108,475.2,21.6
4456,A-SEANSAT-PG1,57197,STARLINK-36668,68177,2026-07-31 05:21:52,6.5488,9.476,7.039,461.5,21.6
4457,STARLINK-11299 [DTC],61058,UITMSAT-2,67686,2026-07-30 09:18:53,9.0375,9.108,9.634,358.2,21.6
4458,STARLINK-31907,59797,STARLINK-33865,64247,2026-07-31 03:53:53,7.3231,7.568,7.845,485.6,21.6
4459,STARLINK-30441,57869,STARLINK-36799,67958,2026-07-30 12:40:52,7.1218,7.493,7.634,485.7,21.6
4460,TOMORROW-S2,60485,STARLINK-35100,65542,2026-07-30 23:31:47,1.5386,9.82,1.812,463.2,21.6
4461,STARLINK-30396,57964,STARLINK-33923,63786,2026-07-30 17:58:54,5.9628,8.839,6.423,492.3,21.6
4462,STARLINK-4769,53843,STARLINK-4634,53967,2026-07-30 23:13:52,6.4867,9.245,6.968,552.0,21.5
4463,STARLINK-34279,64389,STARLINK-35497,66241,2026-07-31 04:03:52,8.9071,8.914,9.488,481.6,21.5
4464,STARLINK-34764,65098,STARLINK-37105,68610,2026-07-30 08:39:52,6.3144,6.435,6.784,476.5,21.5
4465,STARLINK-2255,48597,STARLINK-36590,67577,2026-07-30 13:27:52,9.555,9.905,10.151,481.5,21.5
4466,STARLINK-32211,60270,STARLINK-32139,61510,2026-07-31 06:44:53,8.0782,9.683,8.608,479.1,21.5
4467,STARLINK-3892,52488,STARLINK-31738,59535,2026-07-30 17:41:53,9.1126,9.187,9.681,481.9,21.5
4468,SCS-01 H,63989,STARLINK-35831,66374,2026-07-30 14:53:52,5.3488,5.356,5.767,467.1,21.5
4469,STARLINK-2612,48379,STARLINK-34850,65460,2026-07-31 07:02:52,8.01,8.086,8.527,479.2,21.5
4470,STARLINK-5783,56022,STARLINK-32225,62036,2026-07-31 01:04:52,9.4433,9.706,10.013,488.2,21.5
4471,STARLINK-30461,57933,STARLINK-34182,64013,2026-07-30 19:31:49,2.3882,8.464,2.687,492.6,21.5
4472,LEMUR-2-AMANDA-SVANTE,48269,STARLINK-34232,65019,2026-07-30 18:43:53,8.2714,8.35,8.794,459.0,21.5
4473,STARLINK-3577,51884,STARLINK-37052,68179,2026-07-30 19:54:53,9.5971,9.653,10.17,462.6,21.5
4474,STARLINK-30962,58458,STARLINK-31582,59545,2026-07-30 19:51:53,4.606,6.302,4.989,491.8,21.5
4475,STARLINK-31535,59504,STARLINK-36517,67454,2026-07-31 08:00:52,9.285,9.287,9.843,487.2,21.5
4476,STARLINK-4470,53655,STARLINK-37451,69471,2026-07-30 17:06:53,7.7524,8.905,8.252,457.6,21.5
4477,STARLINK-4548,53431,STARLINK-37352,69524,2026-07-31 04:10:52,6.0967,6.117,6.53,460.8,21.5
4478,STARLINK-32232,60431,STARLINK-36912,67961,2026-07-30 23:17:53,7.5828,8.199,8.071,477.3,21.5
4479,STARLINK-3871,52496,STARLINK-5244,54199,2026-07-30 22:44:53,4.7413,4.765,5.12,469.3,21.5
4480,STARLINK-30589,58103,STARLINK-34168,64079,2026-07-30 10:47:53,8.6757,9.517,9.194,481.6,21.5
4481,SPAWAR-CAL-OR,43778,STARLINK-30890,58362,2026-07-30 13:28:53,6.5418,9.541,6.983,492.7,21.5
4482,STARLINK-5610,57244,STARLINK-33776,63851,2026-07-30 11:13:52,4.69,6.24,5.064,492.1,21.5
4483,STARLINK-3160,49454,STARLINK-35166,65499,2026-07-31 06:49:51,3.0597,5.094,3.375,476.6,21.4
4484,STARLINK-5831,57332,STARLINK-36657,67835,2026-07-31 01:00:56,1.0626,5.084,1.307,492.6,21.4
4485,STARLINK-32248,61219,STARLINK-34466,66226,2026-07-30 20:29:53,8.4416,8.825,8.943,467.2,21.4
4486,STARLINK-6379,57343,STARLINK-33709,63419,2026-07-31 03:45:52,9.4049,9.468,9.937,487.3,21.4
4487,STARLINK-3884,52497,STARLINK-30071,56708,2026-07-31 07:56:51,5.463,8.786,5.857,486.9,21.4
4488,STARLINK-37727,69481,STARLINK-37749,69651,2026-07-30 23:50:52,2.6385,2.691,2.935,480.8,21.4
4489,STARLINK-2426,47836,STARLINK-37802,69318,2026-07-30 12:26:53,8.6386,9.274,9.14,482.5,21.4
4490,ION SCV-017,63230,STARLINK-36254,68338,2026-07-30 13:29:53,9.0254,9.113,9.536,479.0,21.4
4491,STARLINK-32790,63048,STARLINK-36701,67658,2026-07-30 09:42:52,9.1388,9.244,9.65,478.7,21.4
4492,STARLINK-3500,51740,STARLINK-36275,68702,2026-07-31 05:51:52,5.3891,7.559,5.775,460.5,21.4
4493,STARLINK-35667,66400,STARLINK-37713,69212,2026-07-31 07:35:52,6.8059,9.767,7.239,477.5,21.4
4494,STARLINK-2257,47787,STARLINK-37778,69352,2026-07-30 11:33:52,8.4216,8.967,8.907,481.5,21.4
4495,STARLINK-2692,48434,STARLINK-36674,67661,2026-07-31 05:51:53,6.9327,7.756,7.368,471.3,21.4
4496,STARLINK-36065,66898,STARLINK-36272,68215,2026-07-31 06:58:53,5.5213,7.836,5.908,470.4,21.4
4497,STARLINK-32864,62862,STARLINK-37837,69665,2026-07-30 19:17:52,9.3708,9.383,9.883,465.1,21.4
4498,CUBESX-HSE 3 (RS42S),57178,STARLINK-30405,57851,2026-07-30 20:51:52,8.4266,8.427,8.908,480.5,21.4
4499,STARLINK-32341,61639,STARLINK-35505,66329,2026-07-30 12:00:52,4.6845,5.744,5.042,484.6,21.4
4500,STARLINK-35819,66285,STARLINK-37924,69569,2026-07-30 20:54:52,5.3824,5.449,5.759,473.8,21.4
4501,STARLINK-30861,58230,STARLINK-32827,63043,2026-07-31 02:37:53,9.7256,9.92,10.239,473.4,21.4
4502,STARLINK-30108,56299,STARLINK-32162,60597,2026-07-30 21:32:53,8.6616,9.051,9.141,489.6,21.4
4503,STARLINK-3525,51733,STARLINK-36305,68189,2026-07-30 19:19:52,6.7222,6.846,7.14,462.3,21.4
4504,STARLINK-30953,58491,BANDWAGON-4 OBJECT Q,66307,2026-07-30 13:38:53,4.8115,4.998,5.164,490.2,21.4
4505,STARLINK-30418,57829,STARLINK-31492,59212,2026-07-30 15:07:54,5.814,9.487,6.196,489.9,21.4
4506,STARLINK-34652,64772,STARLINK-35041,66188,2026-07-31 07:48:08,0.2215,6.699,0.434,475.4,21.4
4507,STARLINK-4268,53183,STARLINK-32511,61727,2026-07-30 16:00:52,4.6948,5.293,5.041,460.0,21.4
4508,STARLINK-30184,57310,STARLINK-35462,65877,2026-07-31 05:45:52,9.2148,9.322,9.692,481.4,21.4
4509,STARLINK-4168,52845,STARLINK-5376,56142,2026-07-30 13:00:54,4.6725,7.149,5.016,490.7,21.4
4510,STARLINK-5018,53929,STARLINK-33944,64209,2026-07-31 04:51:53,6.2794,6.359,6.665,485.3,21.4
4511,STARLINK-5836,56386,STARLINK-32230,60366,2026-07-30 10:48:53,8.6014,8.82,9.051,489.8,21.3
4512,STARLINK-36365,67666,STARLINK-37093,68194,2026-07-31 00:03:53,9.5228,9.858,9.996,477.9,21.3
4513,STARLINK-5739,55571,STARLINK-35777,66975,2026-07-30 14:43:50,1.1437,3.118,1.381,492.6,21.3
4514,STARLINK-32708,62495,STARLINK-35588,66424,2026-07-30 14:22:55,1.0921,2.938,1.328,484.1,21.3
4515,STARLINK-35686,66407,STARLINK-35950,66622,2026-07-31 07:34:52,6.9754,6.977,7.37,462.8,21.3
4516,STARLINK-37327,68736,STARLINK-37757,69244,2026-07-30 22:15:52,6.9808,7.254,7.374,477.0,21.3
4517,STARLINK-34902,65326,STARLINK-37835,69500,2026-07-30 11:11:53,6.334,6.682,6.708,468.5,21.3
4518,TIANHUI 5D,60212,KUIPER-00438,68940,2026-07-30 14:50:51,5.574,9.508,5.924,614.4,21.3
4519,STARLINK-3641,51788,STARLINK-37108,68218,2026-07-30 23:47:52,6.1471,8.607,6.511,476.5,21.3
4520,STARLINK-4652,53736,KUIPER-00160,67765,2026-07-30 23:50:53,7.2947,7.412,7.686,456.7,21.3
4521,STARLINK-30409,57820,STARLINK-34691,65691,2026-07-30 19:37:52,9.1683,9.991,9.607,488.9,21.3
4522,STARLINK-31239,60093,STARLINK-37490,69525,2026-07-30 20:55:49,1.8356,8.459,2.087,475.3,21.3
4523,STARLINK-32818,63036,STARLINK-36072,66856,2026-07-30 22:52:52,5.2828,7.444,5.62,490.3,21.3
4524,STARLINK-5774,56029,STARLINK-36198,67167,2026-07-30 23:49:53,7.2227,7.429,7.603,485.7,21.3
4525,FLOCK 4G-12,62625,STARLINK-33749,63716,2026-07-30 18:57:53,5.8329,5.915,6.177,483.6,21.3
4526,STARLINK-2427,47837,STARLINK-37217,68335,2026-07-30 19:51:52,9.1099,9.146,9.53,478.5,21.3
4527,STARLINK-33752,63580,STARLINK-35897,66501,2026-07-31 05:28:52,2.3362,2.953,2.595,493.2,21.3
4528,STARLINK-2421,48098,STARLINK-3882,52475,2026-07-30 13:36:53,6.9784,6.986,7.344,470.0,21.3
4529,STARLINK-31644,59391,STARLINK-34910,66269,2026-07-30 19:20:53,6.4639,6.465,6.816,462.8,21.3
4530,STARLINK-30505,57972,STARLINK-31952,59867,2026-07-31 07:48:51,4.7372,6.96,5.05,492.6,21.3
4531,STARLINK-2221,48571,STARLINK-36612,67580,2026-07-30 13:27:52,9.7487,9.853,10.173,468.8,21.3
4532,STARLINK-31252,59083,STARLINK-32642,62211,2026-07-30 14:27:52,3.525,4.014,3.807,492.4,21.3
4533,STARLINK-4800,53854,STARLINK-35630,66131,2026-07-30 12:37:52,8.5075,9.379,8.891,467.4,21.2
4534,STARLINK-5172,54064,STARLINK-34135,63964,2026-07-30 22:33:53,6.7858,6.813,7.131,481.8,21.2
4535,STARLINK-6205,56898,STARLINK-32593,61974,2026-07-30 18:52:52,7.5012,7.823,7.86,491.3,21.2
4536,STARLINK-32133,60333,STARLINK-37351,68742,2026-07-30 23:51:52,8.1475,8.153,8.519,483.1,21.2
4537,STARLINK-31366,59403,STARLINK-35867,66791,2026-07-31 08:25:54,4.7938,9.973,5.093,484.3,21.2
4538,STARLINK-31991,59963,STARLINK-36110,66945,2026-07-31 08:08:52,6.4835,7.907,6.815,474.1,21.2
4539,STARLINK-30434,57875,STARLINK-35874,66962,2026-07-31 03:09:53,7.5238,7.621,7.874,492.2,21.2
4540,STARLINK-31019,58540,STARLINK-37018,68103,2026-07-30 22:12:52,8.2519,9.868,8.616,477.7,21.2
4541,STARLINK-37010,68289,STARLINK-37121,68383,2026-07-30 20:06:53,5.804,7.837,6.12,469.8,21.2
4542,STARLINK-34900,65374,STARLINK-36468,67415,2026-07-31 08:05:52,6.5594,7.756,6.89,489.5,21.2
4543,STARLINK-2432,47840,STARLINK-33659,63445,2026-07-30 13:22:52,9.2167,9.845,9.597,479.6,21.2
4544,STARLINK-2408,47823,STARLINK-32267,60363,2026-07-31 00:41:51,5.1364,9.423,5.436,485.6,21.2
4545,STARLINK-31620,59460,STARLINK-32922,62926,2026-07-30 18:02:53,7.5056,8.514,7.846,492.0,21.2
4546,STARLINK-2673,48649,STARLINK-36335,68015,2026-07-30 21:18:53,5.4958,6.401,5.799,478.3,21.2
4547,STARLINK-35736,66230,STARLINK-37930,69668,2026-07-30 20:26:52,6.3593,8.72,6.678,475.1,21.2
4548,STARLINK-34324,64207,STARLINK-37494,68905,2026-07-30 09:37:53,7.8016,9.876,8.144,472.0,21.2
4549,STARLINK-33589,62759,STARLINK-37530,69131,2026-07-31 01:54:52,6.54,6.851,6.858,471.5,21.2
4550,KUIPER-00153,65773,KUIPER-00613,69293,2026-07-30 21:19:53,8.5791,9.043,8.931,630.7,21.2
4551,STARLINK-31431,59002,STARLINK-33624,63071,2026-07-31 06:40:52,6.9988,8.915,7.32,473.7,21.2
4552,STARLINK-31074,58601,STARLINK-36736,67911,2026-07-30 17:53:52,6.1452,6.146,6.449,492.3,21.2
4553,TIANMU-1 14,58648,STARLINK-31950,59863,2026-07-31 06:39:52,8.1351,8.958,8.463,489.3,21.2
4554,CORVUS BC1,42847,ICEYE-X37,59102,2026-07-30 21:48:53,2.7278,3.377,2.972,552.4,21.1
4555,STARLINK-36089,66947,STARLINK-36773,67801,2026-07-30 17:39:51,5.6531,9.286,5.938,470.7,21.1
4556,STARLINK-32333,61626,STARLINK-35394,66023,2026-07-30 09:54:52,7.6685,8.618,7.983,489.7,21.1
4557,STARLINK-30101,56301,STARLINK-33644,63414,2026-07-30 11:32:52,7.6788,7.679,7.989,488.8,21.1
4558,STARLINK-5912,56020,STARLINK-33836,63642,2026-07-31 03:57:54,3.308,4.922,3.557,484.7,21.1
4559,STARLINK-33800,63576,STARLINK-35705,67039,2026-07-30 22:43:52,6.143,6.195,6.431,492.2,21.1
4560,STARLINK-36919,68053,STARLINK-37366,68807,2026-07-30 15:58:52,7.5042,7.91,7.806,477.0,21.1
4561,STARLINK-4033,52702,2026-134G,69544,2026-07-31 04:04:53,8.3839,8.554,8.696,552.2,21.1
4562,STARLINK-6169,56889,STARLINK-30918,58365,2026-07-31 07:39:52,7.3175,8.91,7.615,492.1,21.1
4563,STARLINK-5731,56924,STARLINK-32934,63200,2026-07-30 15:53:57,1.0647,5.865,1.281,492.0,21.1
4564,STARLINK-30460,57870,STARLINK-36152,66968,2026-07-30 18:56:53,7.5737,8.794,7.873,492.6,21.1
4565,STARLINK-31128,58669,STARLINK-33674,63329,2026-07-31 06:40:51,4.4878,8.041,4.747,484.8,21.1
4566,STARLINK-2414,48095,STARLINK-31647,59389,2026-07-30 21:24:52,8.3434,9.154,8.652,467.3,21.1
4567,STARLINK-35254,65674,STARLINK-37292,68787,2026-07-30 11:11:44,0.4118,5.301,0.619,464.5,21.1
4568,STARLINK-37856,69491,STARLINK-37229,69659,2026-07-30 23:54:50,2.6872,6.859,2.923,463.4,21.1
4569,STARLINK-1572,46060,STARLINK-6298,56391,2026-07-31 00:10:54,5.5348,9.292,5.804,490.1,21.1
4570,STARLINK-4707,53721,STARLINK-34867,65459,2026-07-30 09:55:55,1.4911,4.243,1.711,459.6,21.1
4571,STARLINK-5021,53902,STARLINK-37638,69144,2026-07-31 08:10:52,8.7279,8.73,9.031,484.8,21.1
4572,STARLINK-36636,67611,STARLINK-36288,69164,2026-07-30 21:38:54,6.5071,9.676,6.784,467.4,21.1
4573,STARLINK-30870,58369,STARLINK-36975,67993,2026-07-31 01:35:53,4.792,5.678,5.049,492.9,21.1
4574,STARLINK-3355,50808,STARLINK-35064,65531,2026-07-30 16:43:53,7.5089,9.481,7.795,481.3,21.1
4575,STARLINK-32132,60334,STARLINK-37306,68680,2026-07-30 08:50:53,7.9079,9.836,8.199,471.8,21.1
4576,STARLINK-32956,63570,STARLINK-35811,66596,2026-07-30 14:40:53,7.1719,7.187,7.454,493.0,21.1
4577,STARLINK-31050,58546,STARLINK-34290,64929,2026-07-31 02:57:53,7.2268,8.384,7.505,474.9,21.1
4578,LIME,62648,STARLINK-36900,67973,2026-07-31 06:02:53,8.6986,9.709,8.992,483.6,21.1
4579,STARLINK-3754,52350,STARLINK-32461,61701,2026-07-30 18:56:52,6.1456,7.51,6.412,473.7,21.1
4580,STARLINK-4655,53613,STARLINK-34469,64615,2026-07-31 07:08:53,7.6064,9.716,7.885,477.2,21.1
4581,STARLINK-31123,58775,STARLINK-36275,68702,2026-07-30 15:03:53,1.9648,2.857,2.187,475.6,21.1
4582,STARLINK-33939,63702,STARLINK-37946,69672,2026-07-30 10:33:53,5.9471,7.451,6.208,473.1,21.1
4583,STARLINK-30469,57896,STARLINK-36208,67108,2026-07-31 05:31:53,9.6545,9.713,9.936,491.0,21.0
4584,STARLINK-1552,46076,STARLINK-35623,66138,2026-07-30 20:35:52,5.8818,6.156,6.132,472.6,21.0
4585,LEMUR-2-MONSON,42839,STARLINK-4687,53784,2026-07-31 06:09:53,7.7219,7.922,7.985,485.7,21.0
4586,STARLINK-32010,60279,STARLINK-34302,65216,2026-07-31 03:21:53,8.9638,9.241,9.234,478.8,21.0
4587,STARLINK-32835,63051,STARLINK-35727,66281,2026-07-30 10:43:53,7.4606,9.966,7.714,474.8,21.0
4588,STARLINK-30393,57866,STARLINK-30784,58156,2026-07-31 00:36:53,7.0162,7.183,7.266,489.9,21.0
4589,STARLINK-31961,59894,STARLINK-36139,66966,2026-07-30 13:46:52,7.4251,7.466,7.676,492.8,21.0
4590,STARLINK-30408,57824,STARLINK-36438,67625,2026-07-31 00:15:52,7.3638,9.047,7.612,492.0,21.0
4591,YAOGAN-36 03A,54372,STARLINK-35401,66067,2026-07-31 07:37:53,8.2247,9.42,8.478,470.6,21.0
4592,STARLINK-34865,65200,STARLINK-36364,67978,2026-07-30 12:54:53,5.7259,5.753,5.962,470.9,21.0
4593,STARLINK-31348,59172,STARLINK-33752,63580,2026-07-30 22:32:52,7.6317,9.291,7.878,486.2,21.0
4594,STARLINK-30956,58481,STARLINK-32349,61700,2026-07-30 09:57:52,8.6562,9.699,8.902,490.0,21.0
4595,STARLINK-30890,58362,STARLINK-36988,67998,2026-07-31 01:45:51,4.8284,8.75,5.053,484.6,21.0
4596,STARLINK-3580,51781,STARLINK-37406,69199,2026-07-31 06:26:53,5.7447,5.747,5.971,476.5,21.0
4597,STARLINK-33639,63481,STARLINK-33757,63720,2026-07-30 12:51:52,8.8868,8.89,9.121,489.0,21.0
4598,STARLINK-31407,59250,STARLINK-36138,67030,2026-07-31 02:37:53,7.3849,9.503,7.612,492.3,21.0
4599,STARLINK-30132,56703,STARLINK-35380,65905,2026-07-30 16:31:53,9.5909,9.696,9.825,482.1,21.0
4600,STARLINK-34552,64731,STARLINK-36980,68146,2026-07-30 13:05:52,5.5409,5.667,5.756,473.4,21.0
4601,KSM1-B,46914,STARLINK-35654,66483,2026-07-31 02:06:54,3.8171,5.707,4.028,493.8,21.0
4602,STARLINK-30782,58137,STARLINK-31881,59659,2026-07-30 10:14:52,7.4341,8.287,7.654,485.6,21.0
4603,STARLINK-5822,57064,STARLINK-36140,67034,2026-07-30 22:14:53,5.9048,6.032,6.12,492.0,21.0
4604,STARLINK-31151,58742,STARLINK-34981,65198,2026-07-30 14:22:53,7.0911,9.198,7.309,489.7,21.0
4605,STARLINK-32258,60939,STARLINK-35606,66171,2026-07-30 14:04:52,6.6071,9.479,6.824,462.4,21.0
4606,STARLINK-30765,58119,STARLINK-35734,66225,2026-07-31 02:53:52,9.5622,9.584,9.785,482.0,21.0
4607,STARLINK-1554,46055,STARLINK-37021,68105,2026-07-30 11:38:53,5.5206,5.878,5.733,476.9,21.0
4608,STARLINK-2735,48667,STARLINK-30473,57893,2026-07-30 20:42:53,5.2907,5.519,5.499,490.5,20.9
4609,STARLINK-31296,58879,STARLINK-33598,62771,2026-07-31 06:33:53,2.3618,2.37,2.565,462.1,20.9
4610,STARLINK-30239,57291,STARLINK-36513,67429,2026-07-31 04:46:48,1.1332,6.501,1.335,484.2,20.9
4611,STARLINK-37634,69028,STARLINK-37754,69201,2026-07-31 03:03:52,9.6599,9.797,9.873,477.6,20.9
4612,STARLINK-30431,57852,STARLINK-37361,69134,2026-07-30 22:39:53,9.4215,9.469,9.631,470.8,20.9
4613,STARLINK-31578,59321,STARLINK-36690,67913,2026-07-31 04:43:51,4.8794,7.919,5.084,492.5,20.9
4614,STARLINK-36489,67328,STARLINK-36499,67359,2026-07-31 05:36:52,7.6414,9.679,7.845,491.9,20.9
4615,STARLINK-32718,62496,STARLINK-36860,67935,2026-07-31 08:11:52,7.6297,8.311,7.833,485.5,20.9
4616,STARLINK-33746,63446,STARLINK-37373,68848,2026-07-30 12:15:52,6.6798,7.674,6.879,476.7,20.9
4617,STARLINK-30861,58230,STARLINK-32159,60293,2026-07-30 20:02:52,7.7744,8.392,7.974,477.0,20.9
4618,STARLINK-31753,59484,STARLINK-36412,67518,2026-07-30 12:01:51,2.1181,3.413,2.317,484.3,20.9
4619,STARLINK-3545,51855,STARLINK-30868,58390,2026-07-30 17:47:52,3.7282,4.52,3.922,473.9,20.9
4620,STARLINK-2614,48380,STARLINK-37366,68807,2026-07-31 00:51:53,6.0,6.0,6.189,479.8,20.9
4621,STARLINK-30466,57904,STARLINK-34103,63962,2026-07-30 23:00:53,9.5445,9.773,9.726,487.5,20.9
4622,STARLINK-2517,48309,STARLINK-31830,59769,2026-07-31 01:59:52,5.9878,7.876,6.173,472.6,20.9
4623,STARLINK-1992,47632,STARLINK-31786,59771,2026-07-30 12:36:53,5.4976,5.586,5.683,485.9,20.9
4624,STARLINK-34977,65245,STARLINK-35730,66273,2026-07-30 11:30:52,5.5979,5.624,5.781,474.2,20.9
4625,STARLINK-34516,64605,STARLINK-37662,69137,2026-07-31 07:44:52,6.0814,6.128,6.263,473.1,20.9
4626,STARLINK-31053,58549,STARLINK-37314,68740,2026-07-30 18:20:52,7.2747,7.549,7.451,466.8,20.9
4627,STARLINK-30981,58494,STARLINK-35539,65915,2026-07-31 07:32:52,9.367,9.411,9.536,481.9,20.9
4628,STARLINK-37298,68670,KUIPER-00641,69787,2026-07-30 23:05:53,6.2509,7.24,6.429,478.1,20.9
4629,STARLINK-34694,66189,KUIPER-00538,69608,2026-07-30 21:37:52,9.8769,9.912,10.039,491.6,20.9
4630,STARLINK-31869,60196,STARLINK-32113,60282,2026-07-30 20:59:53,8.4952,9.097,8.66,479.0,20.9
4631,STARLINK-6091,56119,STARLINK-30426,57848,2026-07-30 23:27:53,7.1551,7.177,7.325,490.3,20.9
4632,STARLINK-32619,62074,STARLINK-35683,66405,2026-07-30 11:18:51,2.2015,3.952,2.391,474.9,20.9
4633,TRANSPORTER-12 OBJECT BT,62674,STARLINK-36874,67981,2026-07-30 15:29:52,8.8418,8.842,9.003,485.5,20.9
4634,STARLINK-2635,48355,STARLINK-36354,67800,2026-07-30 13:32:52,5.8123,7.923,5.984,479.2,20.8
4635,STARLINK-31876,59938,STARLINK-36510,67407,2026-07-31 08:26:52,7.4746,8.135,7.637,485.6,20.8
4636,STARLINK-30165,57457,STARLINK-35689,66494,2026-07-30 16:46:59,1.146,8.62,1.338,484.2,20.8
4637,BANDWAGON-2 OBJECT D,62380,STARLINK-34812,66026,2026-07-30 11:02:53,9.1457,9.444,9.291,478.1,20.8
4638,STARLINK-6254,57090,2024-092B,59774,2026-07-30 22:40:52,7.3331,7.681,7.486,488.8,20.8
4639,STARLINK-34047,63821,STARLINK-35461,66088,2026-07-30 19:27:52,6.7912,7.279,6.946,490.1,20.8
4640,STARLINK-31520,59210,STARLINK-36634,67593,2026-07-31 06:24:53,9.3696,9.775,9.504,483.8,20.8
4641,STARLINK-32092,59700,STARLINK-35871,66566,2026-07-31 04:13:53,6.0492,6.532,6.203,484.9,20.8
4642,STARLINK-34838,65343,STARLINK-35105,65543,2026-07-31 00:04:52,5.9913,6.625,6.145,475.3,20.8
4643,STARLINK-31843,59722,STARLINK-37839,69496,2026-07-30 11:32:52,7.0142,8.013,7.159,481.2,20.8
4644,GEESAT-2 04,58908,STARLINK-32407,62172,2026-07-31 03:35:54,5.6581,9.563,5.813,577.3,20.8
4645,STARLINK-31393,59252,STARLINK-35680,66610,2026-07-31 02:08:52,6.0257,7.2,6.175,485.0,20.8
4646,STARLINK-31616,59270,STARLINK-35747,66207,2026-07-31 02:18:54,4.8366,8.204,4.994,475.0,20.8
4647,STARLINK-30592,58102,STARLINK-35194,65671,2026-07-31 08:13:53,7.0179,7.051,7.148,477.4,20.8
4648,STARLINK-31679,59519,STARLINK-36611,67830,2026-07-30 17:47:50,3.3903,8.708,3.553,484.5,20.8
4649,STARLINK-2245,48589,STARLINK-37020,68144,2026-07-30 11:16:53,7.98,9.369,8.092,481.0,20.8
4650,STARLINK-2280,47861,STARLINK-35090,65698,2026-07-31 02:11:52,8.2843,8.286,8.391,467.1,20.8
4651,STARLINK-36259,67106,STARLINK-36479,67352,2026-07-31 04:36:52,4.9016,6.268,5.044,484.4,20.8
4652,STARLINK-35044,65536,STARLINK-35602,66403,2026-07-30 23:03:54,5.7304,8.624,5.863,474.4,20.8
4653,STARLINK-2443,48107,STARLINK-34962,65248,2026-07-30 14:19:52,7.5465,8.185,7.657,470.2,20.7
4654,STARLINK-36103,66985,SITRO-AIS-58,67258,2026-07-30 17:13:53,6.9431,8.091,7.059,491.8,20.7
4655,YAOGAN-43 01H,60465,STARLINK-32548,62120,2026-07-30 22:33:53,9.465,9.49,9.55,486.2,20.7
4656,STARLINK-34610,65034,KUIPER-00160,67765,2026-07-30 23:06:53,9.3172,9.326,9.404,469.4,20.7
4657,STARLINK-30593,58112,STARLINK-36040,66614,2026-07-31 03:15:53,9.0704,9.247,9.16,489.5,20.7
4658,STARLINK-32561,62026,STARLINK-35144,65538,2026-07-30 09:02:53,8.3019,8.302,8.391,465.9,20.7
4659,STARLINK-31521,59015,STARLINK-32672,62195,2026-07-30 19:28:54,4.7051,8.338,4.838,490.0,20.7
4660,STARLINK-3127,49450,STARLINK-34712,64907,2026-07-30 21:36:53,9.5581,9.582,9.623,462.2,20.7
4661,STARLINK-33642,63978,STARLINK-35322,66332,2026-07-30 19:36:54,3.3821,5.242,3.532,484.4,20.7
4662,STARLINK-3640,51988,STARLINK-32719,62448,2026-07-30 09:40:52,8.0111,8.011,8.094,479.2,20.7
4663,PELICAN-6,66703,STARLINK-37113,68318,2026-07-30 23:10:52,6.4216,6.532,6.523,481.9,20.7
4664,STARLINK-5013,55492,STARLINK-30515,57983,2026-07-30 16:02:55,1.1075,3.232,1.288,492.6,20.7
4665,STARLINK-35559,66095,STARLINK-36217,67120,2026-07-30 10:07:52,7.0861,7.105,7.176,489.7,20.7
4666,STARLINK-35180,65462,STARLINK-35064,65531,2026-07-30 22:40:52,6.7304,6.747,6.824,468.2,20.7
4667,STARLINK-5336,57138,STARLINK-36223,67126,2026-07-31 01:07:53,7.5434,7.848,7.623,492.6,20.7
4668,STARLINK-3736,52113,STARLINK-36335,68015,2026-07-30 20:36:52,5.7287,6.878,5.835,475.8,20.7
4669,STARLINK-32332,62490,STARLINK-34681,66438,2026-07-31 06:47:53,1.1492,1.179,1.328,492.1,20.7
4670,STARLINK-31996,60100,STARLINK-37232,69515,2026-07-30 16:09:55,2.0038,5.571,2.168,461.8,20.7
4671,STARLINK-4011,52615,STARLINK-32019,60147,2026-07-30 20:52:58,1.4245,8.446,1.598,462.5,20.7
4672,STARLINK-30103,56290,STARLINK-35738,67116,2026-07-30 23:46:55,3.4476,9.533,3.587,484.8,20.7
4673,STARLINK-4554,53626,UMBRA-11,66748,2026-07-30 13:14:53,6.3191,6.581,6.41,497.3,20.7
4674,GITAI-SC1,62388,TOMORROW-S5,63234,2026-07-31 01:02:52,7.405,7.487,7.474,502.0,20.7
4675,STARLINK-4589,53746,STARLINK-35819,66285,2026-07-30 23:01:53,8.6081,8.641,8.655,464.6,20.7
4676,STARLINK-3120,49419,2023-085A,57004,2026-07-30 21:22:51,6.0769,9.027,6.166,479.2,20.7
4677,STARLINK-32258,60939,STARLINK-37438,69526,2026-07-30 10:56:53,7.1096,8.79,7.176,462.6,20.6
4678,STARLINK-4215,53007,STARLINK-37049,68152,2026-07-30 17:57:52,9.3332,9.699,9.358,463.5,20.6
4679,STARLINK-3397,51115,STARLINK-3806,52378,2026-07-30 08:43:53,9.3068,9.327,9.33,524.8,20.6
4680,STARLINK-35647,66388,STARLINK-37838,69654,2026-07-30 20:49:52,5.9314,7.198,6.017,475.2,20.6
4681,STARLINK-36157,66933,STARLINK-37661,69147,2026-07-30 20:47:53,5.659,5.926,5.747,472.3,20.6
4682,STARLINK-32636,62232,STARLINK-37400,68777,2026-07-30 13:40:53,6.5367,8.885,6.606,475.1,20.6
4683,STARLINK-34082,64100,STARLINK-34223,64336,2026-07-31 07:48:54,5.1138,9.144,5.21,490.2,20.6
4684,STARLINK-31560,59361,STARLINK-35210,65903,2026-07-31 01:02:52,9.01,9.173,9.024,481.0,20.6
4685,STARLINK-30275,57667,STARLINK-37399,68772,2026-07-30 20:27:54,5.8546,9.876,5.932,470.6,20.6
4686,STARLINK-30488,57931,STARLINK-36094,66851,2026-07-30 16:27:51,1.1573,2.009,1.33,484.2,20.6
4687,STARLINK-5401,54870,STARLINK-32372,61960,2026-07-31 03:51:52,4.9762,5.262,5.069,484.4,20.6
4688,FLOCK 4G-8,62613,STARLINK-35693,66490,2026-07-31 04:46:52,7.8421,8.987,7.874,488.8,20.6
4689,STARLINK-4164,53282,STARLINK-36588,67573,2026-07-31 02:53:52,6.0307,6.035,6.101,471.5,20.6
4690,STARLINK-30907,58352,STARLINK-33558,63643,2026-07-30 21:25:45,1.1496,9.821,1.32,492.6,20.6
4691,STARLINK-3357,51150,STARLINK-36681,68720,2026-07-31 02:25:52,7.3372,7.503,7.368,476.0,20.6
4692,STARLINK-33560,62282,STARLINK-36534,67496,2026-07-30 15:48:53,7.8507,9.419,7.869,485.8,20.6
4693,STARLINK-31316,59090,STARLINK-34224,64251,2026-07-31 06:26:54,3.6913,5.442,3.803,492.4,20.6
4694,STARLINK-32327,61641,STARLINK-35875,67111,2026-07-30 23:16:46,1.1424,8.718,1.312,492.5,20.6
4695,STARLINK-5627,55364,STARLINK-33814,63582,2026-07-30 20:05:54,1.1591,2.084,1.326,484.4,20.6
4696,STARLINK-2469,48128,STARLINK-32172,61518,2026-07-31 06:29:54,3.6153,6.719,3.716,485.0,20.5
4697,STARLINK-4368,53234,STARLINK-37333,69174,2026-07-30 17:19:53,6.887,8.685,6.9,471.4,20.5
4698,STARLINK-5509,57263,STARLINK-33655,63424,2026-07-30 20:27:52,6.4358,6.557,6.458,492.2,20.5
4699,STARLINK-31536,59192,STARLINK-35809,66373,2026-07-31 04:58:53,7.261,9.548,7.26,489.4,20.5
4700,KSM1-C,46906,STARLINK-31183,58747,2026-07-30 08:46:51,1.5825,3.752,1.734,491.6,20.5
4701,STARLINK-31338,59156,STARLINK-33728,63715,2026-07-30 15:17:53,9.2806,9.326,9.22,481.4,20.5
4702,STARLINK-31212,58875,STARLINK-36450,67317,2026-07-30 18:58:51,6.4619,9.437,6.476,492.4,20.5
4703,STARLINK-3314,50851,STARLINK-34680,65356,2026-07-30 11:16:52,2.8281,3.391,2.943,463.3,20.5
4704,STARLINK-31012,58531,STARLINK-34481,65104,2026-07-31 03:10:54,4.2563,7.768,4.327,474.5,20.5
4705,STARLINK-32424,61548,STARLINK-33857,64195,2026-07-30 12:40:53,7.7601,8.243,7.728,479.3,20.5
4706,STARLINK-36584,67547,STARLINK-37429,69523,2026-07-31 06:01:51,5.8503,9.601,5.873,470.8,20.5
4707,STARLINK-6361,57379,STARLINK-35499,66462,2026-07-31 08:21:51,4.974,7.118,5.021,492.3,20.5
4708,2024-174D,61241,STARLINK-35986,66853,2026-07-30 10:14:53,7.9367,8.3,7.895,482.9,20.5
4709,JILIN-1 GAOFEN 03D47,54692,STARLINK-36316,67705,2026-07-30 09:51:53,7.6865,9.291,7.643,477.1,20.5
4710,STARLINK-32178,60413,STARLINK-36963,68235,2026-07-30 22:25:54,4.9923,9.818,5.031,475.6,20.5
4711,STARLINK-11481 [DTC],62230,STARLINK-11712 [DTC],64135,2026-07-30 15:06:53,7.1403,8.215,7.112,356.7,20.4
4712,STARLINK-36559,67555,STARLINK-36308,68543,2026-07-31 02:00:53,7.6965,7.724,7.651,477.9,20.4
4713,STARLINK-32708,62495,STARLINK-35588,66424,2026-07-30 15:09:59,1.1696,8.775,1.327,492.3,20.4
4714,STARLINK-3970,52706,STARLINK-37490,69525,2026-07-30 23:26:53,9.2437,9.288,9.145,461.5,20.4
4715,STARLINK-31284,59246,STARLINK-35779,67047,2026-07-30 18:28:53,8.3423,8.564,8.272,493.1,20.4
4716,STARLINK-33671,63320,KUIPER-00440,68942,2026-07-30 19:43:53,6.7717,6.827,6.751,490.8,20.4
4717,STARLINK-33783,63712,STARLINK-34409,64485,2026-07-31 03:34:53,9.6816,9.683,9.568,467.7,20.4
4718,STARLINK-31829,59770,STARLINK-34942,65181,2026-07-30 18:11:53,5.7192,5.731,5.731,477.3,20.4
4719,STARLINK-32031,60142,STARLINK-35146,65421,2026-07-31 00:22:53,8.4326,8.993,8.357,479.0,20.4
4720,STARLINK-32763,62750,STARLINK-34616,66320,2026-07-31 04:33:51,5.0103,9.735,5.044,484.2,20.4
4721,STARLINK-34707,65176,STARLINK-35947,66883,2026-07-30 20:14:53,5.7513,8.118,5.758,472.5,20.4
4722,STARLINK-6181,56888,STARLINK-32462,62129,2026-07-31 04:49:54,3.8387,6.692,3.905,484.3,20.4
4723,STARLINK-4180,53278,YAOGAN-43 01D,60461,2026-07-31 06:39:55,3.2713,9.239,3.357,481.9,20.4
4724,STARLINK-3200,49753,STARLINK-32866,62858,2026-07-31 01:39:54,4.3045,6.703,4.354,460.3,20.4
4725,STARLINK-4509,53404,STARLINK-31239,60093,2026-07-30 14:47:53,9.1914,9.195,9.073,479.2,20.4
4726,STARLINK-30056,57622,STARLINK-34271,64384,2026-07-30 15:51:52,7.9546,8.006,7.876,492.0,20.4
4727,STARLINK-3360,51149,STARLINK-34687,64909,2026-07-30 17:08:56,2.0503,8.209,2.173,475.3,20.4
4728,STARLINK-30558,58060,STARLINK-31965,59888,2026-07-30 16:35:52,7.9518,9.656,7.872,485.8,20.4
4729,STARLINK-30702,57955,STARLINK-37379,69522,2026-07-30 14:50:52,4.5013,5.931,4.539,474.7,20.4
4730,STARLINK-5589,57334,STARLINK-30789,58166,2026-07-30 09:44:52,9.4719,9.5,9.338,489.5,20.4
4731,STARLINK-5751,55576,STARLINK-34015,63854,2026-07-30 18:24:53,7.9804,7.98,7.897,492.0,20.4
4732,POLYITAN-1,40042,CSTP 1.2 (STC 1.2),57186,2026-07-31 04:42:53,4.6673,5.235,4.696,479.4,20.4
4733,STARLINK-5656,55451,STARLINK-33760,63764,2026-07-30 23:28:51,6.4578,9.534,6.421,492.5,20.4
4734,STARLINK-4790,53859,STARLINK-31192,58794,2026-07-30 23:22:53,6.8586,6.996,6.806,481.5,20.4
4735,STARLINK-31514,59187,STARLINK-33923,63786,2026-07-30 21:18:55,3.4889,9.185,3.557,492.5,20.4
4736,STARLINK-31316,59090,STARLINK-33722,63571,2026-07-31 00:58:52,5.0182,6.118,5.021,484.6,20.3
4737,STARLINK-31689,59567,2024-205K,61903,2026-07-30 17:00:52,7.1481,9.799,7.067,486.0,20.3
4738,STARLINK-2492,48149,STARLINK-3882,52475,2026-07-31 01:20:53,7.247,7.56,7.162,480.9,20.3
4739,STARLINK-5608,55353,STARLINK-36415,67519,2026-07-30 15:47:51,1.1429,2.676,1.291,492.6,20.3
4740,SITRO-AIS 24,61741,ANDURIL-216,69879,2026-07-31 00:59:53,8.1644,8.213,8.039,586.7,20.3
4741,STARLINK-31885,59660,STARLINK-32608,62124,2026-07-30 22:45:52,7.9474,8.65,7.828,492.1,20.3
4742,STARLINK-3252,49733,SCS-01 J,63990,2026-07-31 04:03:53,8.8101,9.526,8.651,472.5,20.3
4743,STARLINK-35402,66079,STARLINK-36755,67726,2026-07-30 10:58:52,7.3319,9.397,7.23,483.0,20.3
4744,STARLINK-2657,48655,STARLINK-31228,58842,2026-07-30 16:17:52,8.9018,9.739,8.735,478.8,20.3
4745,STARLINK-31507,59401,STARLINK-35991,66861,2026-07-31 06:21:52,6.2417,7.159,6.18,485.1,20.3
4746,STARLINK-6264,56429,STARLINK-32935,63202,2026-07-30 13:59:52,7.7404,7.75,7.617,492.3,20.3
4747,STARLINK-30213,57504,STARLINK-36045,66811,2026-07-30 16:00:52,7.9919,9.371,7.854,485.7,20.3
4748,STARLINK-2428,48099,STARLINK-36591,67576,2026-07-30 23:16:53,8.2949,8.634,8.143,470.2,20.3
4749,STARLINK-3625,51777,STARLINK-4779,53864,2026-07-30 20:42:52,5.6676,7.056,5.624,464.4,20.3
4750,STARLINK-3852,52345,STARLINK-32494,62053,2026-07-31 07:08:53,8.915,9.721,8.736,480.7,20.3
4751,STARLINK-36401,67696,STARLINK-37428,69184,2026-07-31 03:25:53,6.9037,8.237,6.808,468.2,20.3
4752,STARLINK-6324,57353,STARLINK-35834,66570,2026-07-31 05:09:53,8.0314,8.495,7.888,485.6,20.3
4753,STARLINK-31663,59576,STARLINK-33930,63776,2026-07-30 23:08:54,3.827,6.781,3.859,493.1,20.3
4754,LEMUR-2-UNTITLED-SC,63351,BRO-21,69007,2026-07-31 07:59:53,9.7059,9.792,9.488,507.7,20.3
4755,STARLINK-34281,64260,STARLINK-35774,66283,2026-07-31 04:34:53,7.7958,9.998,7.657,462.5,20.3
4756,2024-173D,61230,STARLINK-37197,68389,2026-07-31 05:32:52,8.0455,8.753,7.893,464.3,20.3
4757,STARLINK-31592,59467,STARLINK-32462,62129,2026-07-30 09:06:53,8.0042,8.666,7.853,492.1,20.3
4758,STARLINK-35879,66960,STARLINK-36481,67307,2026-07-31 04:56:51,5.0867,9.919,5.059,484.2,20.3
4759,STARLINK-30217,57450,STARLINK-32893,62897,2026-07-31 04:22:51,6.5096,9.509,6.417,485.2,20.3
4760,JILIN-1 05,43023,STARLINK-34873,65346,2026-07-30 09:42:53,8.7198,9.353,8.528,477.4,20.3
4761,STARLINK-32404,61710,STARLINK-36361,67900,2026-07-31 03:43:52,5.9043,5.916,5.831,471.6,20.2
4762,STARLINK-35019,65513,STARLINK-35365,66186,2026-07-30 21:05:53,2.4672,3.078,2.547,474.7,20.2
4763,STARLINK-32867,62855,STARLINK-37452,68840,2026-07-31 01:16:52,7.7947,7.795,7.633,477.0,20.2
4764,STARLINK-4697,53726,ARCSTONE,64540,2026-07-31 05:28:52,5.8658,8.045,5.787,469.2,20.2
4765,STARLINK-37091,68191,STARLINK-37435,69265,2026-07-31 00:58:52,7.6967,7.7,7.533,463.8,20.2
4766,STARLINK-4539,53423,STARLINK-34846,66972,2026-07-31 08:21:53,9.5831,9.837,9.332,487.2,20.2
4767,STARLINK-4607,53740,STARLINK-5130,53997,2026-07-30 23:23:53,6.0881,6.729,5.998,457.8,20.2
4768,STARLINK-3290,50828,STARLINK-33937,63704,2026-07-31 07:57:52,3.1225,3.132,3.168,475.0,20.2
4769,STARLINK-2391,47810,STARLINK-31420,59223,2026-07-30 18:24:52,9.5304,9.865,9.276,485.0,20.2
4770,HAWK-3B,48931,STARLINK-4451,53492,2026-07-31 07:29:53,9.7039,9.907,9.44,367.8,20.2
4771,STARLINK-4261,52868,STARLINK-32555,61918,2026-07-31 01:39:53,8.8001,8.872,8.574,488.1,20.2
4772,STARLINK-31875,59674,STARLINK-32261,61530,2026-07-31 05:58:53,9.74,9.746,9.469,487.2,20.2
4773,STARLINK-3559,51860,STARLINK-30341,57714,2026-07-30 23:15:54,5.2083,8.118,5.149,487.3,20.2
4774,STARLINK-4146,53294,STARLINK-34650,66258,2026-07-30 10:29:53,8.9014,9.088,8.664,471.9,20.2
4775,STARLINK-5691,55478,STARLINK-32919,63150,2026-07-30 16:14:54,5.103,8.978,5.048,492.4,20.2
4776,STARLINK-30041,57613,STARLINK-32612,61972,2026-07-31 03:15:53,8.1017,8.114,7.9,485.9,20.2
4777,STARLINK-3812,52346,KUIPER-00513,69598,2026-07-31 08:12:53,8.5514,9.608,8.327,470.7,20.2
4778,STARLINK-31035,58532,KUIPER-00608,69291,2026-07-31 06:16:53,9.6024,9.982,9.32,465.5,20.2
4779,STARLINK-36583,67545,STARLINK-37586,69521,2026-07-30 11:20:54,6.1259,9.245,6.009,469.7,20.2
4780,STARLINK-3618,51998,STARLINK-33593,62780,2026-07-30 19:36:52,7.7567,9.08,7.555,461.4,20.1
4781,STARLINK-33577,62762,STARLINK-35615,66257,2026-07-31 04:37:55,3.9328,9.056,3.923,485.8,20.1
4782,STARLINK-11488 [DTC],62222,STARLINK-11453 [DTC],62411,2026-07-30 10:29:52,8.4272,8.54,8.188,366.8,20.1
4783,STARLINK-30472,57901,2025-155G,64882,2026-07-30 14:51:52,8.6118,9.923,8.363,484.5,20.1
4784,STARLINK-30393,57866,STARLINK-36892,67944,2026-07-31 04:16:53,7.8483,7.87,7.635,486.1,20.1
4785,2026-027E,67750,RASSVET-3 7,68366,2026-07-31 03:03:55,2.4113,5.797,2.476,525.8,20.1
4786,ASTROCAST-0401,55110,STARLINK-5915,55987,2026-07-30 09:13:53,7.8633,9.683,7.643,491.1,20.1
4787,STARLINK-4176,53289,STARLINK-36394,67566,2026-07-31 04:36:52,6.4572,8.313,6.308,469.8,20.1
4788,STARLINK-32767,62601,STARLINK-36334,67471,2026-07-31 08:07:52,6.2717,6.424,6.131,484.6,20.1
4789,STARLINK-34842,65235,STARLINK-35131,66075,2026-07-31 07:04:53,7.9399,8.174,7.711,465.5,20.1
4790,STARLINK-5451,54771,STARLINK-6132,57101,2026-07-31 01:47:52,7.5805,8.341,7.363,495.8,20.1
4791,LEMUR-2-GREENBERG,42837,STARLINK-3184,51143,2026-07-31 01:56:52,6.1354,6.304,5.989,473.7,20.1
4792,STARLINK-2426,47836,STARLINK-34510,64596,2026-07-30 20:18:53,8.9455,9.028,8.644,479.4,20.1
4793,STARLINK-31078,58638,STARLINK-31579,59267,2026-07-30 12:47:53,9.2619,9.262,8.929,481.5,20.1
4794,LEMUR-2-DEMBITZ,42842,STARLINK-36066,66592,2026-07-30 13:45:53,9.9708,9.986,9.598,482.0,20.1
4795,STARLINK-35198,65672,STARLINK-37345,69156,2026-07-30 22:44:53,8.7144,8.769,8.412,477.7,20.1
4796,STARLINK-5840,57231,STARLINK-31781,59632,2026-07-30 17:07:52,7.9246,7.996,7.663,485.7,20.1
4797,STARLINK-31054,58619,STARLINK-32513,61964,2026-07-30 23:13:52,8.1307,8.227,7.853,492.2,20.0
4798,STARLINK-5675,55340,STARLINK-35836,66571,2026-07-30 23:40:54,3.9577,7.349,3.917,492.3,20.0
4799,STARLINK-3339,50820,STARLINK-30123,56838,2026-07-30 11:47:52,6.0832,6.508,5.919,481.6,20.0
4800,STARLINK-31564,59526,STARLINK-32715,62569,2026-07-31 02:15:50,2.1786,5.52,2.239,492.3,20.0
4801,STARLINK-32259,60937,STARLINK-37490,69525,2026-07-30 18:42:53,7.492,7.521,7.239,462.3,20.0
4802,STARLINK-32744,62509,STARLINK-36914,67942,2026-07-31 05:24:52,8.1771,8.366,7.878,492.4,20.0
4803,STARLINK-32298,61525,STARLINK-35031,65404,2026-07-30 10:33:53,9.6536,9.752,9.263,478.9,20.0
4804,STARLINK-31626,59392,STARLINK-37718,69242,2026-07-30 10:34:52,8.6639,9.327,8.33,464.0,20.0
4805,STARLINK-35404,66336,STARLINK-36554,67502,2026-07-31 03:02:53,8.3944,8.552,8.074,491.9,20.0
4806,SCS-01 C,63984,STARLINK-34766,66505,2026-07-30 20:37:53,7.635,9.411,7.361,493.3,20.0
4807,STARLINK-3643,51992,STARLINK-34410,64440,2026-07-30 20:54:51,5.4879,9.291,5.343,474.9,20.0
4808,STARLINK-4040,53151,STARLINK-34502,64680,2026-07-30 14:13:51,6.277,8.933,6.079,463.1,20.0
4809,STARLINK-30400,57937,STARLINK-37473,68804,2026-07-31 00:52:52,6.317,7.166,6.113,470.3,20.0
4810,STARLINK-4171,52878,STARLINK-34636,64915,2026-07-30 15:35:51,4.8908,9.1,4.77,462.1,20.0
4811,STARLINK-2219,48569,STARLINK-5610,57244,2026-07-30 12:31:52,9.7958,9.854,9.365,487.2,20.0
4812,STARLINK-6089,56096,STARLINK-30158,57438,2026-07-30 10:08:53,8.2128,8.252,7.879,492.1,19.9
4813,STARLINK-4176,53289,STARLINK-34980,65258,2026-07-30 10:29:51,5.9236,9.962,5.735,472.8,19.9
4814,STARLINK-33787,63519,STARLINK-37617,69314,2026-07-31 03:10:53,7.8513,8.038,7.54,466.4,19.9
4815,STARLINK-31560,59361,STARLINK-34165,63997,2026-07-31 03:43:52,8.1578,8.221,7.827,492.1,19.9
4816,STARLINK-35008,65408,STARLINK-37744,69347,2026-07-31 02:47:53,8.0323,8.272,7.701,465.8,19.9
4817,STARLINK-5808,56927,STARLINK-34181,64144,2026-07-30 17:36:53,8.2027,8.226,7.856,492.1,19.9
4818,STARLINK-34741,65097,STARLINK-37202,68731,2026-07-30 23:04:52,5.9308,5.935,5.732,473.3,19.9
4819,STARLINK-30778,58182,STARLINK-32777,62525,2026-07-31 02:04:52,6.727,8.175,6.474,484.9,19.9
4820,STARLINK-35516,65918,STARLINK-36568,68017,2026-07-31 00:51:53,9.292,9.294,8.87,470.9,19.9
4821,STARLINK-6318,56530,STARLINK-36758,67926,2026-07-31 00:08:51,5.2169,9.871,5.062,492.2,19.9
4822,STARLINK-35303,65860,STARLINK-37212,68566,2026-07-30 20:54:52,7.0911,9.297,6.813,462.3,19.9
4823,STARLINK-6189,56377,STARLINK-32847,62811,2026-07-30 23:49:53,9.4977,9.742,9.061,489.7,19.9
4824,STARLINK-33570,62776,STARLINK-35576,66137,2026-07-30 18:19:53,8.0205,8.032,7.677,475.0,19.9
4825,STARLINK-32171,60332,STARLINK-35984,66814,2026-07-30 18:04:52,9.431,9.527,8.992,487.1,19.9
4826,STARLINK-30410,57841,STARLINK-36316,67705,2026-07-30 21:56:53,6.2396,6.25,6.012,474.5,19.9
4827,STARLINK-31235,59038,STARLINK-35839,67169,2026-07-30 23:03:52,6.3848,7.443,6.139,492.1,19.9
4828,STARLINK-36142,66981,STARLINK-36140,67034,2026-07-31 05:56:50,1.2373,3.714,1.34,492.9,19.9
4829,STARLINK-30703,57954,STARLINK-35585,66170,2026-07-31 02:14:53,5.1663,5.308,5.002,474.9,19.9
4830,STARLINK-2500,48485,STARLINK-36435,67568,2026-07-31 04:21:52,6.7505,9.073,6.469,480.3,19.9
4831,COSMOS 2550,48865,STARLINK-31710,59378,2026-07-30 13:23:53,2.8097,2.81,2.801,474.2,19.9
4832,STARLINK-34652,64772,STARLINK-36435,67568,2026-07-31 07:16:51,6.5257,9.118,6.257,469.6,19.9
4833,STARLINK-3295,50840,STARLINK-36706,67657,2026-07-30 10:04:54,6.0749,9.099,5.837,475.5,19.9
4834,STARLINK-34552,64731,STARLINK-36636,67611,2026-07-30 14:53:52,7.6891,8.635,7.336,467.2,19.8
4835,STARLINK-31906,59842,STARLINK-32768,62503,2026-07-30 21:23:49,1.1821,4.704,1.284,484.5,19.8
4836,STARLINK-3872,52453,STARLINK-4492,53410,2026-07-31 06:22:52,4.8108,4.981,4.655,539.1,19.8
4837,STARLINK-32512,62027,STARLINK-34938,65236,2026-07-31 03:55:52,7.1005,7.472,6.773,473.4,19.8
4838,STARLINK-30511,57978,STARLINK-35969,66523,2026-07-30 20:54:52,6.4609,7.49,6.176,492.0,19.8
4839,STARLINK-32049,60199,STARLINK-35547,66119,2026-07-31 00:01:52,8.1117,8.354,7.706,475.1,19.8
4840,STARLINK-31797,59634,STARLINK-36214,67129,2026-07-31 00:57:49,2.6684,8.514,2.659,484.8,19.8
4841,STARLINK-32486,61854,STARLINK-35388,66466,2026-07-30 08:56:52,5.2538,5.56,5.054,492.8,19.8
4842,STARLINK-5098,54013,STARLINK-32653,62199,2026-07-31 01:27:52,9.4235,9.431,8.907,482.5,19.8
4843,STARLINK-3978,52635,STARLINK-35776,66282,2026-07-30 16:53:52,8.8474,9.501,8.373,479.0,19.8
4844,STARLINK-36917,68059,STARLINK-36204,68549,2026-07-30 14:09:51,4.9903,8.172,4.795,462.2,19.7
4845,STARLINK-3542,51852,STARLINK-33573,62778,2026-07-31 04:48:52,7.881,9.41,7.462,474.8,19.7
4846,STARLINK-3760,52298,STARLINK-4112,52861,2026-07-30 19:25:52,8.1678,9.145,7.726,479.2,19.7
4847,TRANSPORTER-10 OBJECT AG,59128,STARLINK-36046,66810,2026-07-30 18:56:53,8.3975,9.503,7.934,487.7,19.7
4848,STARLINK-3698,52108,STARLINK-36311,68525,2026-07-31 07:03:50,3.2612,9.704,3.189,463.0,19.7
4849,SKYSAT-C10,42988,STARLINK-36773,67801,2026-07-31 03:31:53,6.7027,9.13,6.356,477.9,19.7
4850,STARLINK-3972,52669,STARLINK-35527,66092,2026-07-30 09:19:53,7.6197,7.959,7.199,473.9,19.7
4851,STARLINK-2515,48323,STARLINK-36850,68119,2026-07-30 16:20:52,6.3447,6.385,6.022,479.3,19.7
4852,STARLINK-30861,58230,STARLINK-35318,66146,2026-07-30 09:54:53,7.8858,8.021,7.438,460.8,19.7
4853,STARLINK-32124,60298,STARLINK-36960,68225,2026-07-30 21:33:52,6.5433,7.856,6.199,474.0,19.7
4854,STARLINK-35254,65674,STARLINK-36349,67964,2026-07-31 05:59:54,4.3349,8.565,4.164,463.8,19.7
4855,STARLINK-32226,60426,STARLINK-37006,68187,2026-07-31 00:28:52,5.2644,6.773,5.017,475.0,19.7
4856,STARLINK-35079,65649,STARLINK-35816,66499,2026-07-30 11:21:52,9.2708,9.495,8.692,489.4,19.7
4857,STARLINK-37320,68711,STARLINK-37558,69239,2026-07-31 06:11:52,5.6472,5.651,5.364,476.5,19.6
4858,STARLINK-32099,59697,STARLINK-35870,66572,2026-07-31 04:25:53,6.4882,6.667,6.134,492.2,19.6
4859,STARLINK-2413,47827,STARLINK-32271,60368,2026-07-30 19:21:53,7.299,7.499,6.876,472.8,19.6
4860,STARLINK-30822,58193,STARLINK-32532,62156,2026-07-30 14:52:56,1.2112,5.042,1.294,492.5,19.6
4861,STARLINK-5025,53920,STARLINK-36917,68059,2026-07-31 01:03:53,7.7446,8.154,7.282,467.6,19.6
4862,STARLINK-2481,48138,STARLINK-37385,69175,2026-07-30 13:01:52,8.8446,8.845,8.289,466.6,19.6
4863,STARLINK-31523,59220,STARLINK-37701,69306,2026-07-30 10:25:52,6.9837,6.985,6.581,468.4,19.6
4864,STARLINK-31649,59390,STARLINK-32290,60359,2026-07-31 06:14:52,6.0543,7.068,5.729,463.1,19.6
4865,STARLINK-32331,61623,STARLINK-33984,63830,2026-07-31 05:56:45,1.226,9.598,1.306,492.2,19.6
4866,STARLINK-3971,52642,STARLINK-32722,62450,2026-07-30 21:19:53,6.0158,6.423,5.69,476.0,19.6
4867,STARLINK-2358,47898,STARLINK-30814,58165,2026-07-30 22:42:52,5.1844,6.148,4.929,472.4,19.6
4868,STARLINK-2055,47358,STARLINK-4119,53026,2026-07-30 14:12:53,6.8379,6.84,6.439,480.3,19.6
4869,STARLINK-4787,53904,STARLINK-34623,65018,2026-07-30 15:46:53,5.2608,5.73,4.996,474.1,19.6
4870,STARLINK-30705,57945,STARLINK-37233,68562,2026-07-30 18:03:51,2.3869,3.743,2.364,461.9,19.6
4871,STARLINK-4706,53779,STARLINK-36762,67868,2026-07-30 20:53:53,9.0237,9.297,8.429,478.8,19.6
4872,STARLINK-5635,55367,STARLINK-33856,63638,2026-07-31 00:36:53,6.8132,7.658,6.408,492.2,19.6
4873,STARLINK-30554,58048,STARLINK-32350,61063,2026-07-30 10:46:53,8.1806,8.431,7.656,466.9,19.6
4874,STARLINK-31388,59565,STARLINK-33846,63780,2026-07-31 03:45:52,4.0214,4.56,3.856,492.5,19.6
4875,STARLINK-35704,66221,STARLINK-36210,67174,2026-07-30 11:28:53,6.3449,8.712,5.978,489.5,19.6
4876,STARLINK-4083,52832,STARLINK-37199,68327,2026-07-31 04:24:52,7.115,7.207,6.68,488.7,19.6
4877,STARLINK-35762,67172,STARLINK-36888,68004,2026-07-31 08:20:52,8.4147,8.745,7.863,492.3,19.6
4878,STARLINK-32321,61065,STARLINK-33843,63507,2026-07-30 08:58:52,5.2677,6.14,4.989,485.4,19.6
4879,STARLINK-3129,49453,STARLINK-36051,66793,2026-07-30 18:31:53,9.1432,9.18,8.524,487.0,19.6
4880,STARLINK-5627,55364,STARLINK-31701,59582,2026-07-30 21:44:52,5.6949,5.862,5.377,485.8,19.6
4881,STARLINK-32810,63037,STARLINK-34980,65258,2026-07-30 22:02:53,9.4627,9.733,8.812,477.4,19.6
4882,STARLINK-30221,57418,STARLINK-31830,59769,2026-07-30 20:35:52,8.2976,8.941,7.748,490.0,19.6
4883,STARLINK-31632,59326,STARLINK-35511,66344,2026-07-30 23:10:47,1.1699,6.801,1.249,493.2,19.6
4884,STARLINK-6288,56398,STARLINK-36051,66793,2026-07-31 00:16:53,6.5493,6.549,6.149,485.2,19.5
4885,STARLINK-31642,59726,STARLINK-36273,68166,2026-07-30 09:58:52,7.6597,8.1,7.16,471.4,19.5
4886,STARLINK-2570,48405,STARLINK-36354,67800,2026-07-31 05:20:53,6.3632,8.452,5.979,474.2,19.5
4887,STARLINK-32800,62743,STARLINK-35615,66257,2026-07-31 03:58:52,8.9948,9.111,8.376,480.9,19.5
4888,STARLINK-3124,49456,STARLINK-34896,66288,2026-07-30 21:30:53,5.4112,6.721,5.111,476.5,19.5
4889,STARLINK-34249,65376,STARLINK-37279,68768,2026-07-31 02:19:53,7.093,9.581,6.642,468.3,19.5
4890,STARLINK-3765,52295,STARLINK-36893,68112,2026-07-30 09:39:51,6.1187,8.797,5.749,475.0,19.5
4891,ONEWEB-0314,49100,ONEWEB-0497,54116,2026-07-30 17:25:53,7.8732,7.88,7.337,1205.8,19.5
4892,STARLINK-5402,54869,STARLINK-31521,59015,2026-07-30 12:05:52,9.3913,9.674,8.716,481.6,19.5
4893,STARLINK-4180,53278,YAOGAN-43 01D,60461,2026-07-31 08:13:54,3.5049,6.072,3.363,481.9,19.5
4894,TRANSPORTER-11 OBJECT A,60468,STARLINK-36286,69162,2026-07-31 00:10:52,6.4092,6.905,5.997,474.8,19.5
4895,STARLINK-3934,52675,STARLINK-4595,53627,2026-07-31 08:08:53,9.225,9.397,8.548,480.0,19.5
4896,STARLINK-32003,60097,STARLINK-32402,61708,2026-07-30 20:18:51,6.9063,9.676,6.443,464.3,19.5
4897,STARLINK-32401,61865,STARLINK-32303,61912,2026-07-31 02:26:51,4.0423,8.447,3.844,484.4,19.5
4898,STARLINK-3752,52312,STARLINK-4489,53542,2026-07-31 06:20:54,3.0059,4.454,2.903,473.8,19.5
4899,STARLINK-35467,66343,STARLINK-36201,67164,2026-07-30 10:21:52,8.4415,8.467,7.824,492.0,19.5
4900,STARLINK-31468,58998,STARLINK-31922,59846,2026-07-31 05:12:53,5.4861,5.695,5.143,490.4,19.4
4901,ONEWEB-0513,54131,ONEWEB-0605,54669,2026-07-31 05:05:52,7.9388,8.081,7.361,1179.1,19.4
4902,STARLINK-1132,45044,STARLINK-11103 [DTC],59718,2026-07-30 17:26:51,6.1116,8.477,5.708,374.0,19.4
4903,STARLINK-30812,58168,STARLINK-31679,59519,2026-07-30 12:23:52,5.7586,5.761,5.382,489.9,19.4
4904,STARLINK-31327,59160,STARLINK-32635,62155,2026-07-30 16:15:52,5.4236,5.668,5.079,492.3,19.4
4905,STARLINK-5776,57151,STARLINK-35640,66536,2026-07-30 16:23:58,1.2656,6.91,1.323,492.8,19.4
4906,STARLINK-5435,54797,STARLINK-35395,66014,2026-07-30 10:15:53,4.3657,4.368,4.121,485.1,19.4
4907,STARLINK-31834,59721,STARLINK-32512,62027,2026-07-30 10:52:56,3.1284,9.595,3.001,471.4,19.4
4908,STARLINK-2735,48667,STARLINK-34109,63807,2026-07-30 10:59:52,8.3794,8.381,7.732,489.5,19.4
4909,STARLINK-31842,59672,STARLINK-33827,63798,2026-07-30 19:34:00,1.2194,9.757,1.279,492.8,19.4
4910,STARLINK-32151,60299,STARLINK-36773,67801,2026-07-30 23:49:52,7.9426,7.964,7.333,473.3,19.4
4911,SITRO-AIS 17,61789,STARLINK-35864,67081,2026-07-31 02:06:52,6.2163,8.199,5.776,584.8,19.4
4912,STARLINK-6375,57342,STARLINK-35697,66539,2026-07-30 18:17:50,2.6683,7.644,2.582,484.1,19.4
4913,STARLINK-30184,57310,STARLINK-33855,64335,2026-07-31 07:23:53,6.6792,7.989,6.186,484.9,19.4
4914,STARLINK-1569,46039,STARLINK-32206,60273,2026-07-30 23:04:53,7.9798,7.989,7.355,466.8,19.4
4915,STARLINK-2655,48449,STARLINK-34399,64444,2026-07-31 05:22:52,9.5142,9.581,8.729,467.2,19.4
4916,STARLINK-31559,59358,STARLINK-35446,66432,2026-07-30 23:07:58,1.2496,7.72,1.302,483.9,19.3
4917,STARLINK-35659,66385,STARLINK-37867,69661,2026-07-30 11:33:52,6.4964,7.097,6.017,470.1,19.3
4918,STARLINK-35786,67040,STARLINK-36476,67314,2026-07-31 04:52:53,6.6927,6.697,6.189,484.3,19.3
4919,STARLINK-2029,48320,STARLINK-32645,62321,2026-07-31 01:02:53,8.5481,9.871,7.853,466.9,19.3
4920,STARLINK-35141,65644,STARLINK-37271,68722,2026-07-30 11:36:52,9.013,9.742,8.269,467.3,19.3
4921,STARLINK-31842,59672,STARLINK-36430,67326,2026-07-31 02:28:52,6.7475,7.944,6.233,484.7,19.3
4922,STARLINK-5671,55339,STARLINK-33810,63660,2026-07-30 17:27:52,5.4229,7.305,5.04,484.7,19.3
4923,STARLINK-35486,66253,STARLINK-37190,68396,2026-07-30 15:10:53,6.4668,7.674,5.975,475.3,19.3
4924,STARLINK-37136,68347,STARLINK-37361,69134,2026-07-30 09:55:52,6.2055,6.231,5.738,474.0,19.3
4925,STARLINK-6299,57358,STARLINK-32640,62198,2026-07-30 23:57:51,2.7301,5.446,2.625,492.5,19.3
4926,STARLINK-30805,58214,STARLINK-35451,66469,2026-07-31 08:10:52,8.8123,9.174,8.073,493.1,19.3
4927,STARLINK-34627,65016,STARLINK-35694,66389,2026-07-30 17:03:52,8.3544,8.648,7.661,474.5,19.3
4928,STARLINK-32270,60364,STARLINK-32183,60433,2026-07-30 13:42:53,9.7038,9.899,8.869,478.9,19.3
4929,STARLINK-3161,49422,STARLINK-32173,60586,2026-07-30 20:04:53,6.1629,7.86,5.698,473.8,19.3
4930,STARLINK-5729,55596,STARLINK-32671,62209,2026-07-30 22:10:52,8.2876,8.38,7.601,492.2,19.3
4931,STARLINK-2161,47747,EXO-0,59175,2026-07-31 05:47:53,8.5687,9.618,7.852,481.2,19.3
4932,STARLINK-33697,63467,STARLINK-34201,64077,2026-07-30 22:45:51,5.4371,9.622,5.048,485.0,19.3
4933,STARLINK-5682,55457,STARLINK-31129,58624,2026-07-30 12:25:52,8.6091,8.872,7.885,485.8,19.3
4934,STARLINK-30877,58242,STARLINK-36082,66872,2026-07-30 14:18:53,5.4731,6.018,5.075,492.3,19.3
4935,STARLINK-2500,48485,STARLINK-36435,67568,2026-07-31 03:34:53,7.0295,8.651,6.467,472.5,19.3
4936,STARLINK-30394,57810,STARLINK-34112,63969,2026-07-31 03:42:54,5.4591,7.631,5.06,491.8,19.3
4937,STARLINK-32590,63047,STARLINK-34674,65526,2026-07-31 07:05:52,7.4349,7.745,6.824,483.3,19.3
4938,STARLINK-3162,49411,STARLINK-37068,68085,2026-07-30 23:36:52,7.1041,8.428,6.528,463.5,19.3
4939,STARLINK-34474,64474,STARLINK-36879,67982,2026-07-30 16:48:52,8.7673,8.993,8.014,477.3,19.3
4940,STARLINK-2231,48577,STARLINK-32003,60097,2026-07-31 01:49:53,9.4151,9.65,8.591,479.4,19.3
4941,STARLINK-5950,56913,STARLINK-36223,67126,2026-07-31 06:16:52,8.6162,9.502,7.875,485.6,19.3
4942,STARLINK-6062,56104,STARLINK-34083,63908,2026-07-30 20:45:56,1.3421,4.712,1.377,492.1,19.3
4943,STARLINK-30165,57457,STARLINK-35689,66494,2026-07-30 15:59:54,1.2968,2.91,1.337,492.6,19.3
4944,STARLINK-31838,60130,STARLINK-36144,67829,2026-07-31 03:21:52,9.4149,9.416,8.587,487.3,19.3
4945,STARLINK-36779,67869,STARLINK-37417,68770,2026-07-31 06:44:54,6.2556,9.193,5.763,473.8,19.3
4946,GAOFEN-9 03,45794,STARLINK-35365,66186,2026-07-30 09:10:53,8.4859,9.816,7.742,468.6,19.2
4947,STARLINK-3254,50204,STARLINK-30816,58162,2026-07-30 18:28:54,4.3592,8.283,4.063,475.9,19.2
4948,TIANMU-1 19,58660,STARLINK-35566,66061,2026-07-30 14:23:53,7.1639,7.618,6.562,477.8,19.2
4949,STARLINK-3862,52471,STARLINK-36157,66933,2026-07-31 02:00:53,8.509,8.511,7.76,479.2,19.2
4950,STARLINK-35889,67189,STARLINK-36903,68001,2026-07-31 02:09:53,8.6267,9.703,7.864,491.8,19.2
4951,STARLINK-31988,60601,STARLINK-35211,65757,2026-07-30 15:34:51,3.0605,5.169,2.904,461.6,19.2
4952,STARLINK-2487,48144,STARLINK-36752,67724,2026-07-31 07:49:52,9.8507,9.867,8.952,469.6,19.2
4953,STARLINK-1513,45786,STARLINK-37778,69352,2026-07-30 21:08:53,6.2519,6.528,5.746,476.0,19.2
4954,STARLINK-3829,52348,STARLINK-31283,59174,2026-07-31 07:07:53,6.1632,6.504,5.666,489.7,19.2
4955,STARLINK-11409 [DTC],63061,STARLINK-11738 [DTC],64375,2026-07-31 05:54:51,6.5257,9.041,5.986,356.5,19.2
4956,STARLINK-31434,59215,STARLINK-37884,69655,2026-07-31 02:57:52,8.9367,9.549,8.13,465.9,19.2
4957,YAOGAN-36 04C,54750,STARLINK-34896,66288,2026-07-31 07:51:52,3.2014,4.184,3.025,465.8,19.2
4958,HORS 2,57196,STARLINK-37423,68852,2026-07-31 06:10:53,7.4983,9.745,6.845,467.5,19.2
4959,STARLINK-4689,53590,STARLINK-31576,59208,2026-07-30 20:50:53,8.9595,9.017,8.14,471.1,19.2
4960,STARLINK-5744,55601,STARLINK-31346,58943,2026-07-30 21:08:53,8.5277,8.553,7.75,480.9,19.2
4961,STARLINK-31146,58769,STARLINK-32378,61064,2026-07-30 21:37:52,8.4738,8.649,7.699,466.8,19.2
4962,2022-023D,51949,STARLINK-34464,64664,2026-07-30 09:27:53,6.8768,7.048,6.28,475.4,19.2
4963,STARLINK-36823,68070,STARLINK-36250,68513,2026-07-31 07:20:53,5.4026,5.643,4.971,474.9,19.2
4964,STARLINK-32322,61720,STARLINK-36844,68117,2026-07-30 18:49:53,6.6165,6.747,6.044,470.3,19.2
4965,STARLINK-30333,57702,STARLINK-35887,66959,2026-07-30 23:22:52,8.3928,8.436,7.619,491.8,19.2
4966,STARLINK-34908,65329,STARLINK-35198,65672,2026-07-30 15:03:53,6.3854,7.029,5.837,474.8,19.2
4967,STARLINK-3572,51879,STARLINK-34877,65630,2026-07-30 12:15:53,7.8633,7.906,7.144,462.7,19.2
4968,STARLINK-3969,52551,STARLINK-35752,66275,2026-07-30 17:50:54,4.7569,9.201,4.39,463.3,19.1
4969,YAOGAN-36 02A,54042,STARLINK-31857,59843,2026-07-31 02:10:47,1.9899,9.955,1.939,493.3,19.1
4970,STARLINK-32304,60738,STARLINK-35312,65866,2026-07-30 23:45:50,2.6713,6.534,2.542,462.0,19.1
4971,STARLINK-32118,60280,STARLINK-37486,69264,2026-07-31 06:45:52,7.8878,8.358,7.156,474.7,19.1
4972,STARLINK-5688,55479,STARLINK-35283,66478,2026-07-31 07:07:54,2.3669,3.719,2.27,484.2,19.1
4973,STARLINK-31045,58541,STARLINK-36425,67467,2026-07-30 09:52:52,7.9085,7.923,7.162,480.4,19.1
4974,STARLINK-30522,58008,STARLINK-33645,63412,2026-07-31 06:28:52,4.1097,4.231,3.806,492.5,19.1
4975,STARLINK-5088,54000,STARLINK-35670,66480,2026-07-30 22:18:53,7.3129,7.45,6.627,495.4,19.1
4976,STARLINK-3201,49771,STARLINK-31645,59264,2026-07-30 23:53:49,2.6783,8.28,2.538,473.8,19.1
4977,SCS-01 J,63990,STARLINK-34482,64782,2026-07-30 19:11:52,6.4078,6.453,5.826,472.1,19.1
4978,STARLINK-3943,52557,STARLINK-35797,66364,2026-07-31 07:52:52,9.0477,9.414,8.152,473.3,19.1
4979,STARLINK-1543,46053,STARLINK-2683,48462,2026-07-30 23:59:52,8.4255,9.694,7.599,483.2,19.1
4980,STARLINK-2706,48481,STARLINK-35326,66031,2026-07-31 06:15:52,9.6615,9.666,8.686,467.3,19.1
4981,STARLINK-1556,46033,STARLINK-32128,60272,2026-07-30 15:41:53,8.1512,8.71,7.356,480.6,19.1
4982,STARLINK-2135,47408,STARLINK-34308,64258,2026-07-30 11:06:53,8.3862,8.675,7.562,467.0,19.1
4983,STARLINK-3833,52578,STARLINK-36921,68019,2026-07-30 23:11:53,8.5943,9.355,7.744,464.7,19.1
4984,STARLINK-30617,58104,STARLINK-36593,67564,2026-07-31 08:05:53,9.4216,9.713,8.472,477.5,19.1
4985,STARLINK-5163,54054,STARLINK-37473,68804,2026-07-31 01:45:52,6.3221,6.347,5.74,476.4,19.1
4986,STARLINK-37293,68978,STARLINK-37757,69244,2026-07-30 14:30:52,8.5575,8.769,7.704,474.7,19.0
4987,STARLINK-33587,63469,STARLINK-36763,67906,2026-07-31 07:54:52,1.2483,1.336,1.274,484.0,19.0
4988,STARLINK-3569,51811,STARLINK-35182,65504,2026-07-30 13:35:52,9.441,9.552,8.473,473.2,19.0
4989,STARLINK-31960,59931,STARLINK-35836,66571,2026-07-30 13:31:50,1.3633,3.541,1.374,484.0,19.0
4990,STARLINK-35530,65921,STARLINK-37022,68101,2026-07-30 18:02:53,8.886,8.946,7.984,477.3,19.0
4991,STARLINK-3606,51807,STARLINK-32689,62440,2026-07-30 23:25:52,2.7169,3.345,2.561,460.6,19.0
4992,STARLINK-31246,58835,STARLINK-33679,63460,2026-07-30 09:16:53,8.7902,9.754,7.892,480.9,19.0
4993,STARLINK-4535,53392,STARLINK-36484,67404,2026-07-30 12:50:54,5.4621,7.663,4.97,481.2,19.0
4994,STARLINK-31131,58673,STARLINK-33984,63830,2026-07-30 21:56:53,8.7391,8.99,7.846,492.0,19.0
4995,STARLINK-3930,52568,STARLINK-34398,64445,2026-07-31 05:35:53,5.2171,6.825,4.754,475.2,19.0
4996,STARLINK-31913,59667,STARLINK-36470,67319,2026-07-31 05:52:52,6.8237,7.431,6.162,492.0,19.0
4997,STARLINK-31900,59942,STARLINK-35495,66243,2026-07-30 12:41:52,9.3654,9.963,8.388,489.5,19.0
4998,ONEWEB-0450,50504,ONEWEB-0516,54134,2026-07-30 09:09:51,4.1532,8.527,3.817,1185.8,19.0
4999,POEM,52939,STARLINK-36889,68006,2026-07-30 21:27:52,7.2563,7.379,6.538,493.5,19.0
5000,STARLINK-6118,57106,STARLINK-35826,66375,2026-07-31 02:45:53,9.1622,9.635,8.207,480.9,19.0
5001,STARLINK-4606,53632,ICEYE-X67,66302,2026-07-30 08:52:55,4.1811,9.465,3.84,542.1,19.0
5002,STARLINK-34552,64731,STARLINK-34206,66098,2026-07-31 05:48:53,8.6157,9.143,7.724,474.8,19.0
5003,STARLINK-36972,68072,STARLINK-37724,69218,2026-07-31 08:08:53,6.3431,7.132,5.732,473.0,19.0
5004,STARLINK-6140,57111,STARLINK-5026,57260,2026-07-30 17:52:53,8.7861,8.918,7.867,492.1,19.0
5005,STARLINK-31738,59535,STARLINK-35447,66589,2026-07-31 03:25:53,7.1593,8.91,6.442,484.8,19.0
5006,STARLINK-32195,60440,STARLINK-36904,67977,2026-07-30 11:16:53,9.0934,9.369,8.133,477.0,19.0
5007,STARLINK-31568,59412,STARLINK-32796,62739,2026-07-31 04:02:52,8.7565,9.367,7.836,485.8,19.0
5008,HULIANWANG DIGUI-119,67059,HULIANWANG DIGUI-130,67238,2026-07-30 09:50:53,8.8414,8.852,7.907,1151.1,19.0
5009,STARLINK-30800,58206,STARLINK-31898,59905,2026-07-31 02:47:54,6.8423,9.698,6.158,492.6,19.0
5010,STARLINK-30368,57752,STARLINK-31345,58941,2026-07-31 03:51:53,8.1858,9.324,7.33,480.3,19.0
5011,STARLINK-5442,54784,STARLINK-35196,66007,2026-07-30 15:35:52,4.6038,4.774,4.198,472.1,19.0
5012,STARLINK-3942,52563,STARLINK-37260,68510,2026-07-30 10:34:55,3.2314,8.566,2.996,473.8,18.9
5013,STARLINK-5013,55492,STARLINK-30515,57983,2026-07-30 14:28:45,1.2769,9.137,1.288,492.6,18.9
5014,STARLINK-5018,53929,STARLINK-33944,64209,2026-07-31 04:04:53,7.4569,7.502,6.677,472.8,18.9
5015,STARLINK-30321,57679,STARLINK-37656,69649,2026-07-30 11:26:53,6.4443,7.982,5.794,470.9,18.9
5016,STARLINK-5729,55596,STARLINK-32671,62209,2026-07-30 11:58:53,8.5249,8.607,7.608,485.5,18.9
5017,STARLINK-36316,67705,STARLINK-37754,69201,2026-07-30 18:44:52,7.7329,9.254,6.917,467.6,18.9
5018,ONEWEB-0233,48795,ONEWEB-0266,48984,2026-07-31 05:26:53,4.1666,4.245,3.806,1197.8,18.9
5019,STARLINK-5722,55610,STARLINK-32624,61926,2026-07-30 19:33:53,6.9284,7.517,6.209,485.2,18.9
5020,STARLINK-4774,56138,STARLINK-36528,67458,2026-07-30 21:04:53,5.5633,5.82,5.018,484.6,18.9
5021,STARLINK-35657,66399,STARLINK-37689,69308,2026-07-30 10:01:53,7.8484,8.577,7.007,476.7,18.9
5022,STARLINK-31861,59906,STARLINK-35778,66973,2026-07-31 08:23:53,8.6164,9.102,7.674,492.2,18.9
5023,STARLINK-3505,51750,STARLINK-36798,67798,2026-07-30 22:10:53,6.7749,8.307,6.071,479.9,18.9
5024,STARLINK-32194,60315,STARLINK-34069,64920,2026-07-30 19:49:52,5.528,6.828,4.984,475.1,18.9
5025,STARLINK-32937,63148,STARLINK-35928,66528,2026-07-31 06:58:53,8.8565,8.957,7.879,485.5,18.9
5026,STARLINK-32481,62320,STARLINK-34226,64494,2026-07-31 06:28:53,7.3166,7.333,6.537,485.0,18.9
5027,STARLINK-3199,49760,STARLINK-35713,66278,2026-07-30 21:34:52,3.7171,3.735,3.407,460.7,18.9
5028,STARLINK-32125,60260,STARLINK-37344,68744,2026-07-31 08:16:52,7.5088,7.545,6.702,474.4,18.9
5029,STARLINK-31997,60288,STARLINK-32958,63563,2026-07-30 22:31:53,7.8466,8.062,6.989,480.5,18.9
5030,STARLINK-2564,48284,STARLINK-31591,59207,2026-07-30 11:54:53,8.6325,8.644,7.669,467.0,18.9
5031,STARLINK-5444,54768,STARLINK-32721,62438,2026-07-30 11:11:53,8.01,8.184,7.126,467.7,18.9
5032,STARLINK-4552,53420,STARLINK-36818,67879,2026-07-31 01:50:52,8.4502,8.461,7.506,465.0,18.9
5033,DRUMS,49401,SVYATOBOR 1 (RS60S),57187,2026-07-31 07:25:50,4.0427,8.763,3.681,489.7,18.9
5034,HAWK-B,43794,STARLINK-35692,66513,2026-07-30 23:04:53,7.8389,9.339,6.973,488.9,18.9
5035,STARLINK-4194,53000,STARLINK-36271,68703,2026-07-30 17:29:52,8.6291,8.635,7.657,461.1,18.8
5036,STARLINK-32260,61522,STARLINK-36791,68111,2026-07-30 19:01:53,7.2153,7.891,6.431,474.8,18.8
5037,STARLINK-31568,59412,STARLINK-32796,62739,2026-07-30 17:50:53,8.8287,8.855,7.829,492.0,18.8
5038,STARLINK-31879,59937,STARLINK-33687,63485,2026-07-31 00:01:51,6.9794,9.798,6.225,484.8,18.8
5039,STARLINK-30909,58363,STARLINK-31580,59434,2026-07-31 03:24:53,8.0363,8.598,7.138,479.8,18.8
5040,STARLINK-33964,64118,STARLINK-37300,68682,2026-07-30 22:05:54,6.417,8.823,5.735,477.8,18.8
5041,STARLINK-4647,53608,STARLINK-34196,65324,2026-07-30 10:57:52,5.6191,6.023,5.043,485.6,18.8
5042,STARLINK-11080 [DTC],60727,STARLINK-11562 [DTC],62918,2026-07-30 12:54:52,7.8887,7.937,7.006,368.2,18.8
5043,STARLINK-33567,62773,STARLINK-37516,68915,2026-07-30 09:56:52,7.5116,7.534,6.677,467.8,18.8
5044,STARLINK-37328,69160,STARLINK-37948,69670,2026-07-31 03:14:52,9.1554,9.172,8.095,476.8,18.8
5045,STARLINK-35291,66083,STARLINK-36698,67709,2026-07-30 23:25:53,7.1117,8.498,6.323,475.1,18.8
5046,STARLINK-30593,58112,STARLINK-33611,63279,2026-07-30 12:47:53,7.4978,8.676,6.653,490.7,18.8
5047,STARLINK-31129,58624,STARLINK-35321,66074,2026-07-31 08:14:55,4.2771,9.146,3.868,489.4,18.8
5048,STARLINK-5013,55492,STARLINK-30515,57983,2026-07-30 15:15:50,1.2933,3.434,1.29,484.4,18.8
5049,STARLINK-6271,56397,STARLINK-33605,63074,2026-07-31 05:03:51,3.963,7.823,3.594,492.5,18.8
5050,STARLINK-4563,53561,STARLINK-34293,64275,2026-07-30 18:34:52,3.7259,4.609,3.388,473.4,18.8
5051,STARLINK-31988,60601,STARLINK-34238,65415,2026-07-30 20:07:53,8.1768,9.775,7.227,462.6,18.8
5052,STARLINK-36922,68123,STARLINK-36252,68533,2026-07-30 19:48:52,6.5815,6.626,5.845,474.5,18.8
5053,STARLINK-5458,54764,STARLINK-34917,65190,2026-07-31 07:37:52,7.9328,8.257,7.01,471.6,18.8
5054,STARLINK-3853,52359,STARLINK-31720,59497,2026-07-31 00:26:53,2.8107,3.366,2.595,491.2,18.8
5055,STARLINK-31687,59798,STARLINK-35904,66627,2026-07-31 01:16:53,7.8743,7.874,6.957,480.2,18.8
5056,STARLINK-11093 [DTC],59423,STARLINK-11343 [DTC],62017,2026-07-30 10:54:52,6.1305,6.875,5.454,358.8,18.8
5057,STARLINK-30160,57441,STARLINK-36471,67324,2026-07-30 10:12:51,5.6914,9.134,5.075,493.3,18.8
5058,STARLINK-35908,66639,STARLINK-37002,68164,2026-07-30 16:35:52,8.0881,8.098,7.138,482.9,18.8
5059,STARLINK-3159,49415,STARLINK-36823,68070,2026-07-30 18:59:52,7.3042,7.313,6.463,473.3,18.8
5060,STARLINK-5940,56012,STARLINK-31579,59267,2026-07-30 13:32:52,8.4006,9.302,7.404,490.2,18.7
5061,STARLINK-3626,51792,STARLINK-32689,62440,2026-07-30 21:05:50,3.7232,8.472,3.377,476.2,18.7
5062,STARLINK-31331,58946,STARLINK-34078,64012,2026-07-31 05:39:52,9.5661,9.592,8.406,487.1,18.7
5063,STARLINK-4275,53008,STARLINK-35645,66124,2026-07-30 11:45:52,8.2027,8.229,7.231,460.8,18.7
5064,STARLINK-3570,51882,STARLINK-31269,58844,2026-07-30 21:10:53,9.05,9.128,7.96,479.2,18.7
5065,STARLINK-31117,58776,STARLINK-36792,67804,2026-07-30 21:26:53,7.5891,9.871,6.702,482.4,18.7
5066,STARLINK-32197,60416,STARLINK-37016,68288,2026-07-31 07:31:53,9.3513,9.636,8.219,478.8,18.7
5067,ONEWEB-0422,51626,ONEWEB-0658,55819,2026-07-30 23:38:53,8.3501,8.64,7.356,1187.7,18.7
5068,STARLINK-34908,65329,STARLINK-37073,68151,2026-07-30 21:12:53,7.4894,7.511,6.614,475.6,18.7
5069,STARLINK-30212,57506,STARLINK-36461,67316,2026-07-30 22:45:53,5.0459,5.214,4.511,491.1,18.7
5070,STARLINK-31742,59499,STARLINK-35930,66599,2026-07-30 14:01:53,7.2942,8.367,6.445,492.1,18.7
5071,STARLINK-34523,64475,STARLINK-35056,66266,2026-07-31 03:17:53,8.7334,8.754,7.68,474.8,18.7
5072,STARLINK-4193,52875,STARLINK-35230,65681,2026-07-30 23:33:52,5.3459,5.411,4.766,462.0,18.7
5073,STARLINK-34594,65088,STARLINK-36479,67352,2026-07-31 05:27:53,6.1289,7.195,5.438,489.6,18.7
5074,STARLINK-30996,59023,STARLINK-35814,66576,2026-07-31 01:38:55,3.9314,8.543,3.55,484.9,18.7
5075,STARLINK-1810,46709,STARLINK-11397 [DTC],62590,2026-07-30 18:56:52,9.1433,9.341,8.027,354.4,18.7
5076,STARLINK-31899,59850,STARLINK-32176,60340,2026-07-31 00:55:53,6.05,6.189,5.364,490.4,18.7
5077,STARLINK-31589,59654,STARLINK-34504,64600,2026-07-30 13:39:53,8.1511,8.663,7.166,480.9,18.7
5078,STARLINK-30769,58138,STARLINK-35150,65635,2026-07-30 11:56:55,4.7279,9.809,4.227,489.8,18.7
5079,STARLINK-30601,58117,STARLINK-36723,67915,2026-07-31 00:04:53,6.9653,7.13,6.144,490.0,18.7
5080,STARLINK-35466,66457,STARLINK-36374,67417,2026-07-30 18:20:52,5.7115,5.893,5.068,484.4,18.7
5081,STARLINK-30313,57676,STARLINK-37927,69556,2026-07-30 16:11:53,7.1793,8.758,6.327,475.8,18.7
5082,STARLINK-36585,67540,STARLINK-36915,68061,2026-07-31 00:19:53,6.4925,6.938,5.738,472.3,18.7
5083,STARLINK-31947,59835,STARLINK-32948,63123,2026-07-30 19:21:52,9.0129,9.027,7.891,485.6,18.7
5084,STARLINK-31917,59669,STARLINK-36050,66602,2026-07-31 04:50:54,1.3481,2.177,1.326,492.6,18.7
5085,STARLINK-3285,50181,TRANSPORTER-12 OBJECT BT,62674,2026-07-30 21:13:53,7.5306,8.235,6.621,474.5,18.7
5086,STARLINK-4094,53147,STARLINK-34840,66406,2026-07-31 03:47:50,2.7932,6.553,2.564,475.1,18.7
5087,STARLINK-36325,67861,STARLINK-36303,68969,2026-07-30 13:54:52,6.7309,7.05,5.935,463.7,18.7
5088,CUPID,49264,STARLINK-5719,55609,2026-07-30 15:01:53,7.965,8.075,6.987,493.5,18.7
5089,STARLINK-34861,66368,STARLINK-36738,67865,2026-07-30 09:16:50,3.0225,8.713,2.758,462.9,18.7
5090,STARLINK-36332,67862,STARLINK-37789,69495,2026-07-30 09:02:53,7.5497,7.701,6.626,476.5,18.7
5091,STARLINK-2428,48099,STARLINK-30856,58725,2026-07-30 10:58:52,7.291,7.453,6.405,467.7,18.6
5092,STARLINK-30562,58033,STARLINK-35743,66578,2026-07-30 19:52:54,4.1274,7.182,3.699,489.7,18.6
5093,DAMPE,41173,STARLINK-34859,65348,2026-07-30 11:57:53,8.9071,8.909,7.785,477.9,18.6
5094,STARLINK-6244,56548,STARLINK-36506,67414,2026-07-30 14:33:57,1.2766,5.573,1.262,484.1,18.6
5095,STARLINK-4159,53292,STARLINK-36853,68097,2026-07-31 06:05:56,2.7422,9.912,2.514,473.7,18.6
5096,STARLINK-32890,62896,STARLINK-35280,66025,2026-07-30 09:18:53,8.2753,9.301,7.237,480.4,18.6
5097,TWILIGHT-1 OBJECT AH,67394,SAL-E,68458,2026-07-31 04:45:52,5.9671,7.216,5.262,522.6,18.6
5098,STARLINK-30242,57739,STARLINK-34190,64078,2026-07-31 04:13:53,5.6996,5.869,5.033,484.7,18.6
5099,STARLINK-2624,48358,STARLINK-33597,62763,2026-07-31 06:11:55,4.1189,9.521,3.682,483.2,18.6
5100,STARLINK-30299,57650,STARLINK-33930,63776,2026-07-30 21:42:53,3.9295,3.939,3.52,492.4,18.6
5101,STARLINK-31745,60329,STARLINK-36937,68113,2026-07-30 17:32:52,8.5353,8.566,7.445,471.0,18.6
5102,STARLINK-11403 [DTC],63060,STARLINK-11743 [DTC],64379,2026-07-30 22:54:53,6.8158,6.832,5.979,363.6,18.6
5103,STARLINK-32386,61213,STARLINK-35573,66116,2026-07-31 03:07:52,8.8465,9.494,7.709,462.5,18.6
5104,STARLINK-2568,48406,STARLINK-32200,60258,2026-07-30 14:06:52,8.7706,9.505,7.642,479.2,18.6
5105,STARLINK-6333,56521,STARLINK-32771,62573,2026-07-30 19:38:52,7.3425,7.459,6.424,485.0,18.6
5106,STARLINK-3522,51725,STARLINK-33553,62108,2026-07-31 03:25:53,7.7073,7.741,6.734,489.6,18.6
5107,STARLINK-2446,47844,STARLINK-36332,67862,2026-07-30 19:01:52,4.6986,4.707,4.171,460.8,18.6
5108,ONEWEB-0299,49088,ONEWEB-0303,49187,2026-07-31 03:23:51,4.2567,6.463,3.794,1207.6,18.6
5109,STARLINK-30883,58252,STARLINK-36129,66874,2026-07-30 09:30:52,5.7616,5.787,5.075,492.3,18.6
5110,STARLINK-4585,53567,STARLINK-32639,62153,2026-07-31 02:32:54,6.6587,9.795,5.838,495.1,18.6
5111,STARLINK-32802,62738,STARLINK-34043,63823,2026-07-30 11:02:50,1.3386,3.7,1.309,484.3,18.6
5112,STARLINK-30614,58098,STARLINK-37945,69669,2026-07-30 08:50:53,7.9915,8.62,6.968,467.7,18.6
5113,STARLINK-5432,54848,STARLINK-30352,57736,2026-07-31 02:18:53,5.7512,6.648,5.062,492.5,18.6
5114,STARLINK-6149,57122,STARLINK-35132,66461,2026-07-30 09:53:57,1.3059,6.215,1.281,484.3,18.6
5115,2024-205H,61901,STARLINK-32887,62964,2026-07-31 06:19:52,6.6716,7.269,5.845,473.4,18.6
5116,STARLINK-32466,61859,STARLINK-36415,67519,2026-07-30 20:23:51,7.3289,9.904,6.403,492.8,18.6
5117,STARLINK-34182,64013,STARLINK-35538,66475,2026-07-30 08:29:53,5.7579,5.786,5.066,492.6,18.6
5118,STARLINK-5443,54781,STARLINK-37326,68542,2026-07-30 23:09:54,5.3692,9.207,4.735,475.6,18.6
5119,STARLINK-31719,59495,STARLINK-35865,67826,2026-07-31 03:09:52,7.0701,9.08,6.181,493.3,18.6
5120,STARLINK-31553,59363,STARLINK-32759,62751,2026-07-31 03:58:52,8.8202,9.295,7.665,485.5,18.6
5121,STARLINK-34607,64742,STARLINK-35775,67038,2026-07-30 22:39:53,7.8428,7.941,6.833,490.1,18.6
5122,STARLINK-4010,52862,STARLINK-34404,64442,2026-07-31 02:57:54,5.4538,8.766,4.802,461.9,18.6
5123,STARLINK-2255,48597,STARLINK-32232,60431,2026-07-31 04:30:53,8.827,9.598,7.668,467.2,18.6
5124,STARLINK-3512,51743,STARLINK-37087,68250,2026-07-31 03:30:52,4.4803,4.554,3.975,463.1,18.6
5125,STARLINK-2509,48318,STARLINK-36916,68022,2026-07-30 21:45:52,6.5803,6.583,5.754,477.9,18.5
5126,STARLINK-5363,55497,STARLINK-35927,66624,2026-07-30 17:42:54,6.3093,9.902,5.524,490.0,18.5
5127,STARLINK-32954,63567,STARLINK-35504,66325,2026-07-30 19:56:51,5.7024,9.701,5.008,492.2,18.5
5128,STARLINK-30224,57416,STARLINK-32778,62603,2026-07-30 15:17:50,2.9504,7.517,2.671,492.4,18.5
5129,STARLINK-30391,57817,STARLINK-31559,59358,2026-07-31 06:54:56,2.4833,8.966,2.275,484.2,18.5
5130,STARLINK-3301,50169,STARLINK-37172,68395,2026-07-31 04:53:53,8.1819,8.698,7.101,466.0,18.5
5131,STARLINK-6098,56906,STARLINK-32926,63025,2026-07-30 23:24:53,8.8343,8.836,7.653,485.5,18.5
5132,STARLINK-5965,56915,STARLINK-33927,64001,2026-07-30 17:36:52,7.0423,7.044,6.135,484.8,18.5
5133,STARLINK-31531,59477,STARLINK-36538,67512,2026-07-31 07:48:51,2.4318,3.704,2.228,484.0,18.5
5134,STARLINK-32309,61676,JINJUSAT-1B,63210,2026-07-30 14:40:52,8.2105,8.619,7.119,466.0,18.5
5135,STARLINK-31202,59042,STARLINK-33647,63411,2026-07-30 19:10:53,8.6739,8.706,7.511,488.1,18.5
5136,STARLINK-2698,48458,STARLINK-35307,66013,2026-07-31 06:18:52,8.6197,8.621,7.464,479.1,18.5
5137,STARLINK-32759,62751,STARLINK-33940,63831,2026-07-31 01:28:57,1.3492,6.532,1.311,492.3,18.5
5138,STARLINK-6079,56120,STARLINK-36781,67931,2026-07-31 05:54:53,9.0598,9.64,7.833,492.3,18.5
5139,STARLINK-30705,57945,STARLINK-32573,61725,2026-07-31 05:55:52,8.8999,8.907,7.696,475.4,18.5
5140,STARLINK-4216,53022,STARLINK-32003,60097,2026-07-30 23:26:52,7.8736,8.153,6.825,459.1,18.5
5141,STARLINK-6334,57238,SHIJIAN-26 (SJ-26),64199,2026-07-31 05:21:53,8.0563,8.429,6.977,490.8,18.5
5142,STARLINK-6346,57243,STARLINK-34254,64136,2026-07-31 06:26:51,5.7294,9.906,5.007,484.8,18.5
5143,STARLINK-32554,62136,STARLINK-35117,65632,2026-07-30 12:02:52,5.2029,6.169,4.563,490.0,18.5
5144,HULIANWANG DIGUI-121,67061,HULIANWANG DIGUI-135,67243,2026-07-31 00:04:53,9.1642,9.286,7.907,1151.1,18.5
5145,STARLINK-31947,59835,STARLINK-35663,66491,2026-07-31 02:22:53,7.4353,9.807,6.447,492.6,18.5
5146,STARLINK-30370,57751,STARLINK-36343,67816,2026-07-30 20:14:53,8.7354,9.778,7.543,476.1,18.5
5147,YAOGAN-43 02E,60949,TRANSPORTER-15 OBJECT H,66673,2026-07-30 13:12:52,9.1491,9.276,7.892,503.3,18.5
5148,KINEIS-1E,60083,KUIPER-00027,63740,2026-07-30 14:20:53,9.5003,9.898,8.188,642.2,18.5
5149,STARLINK-4209,52855,STARLINK-32808,62863,2026-07-30 19:00:53,9.6664,9.677,8.319,478.2,18.5
5150,STARLINK-37367,68971,STARLINK-37435,69265,2026-07-30 22:37:52,8.9389,9.89,7.7,476.0,18.4
5151,STARLINK-32632,62262,STARLINK-36310,68244,2026-07-30 20:07:52,8.0102,8.12,6.917,478.9,18.4
5152,STARLINK-31962,59936,STARLINK-33840,63682,2026-07-30 09:05:53,5.8079,5.901,5.061,492.4,18.4
5153,LEMUR-2-ROUNDTRIPPER,62711,STARLINK-35023,65279,2026-07-31 07:35:53,4.9339,6.533,4.322,566.6,18.4
5154,FLOCK 4G-31,62652,STARLINK-35304,66249,2026-07-30 17:59:53,9.0791,9.662,7.808,474.9,18.4
5155,STARLINK-2436,48101,STARLINK-36319,67970,2026-07-30 12:49:53,6.7648,6.826,5.855,478.9,18.4
5156,STARLINK-37300,68682,STARLINK-37275,68725,2026-07-30 18:08:52,6.6557,7.339,5.762,471.8,18.4
5157,STARLINK-2423,47833,STARLINK-32632,62262,2026-07-30 19:17:54,4.2908,8.071,3.774,470.2,18.4
5158,STARLINK-5961,56914,STARLINK-35990,66792,2026-07-31 05:42:53,4.4233,5.265,3.885,486.0,18.4
5159,STARLINK-6355,57356,STARLINK-30039,57468,2026-07-30 22:55:53,8.8937,9.517,7.638,485.5,18.4
5160,STARLINK-5567,55377,STARLINK-32949,63145,2026-07-30 22:15:52,5.8223,5.888,5.058,484.7,18.4
5161,STARLINK-30326,57639,STARLINK-33881,63779,2026-07-31 04:55:51,3.9957,7.912,3.524,484.5,18.4
5162,STARLINK-35766,67181,STARLINK-36618,67847,2026-07-31 04:45:54,5.814,9.124,5.05,484.4,18.4
5163,STARLINK-31684,59492,STARLINK-33674,63329,2026-07-31 02:35:52,4.3954,5.41,3.857,492.1,18.4
5164,STARLINK-35970,66618,STARLINK-37739,69233,2026-07-30 22:02:53,8.1395,9.965,6.999,482.7,18.4
5165,STARLINK-31481,59541,STARLINK-32681,62506,2026-07-30 22:10:52,7.1474,7.154,6.166,485.0,18.4
5166,STARLINK-32432,61257,STARLINK-36971,68165,2026-07-31 05:37:53,6.8545,8.195,5.919,470.8,18.4
5167,ONEWEB-0007,44060,ONEWEB-0156,48052,2026-07-31 00:21:53,8.5716,8.867,7.359,1203.9,18.4
5168,STARLINK-5174,54067,STARLINK-6364,57378,2026-07-31 00:59:52,7.1414,7.802,6.158,495.4,18.4
5169,STARLINK-32709,62439,STARLINK-32801,63035,2026-07-30 20:27:52,8.9889,9.087,7.705,463.2,18.4
5170,STARLINK-32645,62321,STARLINK-36675,67663,2026-07-30 09:10:51,6.6962,9.177,5.781,472.5,18.4
5171,STARLINK-32078,60338,STARLINK-34025,63824,2026-07-31 05:28:52,5.4476,5.51,4.727,489.7,18.4
5172,STARLINK-35420,66260,STARLINK-35974,66862,2026-07-31 06:04:53,8.9076,8.942,7.615,486.6,18.3
5173,STARLINK-5141,55500,STARLINK-35775,67038,2026-07-30 14:47:53,5.8239,7.272,5.034,492.8,18.3
5174,ONEWEB-0168,48068,ONEWEB-0225,48799,2026-07-31 01:50:52,8.5917,8.659,7.344,1222.1,18.3
5175,STARLINK-33907,63769,STARLINK-35810,66575,2026-07-31 05:41:52,5.8432,7.683,5.048,491.6,18.3
5176,ORBITER SN3,56960,STARLINK-31351,58972,2026-07-30 22:29:53,6.7312,7.689,5.789,472.7,18.3
5177,STARLINK-31450,59006,STARLINK-33891,63827,2026-07-31 00:33:54,5.5966,8.832,4.841,489.9,18.3
5178,STARLINK-30928,58452,STARLINK-36438,67625,2026-07-30 19:12:53,9.2218,9.532,7.865,492.3,18.3
5179,STARLINK-37002,68164,STARLINK-37496,69297,2026-07-31 07:42:43,0.5747,6.354,0.647,464.4,18.3
5180,STARLINK-11454 [DTC],62059,STARLINK-11609 [DTC],63132,2026-07-30 12:49:49,2.9286,8.625,2.611,358.5,18.3
5181,STARLINK-3209,49752,STARLINK-37364,68783,2026-07-30 12:50:53,8.2792,9.038,7.075,467.7,18.3
5182,STARLINK-6277,56399,STARLINK-34038,63911,2026-07-31 08:02:53,0.9502,1.319,0.96,483.7,18.3
5183,STARLINK-3979,52608,ION SCV-020,64545,2026-07-30 23:45:52,7.7769,8.17,6.651,519.9,18.3
5184,STARLINK-5801,56005,STARLINK-34186,64145,2026-07-30 16:24:48,1.3585,5.405,1.299,492.7,18.3
5185,STARLINK-34653,64917,STARLINK-35616,66255,2026-07-31 07:11:53,7.2198,7.29,6.186,486.1,18.3
5186,STARLINK-30893,58724,FLOCK 4G-28,62634,2026-07-31 03:41:53,7.0317,7.043,6.027,471.8,18.3
5187,STARLINK-36309,68325,STARLINK-37609,69036,2026-07-30 10:50:52,7.6235,9.306,6.52,467.8,18.3
5188,ONEWEB-0124,47270,ONEWEB-0648,55811,2026-07-30 22:29:53,8.6072,9.919,7.336,1226.0,18.3
5189,STARLINK-3766,52296,STARLINK-34430,64456,2026-07-31 07:19:51,3.5499,6.337,3.123,463.1,18.3
5190,STARLINK-30246,57615,STARLINK-32484,62160,2026-07-30 17:53:52,7.5797,9.59,6.479,483.8,18.3
5191,STARLINK-30589,58103,STARLINK-36067,66965,2026-07-30 18:59:52,8.122,9.0,6.93,480.5,18.3
5192,STARLINK-2319,47790,STARLINK-33807,63518,2026-07-31 02:22:53,9.1591,9.165,7.793,467.1,18.3
5193,STARLINK-1513,45786,STARLINK-37778,69352,2026-07-30 23:29:54,6.6969,9.767,5.742,475.6,18.3
5194,STARLINK-4647,53608,STARLINK-36718,67715,2026-07-31 00:49:52,6.9638,7.011,5.964,481.8,18.3
5195,STARLINK-30998,58513,STARLINK-33816,63677,2026-07-31 02:32:53,7.2182,8.244,6.168,492.3,18.3
5196,STARLINK-31116,58947,STARLINK-36712,67700,2026-07-31 06:08:53,8.5837,8.757,7.299,480.7,18.3
5197,STARLINK-3193,49754,STARLINK-35626,66233,2026-07-31 03:14:53,8.6182,8.639,7.327,476.2,18.3
5198,STARLINK-4166,53291,STARLINK-4710,53799,2026-07-30 19:15:52,9.6357,9.636,8.168,463.0,18.2
5199,STARLINK-3698,52108,STARLINK-37051,68080,2026-07-30 13:55:53,9.0992,9.18,7.723,464.1,18.2
5200,STARLINK-32007,60094,STARLINK-37357,69517,2026-07-31 07:41:50,2.412,6.156,2.169,461.6,18.2
5201,HAWK-11C,62381,STARLINK-36956,68009,2026-07-30 22:32:52,8.7677,8.858,7.445,488.0,18.2
5202,STARLINK-3521,51742,STARLINK-35759,69246,2026-07-31 02:14:43,0.3329,4.2,0.442,461.7,18.2
5203,STARLINK-4162,53288,STARLINK-34262,64688,2026-07-30 21:53:52,8.8753,8.875,7.532,473.2,18.2
5204,STARLINK-3617,51780,STARLINK-4036,52837,2026-07-31 05:20:52,6.8068,6.811,5.814,466.2,18.2
5205,STARLINK-35486,66253,STARLINK-37190,68396,2026-07-30 15:57:52,7.0046,8.722,5.978,478.2,18.2
5206,STARLINK-30125,56701,STARLINK-31754,59488,2026-07-30 12:10:52,7.536,9.517,6.418,491.9,18.2
5207,STARLINK-3708,52111,STARLINK-31056,58550,2026-07-31 07:03:55,4.0641,9.515,3.538,474.1,18.2
5208,STARLINK-33809,63508,STARLINK-35835,66569,2026-07-30 09:43:53,7.1626,7.256,6.104,489.7,18.2
5209,STARLINK-35490,66204,STARLINK-37090,68193,2026-07-31 07:58:56,2.364,7.548,2.125,474.8,18.2
5210,STARLINK-6347,57359,STARLINK-33635,63065,2026-07-31 07:47:52,9.0411,9.515,7.658,485.8,18.2
5211,STARLINK-4599,53631,STARLINK-33558,63643,2026-07-31 02:06:50,3.9982,9.621,3.474,490.4,18.2
5212,STARLINK-30951,58439,STARLINK-35803,66568,2026-07-31 03:11:51,5.6066,7.682,4.804,493.1,18.2
5213,STARLINK-3363,51135,ARCSTONE,64540,2026-07-30 09:42:53,9.1211,9.612,7.711,464.1,18.2
5214,STARLINK-5209,54061,STARLINK-37043,68246,2026-07-30 14:54:53,4.9063,5.103,4.222,463.7,18.2
5215,STARLINK-3828,52469,STARLINK-6156,56374,2026-07-30 13:32:49,3.1465,9.675,2.766,483.9,18.2
5216,STARLINK-31218,58895,STARLINK-33624,63071,2026-07-30 11:02:50,4.5651,9.7,3.939,481.1,18.2
5217,STARLINK-31983,60602,STARLINK-37308,68952,2026-07-31 07:20:53,5.0549,5.623,4.341,475.0,18.2
5218,STARLINK-30863,59027,STARLINK-35433,65870,2026-07-31 01:42:51,5.8242,9.213,4.973,490.6,18.2
5219,STARLINK-31166,58789,STARLINK-32610,61971,2026-07-31 08:01:55,1.4408,3.831,1.354,484.2,18.2
5220,STARLINK-4188,52843,STARLINK-36217,67120,2026-07-30 13:06:50,3.5083,7.265,3.058,491.2,18.2
5221,STARLINK-34921,65893,STARLINK-36920,67947,2026-07-30 17:34:51,4.265,6.263,3.681,489.2,18.1
5222,STARLINK-33745,63714,STARLINK-35766,67181,2026-07-31 04:05:52,6.0893,6.12,5.177,489.8,18.1
5223,STARLINK-31131,58673,STARLINK-33984,63830,2026-07-31 08:08:52,9.3485,9.541,7.853,485.8,18.1
5224,STARLINK-3387,51125,STARLINK-3542,51852,2026-07-31 01:40:52,9.2487,9.514,7.768,473.7,18.1
5225,STARLINK-2423,47833,STARLINK-37148,68310,2026-07-30 23:01:53,7.8704,8.148,6.632,480.3,18.1
5226,STARLINK-5789,56003,STARLINK-35810,66575,2026-07-30 23:26:51,7.2957,9.977,6.159,491.5,18.1
5227,STARLINK-35921,66640,STARLINK-36900,67973,2026-07-30 09:25:53,7.5547,9.496,6.371,481.8,18.1
5228,FALCONSAT-6,43815,STARLINK-36967,68013,2026-07-30 13:53:53,9.4367,9.93,7.916,482.3,18.1
5229,STARLINK-4274,52865,STARLINK-36646,67823,2026-07-31 05:21:53,8.6982,8.714,7.308,479.9,18.1
5230,STARLINK-34611,64918,STARLINK-37438,69526,2026-07-30 09:10:52,8.5751,8.585,7.2,462.2,18.1
5231,MESON-1,59131,STARLINK-32772,63033,2026-07-30 19:57:53,8.6579,8.719,7.267,485.9,18.1
5232,STARLINK-34981,65198,STARLINK-36458,67343,2026-07-31 06:50:53,8.1056,8.565,6.814,480.1,18.1
5233,STARLINK-32004,60151,STARLINK-37112,68707,2026-07-30 23:22:52,8.7793,9.05,7.363,463.0,18.1
5234,STARLINK-36945,68050,KUIPER-00556,69621,2026-07-30 17:22:52,9.8939,9.975,8.271,456.2,18.1
5235,YAOGAN-35 01A,49390,STARLINK-6107,56117,2026-07-30 23:03:52,5.6784,6.455,4.816,493.9,18.1
5236,STARLINK-36417,67533,STARLINK-36836,68065,2026-07-30 12:21:52,6.8772,7.192,5.798,471.7,18.1
5237,STARLINK-3699,51966,STARLINK-32175,60339,2026-07-31 04:43:53,4.8904,5.023,4.17,472.3,18.1
5238,STARLINK-34073,64606,STARLINK-37350,68750,2026-07-30 09:14:52,8.9106,9.002,7.459,472.4,18.1
5239,UTMN 2 (RS27S),57203,STARLINK-34983,65411,2026-07-30 20:53:54,6.8972,9.251,5.806,478.1,18.0
5240,STARLINK-32820,63041,STARLINK-36748,67693,2026-07-30 14:01:53,6.8975,7.079,5.805,477.8,18.0
5241,STARLINK-3675,51963,STARLINK-30538,57994,2026-07-30 12:49:52,9.555,9.641,7.973,487.7,18.0
5242,STARLINK-5968,56010,STARLINK-32484,62160,2026-07-30 14:42:53,9.4666,9.522,7.899,486.0,18.0
5243,STARLINK-32815,62956,STARLINK-36933,69196,2026-07-31 07:14:53,8.6047,8.633,7.195,461.5,18.0
5244,STARLINK-34636,64915,KUIPER-00598,69768,2026-07-30 17:11:53,7.9127,9.622,6.628,465.9,18.0
5245,STARLINK-37124,68283,STARLINK-36303,68969,2026-07-30 08:35:51,6.8213,9.424,5.736,475.5,18.0
5246,STARLINK-31733,59486,STARLINK-36534,67496,2026-07-30 16:48:51,2.5369,4.116,2.236,492.1,18.0
5247,STARLINK-31208,59037,STARLINK-35825,66567,2026-07-31 04:04:51,4.2352,5.73,3.622,484.4,18.0
5248,STARLINK-32033,60144,STARLINK-36773,67801,2026-07-31 05:35:52,7.8734,8.179,6.59,468.5,18.0
5249,STARLINK-30798,58196,STARLINK-32301,61664,2026-07-31 04:56:52,9.752,9.85,8.119,487.4,18.0
5250,STARLINK-30708,57944,STARLINK-37008,68564,2026-07-31 01:02:49,2.6936,8.013,2.36,475.3,18.0
5251,STARLINK-3516,51739,STARLINK-36864,68045,2026-07-30 16:50:52,8.3926,8.434,7.005,461.0,18.0
5252,STARLINK-34797,65363,STARLINK-37833,69332,2026-07-30 17:51:53,7.3666,7.422,6.169,469.8,18.0
5253,ONEWEB-0236,48797,ONEWEB-0694,56722,2026-07-31 01:54:53,4.4677,4.824,3.804,1197.9,18.0
5254,SWAS,25560,STARLINK-4420,53654,2026-07-30 16:04:51,5.7719,8.072,4.866,550.2,18.0
5255,STARLINK-34537,64778,STARLINK-35155,65935,2026-07-30 12:46:53,6.8087,7.996,5.71,476.2,18.0
5256,STARLINK-32076,60350,STARLINK-34974,65221,2026-07-30 16:15:52,8.966,8.982,7.467,479.1,18.0
5257,STARLINK-5654,55366,STARLINK-35699,66557,2026-07-30 20:34:52,6.0912,6.346,5.121,492.6,18.0
5258,STARLINK-34284,64212,STARLINK-36502,67627,2026-07-31 01:22:52,5.1729,5.37,4.373,489.6,18.0
5259,STARLINK-32000,60289,STARLINK-34672,65894,2026-07-30 14:57:54,4.9548,7.62,4.195,472.3,18.0
5260,STARLINK-3542,51852,STARLINK-36278,68685,2026-07-30 22:14:53,6.8826,7.628,5.762,471.5,18.0
5261,STARLINK-3709,52102,STARLINK-36378,68025,2026-07-31 02:09:53,7.002,8.897,5.857,475.9,18.0
5262,STARLINK-3897,52537,STARLINK-36335,68015,2026-07-31 05:00:52,9.0351,9.5,7.509,477.5,18.0
5263,STARLINK-36562,67570,STARLINK-37345,69156,2026-07-31 01:56:52,8.4383,8.845,7.019,476.0,18.0
5264,STARLINK-30777,58233,STARLINK-36117,66865,2026-07-31 03:43:51,5.9634,8.517,5.006,492.5,17.9
5265,STARLINK-4659,54841,STARLINK-36131,67032,2026-07-31 06:37:53,9.2509,9.471,7.673,492.3,17.9
5266,STARLINK-30086,56297,STARLINK-33845,63495,2026-07-31 08:04:52,8.4053,8.483,6.977,480.4,17.9
5267,STARLINK-5672,55468,STARLINK-32788,62502,2026-07-31 05:43:52,4.1762,4.449,3.547,484.5,17.9
5268,STARLINK-5588,55375,STARLINK-35466,66457,2026-07-31 03:06:54,2.5893,3.582,2.261,492.4,17.9
5269,YAOGAN-43 01A,60458,STARLINK-34390,64666,2026-07-31 07:29:51,4.9732,8.612,4.193,462.1,17.9
5270,STARLINK-4663,53724,STARLINK-32683,62445,2026-07-31 05:30:52,7.6714,7.869,6.379,460.6,17.9
5271,STARLINK-6127,57135,STARLINK-32769,62602,2026-07-31 05:10:59,1.4418,9.099,1.331,484.4,17.9
5272,STARLINK-31174,58808,STARLINK-36119,67619,2026-07-31 03:34:55,2.5602,6.837,2.236,492.5,17.9
5273,STARLINK-35020,65340,STARLINK-37423,68852,2026-07-30 21:49:52,8.4406,8.479,6.996,480.6,17.9
5274,STARLINK-31276,59075,STARLINK-36462,67321,2026-07-30 15:45:55,1.5011,3.756,1.377,492.5,17.9
5275,STARLINK-30374,57809,STARLINK-31039,58784,2026-07-31 05:44:52,8.5613,8.565,7.091,480.3,17.9
5276,STARLINK-31640,59748,STARLINK-32797,62843,2026-07-30 15:50:52,9.2553,9.276,7.651,485.5,17.9
5277,STARLINK-4470,53655,STARLINK-32211,60270,2026-07-30 18:26:54,7.0395,9.964,5.857,469.7,17.9
5278,STARLINK-5388,54844,STARLINK-31784,59618,2026-07-31 01:40:53,9.2147,9.222,7.615,485.8,17.9
5279,STARLINK-35052,65540,STARLINK-35350,66187,2026-07-31 06:29:53,7.3717,7.422,6.124,469.7,17.9
5280,STARLINK-4774,56138,STARLINK-34135,63964,2026-07-31 05:39:49,3.0144,8.64,2.599,492.2,17.9
5281,STARLINK-31627,59268,STARLINK-35895,66354,2026-07-30 21:05:53,6.4354,7.53,5.365,463.3,17.9
5282,STARLINK-5948,55991,STARLINK-33672,63326,2026-07-31 07:38:51,2.6513,3.863,2.305,483.6,17.9
5283,STARLINK-5857,55946,STARLINK-35881,66830,2026-07-30 14:47:54,7.2699,9.632,6.037,582.3,17.9
5284,STARLINK-31382,59184,STARLINK-36258,67104,2026-07-30 23:50:53,7.8102,8.011,6.473,492.2,17.9
5285,STARLINK-33702,63591,STARLINK-35321,66074,2026-07-30 10:00:53,7.6922,7.964,6.374,489.9,17.9
5286,STARLINK-34256,64249,STARLINK-36139,66966,2026-07-30 23:40:52,7.7681,9.988,6.435,484.7,17.9
5287,STARLINK-34531,64750,STARLINK-37849,69499,2026-07-31 05:12:51,6.9005,9.052,5.733,473.0,17.9
5288,STARLINK-34310,64210,STARLINK-37327,68736,2026-07-31 04:16:51,7.3688,9.724,6.107,476.2,17.9
5289,STARLINK-4200,52876,STARLINK-37327,68736,2026-07-30 14:59:52,7.112,9.104,5.9,478.7,17.9
5290,STARLINK-31510,59575,2025-313AL,67282,2026-07-31 06:15:52,8.5716,9.507,7.077,495.2,17.9
5291,STARLINK-32050,60137,STARLINK-37225,68714,2026-07-30 21:24:53,8.9273,9.555,7.362,462.6,17.9
5292,STARLINK-35069,66268,STARLINK-37728,69221,2026-07-31 04:44:54,7.2107,9.661,5.977,470.2,17.9
5293,STARLINK-30768,58120,STARLINK-36829,67957,2026-07-31 01:14:53,6.1189,7.77,5.096,484.9,17.9
5294,STARLINK-30864,58243,STARLINK-36070,66864,2026-07-30 10:43:51,6.1047,9.847,5.081,484.7,17.8
5295,STARLINK-1246,45235,STARLINK-3363,51135,2026-07-30 10:26:53,9.4594,9.512,7.77,467.4,17.8
5296,STARLINK-32802,62738,STARLINK-34043,63823,2026-07-30 11:49:55,1.4257,3.06,1.308,492.1,17.8
5297,STARLINK-2322,47791,GENMAT-1,58276,2026-07-30 19:50:53,7.0171,8.237,5.805,474.9,17.8
5298,STARLINK-31851,59844,STARLINK-34269,64386,2026-07-30 09:41:52,9.3309,9.873,7.658,485.7,17.8
5299,STARLINK-31388,59565,STARLINK-32935,63202,2026-07-30 22:19:52,7.812,9.323,6.437,484.7,17.8
5300,STARLINK-3139,49425,STARLINK-36691,67735,2026-07-31 06:41:53,8.5078,9.542,6.996,480.8,17.8
5301,STARLINK-4259,52987,STARLINK-36276,67852,2026-07-31 00:10:53,9.6607,9.719,7.921,479.2,17.8
5302,STARLINK-4107,53287,STARLINK-34589,64747,2026-07-30 12:35:54,4.0472,6.242,3.412,463.1,17.8
5303,STARLINK-32510,62040,STARLINK-32710,62604,2026-07-30 14:37:46,1.3507,8.356,1.245,484.0,17.8
5304,STARLINK-6077,56097,STARLINK-33942,63974,2026-07-31 01:22:53,6.1462,7.084,5.092,492.4,17.8
5305,STARLINK-35270,65882,STARLINK-37422,69191,2026-07-30 23:52:53,8.3485,8.36,6.857,462.4,17.8
5306,STARLINK-6155,57076,STARLINK-34846,66972,2026-07-30 14:36:52,7.5265,7.528,6.196,485.0,17.8
5307,STARLINK-5237,54196,STARLINK-37531,69136,2026-07-30 19:51:52,7.6554,7.656,6.297,474.5,17.8
5308,STARLINK-31824,59804,STARLINK-36144,67829,2026-07-30 22:41:53,6.1052,6.621,5.052,492.4,17.8
5309,STARLINK-32708,62495,STARLINK-35588,66424,2026-07-30 13:35:50,1.4562,3.553,1.327,492.3,17.8
5310,STARLINK-3926,52543,STARLINK-37745,69232,2026-07-30 10:54:53,7.7037,7.786,6.33,474.5,17.8
5311,STARLINK-3327,50819,STARLINK-34257,65225,2026-07-31 06:09:54,4.7879,8.118,3.989,463.2,17.7
5312,STARLINK-4719,53774,STARLINK-31114,58766,2026-07-31 03:13:53,8.299,8.302,6.797,488.8,17.7
5313,STARLINK-30479,57898,STARLINK-31164,58733,2026-07-30 11:45:53,9.3867,9.488,7.664,485.8,17.7
5314,STARLINK-2413,47827,STARLINK-36761,67867,2026-07-31 03:02:55,4.6718,9.285,3.894,472.3,17.7
5315,STARLINK-31533,59505,STARLINK-35765,67041,2026-07-31 05:24:54,6.0962,7.926,5.031,492.5,17.7
5316,STARLINK-4133,53253,STARLINK-31837,61514,2026-07-30 14:24:52,8.4641,8.951,6.919,479.4,17.7
5317,STARLINK-30525,58012,STARLINK-31973,59943,2026-07-31 04:35:52,9.3488,9.418,7.621,485.7,17.7
5318,STARLINK-35524,65914,STARLINK-37930,69668,2026-07-30 23:04:53,8.8175,9.598,7.194,467.4,17.7
5319,STARLINK-4049,52840,STARLINK-37998,69679,2026-07-31 03:00:52,7.6779,8.086,6.281,467.1,17.7
5320,STARLINK-3904,52464,STARLINK-32460,61914,2026-07-30 21:05:54,6.8278,8.969,5.602,487.0,17.7
5321,STARLINK-32321,61065,STARLINK-33843,63507,2026-07-30 09:45:52,6.0771,6.243,4.998,472.5,17.7
5322,STARLINK-30394,57810,STARLINK-31552,59356,2026-07-31 00:42:55,2.7511,6.656,2.349,492.6,17.7
5323,STARLINK-31912,59656,STARLINK-35977,66604,2026-07-30 15:03:47,1.3663,7.105,1.247,492.0,17.7
5324,STARLINK-2645,48444,STARLINK-31649,59390,2026-07-30 20:40:52,9.3642,9.552,7.611,466.6,17.7
5325,STARLINK-32169,60589,STARLINK-35111,65463,2026-07-31 05:56:51,6.3113,8.369,5.181,472.2,17.7
5326,STARLINK-32122,60285,STARLINK-37506,69261,2026-07-31 06:54:53,8.8021,9.384,7.152,479.0,17.6
5327,STARLINK-36867,67983,STARLINK-36972,68072,2026-07-30 16:26:52,7.1981,7.721,5.876,471.0,17.6
5328,2023-085V,57023,STARLINK-36411,67608,2026-07-30 18:53:53,7.5658,7.628,6.165,476.7,17.6
5329,STARLINK-3812,52346,STARLINK-31314,58967,2026-07-30 19:55:52,9.3905,9.417,7.612,466.5,17.6
5330,STARLINK-3687,52110,STARLINK-36938,68124,2026-07-31 04:30:52,7.9411,8.319,6.461,477.5,17.6
5331,NANOSATC-BR1,40024,STARLINK-2465,48124,2026-07-30 12:17:53,8.9747,9.049,7.279,471.2,17.6
5332,STARLINK-30274,57672,STARLINK-35192,65933,2026-07-31 08:02:51,5.3146,9.723,4.375,461.8,17.6
5333,STARLINK-4534,53395,STARLINK-5358,57143,2026-07-30 17:19:55,3.2639,7.436,2.747,491.5,17.6
5334,STARLINK-34304,64224,STARLINK-35500,66093,2026-07-31 05:58:53,7.9986,8.0,6.501,472.5,17.6
5335,STARLINK-31034,58785,STARLINK-35386,65862,2026-07-31 03:44:54,3.0003,5.118,2.537,461.9,17.6
5336,JILIN-1 08,43160,STARLINK-36840,67850,2026-07-31 05:14:53,8.0483,9.419,6.535,468.3,17.6
5337,STARLINK-4139,52879,STARLINK-35222,65677,2026-07-30 12:38:52,5.7688,7.142,4.726,475.1,17.6
5338,STARLINK-32650,62231,STARLINK-34257,65225,2026-07-30 21:36:52,8.529,8.742,6.911,479.1,17.6
5339,STARLINK-32021,60148,STARLINK-32885,62958,2026-07-31 05:23:53,9.8391,9.903,7.946,466.9,17.6
5340,STARLINK-4164,53282,TRANSPORTER-12 OBJECT AZ,62656,2026-07-30 20:44:52,9.1378,9.263,7.391,467.7,17.6
5341,STARLINK-6374,57338,STARLINK-36183,67173,2026-07-30 16:11:53,6.205,6.26,5.066,492.2,17.6
5342,STARLINK-3709,52102,STARLINK-3771,52293,2026-07-31 07:12:54,2.7193,4.096,2.309,476.7,17.6
5343,STARLINK-30122,56688,STARLINK-36542,67445,2026-07-31 06:20:53,7.5885,9.212,6.159,484.7,17.6
5344,STARLINK-3318,50837,STARLINK-36620,67654,2026-07-30 18:28:53,7.0512,7.934,5.733,471.5,17.6
5345,STARLINK-32309,61676,JINJUSAT-1B,63210,2026-07-30 15:27:53,8.7851,8.798,7.098,474.4,17.6
5346,STARLINK-3346,50821,STARLINK-30899,58420,2026-07-30 16:41:53,9.0906,9.618,7.339,491.1,17.6
5347,STARLINK-30246,57615,STARLINK-31433,59243,2026-07-30 10:48:54,6.5875,8.702,5.361,489.6,17.6
5348,STARLINK-3752,52312,STARLINK-37305,68713,2026-07-31 03:55:53,9.2949,9.323,7.499,462.8,17.6
5349,STARLINK-33698,63420,STARLINK-34650,66258,2026-07-31 03:13:51,4.8894,6.821,4.017,489.8,17.6
5350,STARLINK-31594,59332,STARLINK-32761,62749,2026-07-31 07:48:54,4.3867,6.602,3.618,484.3,17.6
5351,STARLINK-32491,62043,LEMUR-2-AFFIE-WAUWIE,66295,2026-07-31 06:17:51,6.8483,9.58,5.559,482.5,17.6
5352,STARLINK-1973,47628,STARLINK-36878,67899,2026-07-31 05:23:53,8.1558,9.266,6.589,480.3,17.5
5353,STARLINK-4398,53466,STARLINK-37604,69203,2026-07-31 04:53:53,7.4797,9.13,6.053,470.0,17.5
5354,STARLINK-5831,57332,STARLINK-35876,67180,2026-07-31 06:34:54,6.2381,8.583,5.07,484.7,17.5
5355,STARLINK-30472,57901,STARLINK-36481,67307,2026-07-31 07:10:52,1.4935,1.72,1.333,492.6,17.5
5356,STARLINK-5334,56509,STARLINK-36480,67336,2026-07-31 00:59:52,1.5229,1.785,1.356,484.2,17.5
5357,STARLINK-30976,58447,STARLINK-31311,58948,2026-07-31 07:41:52,6.0746,7.365,4.929,489.8,17.5
5358,STARLINK-5703,55593,STARLINK-32662,62215,2026-07-31 07:09:53,9.4771,9.928,7.601,492.1,17.5
5359,STARLINK-3209,49752,STARLINK-37037,68084,2026-07-30 16:11:54,2.5236,4.782,2.139,461.8,17.5
5360,YAOGAN-36 01A,53943,STARLINK-30074,57508,2026-07-30 10:52:53,7.9108,9.436,6.369,488.9,17.5
5361,ONEWEB-0581,56069,ONEWEB-0718,56081,2026-07-31 01:22:55,4.6298,9.882,3.792,1215.8,17.5
5362,STARLINK-33888,63860,STARLINK-34508,64601,2026-07-30 18:04:54,5.0652,9.552,4.133,489.7,17.5
5363,STARLINK-31503,59200,STARLINK-33694,63407,2026-07-31 07:15:47,1.4662,7.453,1.308,484.3,17.5
5364,STARLINK-31281,59077,STARLINK-36450,67317,2026-07-31 02:08:59,1.5573,9.772,1.379,484.1,17.5
5365,STARLINK-5362,55493,STARLINK-36602,67849,2026-07-31 06:20:53,7.604,7.845,6.122,484.8,17.5
5366,STARLINK-3075,49409,STARLINK-36588,67573,2026-07-30 13:21:53,8.4995,8.695,6.82,468.9,17.5
5367,STARLINK-31876,59938,STARLINK-32707,62478,2026-07-31 05:32:52,4.7678,4.773,3.894,484.7,17.5
5368,STARLINK-30840,58223,STARLINK-31309,59164,2026-07-30 21:12:53,9.0005,9.267,7.21,485.2,17.5
5369,STARLINK-36711,68040,STARLINK-37242,68728,2026-07-31 07:50:52,7.9432,8.422,6.375,475.4,17.5
5370,STARLINK-5801,56005,STARLINK-34186,64145,2026-07-30 17:58:58,1.4601,6.872,1.299,492.7,17.5
5371,STARLINK-3926,52543,STARLINK-34485,64684,2026-07-31 01:58:52,3.091,3.126,2.575,460.3,17.4
5372,STARLINK-36333,68256,STARLINK-37558,69239,2026-07-30 12:04:54,5.6356,9.621,4.564,462.3,17.4
5373,STARLINK-30350,57746,STARLINK-36646,67823,2026-07-30 08:52:52,9.8434,9.893,7.855,485.7,17.4
5374,STARLINK-31774,59622,SCS-01 G,63988,2026-07-31 06:10:53,9.0236,9.536,7.213,486.5,17.4
5375,STARLINK-31518,59219,STARLINK-36896,68092,2026-07-31 07:26:49,3.0225,9.767,2.518,475.2,17.4
5376,STARLINK-5453,54773,STARLINK-37294,68559,2026-07-30 15:11:53,8.1117,8.665,6.493,466.6,17.4
5377,STARLINK-33848,63705,STARLINK-37716,69213,2026-07-30 19:06:52,9.8031,9.949,7.813,483.4,17.4
5378,STARLINK-2743,48682,HERMES-2,63243,2026-07-30 11:01:52,7.473,8.251,5.993,479.9,17.4
5379,STARLINK-3304,50161,STARLINK-34889,65761,2026-07-30 10:28:53,6.8957,6.933,5.531,473.7,17.4
5380,STARLINK-32619,62074,GUOWANG TEST OBJECT A,69320,2026-07-30 21:22:52,7.1165,8.607,5.702,460.0,17.4
5381,STARLINK-30498,57971,STARLINK-33869,63790,2026-07-31 03:33:53,8.0516,8.367,6.43,485.0,17.4
5382,STARLINK-36859,68710,STARLINK-37443,68824,2026-07-30 10:59:52,8.521,8.527,6.794,468.1,17.4
5383,STARLINK-32432,61257,STARLINK-34250,64690,2026-07-31 08:20:52,8.5521,9.885,6.818,462.3,17.4
5384,STARLINK-30822,58193,STARLINK-32532,62156,2026-07-30 13:18:47,1.4618,7.183,1.294,492.5,17.4
5385,STARLINK-3829,52348,STARLINK-37002,68164,2026-07-30 21:45:52,9.2579,9.512,7.359,483.0,17.4
5386,STARLINK-33815,63497,STARLINK-35570,66090,2026-07-30 16:22:54,4.6141,7.521,3.745,485.6,17.4
5387,STARLINK-30375,57732,STARLINK-34227,64178,2026-07-31 01:18:53,9.0161,9.162,7.168,480.4,17.4
5388,STARLINK-5025,53920,STARLINK-31713,59381,2026-07-31 01:37:53,9.6264,9.969,7.639,478.6,17.4
5389,STARLINK-5571,55380,STARLINK-31386,59298,2026-07-31 04:41:53,8.1046,8.15,6.456,493.7,17.4
5390,STARLINK-5844,57068,STARLINK-36848,67936,2026-07-31 02:12:53,8.1039,9.857,6.449,492.4,17.3
5391,TEVEL2-8,63239,STARLINK-37081,68229,2026-07-31 03:22:56,2.778,8.759,2.312,481.6,17.3
5392,STARLINK-30147,57511,STARLINK-33861,63678,2026-07-30 11:36:58,1.5813,7.813,1.383,484.1,17.3
5393,STARLINK-30607,58099,STARLINK-36830,68110,2026-07-31 03:43:52,9.0735,9.575,7.196,473.1,17.3
5394,STARLINK-3160,49454,STARLINK-32369,60917,2026-07-30 11:17:52,5.8759,6.202,4.709,467.6,17.3
5395,STARLINK-31971,59934,STARLINK-33695,63478,2026-07-30 23:58:52,7.8185,9.874,6.212,484.4,17.3
5396,STARLINK-36783,67873,STARLINK-37734,69305,2026-07-30 16:32:53,7.7536,7.952,6.156,475.9,17.3
5397,STARLINK-6110,56907,STARLINK-32937,63148,2026-07-31 08:01:52,5.9209,6.295,4.736,492.0,17.3
5398,STARLINK-2377,47797,STARLINK-30789,58166,2026-07-31 00:53:51,4.4956,6.777,3.633,472.3,17.3
5399,STARLINK-30519,57985,STARLINK-35915,66521,2026-07-31 08:06:53,7.7836,8.255,6.175,492.4,17.3
5400,STARLINK-4183,53014,STARLINK-36729,67905,2026-07-30 09:39:56,1.5698,5.621,1.367,489.3,17.3
5401,STARLINK-6323,56524,STARLINK-34138,63971,2026-07-31 06:39:53,4.4218,4.454,3.568,484.2,17.3
5402,STARLINK-3828,52469,STARLINK-6156,56374,2026-07-30 14:19:54,3.3821,4.463,2.765,493.7,17.3
5403,STARLINK-30968,58511,STARLINK-34015,63854,2026-07-30 17:50:50,2.7788,5.673,2.299,484.1,17.3
5404,STARLINK-3856,52459,STARLINK-31197,58859,2026-07-31 01:35:51,3.472,4.876,2.833,484.4,17.3
5405,STARLINK-31498,59189,STARLINK-36219,67125,2026-07-31 08:04:53,8.1183,8.194,6.418,485.2,17.3
5406,STARLINK-31370,59520,STARLINK-35321,66074,2026-07-30 15:29:53,8.4372,9.587,6.657,480.4,17.2
5407,YAM-7,60504,STARLINK-35131,66075,2026-07-30 14:03:53,7.3712,8.053,5.834,471.7,17.2
5408,STARLINK-32452,61961,STARLINK-32482,62141,2026-07-31 08:05:59,1.5402,8.242,1.341,492.7,17.2
5409,STARLINK-32411,61547,STARLINK-35369,68705,2026-07-30 14:54:52,2.5365,2.58,2.107,475.1,17.2
5410,STARLINK-34114,63905,STARLINK-34386,66096,2026-07-31 04:00:52,8.4719,8.833,6.677,480.3,17.2
5411,STARLINK-32449,61670,STARLINK-34285,65101,2026-07-30 08:33:52,8.4907,8.519,6.69,466.4,17.2
5412,STARLINK-33575,62760,STARLINK-37317,69152,2026-07-31 05:56:52,8.6444,9.931,6.802,462.3,17.2
5413,STARLINK-5422,54804,STARLINK-32284,61005,2026-07-30 17:30:56,2.5559,7.575,2.117,462.0,17.2
5414,M-SEL/CORTEZ,63231,STARLINK-36334,67471,2026-07-30 13:29:52,9.0843,9.946,7.132,492.7,17.2
5415,STARLINK-30463,57909,STARLINK-33816,63677,2026-07-30 18:26:53,8.1652,8.562,6.424,492.1,17.2
5416,STARLINK-31501,59359,STARLINK-35618,66423,2026-07-30 15:10:51,1.4957,2.931,1.302,492.6,17.2
5417,STARLINK-30932,58523,STARLINK-34223,64336,2026-07-30 19:12:57,1.5385,5.873,1.334,492.6,17.2
5418,STARLINK-35177,65673,STARLINK-37547,68846,2026-07-31 07:29:53,4.4264,5.424,3.551,481.0,17.2
5419,STARLINK-31108,58738,STARLINK-32613,61970,2026-07-31 05:09:55,4.3858,8.966,3.513,484.4,17.2
5420,STARLINK-3360,51149,STARLINK-37220,68398,2026-07-31 08:13:53,8.0572,8.247,6.323,469.2,17.2
5421,STARLINK-30251,57532,STARLINK-34010,63848,2026-07-31 03:58:52,8.2176,8.232,6.445,485.0,17.2
5422,STARLINK-31275,59197,STARLINK-32502,62116,2026-07-31 00:51:54,4.8348,8.822,3.854,491.8,17.2
5423,STARLINK-32481,62320,STARLINK-34226,64494,2026-07-31 05:41:53,8.3577,8.513,6.549,472.6,17.2
5424,STARLINK-3852,52345,STARLINK-37744,69347,2026-07-30 13:30:53,8.9599,9.125,7.009,483.0,17.2
5425,STARLINK-35516,65918,STARLINK-37618,69228,2026-07-31 06:41:53,7.4663,9.34,5.866,477.2,17.2
5426,STARLINK-3326,50844,STARLINK-3955,52561,2026-07-31 03:28:52,5.79,6.53,4.58,462.0,17.1
5427,STARLINK-31799,59652,STARLINK-35978,66601,2026-07-30 19:44:53,7.9009,9.84,6.192,485.1,17.1
5428,STARLINK-31147,58681,STARLINK-34561,65081,2026-07-31 04:07:53,9.6929,9.719,7.557,480.2,17.1
5429,STARLINK-4283,53016,STARLINK-30595,58111,2026-07-31 03:49:53,8.2098,8.901,6.424,473.0,17.1
5430,STARLINK-34561,65081,STARLINK-37661,69147,2026-07-30 23:01:52,8.6596,9.711,6.763,483.5,17.1
5431,STARLINK-30067,56693,STARLINK-35654,66483,2026-07-30 13:40:00,1.5308,9.737,1.321,492.2,17.1
5432,STARLINK-11444 [DTC],62409,STARLINK-11455 [DTC],62463,2026-07-30 17:11:53,6.2057,6.212,4.885,363.3,17.1
5433,STARLINK-31937,59871,STARLINK-32536,61925,2026-07-31 00:21:48,1.5416,5.924,1.328,484.2,17.1
5434,STARLINK-3827,52370,STARLINK-4676,53598,2026-07-30 12:40:54,7.0387,9.783,5.518,526.3,17.1
5435,STARLINK-33642,63978,STARLINK-35322,66332,2026-07-31 05:48:50,4.4297,9.484,3.529,491.6,17.1
5436,STARLINK-5280,54166,STARLINK-35127,65639,2026-07-31 04:07:52,9.708,9.71,7.545,474.7,17.1
5437,STARLINK-3974,52634,STARLINK-30891,58367,2026-07-30 11:22:53,9.6325,9.852,7.486,490.3,17.1
5438,STARLINK-34619,64737,KUIPER-00440,68942,2026-07-30 21:08:57,2.2554,7.821,1.869,488.9,17.1
5439,STARLINK-31758,59621,STARLINK-36985,68014,2026-07-30 22:43:46,1.5326,8.927,1.319,484.1,17.1
5440,STARLINK-30707,57949,STARLINK-37283,68568,2026-07-31 07:49:49,2.8084,7.945,2.287,461.5,17.1
5441,STARLINK-5576,55382,STARLINK-35743,66578,2026-07-31 05:12:53,3.1908,3.235,2.577,492.1,17.1
5442,STARLINK-36165,66937,KUIPER-00627,69782,2026-07-31 01:43:52,7.0326,8.511,5.495,471.2,17.1
5443,STARLINK-2413,47827,STARLINK-32271,60368,2026-07-30 20:08:53,8.8353,9.237,6.863,485.6,17.1
5444,STARLINK-4456,53673,STARLINK-11591 [DTC],63116,2026-07-30 18:38:53,9.1054,9.448,7.066,357.6,17.1
5445,STARLINK-31448,59611,STARLINK-34587,64735,2026-07-30 14:44:53,8.4939,8.655,6.597,490.2,17.0
5446,OBSERVER-1A,58323,STARLINK-37061,68185,2026-07-30 08:37:52,8.3591,8.645,6.494,461.8,17.0
5447,STARLINK-32026,60098,STARLINK-37890,69533,2026-07-30 19:47:51,2.6548,4.41,2.165,461.8,17.0
5448,STARLINK-2509,48318,STARLINK-37024,68106,2026-07-30 17:54:52,7.7246,9.659,6.007,474.6,17.0
5449,STARLINK-2468,48127,STARLINK-35723,66211,2026-07-30 22:01:53,8.3236,9.417,6.46,466.3,17.0
5450,STARLINK-34556,64733,KUIPER-00567,69626,2026-07-30 11:15:51,5.7361,8.338,4.497,459.6,17.0
5451,STARLINK-30592,58102,STARLINK-35262,65847,2026-07-31 01:16:53,9.712,9.732,7.508,462.6,17.0
5452,STARLINK-32425,61216,STARLINK-34924,65469,2026-07-31 02:21:52,8.5899,9.978,6.656,479.4,17.0
5453,STARLINK-32874,62954,STARLINK-37390,68782,2026-07-31 08:15:52,8.8523,8.859,6.852,467.4,17.0
5454,STARLINK-32807,62845,STARLINK-36147,66987,2026-07-31 05:40:52,6.4739,7.865,5.052,492.3,17.0
5455,STARLINK-32144,60269,LIZZIESAT-2 (LS-2),62383,2026-07-31 05:39:51,6.8988,9.112,5.371,484.2,17.0
5456,STARLINK-3293,50176,STARLINK-31280,58843,2026-07-30 15:45:53,8.2838,8.779,6.416,479.2,17.0
5457,STARLINK-5358,57143,STARLINK-31986,60019,2026-07-30 11:08:54,5.6976,7.946,4.456,490.3,17.0
5458,STARLINK-30436,57880,STARLINK-35528,66094,2026-07-31 00:36:53,4.9185,5.839,3.867,490.3,17.0
5459,STARLINK-4169,53280,STARLINK-35474,66437,2026-07-30 21:25:55,3.6734,8.941,2.923,490.8,17.0
5460,STARLINK-5850,57049,STARLINK-36223,67126,2026-07-30 12:18:54,6.4678,9.483,5.032,492.7,17.0
5461,STARLINK-5127,54010,STARLINK-5674,55465,2026-07-31 06:12:54,5.1187,7.123,4.011,489.6,17.0
5462,STARLINK-31033,58723,STARLINK-34971,65256,2026-07-30 16:13:52,9.0586,9.059,6.98,473.4,17.0
5463,STARLINK-31141,58803,STARLINK-32372,61960,2026-07-30 23:13:53,1.4933,1.527,1.276,484.0,17.0
5464,STARLINK-5368,54840,STARLINK-34040,63839,2026-07-31 07:14:53,6.1726,7.755,4.801,484.7,16.9
5465,STARLINK-6312,56536,STARLINK-32550,62131,2026-07-31 03:41:52,9.6054,9.947,7.386,485.5,16.9
5466,STARLINK-31042,58739,STARLINK-32499,61959,2026-07-31 07:45:51,4.5566,6.402,3.583,492.5,16.9
5467,STARLINK-32247,60446,STARLINK-34977,65245,2026-07-30 14:33:52,7.5889,9.164,5.862,471.1,16.9
5468,STARLINK-4198,52858,STARLINK-34906,65896,2026-07-30 08:39:55,4.4852,9.497,3.525,484.9,16.9
5469,STARLINK-32483,61856,STARLINK-35648,66482,2026-07-30 18:32:52,6.5235,6.534,5.054,492.6,16.9
5470,YAOGAN-36 04C,54750,STARLINK-35652,66393,2026-07-30 13:22:53,3.094,3.526,2.475,470.1,16.9
5471,STARLINK-31758,59621,STARLINK-36985,68014,2026-07-31 00:17:55,1.5552,3.612,1.319,484.1,16.9
5472,STARLINK-33806,63723,STARLINK-36692,67744,2026-07-30 10:52:53,7.6695,7.797,5.912,477.4,16.9
5473,STARLINK-35691,66404,STARLINK-36588,67573,2026-07-31 03:36:52,7.4547,8.559,5.749,473.3,16.9
5474,HST,20580,STARLINK-3691,51960,2026-07-30 11:27:53,6.8353,7.634,5.284,480.6,16.9
5475,STARLINK-5769,55585,STARLINK-33925,63793,2026-07-30 10:25:51,6.496,8.623,5.028,484.8,16.9
5476,STARLINK-33868,63703,STARLINK-34829,65470,2026-07-30 20:52:50,5.0285,9.528,3.925,485.4,16.9
5477,STARLINK-5186,54177,STARLINK-32443,61672,2026-07-30 14:35:52,9.1803,9.68,7.039,466.6,16.9
5478,STARLINK-2485,48142,STARLINK-37013,68162,2026-07-30 15:34:52,8.3529,9.87,6.418,473.1,16.9
5479,STARLINK-3500,51740,STARLINK-31693,59441,2026-07-30 10:57:53,7.4229,7.429,5.72,460.6,16.9
5480,STARLINK-32855,62813,STARLINK-37138,68308,2026-07-30 08:52:52,8.5876,8.588,6.589,468.0,16.9
5481,STARLINK-4415,53465,STARLINK-36997,68248,2026-07-30 19:17:52,8.1342,8.136,6.247,469.0,16.9
5482,IRIDIUM 178,56729,KUIPER-00192,68575,2026-07-31 06:13:54,5.9663,8.321,4.617,636.5,16.9
5483,STARLINK-31982,60022,STARLINK-37255,68554,2026-07-30 15:24:52,9.4477,9.767,7.218,462.3,16.9
5484,STARLINK-3185,51144,STARLINK-34048,63816,2026-07-30 21:12:52,9.0479,9.376,6.918,487.5,16.9
5485,STARLINK-31707,59736,TOMORROW-S4,62386,2026-07-30 23:35:51,4.7655,8.276,3.714,482.6,16.9
5486,STARLINK-31977,59892,STARLINK-33933,63784,2026-07-31 00:22:52,8.0289,8.842,6.153,492.1,16.9
5487,STARLINK-31022,58633,STARLINK-34062,64021,2026-07-31 04:59:53,8.1056,9.426,6.208,484.9,16.8
5488,STARLINK-37014,68216,STARLINK-36304,68550,2026-07-30 23:09:52,8.9538,9.738,6.838,467.7,16.8
5489,STARLINK-31324,58976,STARLINK-35666,66222,2026-07-30 21:33:52,8.7738,8.863,6.699,461.7,16.8
5490,STARLINK-4787,53904,STARLINK-37592,69025,2026-07-30 14:49:52,8.6091,8.647,6.575,467.0,16.8
5491,STARLINK-5731,56924,STARLINK-32934,63200,2026-07-30 15:06:52,1.5186,1.586,1.282,484.7,16.8
5492,STARLINK-4020,52703,STARLINK-32183,60433,2026-07-30 15:49:52,8.3924,9.031,6.407,461.1,16.8
5493,STARLINK-2423,47833,STARLINK-32632,62262,2026-07-30 20:04:53,4.8528,5.223,3.767,483.1,16.8
5494,SITRO-AIS 5 (KATYS),57176,STARLINK-35736,66230,2026-07-30 23:41:53,7.6235,9.303,5.832,484.9,16.8
5495,STARLINK-6127,57135,STARLINK-32769,62602,2026-07-31 04:23:55,1.5834,3.571,1.329,492.3,16.8
5496,STARLINK-34673,65090,STARLINK-36443,67431,2026-07-30 12:51:53,8.4175,9.898,6.42,480.2,16.8
5497,STARLINK-3688,52310,STARLINK-32561,62026,2026-07-31 03:50:53,8.327,8.392,6.351,466.5,16.8
5498,STARLINK-3579,51893,STARLINK-5428,54800,2026-07-31 00:33:54,4.6842,6.525,3.637,550.2,16.8
5499,STARLINK-30387,57788,STARLINK-31322,59168,2026-07-31 05:07:52,8.3775,9.481,6.384,492.8,16.8
5500,STARLINK-5704,55486,STARLINK-36034,66609,2026-07-30 12:26:52,8.4779,9.586,6.457,485.3,16.8
5501,STARLINK-31908,59901,STARLINK-33954,63863,2026-07-31 02:20:51,4.6083,7.068,3.574,492.3,16.8
5502,STARLINK-32406,61545,STARLINK-37490,69525,2026-07-31 03:55:53,5.9087,5.991,4.54,461.8,16.8
5503,STARLINK-30766,58125,STARLINK-35572,66117,2026-07-30 23:54:53,6.9235,7.035,5.293,489.6,16.8
5504,STARLINK-6270,56421,STARLINK-35507,66327,2026-07-30 21:49:50,3.3202,8.163,2.615,492.1,16.8
5505,YAOGAN-12,37875,STARLINK-30468,57926,2026-07-30 08:34:53,9.1613,9.714,6.953,494.4,16.8
5506,STARLINK-5488,57250,STARLINK-34581,64745,2026-07-30 15:00:54,7.0594,9.606,5.388,490.0,16.8
5507,STARLINK-6380,57344,STARLINK-34351,64387,2026-07-31 01:18:53,8.1126,9.821,6.169,485.0,16.8
5508,STARLINK-3625,51777,STARLINK-34889,65761,2026-07-30 14:29:53,3.5981,4.515,2.818,463.2,16.8
5509,STARLINK-34999,65222,STARLINK-36823,68070,2026-07-31 08:09:50,3.1545,6.97,2.488,461.8,16.7
5510,STARLINK-3881,52472,STARLINK-6307,56529,2026-07-30 10:05:52,3.1722,3.191,2.501,483.7,16.7
5511,STARLINK-36435,67568,STARLINK-36705,67712,2026-07-30 12:57:52,8.6017,8.697,6.524,480.2,16.7
5512,STARLINK-3560,51859,STARLINK-37462,68822,2026-07-30 15:07:52,8.495,8.891,6.442,480.1,16.7
5513,STARLINK-3245,50170,FLOCK 4G-26,62633,2026-07-31 07:58:53,8.568,8.748,6.493,486.2,16.7
5514,STARLINK-4183,53014,STARLINK-31310,59092,2026-07-30 16:26:52,7.9724,8.781,6.047,483.7,16.7
5515,STARLINK-3569,51811,STARLINK-33575,62760,2026-07-30 19:08:54,4.9497,7.641,3.81,460.6,16.7
5516,STARLINK-3859,52470,STARLINK-32732,62488,2026-07-30 15:44:53,8.2364,9.577,6.241,488.4,16.7
5517,STARLINK-31957,59926,STARLINK-35650,66573,2026-07-31 08:06:55,1.659,3.649,1.374,484.0,16.7
5518,STARLINK-5122,54179,STARLINK-37106,68219,2026-07-30 12:41:53,7.7112,7.711,5.845,471.3,16.7
5519,STARLINK-3900,52461,STARLINK-31552,59356,2026-07-30 20:49:51,6.1198,9.09,4.668,485.5,16.7
5520,ONEWEB-0193,48238,ONEWEB-0345,49211,2026-07-31 02:56:52,4.9556,4.967,3.808,1223.9,16.7
5521,STARLINK-32168,60335,STARLINK-32420,61931,2026-07-30 11:07:52,7.9256,9.688,5.996,490.0,16.7
5522,STARLINK-31192,58794,STARLINK-33660,63278,2026-07-31 06:38:52,8.5299,8.532,6.435,492.0,16.7
5523,STARLINK-30106,56288,STARLINK-34043,63823,2026-07-30 18:58:53,4.6772,5.449,3.594,484.4,16.7
5524,STARLINK-32193,60428,STARLINK-37455,69299,2026-07-30 20:51:53,9.2424,9.691,6.954,467.5,16.7
5525,STARLINK-4652,53736,STARLINK-36277,68305,2026-07-31 01:12:53,7.8434,7.892,5.921,469.5,16.7
5526,STARLINK-31775,60052,STARLINK-37340,68708,2026-07-31 07:18:52,6.247,6.325,4.744,462.2,16.6
5527,STARLINK-2592,48408,STARLINK-34822,65086,2026-07-30 21:33:52,7.4657,9.234,5.638,485.0,16.6
5528,STARLINK-3605,51805,STARLINK-34056,63841,2026-07-30 12:52:53,7.1156,7.322,5.38,481.1,16.6
5529,STARLINK-3308,50846,STARLINK-32831,62860,2026-07-31 07:39:52,9.0325,9.116,6.79,466.3,16.6
5530,STARLINK-3702,52100,STARLINK-30605,58101,2026-07-30 20:12:52,8.1351,8.25,6.129,461.1,16.6
5531,STARLINK-30086,56297,RESURS-P 5,62430,2026-07-30 12:03:52,9.4732,9.475,7.11,486.1,16.6
5532,STARLINK-2658,48473,STARLINK-37401,68784,2026-07-31 03:39:52,7.635,7.791,5.759,477.9,16.6
5533,STARLINK-31237,58855,STARLINK-34135,63964,2026-07-30 18:03:53,8.1776,8.965,6.156,485.2,16.6
5534,STARLINK-11225 [DTC],60912,STARLINK-11548 [DTC],62829,2026-07-30 20:01:49,2.7759,9.083,2.186,360.0,16.6
5535,STARLINK-31306,58876,STARLINK-34790,65690,2026-07-31 00:31:49,3.2861,8.52,2.56,461.8,16.6
5536,GNOMES-1,46266,STARLINK-6054,56465,2026-07-31 03:10:52,8.2141,8.825,6.179,580.7,16.6
5537,STARLINK-31882,59855,STARLINK-32460,61914,2026-07-30 12:28:50,1.5193,3.19,1.262,492.4,16.6
5538,STARLINK-4426,53484,STARLINK-35487,66262,2026-07-30 22:25:53,7.7061,7.75,5.799,475.0,16.6
5539,STARLINK-31449,58966,STARLINK-37428,69184,2026-07-31 06:20:09,0.4582,7.964,0.483,462.2,16.6
5540,STARLINK-5903,55996,STARLINK-35803,66568,2026-07-31 04:00:52,8.2258,9.112,6.166,484.6,16.6
5541,JILIN-1 08,43160,STARLINK-3972,52669,2026-07-30 20:45:53,7.6248,7.694,5.721,469.3,16.6
5542,STARLINK-36238,68563,STARLINK-37517,69254,2026-07-31 05:46:48,2.7071,9.716,2.122,474.6,16.5
5543,STARLINK-3127,49450,STARLINK-30316,57673,2026-07-31 01:18:50,4.5408,8.817,3.459,473.8,16.5
5544,STARLINK-30542,58041,STARLINK-36906,68036,2026-07-30 19:30:52,8.7721,8.84,6.544,476.4,16.5
5545,STARLINK-31593,59350,STARLINK-32175,60339,2026-07-30 12:27:51,5.4664,9.336,4.131,490.4,16.5
5546,STARLINK-36612,67580,STARLINK-36707,67706,2026-07-30 17:31:53,8.7513,8.765,6.524,479.7,16.5
5547,STARLINK-30602,58081,STARLINK-30814,58165,2026-07-31 05:51:52,9.7085,9.792,7.219,489.9,16.5
5548,STARLINK-5572,55378,STARLINK-32361,61933,2026-07-30 11:35:54,4.5831,6.278,3.485,484.5,16.5
5549,STARLINK-2408,47823,STARLINK-35760,66274,2026-07-30 22:57:52,9.058,9.058,6.743,478.9,16.5
5550,STARLINK-37657,69145,STARLINK-37502,69263,2026-07-31 07:11:53,8.0369,8.637,5.999,470.4,16.5
5551,STARLINK-31753,59484,STARLINK-36412,67518,2026-07-30 12:48:56,2.9777,8.783,2.314,492.5,16.5
5552,STARLINK-37161,68565,STARLINK-37527,68895,2026-07-31 03:39:52,7.7479,9.182,5.785,471.4,16.5
5553,STARLINK-31472,59730,STARLINK-33613,63286,2026-07-31 08:05:52,6.8019,7.535,5.096,489.3,16.5
5554,STARLINK-32349,61700,STARLINK-36901,67974,2026-07-30 13:20:52,7.8079,7.932,5.825,477.9,16.5
5555,STARLINK-31586,59205,STARLINK-36092,66869,2026-07-31 03:14:53,5.9565,6.26,4.477,490.3,16.5
5556,STARLINK-3943,52557,STARLINK-34596,64732,2026-07-31 02:19:53,4.3402,4.835,3.3,460.5,16.5
5557,STARLINK-30463,57909,STARLINK-32945,63118,2026-07-30 08:59:53,6.7222,7.172,5.031,492.5,16.5
5558,STARLINK-5237,54196,STARLINK-6227,57060,2026-07-30 17:06:52,6.2446,6.336,4.682,489.9,16.5
5559,STARLINK-31123,58775,STARLINK-37177,68611,2026-07-31 03:03:52,8.0562,8.218,5.99,470.7,16.5
5560,STARLINK-33773,63713,STARLINK-34305,65375,2026-07-30 18:09:51,6.9642,9.658,5.188,485.2,16.4
5561,STARLINK-5724,56427,STARLINK-32225,62036,2026-07-30 23:04:53,8.7051,8.707,6.449,485.0,16.4
5562,STARLINK-6082,56110,STARLINK-33960,63966,2026-07-31 06:58:53,1.5805,1.604,1.289,492.7,16.4
5563,YAOGAN-19,39410,ONEWEB-0272,48990,2026-07-30 15:33:54,5.9859,8.633,4.477,1213.3,16.4
5564,STARLINK-6295,56554,STARLINK-36611,67830,2026-07-30 20:00:54,5.1529,6.588,3.871,492.1,16.4
5565,STARLINK-34537,64778,STARLINK-34943,65366,2026-07-31 00:30:53,7.4187,8.862,5.503,463.2,16.4
5566,STARLINK-30991,58484,STARLINK-36599,67638,2026-07-31 01:23:53,8.7672,9.56,6.473,485.2,16.4
5567,STARLINK-33661,63646,STARLINK-34215,64252,2026-07-31 07:02:52,6.7949,7.176,5.044,492.6,16.4
5568,STARLINK-4062,53261,STARLINK-34603,65220,2026-07-30 20:06:53,8.5504,8.64,6.305,460.8,16.4
5569,STARLINK-4580,53579,STARLINK-5412,54806,2026-07-30 22:46:52,3.6398,3.732,2.764,463.4,16.4
5570,STARLINK-31205,59046,STARLINK-35732,67037,2026-07-30 12:33:52,1.6376,2.005,1.322,492.9,16.4
5571,STARLINK-5710,55616,STARLINK-33867,63795,2026-07-30 15:01:51,6.8749,9.5,5.091,492.4,16.4
5572,STARLINK-36463,67315,KUIPER-00440,68942,2026-07-30 15:49:50,2.7368,5.243,2.113,483.2,16.4
5573,STARLINK-32318,61864,STARLINK-32609,61929,2026-07-30 21:38:52,5.1442,5.228,3.844,484.1,16.4
5574,STARLINK-31661,59735,STARLINK-36918,67956,2026-07-31 08:11:57,1.59,6.608,1.286,492.3,16.3
5575,STARLINK-30610,58082,STARLINK-32608,62124,2026-07-31 01:58:53,6.7943,6.856,5.026,492.1,16.3
5576,STARLINK-3447,51736,STARLINK-31786,59771,2026-07-31 05:51:54,7.0825,9.861,5.232,485.7,16.3
5577,STARLINK-5571,55380,STARLINK-30196,57448,2026-07-31 00:49:54,5.2711,9.285,3.93,485.9,16.3
5578,STARLINK-32540,61723,STARLINK-37224,68671,2026-07-30 18:12:53,9.7657,9.887,7.159,477.2,16.3
5579,STARLINK-31679,59519,STARLINK-33745,63714,2026-07-31 07:13:53,7.3851,7.423,5.446,489.8,16.3
5580,STARLINK-4740,53871,STARLINK-36356,68242,2026-07-30 16:12:50,2.1924,5.104,1.718,473.3,16.3
5581,STARLINK-3709,52102,STARLINK-3955,52561,2026-07-30 20:18:53,7.8033,8.591,5.743,475.1,16.3
5582,STARLINK-30558,58060,STARLINK-35930,66599,2026-07-31 00:18:56,3.4135,9.349,2.592,484.6,16.3
5583,STARLINK-32902,62898,STARLINK-33810,63660,2026-07-30 08:51:53,4.7583,5.284,3.556,492.3,16.3
5584,STARLINK-31471,59568,STARLINK-36103,66985,2026-07-30 23:08:49,1.6798,4.976,1.348,484.3,16.3
5585,STARLINK-30882,58379,STARLINK-37718,69242,2026-07-31 05:29:56,2.5083,7.356,1.941,462.5,16.3
5586,STARLINK-32147,60152,STARLINK-36333,68256,2026-07-30 13:36:53,3.0479,3.227,2.328,461.2,16.3
5587,STARLINK-6239,56423,STARLINK-32556,61858,2026-07-31 06:12:53,6.8824,6.983,5.074,484.6,16.3
5588,STARLINK-6359,57346,STARLINK-36471,67324,2026-07-30 20:22:53,8.7272,8.905,6.392,483.8,16.3
5589,STARLINK-31279,59086,STARLINK-32901,62895,2026-07-30 16:21:57,1.5988,5.982,1.287,484.3,16.3
5590,STARLINK-35346,66179,STARLINK-36982,68278,2026-07-31 07:55:53,9.9128,9.914,7.231,461.9,16.3
5591,STARLINK-31755,59607,STARLINK-35988,66615,2026-07-31 00:13:00,1.6061,9.487,1.291,483.9,16.3
5592,STARLINK-3252,49733,STARLINK-37804,69302,2026-07-30 09:47:53,7.827,8.772,5.737,477.6,16.3
5593,STARLINK-30562,58033,STARLINK-31153,59044,2026-07-31 04:30:52,9.2329,9.551,6.741,480.2,16.3
5594,STARLINK-30600,58100,STARLINK-37455,69299,2026-07-30 22:39:53,8.4098,8.561,6.153,475.6,16.3
5595,STARLINK-32436,61215,STARLINK-35413,65886,2026-07-31 01:41:54,6.7478,9.509,4.961,475.1,16.3
5596,STARLINK-3273,50191,STARLINK-35071,65477,2026-07-30 22:59:56,3.0027,8.596,2.287,461.5,16.3
5597,STARLINK-32434,61913,STARLINK-32668,62212,2026-07-31 06:16:49,1.6502,4.889,1.32,483.8,16.3
5598,STARLINK-31868,59783,STARLINK-32578,61979,2026-07-30 23:28:49,3.0904,7.826,2.346,483.9,16.2
5599,STARLINK-4489,53542,STARLINK-35967,66634,2026-07-31 03:15:52,7.8473,7.857,5.732,473.4,16.2
5600,STARLINK-31861,59906,STARLINK-33801,63963,2026-07-31 00:01:53,6.8663,8.197,5.032,484.9,16.2
5601,STARLINK-30275,57667,STARLINK-37936,69563,2026-07-31 04:14:53,8.4364,8.535,6.146,464.9,16.2
5602,STARLINK-35008,65408,STARLINK-36317,67736,2026-07-31 07:35:53,8.5177,8.561,6.203,470.6,16.2
5603,STARLINK-2531,48483,STARLINK-37047,68957,2026-07-31 04:35:53,9.5959,9.637,6.964,466.5,16.2
5604,STARLINK-3172,51139,STARLINK-34898,65895,2026-07-30 18:22:52,7.3836,7.517,5.389,476.3,16.2
5605,STARLINK-2634,48445,STARLINK-34334,64273,2026-07-30 11:38:52,8.5419,8.883,6.208,479.1,16.2
5606,STARLINK-30298,57665,STARLINK-31820,59725,2026-07-30 22:40:53,9.2712,9.279,6.72,466.8,16.2
5607,STARLINK-4169,53280,STARLINK-30409,57820,2026-07-30 13:35:53,8.7495,9.438,6.345,491.1,16.2
5608,STARLINK-2736,48640,STARLINK-32158,60267,2026-07-31 08:24:52,8.5085,8.784,6.172,479.4,16.2
5609,STARLINK-34945,65185,STARLINK-35520,66133,2026-07-30 16:18:52,8.1473,8.448,5.916,471.0,16.2
5610,STARLINK-32847,62811,STARLINK-35678,66971,2026-07-31 08:05:52,9.1168,9.376,6.602,479.5,16.2
5611,STARLINK-30120,56824,STARLINK-33925,63793,2026-07-31 06:13:53,6.5973,7.987,4.813,492.5,16.2
5612,STARLINK-5778,57149,STARLINK-32742,62605,2026-07-31 01:40:52,3.4617,3.49,2.592,484.3,16.2
5613,STARLINK-33584,62761,STARLINK-37346,69149,2026-07-30 23:50:53,9.4099,9.635,6.803,462.2,16.2
5614,STARLINK-30408,57824,STARLINK-35962,66518,2026-07-31 07:33:53,5.3421,6.483,3.923,484.5,16.2
5615,STARLINK-30946,58450,STARLINK-31699,59551,2026-07-30 09:38:53,6.9484,7.283,5.057,492.3,16.1
5616,STARLINK-31830,59769,STARLINK-32346,61849,2026-07-30 14:17:53,7.5911,7.672,5.509,490.4,16.1
5617,STARLINK-3526,51720,STARLINK-5447,54779,2026-07-31 05:35:52,8.5442,8.749,6.177,479.3,16.1
5618,STARLINK-31325,59165,STARLINK-35362,65888,2026-07-30 23:29:51,6.5969,9.074,4.798,489.6,16.1
5619,KSM1-A,46912,STARLINK-35924,66516,2026-07-30 10:05:54,4.3382,7.293,3.201,487.1,16.1
5620,STARLINK-35766,67181,STARLINK-36618,67847,2026-07-30 17:46:51,6.9599,9.885,5.05,484.5,16.1
5621,STARLINK-2686,48464,STARLINK-36596,67670,2026-07-30 16:26:52,7.9322,8.68,5.735,476.6,16.1
5622,STARLINK-35490,66204,STARLINK-37090,68193,2026-07-31 01:43:48,2.8141,9.729,2.125,474.8,16.1
5623,STARLINK-3196,49768,STARLINK-37067,68086,2026-07-30 18:13:51,2.5892,4.61,1.966,473.6,16.1
5624,STARLINK-2371,47911,STARLINK-32852,62824,2026-07-30 21:12:50,4.262,7.865,3.145,485.5,16.1
5625,STARLINK-30511,57978,STARLINK-35969,66523,2026-07-30 10:42:52,8.5729,8.852,6.182,485.3,16.1
5626,STARLINK-31166,58789,STARLINK-32610,61971,2026-07-31 07:14:51,1.7188,2.97,1.352,492.4,16.1
5627,STARLINK-31458,59501,STARLINK-36541,67509,2026-07-31 08:01:51,2.9753,4.685,2.237,484.3,16.1
5628,STARLINK-2639,48436,STARLINK-37265,69548,2026-07-30 23:07:53,8.0726,8.376,5.825,478.5,16.1
5629,STARLINK-34257,65225,STARLINK-36912,67961,2026-07-31 04:15:53,8.4572,9.712,6.094,470.2,16.1
5630,STARLINK-34105,63977,STARLINK-34237,64194,2026-07-31 05:58:53,8.1652,8.901,5.888,487.6,16.1
5631,STARLINK-4788,53863,STARLINK-34585,64779,2026-07-30 12:03:52,8.9503,9.727,6.44,479.2,16.1
5632,STARLINK-36612,67580,STARLINK-36391,67591,2026-07-30 08:55:57,0.6714,2.643,0.613,464.4,16.1
5633,STARLINK-33601,62768,STARLINK-36235,68400,2026-07-30 17:44:53,8.7665,9.113,6.302,468.9,16.1
5634,STARLINK-3943,52557,STARLINK-37618,69228,2026-07-30 18:13:52,8.9589,9.394,6.43,467.4,16.1
5635,STARLINK-30441,57869,STARLINK-36714,67924,2026-07-31 07:36:53,4.8192,5.814,3.523,484.3,16.0
5636,STARLINK-31348,59172,STARLINK-31396,59409,2026-07-31 07:19:48,1.6762,5.983,1.316,492.2,16.0
5637,STARLINK-6118,57106,STARLINK-30160,57441,2026-07-31 00:15:53,1.7319,1.734,1.353,492.5,16.0
5638,STARLINK-37075,68255,STARLINK-37138,68308,2026-07-31 08:28:53,8.0018,8.004,5.74,472.2,16.0
5639,STARLINK-31882,59855,STARLINK-32460,61914,2026-07-30 14:02:59,1.603,8.944,1.262,492.4,16.0
5640,STARLINK-4714,53704,STARLINK-32025,60138,2026-07-30 09:37:53,8.0935,9.647,5.797,466.4,16.0
5641,STARLINK-2643,48367,STARLINK-5450,54778,2026-07-30 21:58:53,8.8013,9.546,6.29,479.2,16.0
5642,STARLINK-31638,59489,STARLINK-36140,67034,2026-07-30 13:23:52,7.1109,7.795,5.106,484.4,16.0
5643,STARLINK-30773,58161,YAOGAN-43 01F,60463,2026-07-31 05:16:53,6.5351,7.474,4.695,474.7,16.0
5644,STARLINK-4165,53286,STARLINK-32297,61521,2026-07-30 16:09:52,8.4795,8.485,6.047,479.5,16.0
5645,STARLINK-33531,63399,STARLINK-34017,64339,2026-07-31 00:27:59,1.707,9.228,1.328,492.0,16.0
5646,STARLINK-5601,55744,KUIPER-00572,69272,2026-07-30 12:17:52,6.7086,6.789,4.809,580.0,15.9
5647,STARLINK-5700,55607,STARLINK-36550,67495,2026-07-31 05:32:51,4.8679,8.088,3.527,492.4,15.9
5648,STARLINK-33531,63399,STARLINK-34017,64339,2026-07-30 22:53:50,1.7089,3.435,1.328,492.0,15.9
5649,STARLINK-4637,53742,STARLINK-37371,68977,2026-07-31 01:24:56,2.5978,8.004,1.947,473.5,15.9
5650,2023-085AD,57031,STARLINK-37406,69199,2026-07-30 18:51:52,9.5327,9.96,6.767,465.9,15.9
5651,GEESAT-4 03,65121,KUIPER-00178,67767,2026-07-30 20:01:51,4.3949,5.516,3.195,629.2,15.9
5652,STARLINK-5375,56140,STARLINK-36516,67455,2026-07-31 03:41:53,7.023,7.122,5.02,484.6,15.9
5653,STARLINK-4531,53425,STARLINK-32603,62072,2026-07-31 05:46:53,8.8811,8.987,6.31,466.5,15.9
5654,STARLINK-31464,59318,STARLINK-33720,63468,2026-07-31 01:11:50,3.5881,8.324,2.632,492.2,15.9
5655,STARLINK-34273,64905,STARLINK-35471,65864,2026-07-30 23:57:54,7.2333,9.288,5.161,474.4,15.9
5656,STARLINK-36692,67744,STARLINK-37934,69567,2026-07-31 07:41:53,4.3523,4.801,3.16,480.3,15.9
5657,STARLINK-30927,58382,STARLINK-35912,66882,2026-07-31 01:50:50,3.3555,6.675,2.467,475.2,15.9
5658,STARLINK-30297,57682,STARLINK-31545,59400,2026-07-30 22:25:53,8.7862,8.818,6.234,479.9,15.9
5659,STARLINK-5382,54820,STARLINK-30584,58089,2026-07-30 12:33:53,7.0776,7.355,5.047,492.6,15.9
5660,STARLINK-37205,68332,STARLINK-37314,68740,2026-07-30 10:01:52,9.4613,9.475,6.698,468.4,15.9
5661,STARLINK-3702,52100,STARLINK-3897,52537,2026-07-31 05:33:53,6.4865,6.561,4.635,461.1,15.9
5662,STARLINK-31528,59010,STARLINK-35951,66619,2026-07-30 19:30:52,8.7937,8.799,6.233,476.1,15.9
5663,HAWK-2B,47508,STARLINK-36342,67649,2026-07-30 14:43:47,1.5322,6.385,1.2,479.6,15.9
5664,TPA-1,64533,FLOCK 4H-1,66704,2026-07-30 21:15:54,7.549,9.283,5.365,498.9,15.9
5665,STARLINK-3154,49417,STARLINK-35910,67184,2026-07-30 10:32:53,9.4634,9.934,6.689,491.7,15.9
5666,STARLINK-3145,49455,STARLINK-35123,65634,2026-07-31 07:17:53,9.7876,9.901,6.912,466.8,15.9
5667,STARLINK-30770,58132,STARLINK-34071,63910,2026-07-31 05:09:53,5.423,5.426,3.889,484.1,15.9
5668,STARLINK-32894,62969,STARLINK-36582,67599,2026-07-30 15:19:52,8.3348,8.371,5.903,474.8,15.9
5669,STARLINK-31600,59341,STARLINK-36119,67619,2026-07-31 02:50:53,6.725,6.775,4.788,484.4,15.9
5670,STARLINK-31464,59318,STARLINK-32768,62503,2026-07-30 15:49:52,7.104,8.055,5.05,491.9,15.9
5671,STARLINK-30391,57817,STARLINK-31559,59358,2026-07-31 06:07:52,3.0888,3.351,2.272,492.4,15.9
5672,STARLINK-11680 [DTC],63554,STARLINK-11737 [DTC],64066,2026-07-30 19:22:51,6.9136,8.789,4.91,356.7,15.8
5673,STARLINK-31405,59248,STARLINK-34157,64084,2026-07-30 12:13:51,7.0713,9.692,5.017,484.6,15.8
5674,STARLINK-2705,48672,STARLINK-35458,65925,2026-07-30 08:48:52,8.7832,8.839,6.197,466.5,15.8
5675,2023-085AK,57037,RASSVET-3 1,68360,2026-07-30 09:32:50,3.4607,6.686,2.525,516.9,15.8
5676,2023-085Y,57026,STARLINK-35346,66179,2026-07-30 23:46:52,9.4259,9.77,6.638,464.1,15.8
5677,STARLINK-5741,55582,STARLINK-36081,67498,2026-07-30 17:31:53,4.9248,5.635,3.532,484.3,15.8
5678,STARLINK-5569,55379,STARLINK-36690,67913,2026-07-31 02:35:53,8.7966,9.599,6.197,485.0,15.8
5679,STARLINK-31061,58611,STARLINK-36432,67342,2026-07-30 13:02:52,7.1032,8.046,5.024,485.1,15.8
5680,STARLINK-34145,64110,STARLINK-37125,68276,2026-07-31 06:42:53,9.7047,9.708,6.813,462.1,15.8
5681,STARLINK-2616,48695,STARLINK-33764,63510,2026-07-30 15:08:52,9.1241,9.125,6.41,466.3,15.8
5682,SHIYAN-6 01 (SY-6 01),43711,STARLINK-33753,63443,2026-07-30 09:39:53,9.7799,9.904,6.858,469.2,15.8
5683,STARLINK-5118,53991,STARLINK-30587,58064,2026-07-30 10:05:54,3.1744,4.478,2.318,493.9,15.8
5684,STARLINK-6255,56550,STARLINK-32556,61858,2026-07-31 00:47:49,1.6499,4.164,1.271,492.4,15.8
5685,HXMT (HUIYAN),42758,FORMOSAT 7-3,44343,2026-07-30 13:59:51,6.7916,8.398,4.799,541.1,15.8
5686,STARLINK-3132,49457,STARLINK-3113,49735,2026-07-30 12:40:53,8.9044,8.915,6.245,466.5,15.8
5687,STARLINK-31441,60091,STARLINK-37666,69046,2026-07-30 08:34:52,9.4199,9.513,6.596,476.7,15.8
5688,STARLINK-2105,47385,STARLINK-35398,66017,2026-07-31 03:18:53,9.5203,9.52,6.665,465.6,15.8
5689,STARLINK-32345,60920,STARLINK-32961,63122,2026-07-30 17:23:53,7.5957,7.74,5.345,489.6,15.8
5690,STARLINK-4582,53569,STARLINK-34518,64480,2026-07-31 03:45:51,6.7217,8.59,4.745,460.5,15.8
5691,STARLINK-34311,64206,STARLINK-37462,68822,2026-07-31 02:03:52,9.9091,9.913,6.929,476.4,15.8
5692,STARLINK-31279,59086,STARLINK-32901,62895,2026-07-30 14:47:48,1.6799,6.242,1.287,484.3,15.7
5693,STARLINK-33585,62782,STARLINK-36668,68177,2026-07-30 11:15:53,8.3206,8.485,5.827,479.0,15.7
5694,STARLINK-35879,66960,STARLINK-36481,67307,2026-07-30 18:44:53,7.1902,7.901,5.053,492.4,15.7
5695,STARLINK-31236,58841,STARLINK-35740,66210,2026-07-30 14:35:55,3.4715,8.274,2.51,475.1,15.7
5696,STARLINK-37130,68604,CANVAS,68635,2026-07-30 09:57:53,9.6557,9.993,6.735,466.5,15.7
5697,STARLINK-31905,59896,STARLINK-34271,64384,2026-07-30 18:17:54,7.1824,9.045,5.043,484.6,15.7
5698,STARLINK-35122,65510,STARLINK-37092,68240,2026-07-31 05:49:50,2.9574,5.277,2.156,474.6,15.7
5699,STARLINK-3234,50815,STARLINK-4588,53641,2026-07-30 13:03:52,7.9175,9.205,5.544,486.7,15.7
5700,STARLINK-37093,68194,STARLINK-36963,68235,2026-07-30 23:14:51,3.5736,4.605,2.577,461.4,15.7
5701,STARLINK-31671,59516,STARLINK-36724,67914,2026-07-30 23:59:52,8.8915,9.654,6.199,491.7,15.7
5702,STARLINK-31381,59469,STARLINK-34844,66486,2026-07-31 07:19:52,5.1195,6.095,3.625,484.2,15.7
5703,STARLINK-5371,55489,STARLINK-36512,67504,2026-07-30 15:13:52,3.1942,3.43,2.313,483.9,15.7
5704,STARLINK-31820,59725,STARLINK-36840,67850,2026-07-30 17:11:52,9.3822,9.986,6.529,479.0,15.7
5705,STARLINK-6359,57346,STARLINK-34083,63908,2026-07-30 21:41:52,8.8663,9.14,6.175,485.2,15.7
5706,STARLINK-31527,59018,STARLINK-37352,69524,2026-07-31 06:27:52,3.1975,3.2,2.312,475.3,15.7
5707,STARLINK-30885,58361,STARLINK-36994,67997,2026-07-30 10:45:51,7.2169,9.967,5.047,492.2,15.7
5708,STARLINK-34304,64224,STARLINK-36587,67532,2026-07-30 19:19:53,8.2372,8.237,5.742,479.5,15.7
5709,STARLINK-3892,52488,STARLINK-34136,64112,2026-07-30 13:28:52,7.958,8.972,5.551,485.3,15.7
5710,STARLINK-34623,65018,STARLINK-37489,69251,2026-07-31 05:03:51,6.8175,8.381,4.774,461.4,15.7
5711,ONEWEB-0417,50492,ONEWEB-0495,54115,2026-07-31 07:40:52,5.4037,5.44,3.808,1204.0,15.7
5712,STARLINK-36393,67859,STARLINK-37301,68954,2026-07-30 13:51:52,8.721,8.862,6.058,478.9,15.6
5713,STARLINK-32851,62810,STARLINK-36979,67996,2026-07-30 12:56:53,6.3075,6.434,4.419,490.1,15.6
5714,STARLINK-34455,65497,STARLINK-35421,66062,2026-07-31 02:56:51,3.5743,4.973,2.563,474.7,15.6
5715,STARLINK-32414,61667,STARLINK-32487,61963,2026-07-31 03:54:53,7.7391,8.165,5.384,489.8,15.6
5716,STARLINK-5761,55599,STARLINK-36541,67509,2026-07-31 03:20:52,5.008,5.12,3.529,484.4,15.6
5717,STARLINK-30150,57621,STARLINK-36623,67644,2026-07-30 10:49:51,7.246,9.364,5.045,492.2,15.6
5718,STARLINK-4660,53609,STARLINK-30298,57665,2026-07-30 18:55:54,7.1417,9.508,4.974,473.9,15.6
5719,STARLINK-31238,58853,STARLINK-32582,62033,2026-07-31 01:23:46,1.7557,9.068,1.324,492.4,15.6
5720,STARLINK-5831,57332,STARLINK-36657,67835,2026-07-30 23:26:47,1.7317,7.231,1.307,492.6,15.6
5721,STARLINK-30152,56828,STARLINK-33930,63776,2026-07-31 03:13:53,6.8169,7.048,4.748,484.5,15.6
5722,STARLINK-3881,52472,STARLINK-5336,57138,2026-07-30 22:57:52,5.8088,6.033,4.057,482.7,15.6
5723,STARLINK-36476,67314,STARLINK-36598,67844,2026-07-31 06:13:52,7.2597,8.127,5.036,484.3,15.6
5724,STARLINK-31871,59673,STARLINK-36039,66612,2026-07-30 09:49:56,1.7647,5.315,1.326,492.8,15.6
5725,STARLINK-3191,49770,STARLINK-5556,55385,2026-07-30 13:35:54,2.8451,4.531,2.055,490.8,15.6
5726,STARLINK-3336,50818,STARLINK-37219,68843,2026-07-31 07:37:53,8.5607,9.07,5.909,473.2,15.6
5727,STARLINK-3554,51872,STARLINK-36466,67358,2026-07-31 01:47:52,7.5351,8.676,5.217,486.9,15.6
5728,STARLINK-5117,54172,STARLINK-33748,63383,2026-07-31 05:20:52,6.2678,6.354,4.359,476.5,15.6
5729,STARLINK-35776,66282,STARLINK-37501,69296,2026-07-30 10:50:52,8.4896,9.983,5.849,474.9,15.5
5730,STARLINK-30455,57942,STARLINK-37357,69517,2026-07-31 07:40:52,4.8553,4.988,3.401,462.9,15.5
5731,STARLINK-3086,49178,LEMUR-2-STARLIGHT,66783,2026-07-31 05:56:51,5.5502,7.125,3.868,582.0,15.5
5732,STARLINK-4092,52838,STARLINK-32006,60029,2026-07-30 13:57:56,3.1611,9.113,2.26,488.4,15.5
5733,STARLINK-3606,51807,STARLINK-34759,65096,2026-07-30 21:08:56,3.3234,8.107,2.367,473.8,15.5
5734,STARLINK-2746,48676,STARLINK-37379,69522,2026-07-30 17:19:52,8.6676,9.917,5.948,466.7,15.5
5735,STARLINK-5577,55751,SKYCRAFT-4B,64872,2026-07-30 10:28:52,7.6846,7.689,5.286,586.0,15.5
5736,STARLINK-3844,52705,STARLINK-37547,68846,2026-07-30 09:15:52,8.7866,8.888,6.022,474.0,15.5
5737,STARLINK-30423,57843,STARLINK-35731,66228,2026-07-30 19:26:53,8.2655,8.45,5.672,479.2,15.5
5738,STARLINK-30126,56694,STARLINK-32739,62498,2026-07-31 04:11:51,1.7818,2.262,1.327,484.2,15.5
5739,STARLINK-5492,55331,STARLINK-32350,61063,2026-07-31 01:41:53,9.5987,9.694,6.56,487.9,15.5
5740,STARLINK-31696,59435,STARLINK-36630,67703,2026-07-31 08:20:53,8.5421,9.799,5.847,471.2,15.5
5741,STARLINK-31569,59857,STARLINK-35598,66509,2026-07-31 08:23:52,9.4534,9.934,6.455,485.2,15.5
5742,STARLINK-30905,58356,STARLINK-31420,59223,2026-07-30 15:15:54,7.3961,9.235,5.078,489.9,15.5
5743,STARLINK-6110,56907,STARLINK-35518,66198,2026-07-30 19:34:53,6.0724,6.075,4.191,489.9,15.4
5744,STARLINK-3743,52118,STARLINK-31529,59000,2026-07-31 05:17:52,2.9686,3.052,2.116,476.4,15.4
5745,STARLINK-11274 [DTC],61001,STARLINK-11529 [DTC],62599,2026-07-31 06:29:51,6.9448,9.579,4.765,357.6,15.4
5746,STARLINK-31143,58770,STARLINK-37767,69245,2026-07-31 03:52:51,4.8923,8.017,3.395,463.1,15.4
5747,TRANSPORTER-14 OBJECT AC,64554,STARLINK-35615,66257,2026-07-30 21:51:52,8.5819,9.784,5.851,478.7,15.4
5748,STARLINK-11546 [DTC],62835,STARLINK-11458 [DTC],62982,2026-07-30 12:12:54,7.0652,9.788,4.838,356.5,15.4
5749,STARLINK-2435,47843,STARLINK-5711,55471,2026-07-30 19:11:52,9.6153,9.664,6.529,487.6,15.4
5750,STARLINK-37185,68340,STARLINK-36832,68805,2026-07-30 10:49:53,9.043,9.304,6.148,475.9,15.4
5751,STARLINK-30870,58369,STARLINK-35785,67176,2026-07-30 22:17:52,5.1668,6.266,3.568,492.7,15.4
5752,STARLINK-31883,60020,STARLINK-32629,62150,2026-07-30 10:33:52,8.6863,8.841,5.907,480.0,15.4
5753,STARLINK-5944,56001,STARLINK-35761,66961,2026-07-31 05:50:53,5.2401,5.35,3.616,484.3,15.4
5754,STARLINK-34466,66226,STARLINK-35487,66262,2026-07-30 13:23:52,8.3331,8.433,5.658,479.4,15.4
5755,STARLINK-3984,52621,STARLINK-30987,58487,2026-07-31 00:26:55,2.2271,4.335,1.609,487.3,15.4
5756,STARLINK-5936,56011,STARLINK-30797,58154,2026-07-30 20:21:52,6.1927,6.598,4.238,490.1,15.3
5757,STARLINK-31680,59380,STARLINK-35642,66398,2026-07-31 02:26:51,6.3227,8.24,4.322,461.3,15.3
5758,STARLINK-30388,57784,STARLINK-32958,63563,2026-07-30 22:28:53,9.5089,9.773,6.432,485.1,15.3
5759,STARLINK-30083,56295,STARLINK-32761,62749,2026-07-31 01:30:50,3.3404,6.195,2.344,484.0,15.3
5760,STARLINK-3812,52346,STARLINK-36622,67667,2026-07-31 05:26:53,9.7829,9.91,6.61,472.2,15.3
5761,STARLINK-3369,51142,STARLINK-30844,58403,2026-07-31 01:37:50,3.4687,6.06,2.426,493.4,15.3
5762,STARLINK-31568,59412,STARLINK-36042,66813,2026-07-30 14:37:51,7.3895,9.06,5.018,492.2,15.3
5763,STARLINK-4615,53620,STARLINK-32275,60360,2026-07-30 23:36:53,8.2124,8.707,5.559,482.0,15.3
5764,STARLINK-30821,58181,STARLINK-31309,59164,2026-07-30 17:11:53,4.7145,4.714,3.247,492.5,15.3
5765,STARLINK-2755,48479,STARLINK-35936,66620,2026-07-30 19:33:54,7.666,9.907,5.195,478.9,15.3
5766,STARLINK-3304,50161,STARLINK-35202,65647,2026-07-31 00:29:54,3.6919,5.991,2.569,473.4,15.3
5767,STARLINK-4085,53262,STARLINK-32474,61260,2026-07-30 14:09:49,2.9655,7.567,2.09,463.2,15.3
5768,STARLINK-3150,49452,STARLINK-30227,57505,2026-07-30 11:05:51,2.667,3.583,1.892,473.6,15.3
5769,JILIN-1 08,43160,STARLINK-34923,65247,2026-07-30 16:26:51,4.1951,5.527,2.899,465.3,15.3
5770,STARLINK-5246,54198,STARLINK-30755,58186,2026-07-31 02:17:50,2.842,5.275,2.007,493.2,15.3
5771,STARLINK-4789,53868,STARLINK-32877,62960,2026-07-30 23:05:52,7.428,8.455,5.031,473.8,15.3
5772,STARLINK-31999,60101,STARLINK-37429,69523,2026-07-31 05:40:49,2.9746,7.857,2.093,461.8,15.3
5773,STARLINK-35485,66251,STARLINK-35895,66354,2026-07-31 01:08:54,7.7479,9.498,5.237,480.4,15.3
5774,STARLINK-1458,45675,STARLINK-11526 [DTC],63007,2026-07-31 02:44:54,4.9868,6.675,3.417,357.3,15.3
5775,STARLINK-6249,56541,STARLINK-36424,67419,2026-07-30 12:10:52,1.7138,1.819,1.261,492.6,15.3
5776,STARLINK-37727,69481,STARLINK-37749,69651,2026-07-31 00:37:51,4.2688,6.056,2.943,463.7,15.3
5777,STARLINK-33734,63367,STARLINK-36583,67545,2026-07-30 23:04:53,9.0946,9.095,6.12,476.3,15.3
5778,STARLINK-30787,58128,STARLINK-34028,63973,2026-07-31 00:42:51,5.681,8.572,3.872,484.7,15.3
5779,STARLINK-2475,48133,STARLINK-35683,66405,2026-07-30 08:55:52,7.6809,8.468,5.186,466.3,15.3
5780,STARLINK-5387,54842,STARLINK-36799,67958,2026-07-30 10:03:52,7.4552,8.29,5.036,492.2,15.3
5781,STARLINK-31733,59486,STARLINK-36138,67030,2026-07-31 00:47:53,7.5543,7.675,5.1,492.4,15.3
5782,STARLINK-4257,53184,STARLINK-33688,63483,2026-07-30 17:30:50,4.3873,8.012,3.016,491.3,15.2
5783,STARLINK-30472,57901,STARLINK-33922,63698,2026-07-30 13:54:52,7.5771,7.737,5.112,490.1,15.2
5784,STARLINK-33964,64118,STARLINK-37300,68682,2026-07-30 22:52:52,8.5343,8.859,5.737,476.3,15.2
5785,STARLINK-1560,46036,STARLINK-30572,58114,2026-07-31 03:42:51,6.0579,9.883,4.107,472.3,15.2
5786,STARLINK-4021,53149,STARLINK-33753,63443,2026-07-30 13:50:52,7.0484,7.174,4.755,476.3,15.2
5787,STARLINK-5454,54774,STARLINK-34967,65177,2026-07-30 20:58:53,9.222,9.382,6.18,475.9,15.2
5788,STARLINK-3507,51753,STARLINK-32192,60316,2026-07-31 05:45:51,4.6549,5.958,3.185,463.3,15.2
5789,STARLINK-3560,51859,STARLINK-33698,63420,2026-07-31 04:49:53,9.1729,9.509,6.148,487.6,15.2
5790,STARLINK-30453,57910,STARLINK-36461,67316,2026-07-31 01:47:46,1.7122,8.587,1.254,493.0,15.2
5791,KUZGTU 1 (RS47S),57217,STARLINK-37758,69219,2026-07-30 18:17:53,9.1916,9.987,6.159,482.1,15.2
5792,STARLINK-30309,57632,STARLINK-35387,65909,2026-07-30 15:58:53,8.9298,9.744,5.982,489.7,15.2
5793,STARLINK-3287,50172,STARLINK-32825,62825,2026-07-30 13:43:50,5.7471,9.832,3.895,490.3,15.2
5794,STARLINK-35177,65673,STARLINK-37391,68779,2026-07-30 09:33:50,0.774,1.516,0.638,481.5,15.2
5795,STARLINK-2106,47386,STARLINK-32690,62453,2026-07-30 13:43:53,9.4295,9.582,6.303,479.5,15.2
5796,STARLINK-5186,54177,STARLINK-32722,62450,2026-07-30 08:57:53,7.1126,7.922,4.783,475.3,15.2
5797,STARLINK-36692,67744,STARLINK-37934,69567,2026-07-31 06:54:54,4.6426,6.685,3.167,464.9,15.2
5798,STARLINK-2068,47722,STARLINK-36241,68154,2026-07-31 03:40:53,8.7819,9.016,5.869,475.1,15.2
5799,STARLINK-4179,53275,STARLINK-37833,69332,2026-07-30 14:33:52,9.0417,9.258,6.037,474.1,15.2
5800,STARLINK-4661,53732,STARLINK-35464,65881,2026-07-31 05:33:57,3.2909,9.715,2.28,460.4,15.2
5801,STARLINK-3254,50204,STARLINK-33969,63855,2026-07-31 00:56:54,5.4859,8.582,3.711,481.3,15.2
5802,STARLINK-5027,55370,STARLINK-33836,63642,2026-07-31 06:10:54,5.7768,9.205,3.9,492.3,15.2
5803,STARLINK-30078,56841,STARLINK-31309,59164,2026-07-30 19:24:53,6.2251,7.014,4.193,484.4,15.2
5804,STARLINK-31676,59900,STARLINK-36532,67628,2026-07-30 08:45:58,1.7606,7.656,1.279,484.3,15.2
5805,STARLINK-5403,54862,STARLINK-30343,57753,2026-07-30 15:04:52,7.5576,7.558,5.061,492.4,15.2
5806,STARLINK-35194,65671,STARLINK-37463,68854,2026-07-30 19:09:51,5.2273,8.527,3.54,464.5,15.2
5807,STARLINK-30757,58131,STARLINK-32819,62995,2026-07-30 12:38:53,1.76,1.818,1.278,492.3,15.1
5808,STARLINK-33566,62100,STARLINK-34561,65081,2026-07-31 06:48:55,3.8007,6.568,2.604,490.2,15.1
5809,STARLINK-1523,46028,STARLINK-2109,47388,2026-07-31 05:14:53,9.3168,9.503,6.191,464.8,15.1
5810,STARLINK-34642,64910,STARLINK-37402,69210,2026-07-31 00:23:51,6.9322,9.827,4.639,465.3,15.1
5811,NUSAT-33 (ALBANIA-2),55047,STARLINK-30773,58161,2026-07-30 19:39:52,8.6223,9.791,5.737,488.0,15.1
5812,STARLINK-3852,52345,STARLINK-30935,58455,2026-07-31 08:15:51,5.9001,7.373,3.96,489.5,15.1
5813,STARLINK-3257,50203,STARLINK-3807,52353,2026-07-31 01:41:52,6.5796,7.422,4.4,480.5,15.1
5814,STARLINK-2731,48651,STARLINK-31406,59017,2026-07-30 16:18:52,7.8543,8.017,5.221,479.4,15.1
5815,STARLINK-5340,56506,STARLINK-33700,63484,2026-07-31 06:21:53,7.6398,7.744,5.079,484.7,15.1
5816,STARLINK-32594,62302,STARLINK-37281,68773,2026-07-31 00:23:53,8.6821,8.885,5.753,473.0,15.1
5817,ONEWEB-0414,50491,ONEWEB-0436,51633,2026-07-31 02:55:54,5.6937,7.94,3.805,1190.0,15.0
5818,STARLINK-5915,55987,STARLINK-32825,62825,2026-07-30 12:03:55,4.8508,8.701,3.26,490.2,15.0
5819,STARLINK-5173,54059,QPS-SAR-5 (TSUKUYOMI-I),58578,2026-07-30 19:49:52,9.7473,9.864,6.418,489.7,15.0
5820,STARLINK-35115,65665,STARLINK-36379,68769,2026-07-30 17:15:51,0.7912,1.338,0.639,464.4,15.0
5821,STARLINK-5870,57222,STARLINK-31734,59534,2026-07-31 08:28:53,7.5894,7.593,5.023,492.5,15.0
5822,STARLINK-5334,56509,STARLINK-32665,62203,2026-07-31 07:20:52,7.6853,7.699,5.084,484.7,15.0
5823,STARLINK-30184,57310,TOMORROW-S4,62386,2026-07-31 05:52:53,7.0201,7.33,4.646,482.7,15.0
5824,STARLINK-31183,58747,STARLINK-34307,64489,2026-07-30 19:35:51,6.2055,8.56,4.121,489.6,15.0
5825,STARLINK-36828,67857,STARLINK-37798,69497,2026-07-31 04:34:52,9.6601,9.665,6.344,473.2,15.0
5826,STARLINK-31215,58872,STARLINK-31586,59205,2026-07-30 14:25:54,7.4731,9.762,4.936,490.3,15.0
5827,STARLINK-2245,48589,STARLINK-34393,64724,2026-07-30 12:16:52,8.464,8.924,5.573,466.3,15.0
5828,STARLINK-32250,60425,STARLINK-36591,67576,2026-07-30 22:18:53,8.7134,8.716,5.733,473.0,15.0
5829,STARLINK-31491,59011,STARLINK-32009,60104,2026-07-31 02:16:51,6.6651,8.566,4.409,463.1,15.0
5830,STARLINK-30787,58128,STARLINK-36423,67448,2026-07-30 09:51:53,9.7532,9.97,6.392,491.9,15.0
5831,STARLINK-32000,60289,STARLINK-34672,65894,2026-07-30 14:10:54,6.3244,8.154,4.187,485.6,15.0
5832,STARLINK-32632,62262,STARLINK-32735,63044,2026-07-31 00:47:53,7.7064,7.829,5.07,480.0,15.0
5833,STARLINK-31603,59201,STARLINK-33691,63462,2026-07-31 06:45:53,6.1836,6.999,4.092,489.9,15.0
5834,STARLINK-2513,48317,STARLINK-31187,58790,2026-07-31 05:03:52,9.5103,9.642,6.222,487.6,14.9
5835,STARLINK-30516,57984,STARLINK-32915,63152,2026-07-31 03:58:49,3.8654,9.436,2.604,484.4,14.9
5836,STARLINK-6082,56110,STARLINK-33960,63966,2026-07-31 06:11:48,1.816,5.995,1.291,484.0,14.9
5837,STARLINK-31836,59724,STARLINK-36805,68116,2026-07-31 02:32:53,9.5503,9.858,6.241,480.3,14.9
5838,STARLINK-31661,59735,STARLINK-36918,67956,2026-07-31 07:24:53,1.8121,1.835,1.288,484.3,14.9
5839,STARLINK-3712,52090,STARLINK-35314,65837,2026-07-30 22:24:56,3.4047,8.332,2.307,463.0,14.9
5840,STARLINK-5168,54071,STARLINK-32727,62828,2026-07-30 13:31:53,9.3457,9.547,6.109,479.3,14.9
5841,STARLINK-2682,48440,STARLINK-34235,64760,2026-07-31 00:47:52,9.849,9.955,6.425,479.2,14.9
5842,STARLINK-32090,59691,STARLINK-34254,64136,2026-07-31 02:35:52,1.7526,1.76,1.248,492.5,14.9
5843,STARLINK-5730,55611,STARLINK-36150,67031,2026-07-31 06:06:50,5.7742,9.845,3.816,492.4,14.9
5844,STARLINK-5412,54806,STARLINK-34887,65103,2026-07-30 15:40:56,3.0873,7.332,2.098,476.5,14.9
5845,STARLINK-31520,59210,STARLINK-37453,68862,2026-07-31 06:59:53,9.3677,9.38,6.106,475.5,14.9
5846,STARLINK-30882,58379,STARLINK-31844,60583,2026-07-31 07:00:52,8.3044,9.883,5.426,466.2,14.9
5847,STARLINK-3240,49728,STARLINK-32634,62313,2026-07-30 09:42:08,0.49,6.874,0.44,475.3,14.9
5848,STARLINK-6187,56546,STARLINK-31195,58796,2026-07-30 20:35:53,7.7284,8.959,5.056,484.6,14.9
5849,STARLINK-3594,51895,STARLINK-4204,52854,2026-07-31 05:27:52,4.6896,4.908,3.118,477.8,14.9
5850,STARLINK-3897,52537,STARLINK-34854,65337,2026-07-30 15:37:52,8.9948,9.041,5.855,466.8,14.9
5851,ONEWEB-0329,49107,ONEWEB-0341,49207,2026-07-31 03:06:51,5.7638,9.188,3.796,1207.8,14.9
5852,STARLINK-3638,51786,STARLINK-34647,64904,2026-07-30 15:39:53,3.4408,3.516,2.317,461.7,14.9
5853,STARLINK-36584,67547,KUIPER-00647,69790,2026-07-30 12:48:53,9.2116,9.231,5.988,469.6,14.9
5854,STARLINK-3875,52483,STARLINK-35343,67334,2026-07-31 01:00:52,2.7743,2.79,1.89,486.3,14.8
5855,STARLINK-5712,55615,STARLINK-35179,66066,2026-07-30 14:38:52,5.5174,5.535,3.634,489.9,14.8
5856,STARLINK-2637,48356,STARLINK-4108,52834,2026-07-30 16:13:52,8.9668,9.87,5.826,474.0,14.8
5857,STARLINK-30079,56706,STARLINK-35354,66477,2026-07-30 17:42:47,1.8829,7.081,1.322,484.2,14.8
5858,STARLINK-3961,52637,RAWHIDE-2,68632,2026-07-30 20:42:52,6.6154,6.616,4.319,468.6,14.8
5859,STARLINK-34800,65361,STARLINK-35941,66583,2026-07-31 07:54:54,5.5434,7.011,3.636,490.0,14.8
5860,STARLINK-30975,58446,STARLINK-35930,66599,2026-07-30 20:24:56,1.9056,4.944,1.333,492.3,14.8
5861,STARLINK-32075,60345,STARLINK-32579,61922,2026-07-30 19:52:52,9.7904,9.895,6.313,490.5,14.8
5862,STARLINK-31252,59083,STARLINK-32615,62034,2026-07-31 04:33:52,3.9088,3.972,2.596,492.4,14.8
5863,STARLINK-5514,57248,STARLINK-33976,63858,2026-07-30 18:37:52,7.8231,9.254,5.068,484.8,14.8
5864,STARLINK-5509,57263,STARLINK-33907,63769,2026-07-30 16:26:00,1.9118,9.894,1.333,484.0,14.8
5865,STARLINK-2735,48667,STARLINK-5836,56386,2026-07-30 21:59:53,8.9334,9.941,5.765,489.6,14.8
5866,STARLINK-6247,57086,STARLINK-32915,63152,2026-07-30 15:35:52,9.61,9.676,6.19,485.1,14.8
5867,STARLINK-31370,59520,STARLINK-35969,66523,2026-07-31 02:20:53,5.4894,6.4,3.589,484.5,14.8
5868,STARLINK-2513,48317,STARLINK-34324,64207,2026-07-31 03:34:53,7.5886,8.195,4.912,485.4,14.8
5869,STARLINK-5646,55461,STARLINK-33898,64002,2026-07-31 07:22:53,4.015,4.437,2.656,484.2,14.8
5870,STARLINK-5795,56039,STARLINK-33841,63771,2026-07-30 16:03:54,1.8288,2.526,1.278,484.7,14.7
5871,STARLINK-30217,57450,STARLINK-34203,64246,2026-07-30 08:43:53,7.814,8.049,5.046,492.3,14.7
5872,STARLINK-5824,57067,STARLINK-35718,66894,2026-07-30 11:03:53,8.54,8.807,5.499,480.1,14.7
5873,STARLINK-6090,56095,STARLINK-30438,58035,2026-07-30 16:47:53,9.0544,9.337,5.815,480.3,14.7
5874,STARLINK-5464,54758,STARLINK-32601,61973,2026-07-31 02:58:50,3.8598,7.631,2.55,491.5,14.7
5875,ONEWEB-0320,49190,ONEWEB-0507,54125,2026-07-30 15:47:52,5.8845,6.524,3.817,1185.9,14.7
5876,STARLINK-3240,49728,STARLINK-3295,50840,2026-07-30 13:37:53,3.2251,3.269,2.149,463.3,14.7
5877,STARLINK-30784,58156,STARLINK-32870,63018,2026-07-30 12:04:52,4.5088,4.745,2.954,489.5,14.7
5878,STARLINK-3696,51965,STARLINK-36565,67544,2026-07-30 12:05:53,8.9816,8.982,5.759,478.0,14.7
5879,STARLINK-2415,47828,FLOCK 4G-11,62629,2026-07-30 22:19:53,9.4135,9.781,6.029,485.2,14.7
5880,STARLINK-30843,58241,STARLINK-35505,66329,2026-07-30 10:39:53,9.6584,9.704,6.18,485.0,14.7
5881,ONEWEB-0027,45432,ONEWEB-0565,55146,2026-07-31 07:44:52,5.8684,5.875,3.802,1189.8,14.7
5882,STARLINK-35684,66458,STARLINK-36409,67406,2026-07-31 07:44:52,7.8808,8.279,5.062,492.3,14.7
5883,STARLINK-3113,49735,STARLINK-34236,64743,2026-07-30 21:11:58,0.4948,2.477,0.435,475.2,14.7
5884,STARLINK-32457,61717,STARLINK-37280,68511,2026-07-30 23:36:56,3.1688,7.183,2.109,475.3,14.7
5885,STARLINK-31183,58747,STARLINK-32592,62035,2026-07-31 02:44:53,5.9914,6.095,3.876,484.6,14.7
5886,STARLINK-3668,52002,STARLINK-6176,56388,2026-07-31 03:51:52,2.9168,3.274,1.951,484.1,14.7
5887,STARLINK-30907,58352,STARLINK-33558,63643,2026-07-30 22:59:54,1.9092,3.058,1.32,492.6,14.7
5888,STARLINK-32564,61924,STARLINK-32940,63568,2026-07-31 00:53:58,1.9748,7.102,1.359,492.3,14.7
5889,STARLINK-3122,49445,STARLINK-31647,59389,2026-07-31 02:59:55,2.5813,5.114,1.738,476.8,14.7
5890,STARLINK-32755,62842,STARLINK-34670,65424,2026-07-31 07:59:53,9.9414,9.947,6.334,487.8,14.6
5891,STARLINK-34202,64174,STARLINK-35617,66422,2026-07-30 16:54:54,6.3507,9.44,4.088,490.2,14.6
5892,STARLINK-33804,63511,STARLINK-33872,64189,2026-07-30 13:53:53,8.2811,8.694,5.291,466.2,14.6
5893,STARLINK-5485,57261,STARLINK-33760,63764,2026-07-30 18:52:49,1.9356,4.957,1.332,492.8,14.6
5894,STARLINK-3339,50820,STARLINK-35334,66450,2026-07-31 04:45:53,8.9136,9.413,5.682,481.5,14.6
5895,STARLINK-3355,50808,STARLINK-32383,61891,2026-07-30 19:09:53,8.5274,9.974,5.44,466.2,14.6
5896,STARLINK-31625,59458,STARLINK-33814,63582,2026-07-30 21:48:53,9.7518,9.753,6.202,485.5,14.6
5897,STARLINK-4658,53612,STARLINK-35884,67044,2026-07-30 13:24:47,1.9687,7.081,1.351,488.4,14.6
5898,STARLINK-30507,57982,STARLINK-33900,63800,2026-07-31 06:11:54,7.9511,9.646,5.075,492.2,14.6
5899,STARLINK-32364,61622,STARLINK-36223,67126,2026-07-31 04:51:52,1.9085,2.239,1.312,483.9,14.6
5900,STARLINK-5395,54831,STARLINK-5869,57061,2026-07-30 22:24:49,3.0049,8.169,1.993,494.2,14.6
5901,STARLINK-11191 [DTC],60410,STARLINK-11449 [DTC],63012,2026-07-31 04:57:52,7.6367,8.3,4.867,357.8,14.6
5902,STARLINK-3632,51784,STARLINK-33970,64106,2026-07-31 06:10:48,3.2256,9.59,2.123,461.7,14.6
5903,STARLINK-35559,66095,STARLINK-35467,66343,2026-07-30 10:08:54,5.5545,6.919,3.562,490.1,14.5
5904,STARLINK-3593,51896,STARLINK-37213,68686,2026-07-31 06:10:53,9.4352,9.439,5.962,471.7,14.5
5905,STARLINK-4187,52850,STARLINK-5775,56503,2026-07-30 21:16:49,2.9577,7.02,1.954,491.0,14.5
5906,STARLINK-32102,59699,STARLINK-33982,63707,2026-07-30 13:45:53,8.7867,8.801,5.552,479.8,14.5
5907,STARLINK-2475,48133,STARLINK-3295,50840,2026-07-31 00:33:53,5.2276,5.241,3.352,467.3,14.5
5908,STARLINK-4694,53708,STARLINK-37440,69189,2026-07-31 06:47:53,8.3496,8.436,5.275,479.0,14.5
5909,STARLINK-3256,50202,STARLINK-35542,66064,2026-07-31 07:09:48,2.0581,6.232,1.392,474.8,14.5
5910,STARLINK-31480,59306,STARLINK-36865,67930,2026-07-30 23:41:51,1.9107,3.18,1.3,492.6,14.5
5911,STARLINK-2746,48676,STARLINK-31468,58998,2026-07-30 11:52:53,5.9862,6.294,3.808,485.7,14.5
5912,STARLINK-6131,57107,STARLINK-34536,64748,2026-07-30 14:16:52,6.8719,7.957,4.351,489.7,14.5
5913,STARLINK-34828,65353,STARLINK-35439,66431,2026-07-31 03:04:54,6.0911,8.098,3.87,490.0,14.5
5914,STARLINK-4085,53262,STARLINK-36764,68963,2026-07-30 10:20:52,8.2151,9.388,5.176,476.1,14.5
5915,STARLINK-30095,56289,STARLINK-32395,61679,2026-07-30 18:01:53,8.0993,8.099,5.102,480.3,14.5
5916,STARLINK-3529,51724,STARLINK-6155,57076,2026-07-31 04:02:54,6.0586,8.877,3.845,489.5,14.5
5917,STARLINK-30509,57977,STARLINK-36950,67992,2026-07-30 20:58:52,8.0515,8.392,5.07,492.2,14.5
5918,STARLINK-5672,55468,STARLINK-36101,66867,2026-07-31 01:53:48,2.021,6.191,1.364,492.3,14.5
5919,STARLINK-2535,48295,STARLINK-4204,52854,2026-07-31 01:37:53,4.9977,5.078,3.192,468.5,14.5
5920,STARLINK-32309,61676,STARLINK-36390,67886,2026-07-31 04:57:53,9.1605,9.176,5.743,473.6,14.4
5921,HAWK-C,43799,2025-313AB,67273,2026-07-31 02:33:53,4.2395,4.346,2.724,513.7,14.4
5922,STARLINK-30442,57868,STARLINK-33929,64188,2026-07-30 10:50:51,7.9922,9.82,5.02,490.1,14.4
5923,STARLINK-35398,66017,STARLINK-36891,68024,2026-07-30 22:20:52,9.1856,9.201,5.746,472.3,14.4
5924,STARLINK-30891,58367,STARLINK-33866,63653,2026-07-30 16:00:55,1.9551,4.399,1.319,492.2,14.4
5925,STARLINK-3522,51725,STARLINK-32746,62745,2026-07-30 19:36:52,3.7482,3.775,2.414,490.4,14.4
5926,STARLINK-6248,57082,STARLINK-30290,57858,2026-07-30 19:16:53,4.8268,4.846,3.073,489.9,14.4
5927,STARLINK-4058,53266,STARLINK-34393,64724,2026-07-30 12:23:52,5.3571,6.104,3.397,463.1,14.4
5928,GLOBAL-4,44499,STARLINK-11692 [DTC],64381,2026-07-30 20:47:54,6.1017,7.73,3.851,366.6,14.4
5929,STARLINK-3903,52462,STARLINK-33718,63476,2026-07-31 07:41:54,5.8509,8.393,3.695,486.9,14.4
5930,STARLINK-4585,53567,STARLINK-6127,57135,2026-07-30 10:19:52,7.1936,7.926,4.514,485.5,14.4
5931,STARLINK-33622,63066,STARLINK-34323,64219,2026-07-30 11:32:52,5.8908,5.918,3.713,489.7,14.4
5932,STARLINK-2640,48438,STARLINK-32251,60940,2026-07-30 14:47:53,8.114,8.185,5.068,466.3,14.4
5933,STARLINK-5973,56916,STARLINK-32935,63202,2026-07-30 18:30:52,2.0289,2.24,1.358,492.7,14.4
5934,STARLINK-30819,58179,STARLINK-32629,62150,2026-07-30 21:28:51,1.9244,2.36,1.294,484.0,14.4
5935,STARLINK-32628,62122,STARLINK-34018,63836,2026-07-31 00:33:53,8.0859,9.378,5.049,492.4,14.4
5936,STARLINK-31257,59079,STARLINK-32615,62034,2026-07-31 03:07:52,7.5655,7.706,4.73,492.3,14.4
5937,STARLINK-5696,55484,STARLINK-35705,67039,2026-07-30 10:59:52,8.0773,8.395,5.04,484.7,14.4
5938,STARLINK-35658,66126,STARLINK-36153,66934,2026-07-31 04:23:54,6.9256,8.975,4.333,461.7,14.3
5939,STARLINK-3318,50837,STARLINK-30321,57679,2026-07-30 17:19:49,2.8792,6.752,1.872,474.1,14.3
5940,STARLINK-31373,58965,STARLINK-37209,69187,2026-07-30 09:51:43,0.5939,4.438,0.482,461.6,14.3
5941,STARLINK-33774,63721,STARLINK-34455,65497,2026-07-31 02:07:52,8.2143,9.203,5.11,466.0,14.3
5942,STARLINK-6124,56126,STARLINK-36542,67445,2026-07-30 21:29:52,8.1736,9.313,5.083,491.5,14.3
5943,STARLINK-30116,57465,STARLINK-33822,63658,2026-07-31 02:05:54,4.1262,5.217,2.617,484.1,14.3
5944,STARLINK-32428,61666,STARLINK-34029,63805,2026-07-30 10:24:52,9.4541,9.477,5.839,487.6,14.3
5945,STARLINK-4724,53702,EDISON-1,62610,2026-07-30 23:28:53,9.4595,9.515,5.842,472.1,14.3
5946,LKW-3,43146,STARLINK-3446,51747,2026-07-30 21:41:52,9.9073,9.908,6.107,476.8,14.3
5947,STARLINK-2358,47898,STARLINK-37028,68270,2026-07-30 23:37:52,8.4799,8.507,5.245,479.1,14.3
5948,STARLINK-31343,59093,STARLINK-36427,67333,2026-07-31 03:58:54,1.9503,2.512,1.299,493.7,14.3
5949,STARLINK-11626 [DTC],63556,STARLINK-11709 [DTC],64065,2026-07-31 06:25:52,7.9265,8.087,4.91,355.1,14.3
5950,STARLINK-30891,58367,STARLINK-36993,67994,2026-07-30 21:34:52,8.1638,9.321,5.053,484.9,14.3
5951,STARLINK-35033,65468,STARLINK-37691,69205,2026-07-30 09:34:52,7.2083,8.386,4.475,478.9,14.3
5952,STARLINK-34552,64731,STARLINK-35828,66351,2026-07-31 05:59:53,8.5094,8.727,5.258,478.7,14.3
5953,STARLINK-5163,54054,STARLINK-32904,63198,2026-07-30 18:56:52,9.4218,9.422,5.807,487.4,14.3
5954,STARLINK-3522,51725,STARLINK-30329,57635,2026-07-30 17:43:54,6.6482,9.22,4.133,490.8,14.3
5955,STARLINK-2358,47898,STARLINK-33727,63719,2026-07-30 13:18:52,8.4349,9.427,5.21,466.1,14.2
5956,STARLINK-3592,51801,STARLINK-34713,64906,2026-07-31 02:31:57,3.5778,9.985,2.279,475.1,14.2
5957,STARLINK-3346,50821,STARLINK-33671,63320,2026-07-31 00:30:54,7.6166,9.17,4.716,491.7,14.2
5958,STARLINK-31484,59005,STARLINK-31947,59835,2026-07-31 03:00:52,8.3665,8.861,5.162,480.1,14.2
5959,STARLINK-31603,59201,STARLINK-36847,67910,2026-07-31 08:19:53,8.6151,8.639,5.309,489.5,14.2
5960,STARLINK-32452,61961,STARLINK-32482,62141,2026-07-31 06:31:49,2.0265,4.609,1.341,492.7,14.2
5961,STARLINK-30221,57418,STARLINK-36537,67516,2026-07-31 04:38:52,8.2265,8.519,5.072,492.3,14.2
5962,STARLINK-31544,59399,STARLINK-32937,63148,2026-07-30 15:31:53,5.7607,6.139,3.586,484.6,14.2
5963,STARLINK-5058,55456,STARLINK-5753,55581,2026-07-31 04:53:53,6.1993,6.558,3.847,492.4,14.2
5964,STARLINK-31171,58834,STARLINK-37476,68853,2026-07-30 21:12:53,9.504,9.537,5.832,471.2,14.2
5965,STARLINK-4036,52837,STARLINK-36122,66952,2026-07-30 23:04:52,9.7538,9.869,5.981,466.4,14.2
5966,STARLINK-1394,45679,STARLINK-11359 [DTC],61884,2026-07-30 10:31:52,7.8968,9.234,4.865,356.3,14.2
5967,STARLINK-32391,61855,STARLINK-35132,66461,2026-07-30 13:44:53,8.2222,8.253,5.055,492.5,14.2
5968,STARLINK-5672,55468,STARLINK-36101,66867,2026-07-31 02:40:53,2.076,2.08,1.366,484.5,14.2
5969,STARLINK-3330,50836,STARLINK-30493,58116,2026-07-30 23:19:52,4.9867,5.075,3.112,472.3,14.2
5970,ONEWEB-0033,45142,ONEWEB-0124,47270,2026-07-30 11:31:52,9.1402,9.703,5.598,1233.9,14.2
5971,STARLINK-6376,57349,STARLINK-35960,66531,2026-07-31 04:52:53,4.1104,4.47,2.583,484.4,14.2
5972,STARLINK-2370,47910,STARLINK-3823,52336,2026-07-30 20:55:53,7.2491,7.831,4.46,467.4,14.2
5973,STARLINK-2364,47904,STARLINK-32281,60375,2026-07-30 10:21:52,9.0864,9.195,5.56,479.3,14.2
5974,STARLINK-30519,57985,STARLINK-36898,68002,2026-07-30 09:34:53,8.2794,8.36,5.075,484.7,14.2
5975,STARLINK-31242,58864,STARLINK-32515,61705,2026-07-30 21:51:52,8.1317,8.134,4.98,480.1,14.1
5976,STARLINK-30396,57964,STARLINK-35684,66458,2026-07-31 00:50:54,5.7434,7.288,3.552,484.3,14.1
5977,STARLINK-2063,48553,SHIYAN-21 (SY-21),54752,2026-07-31 05:04:50,4.9213,9.544,3.06,479.4,14.1
5978,STARLINK-36206,66930,STARLINK-37638,69144,2026-07-31 00:54:52,9.4198,9.485,5.74,473.4,14.1
5979,STARLINK-6229,57093,STARLINK-32770,62741,2026-07-30 16:39:52,8.2642,8.3,5.05,492.5,14.1
5980,STARLINK-31601,59209,STARLINK-36790,68095,2026-07-30 20:55:56,4.0274,8.976,2.522,461.8,14.1
5981,STARLINK-30942,58441,STARLINK-35305,66561,2026-07-31 01:23:54,7.75,9.572,4.741,484.5,14.1
5982,STARLINK-31166,58789,STARLINK-32610,61971,2026-07-31 06:27:46,2.0703,9.108,1.354,484.2,14.1
5983,STARLINK-5564,56134,STARLINK-36522,67461,2026-07-31 03:16:53,8.3224,8.638,5.082,492.1,14.1
5984,STARLINK-31309,59164,STARLINK-32794,62844,2026-07-30 18:40:47,2.4704,8.342,1.592,492.2,14.1
5985,STARLINK-6032,57371,STARLINK-31822,59752,2026-07-30 21:17:53,8.2923,9.148,5.057,492.7,14.1
5986,STARLINK-2663,48443,STARLINK-5503,57257,2026-07-31 02:04:52,9.4166,9.438,5.724,487.9,14.1
5987,STARLINK-5167,54058,STARLINK-36919,68053,2026-07-30 16:32:52,7.4771,7.485,4.568,465.1,14.1
5988,STARLINK-4581,53576,STARLINK-33646,63280,2026-07-30 18:14:50,4.2075,6.763,2.622,484.3,14.1
5989,STARLINK-31656,60286,STARLINK-32327,61641,2026-07-31 02:22:53,6.9028,6.905,4.225,490.1,14.1
5990,STARLINK-2413,47827,STARLINK-37027,68232,2026-07-30 20:06:52,7.9341,8.499,4.839,479.5,14.1
5991,STARLINK-31456,59007,STARLINK-35432,66021,2026-07-30 11:49:52,4.4166,4.436,2.743,477.0,14.1
5992,STARLINK-33862,63709,STARLINK-35374,66194,2026-07-30 10:38:54,4.1823,6.576,2.604,472.1,14.1
5993,STARLINK-30583,58086,STARLINK-36595,67639,2026-07-30 20:49:53,8.3402,9.04,5.072,491.9,14.1
5994,STARLINK-30411,57828,STARLINK-32778,62603,2026-07-30 20:45:54,6.4247,7.716,3.93,484.3,14.1
5995,STARLINK-4299,53172,STARLINK-30498,57971,2026-07-31 02:48:57,3.1152,9.596,1.967,490.6,14.1
5996,STARLINK-34977,65245,STARLINK-36828,67857,2026-07-30 22:24:52,9.5484,9.6,5.777,475.9,14.0
5997,STARLINK-30213,57504,STARLINK-33850,63679,2026-07-30 16:38:51,2.0053,3.024,1.306,492.4,14.0
5998,STARLINK-3227,49765,STARLINK-3331,50834,2026-07-30 09:38:52,7.1278,7.94,4.331,467.4,14.0
5999,STARLINK-4477,53546,STARLINK-34392,64451,2026-07-30 19:49:49,3.1057,7.75,1.953,473.8,14.0
6000,STARLINK-30755,58186,STARLINK-32639,62153,2026-07-30 17:03:58,2.1234,7.424,1.371,492.4,14.0
6001,STARLINK-3343,50822,STARLINK-6130,57104,2026-07-30 15:00:53,8.3045,8.338,5.016,491.1,14.0
6002,STARLINK-5172,54064,STARLINK-30755,58186,2026-07-31 02:27:52,7.2542,7.754,4.396,491.3,14.0
6003,STARLINK-3329,50827,STARLINK-35869,66353,2026-07-30 21:04:52,7.5919,7.787,4.595,460.5,14.0
6004,STARLINK-31101,58737,STARLINK-32593,61974,2026-07-31 02:10:53,5.7583,5.819,3.514,484.4,14.0
6005,STARLINK-5808,56927,STARLINK-36553,67506,2026-07-31 03:35:54,3.7292,5.827,2.316,484.0,14.0
6006,STARLINK-30889,58368,STARLINK-33822,63658,2026-07-30 09:38:46,2.0374,8.827,1.319,492.5,14.0
6007,STARLINK-30438,58035,STARLINK-31887,59839,2026-07-30 20:12:53,8.6524,9.01,5.217,480.0,14.0
6008,STARLINK-30755,58186,STARLINK-32639,62153,2026-07-30 15:29:49,2.1259,5.827,1.371,492.4,14.0
6009,STARLINK-3261,50193,STARLINK-36982,68278,2026-07-30 12:24:52,9.8484,9.949,5.916,480.0,14.0
6010,STARLINK-30864,58243,BANDWAGON-4 OBJECT P,66306,2026-07-30 13:01:52,6.0092,6.121,3.654,489.8,14.0
6011,STARLINK-5585,57333,STARLINK-36589,67843,2026-07-31 05:49:00,2.0227,9.909,1.308,492.7,14.0
6012,STARLINK-32327,61641,STARLINK-35875,67111,2026-07-31 00:50:55,2.03,3.923,1.312,492.5,14.0
6013,STARLINK-35571,66089,STARLINK-35474,66437,2026-07-30 10:35:50,4.9131,7.899,3.007,489.8,14.0
6014,STARLINK-34261,64764,STARLINK-36668,68177,2026-07-31 05:07:50,4.1495,6.793,2.557,462.1,14.0
6015,STARLINK-3900,52461,STARLINK-34278,64391,2026-07-30 09:32:55,5.7919,9.982,3.521,486.3,14.0
6016,STARLINK-3937,52542,STARLINK-34353,64278,2026-07-31 05:14:55,4.8789,9.685,2.983,473.8,13.9
6017,STARLINK-4791,53936,STARLINK-37136,68347,2026-07-30 20:25:51,5.6277,8.117,3.423,480.6,13.9
6018,STARLINK-31589,59654,STARLINK-35820,66597,2026-07-30 21:26:56,2.0607,4.679,1.327,484.4,13.9
6019,STARLINK-4108,52834,STARLINK-6083,56109,2026-07-30 13:48:54,6.1012,7.9,3.697,491.3,13.9
6020,STARLINK-3638,51786,STARLINK-33595,62766,2026-07-30 23:26:51,7.9465,9.327,4.777,462.0,13.9
6021,STARLINK-31701,59582,STARLINK-35321,66074,2026-07-31 06:21:54,3.9155,5.488,2.412,487.7,13.9
6022,STARLINK-6291,56547,STARLINK-36431,67421,2026-07-31 07:10:54,2.0879,2.779,1.341,484.0,13.9
6023,STARLINK-5421,54799,STARLINK-5426,54802,2026-07-31 00:01:55,5.1493,9.977,3.134,540.1,13.9
6024,STARLINK-34395,64668,STARLINK-34903,65372,2026-07-30 23:45:53,7.5109,7.99,4.512,474.9,13.9
6025,STARLINK-35031,65404,STARLINK-35346,66179,2026-07-30 15:24:41,0.4608,4.55,0.386,475.4,13.9
6026,STARLINK-33567,62773,STARLINK-37380,69182,2026-07-31 08:01:52,3.3784,3.653,2.092,461.5,13.9
6027,STARLINK-6127,57135,STARLINK-34211,64255,2026-07-30 08:49:53,6.511,6.515,3.924,484.1,13.9
6028,STARLINK-30242,57739,STARLINK-35247,65622,2026-07-30 18:41:53,8.7129,8.753,5.209,480.1,13.9
6029,STARLINK-4564,53560,STARLINK-36824,67953,2026-07-30 20:12:50,4.9439,7.93,3.005,491.0,13.9
6030,STARLINK-11366 [DTC],61693,STARLINK-11710 [DTC],64244,2026-07-31 02:18:52,4.701,4.71,2.863,358.5,13.9
6031,STARLINK-33837,63501,STARLINK-35430,66020,2026-07-31 01:19:52,6.2082,6.944,3.742,472.0,13.9
6032,STARLINK-4774,56138,STARLINK-34135,63964,2026-07-31 06:26:54,4.2594,5.267,2.602,484.3,13.9
6033,STARLINK-6355,57356,KUIPER-00490,69595,2026-07-31 06:34:54,5.8493,8.324,3.527,481.1,13.9
6034,STARLINK-36142,66981,STARLINK-36140,67034,2026-07-31 07:30:59,2.0987,8.518,1.34,492.9,13.9
6035,STARLINK-6366,57380,STARLINK-35676,67345,2026-07-31 01:09:59,2.0356,9.292,1.3,492.6,13.8
6036,STARLINK-5555,55386,STARLINK-32592,62035,2026-07-31 06:02:52,8.0271,9.035,4.786,484.7,13.8
6037,STARLINK-6331,57351,STARLINK-35933,66529,2026-07-31 05:17:50,4.3677,7.26,2.656,492.4,13.8
6038,STARLINK-3926,52543,STARLINK-32619,62074,2026-07-30 16:41:53,7.5461,7.602,4.497,461.1,13.8
6039,STARLINK-4616,53734,STARLINK-36978,68960,2026-07-31 02:12:45,1.7109,8.783,1.109,473.2,13.8
6040,STARLINK-30460,57870,STARLINK-32238,61661,2026-07-30 22:40:52,8.3976,9.513,4.989,480.0,13.8
6041,STARLINK-5686,55450,STARLINK-34078,64012,2026-07-31 00:46:49,4.239,9.449,2.576,492.5,13.8
6042,STARLINK-32696,62310,STARLINK-37556,69660,2026-07-30 10:25:53,9.7672,9.831,5.784,474.1,13.8
6043,STARLINK-4555,53572,STARLINK-34474,64474,2026-07-30 09:04:53,8.0814,8.719,4.805,473.6,13.8
6044,STARLINK-2480,48137,STARLINK-31280,58843,2026-07-31 04:06:53,8.6352,8.712,5.126,479.3,13.8
6045,STARLINK-31948,59941,STARLINK-35991,66861,2026-07-30 18:27:00,1.9711,9.351,1.259,492.4,13.8
6046,STARLINK-34248,64928,STARLINK-36337,68716,2026-07-31 05:56:52,8.3132,8.346,4.938,474.6,13.8
6047,STARLINK-32126,60295,STARLINK-35256,66011,2026-07-30 20:07:53,9.0241,9.818,5.348,472.5,13.8
6048,STARLINK-31001,58527,STARLINK-32093,59701,2026-07-30 15:48:53,6.4458,6.463,3.853,484.9,13.8
6049,STARLINK-31222,58828,STARLINK-37515,69169,2026-07-30 20:19:53,8.4009,8.731,4.984,475.2,13.8
6050,STARLINK-32362,61845,STARLINK-32536,61925,2026-07-30 19:34:53,8.642,8.947,5.121,484.8,13.8
6051,ONEWEB-0201,48241,ONEWEB-0213,48790,2026-07-31 05:06:54,6.3887,7.903,3.816,1201.9,13.8
6052,STARLINK-3207,49756,STARLINK-32634,62313,2026-07-31 05:12:53,4.1966,4.368,2.545,461.8,13.8
6053,STARLINK-2433,47841,FLOCK 4G-34,62650,2026-07-30 13:28:53,9.7322,9.901,5.743,483.3,13.8
6054,STARLINK-30802,58150,STARLINK-34800,65361,2026-07-30 10:40:52,8.9131,8.938,5.268,472.6,13.8
6055,STARLINK-30403,57813,STARLINK-33792,63506,2026-07-31 07:59:52,8.298,8.815,4.911,479.7,13.8
6056,STARLINK-2266,47997,STARLINK-35037,65483,2026-07-31 03:37:52,8.6466,9.299,5.112,466.2,13.8
6057,STARLINK-5836,56386,STARLINK-32408,62054,2026-07-30 08:42:53,8.5591,8.872,5.06,484.6,13.8
6058,STARLINK-35226,65492,STARLINK-37079,68186,2026-07-30 22:42:50,0.5432,1.295,0.429,461.7,13.8
6059,STARLINK-31919,59880,STARLINK-36455,67418,2026-07-31 04:19:51,5.9667,7.174,3.56,492.3,13.8
6060,STARLINK-3688,52310,STARLINK-31523,59220,2026-07-30 12:09:53,8.2968,8.405,4.903,466.3,13.7
6061,STARLINK-31238,58853,STARLINK-32582,62033,2026-07-31 02:57:55,2.0948,3.796,1.324,492.4,13.7
6062,STARLINK-31616,59270,KUIPER-00517,69600,2026-07-31 07:38:52,8.2959,8.63,4.898,459.5,13.7
6063,STARLINK-2627,48687,STARLINK-34768,65095,2026-07-30 16:35:52,7.6189,7.891,4.507,479.4,13.7
6064,STARLINK-30247,57644,STARLINK-33608,63425,2026-07-31 01:26:55,2.1214,3.978,1.338,484.3,13.7
6065,STARLINK-3636,51995,STARLINK-35368,65830,2026-07-31 04:25:52,9.074,9.08,5.343,466.2,13.7
6066,STARLINK-2521,48648,STARLINK-31991,59963,2026-07-31 05:57:53,8.5651,8.574,5.044,466.1,13.7
6067,STARLINK-11317 [DTC],61248,STARLINK-11365 [DTC],62886,2026-07-31 02:32:54,5.7949,6.755,3.45,357.8,13.7
6068,STARLINK-31434,59215,STARLINK-37037,68084,2026-07-30 13:50:55,4.1749,7.393,2.517,475.4,13.7
6069,STARLINK-32539,62022,STARLINK-33898,64002,2026-07-30 15:41:53,9.7856,9.807,5.745,479.7,13.7
6070,STARLINK-3974,52634,STARLINK-31319,59457,2026-07-30 20:48:51,7.1915,8.621,4.25,489.4,13.7
6071,STARLINK-2471,48129,STARLINK-3314,50851,2026-07-31 04:28:52,5.5851,5.591,3.326,467.5,13.7
6072,STARLINK-1582,46043,STARLINK-34236,64743,2026-07-31 04:09:53,9.5197,9.638,5.587,466.4,13.7
6073,STARLINK-4092,52838,STARLINK-5585,57333,2026-07-30 18:46:53,9.0951,9.304,5.342,490.5,13.7
6074,STARLINK-32476,61550,STARLINK-36685,68717,2026-07-30 11:10:55,3.4654,6.675,2.106,475.3,13.7
6075,STARLINK-4211,52873,STARLINK-35367,65883,2026-07-30 16:39:52,3.7611,3.768,2.276,473.7,13.7
6076,STARLINK-32653,62199,STARLINK-35962,66518,2026-07-31 07:36:50,2.0702,3.439,1.304,483.8,13.7
6077,STARLINK-3506,51751,STARLINK-30702,57955,2026-07-31 04:00:54,8.2123,9.791,4.833,463.2,13.7
6078,STARLINK-31263,58832,STARLINK-35510,66397,2026-07-30 20:35:52,4.2042,4.327,2.527,475.4,13.7
6079,STARLINK-4740,53871,STARLINK-37311,69161,2026-07-31 00:44:53,4.9663,5.134,2.963,460.4,13.7
6080,SCS-01 E,63986,TRANSPORTER-15 OBJECT CX,66759,2026-07-30 12:15:36,0.1132,2.882,0.179,499.5,13.7
6081,STARLINK-30101,56301,STARLINK-30158,57438,2026-07-30 15:43:51,7.7815,9.477,4.568,481.6,13.7
6082,STARLINK-34562,64725,STARLINK-35448,66465,2026-07-30 22:19:54,5.1792,6.142,3.078,489.6,13.7
6083,STARLINK-32930,63203,STARLINK-35779,67047,2026-07-31 01:25:53,7.1396,7.188,4.198,484.7,13.7
6084,STARLINK-30927,58382,STARLINK-36999,68268,2026-07-30 23:24:52,7.5727,7.776,4.446,461.9,13.7
6085,STARLINK-34831,65345,STARLINK-34760,65359,2026-07-30 14:45:52,6.7472,7.798,3.973,481.1,13.7
6086,STARLINK-5790,56036,STARLINK-33849,63654,2026-07-31 06:09:50,6.0113,9.695,3.552,492.4,13.7
6087,STARLINK-2039,47655,STARLINK-34420,64483,2026-07-30 22:04:53,9.1673,9.189,5.351,479.0,13.6
6088,STARLINK-4199,52857,STARLINK-6244,56548,2026-07-31 02:20:52,6.3177,6.963,3.722,492.2,13.6
6089,STARLINK-3687,52110,STARLINK-34333,64264,2026-07-30 19:23:48,2.827,9.04,1.727,476.6,13.6
6090,STARLINK-4655,53613,STARLINK-31665,59655,2026-07-30 17:17:51,2.1688,2.75,1.351,488.3,13.6
6091,STARLINK-5996,57227,STARLINK-36936,68012,2026-07-31 04:54:51,2.1279,3.147,1.326,484.3,13.6
6092,STARLINK-36238,68563,STARLINK-37517,69254,2026-07-31 04:59:55,3.5332,5.875,2.126,461.5,13.6
6093,STARLINK-30269,57528,STARLINK-33632,63577,2026-07-31 02:39:54,6.0545,9.224,3.561,492.4,13.6
6094,STARLINK-6127,57135,STARLINK-32769,62602,2026-07-31 03:36:50,2.138,3.883,1.331,484.4,13.6
6095,STARLINK-31034,58785,STARLINK-37127,68236,2026-07-30 10:32:50,3.5302,6.894,2.123,462.0,13.6
6096,STARLINK-3823,52336,STARLINK-4150,53134,2026-07-31 06:59:54,5.7066,7.125,3.361,475.2,13.6
6097,STARLINK-3614,51771,STARLINK-4770,53849,2026-07-31 00:46:52,8.6892,9.935,5.056,467.5,13.6
6098,STARLINK-6247,57086,STARLINK-32763,62750,2026-07-30 13:27:53,8.6787,8.741,5.049,492.2,13.6
6099,PROTOMETHEE,58321,STARLINK-36358,67598,2026-07-30 17:43:58,3.0542,9.793,1.851,466.4,13.6
6100,STARLINK-6333,56521,STARLINK-33654,63466,2026-07-31 01:04:54,6.6074,9.356,3.871,492.7,13.6
6101,STARLINK-5722,55610,STARLINK-33951,63803,2026-07-30 17:25:53,8.6405,9.238,5.024,492.3,13.6
6102,TOMORROW-S7,63631,STARLINK-34396,64436,2026-07-30 13:46:52,8.6553,8.997,5.029,572.4,13.6
6103,STARLINK-3098,49442,STARLINK-37491,69166,2026-07-31 01:11:55,5.0526,8.972,2.983,475.1,13.6
6104,STARLINK-34222,64191,STARLINK-36440,67447,2026-07-30 21:57:51,5.4726,8.036,3.22,489.7,13.6
6105,STARLINK-30141,57620,STARLINK-31018,58635,2026-07-31 04:03:57,2.0504,6.021,1.274,492.8,13.5
6106,YAOGAN-36 03C,54376,STARLINK-35964,66796,2026-07-30 13:21:53,7.715,7.87,4.476,488.5,13.5
6107,STARLINK-3758,52297,STARLINK-35236,66008,2026-07-30 11:56:52,2.8014,2.877,1.697,463.1,13.5
6108,FLOCK 4G-27,62641,COSMOS 2608,67682,2026-07-31 05:12:50,4.9324,9.528,2.9,493.3,13.5
6109,STARLINK-5084,54851,STARLINK-34299,64383,2026-07-30 23:16:52,8.8596,8.878,5.114,484.8,13.5
6110,STARLINK-33929,64188,STARLINK-36542,67445,2026-07-30 21:31:52,5.3774,5.555,3.146,489.3,13.5
6111,STARLINK-31292,59081,STARLINK-36500,67320,2026-07-30 19:10:51,2.2422,2.926,1.377,492.4,13.5
6112,STARLINK-3515,51738,STARLINK-37097,68238,2026-07-30 09:55:53,8.6702,8.897,4.99,466.4,13.5
6113,STARLINK-5808,56927,STARLINK-36553,67506,2026-07-31 02:48:50,3.9137,6.932,2.313,492.6,13.5
6114,STARLINK-30804,58155,STARLINK-36034,66609,2026-07-30 19:36:52,9.2329,9.242,5.297,487.0,13.5
6115,STARLINK-33959,63817,STARLINK-34508,64601,2026-07-31 06:06:53,9.0883,9.271,5.216,479.7,13.5
6116,STARLINK-3192,49767,STARLINK-36294,68531,2026-07-30 12:23:51,4.9898,6.565,2.914,460.4,13.5
6117,STARLINK-31736,59547,STARLINK-33809,63508,2026-07-31 00:36:52,9.0937,9.302,5.219,479.6,13.5
6118,STARLINK-3948,52546,STARLINK-37260,68510,2026-07-30 13:41:50,3.6081,6.077,2.137,473.7,13.4
6119,STARLINK-32855,62813,STARLINK-36794,68955,2026-07-31 01:46:54,8.2203,9.601,4.726,461.8,13.4
6120,STARLINK-4303,53544,STARLINK-35580,66155,2026-07-30 11:21:54,3.664,5.363,2.167,473.8,13.4
6121,STARLINK-4298,53177,STARLINK-31222,58828,2026-07-31 07:08:53,8.1294,8.898,4.67,472.7,13.4
6122,STARLINK-37727,69481,STARLINK-37749,69651,2026-07-30 22:16:55,5.0374,8.128,2.935,480.9,13.4
6123,STARLINK-2355,47895,STARLINK-35828,66351,2026-07-31 06:53:52,6.4862,6.54,3.736,469.7,13.4
6124,STARLINK-30953,58491,BANDWAGON-4 OBJECT M,66304,2026-07-30 14:25:52,8.9836,9.556,5.131,483.7,13.4
6125,STARLINK-6230,57228,STARLINK-33884,63770,2026-07-31 02:51:48,2.1869,5.806,1.333,484.1,13.4
6126,STARLINK-4672,53592,STARLINK-31269,58844,2026-07-30 22:34:53,6.0763,6.4,3.503,473.8,13.4
6127,STARLINK-4612,53750,STARLINK-31994,60588,2026-07-31 00:39:53,4.3593,4.379,2.543,474.0,13.4
6128,STARLINK-2654,48454,STARLINK-5119,53986,2026-07-30 22:04:51,7.8555,9.197,4.492,486.8,13.4
6129,STARLINK-3625,51777,STARLINK-3538,51996,2026-07-31 07:46:53,6.8108,7.84,3.909,462.3,13.4
6130,STARLINK-30880,58232,STARLINK-35617,66422,2026-07-31 03:53:48,1.4771,4.058,0.935,492.9,13.4
6131,STARLINK-2383,47802,STARLINK-33767,63722,2026-07-30 19:04:53,6.4311,6.566,3.693,485.6,13.4
6132,STARLINK-5872,57232,STARLINK-32367,60919,2026-07-30 20:43:54,6.5604,7.713,3.753,490.4,13.3
6133,STARLINK-4026,52600,STARLINK-34832,65475,2026-07-31 00:21:51,7.5789,8.962,4.318,479.4,13.3
6134,STARLINK-32858,62962,STARLINK-33975,63802,2026-07-30 23:42:51,6.59,8.444,3.769,490.2,13.3
6135,STARLINK-5801,56005,STARLINK-34186,64145,2026-07-30 17:11:53,2.1459,2.222,1.301,483.9,13.3
6136,STARLINK-2568,48406,STARLINK-32227,60361,2026-07-31 02:29:51,4.5269,5.803,2.62,485.8,13.3
6137,STARLINK-5735,55603,STARLINK-35720,67052,2026-07-31 08:17:53,6.813,7.097,3.886,492.4,13.3
6138,STARLINK-2711,48673,STARLINK-32279,61003,2026-07-30 09:03:52,9.1797,9.347,5.197,479.5,13.3
6139,STARLINK-6377,57341,STARLINK-36415,67519,2026-07-30 10:13:52,8.9637,8.965,5.068,484.6,13.3
6140,STARLINK-2094,47375,STARLINK-32395,61679,2026-07-30 21:15:54,5.5302,7.232,3.163,472.3,13.3
6141,STARLINK-35778,66973,STARLINK-35705,67039,2026-07-31 04:19:48,2.2314,5.938,1.34,484.0,13.2
6142,STARLINK-31313,59088,STARLINK-36501,67327,2026-07-30 20:59:45,2.1603,9.727,1.299,492.9,13.2
6143,STARLINK-31357,59502,STARLINK-35720,67052,2026-07-30 15:47:53,8.9733,9.065,5.037,484.7,13.2
6144,STARLINK-4740,53871,STARLINK-37761,69200,2026-07-30 11:31:56,3.6357,7.307,2.104,474.1,13.2
6145,STARLINK-31122,58774,STARLINK-32920,62925,2026-07-30 14:38:52,5.3874,6.093,3.064,489.9,13.2
6146,STARLINK-5537,55384,STARLINK-35915,66521,2026-07-30 16:21:53,6.3232,6.344,3.575,492.5,13.2
6147,JILIN-1 09,43943,FOSSASA-2E23,66788,2026-07-31 01:16:54,4.9208,6.484,2.804,515.1,13.2
6148,STARLINK-3668,52002,STARLINK-33623,63072,2026-07-30 12:35:51,6.5985,9.859,3.72,495.2,13.2
6149,STARLINK-35778,66973,STARLINK-35705,67039,2026-07-31 05:06:53,2.2493,2.326,1.338,492.3,13.2
6150,STARLINK-30813,58213,2024-018B,58850,2026-07-30 09:33:53,8.5264,9.543,4.768,487.6,13.2
6151,STARLINK-6270,56421,STARLINK-35507,66327,2026-07-30 22:36:54,4.5926,5.814,2.618,484.5,13.2
6152,STARLINK-36959,68060,STARLINK-36238,68563,2026-07-31 00:23:53,8.586,8.646,4.797,461.9,13.2
6153,STARLINK-32254,60427,STARLINK-34401,64757,2026-07-30 22:40:56,4.5319,9.143,2.581,475.1,13.1
6154,STARLINK-31883,60020,STARLINK-32672,62195,2026-07-30 13:58:53,9.1183,9.386,5.078,480.1,13.1
6155,STARLINK-32281,60375,STARLINK-36664,68965,2026-07-30 15:50:53,8.5982,9.24,4.792,461.8,13.1
6156,STARLINK-6184,57081,STARLINK-36119,67619,2026-07-30 23:32:52,6.965,7.117,3.9,484.2,13.1
6157,STARLINK-3793,52380,STARLINK-36766,68069,2026-07-30 14:54:52,3.5891,3.848,2.062,473.6,13.1
6158,STARLINK-3156,49458,STARLINK-31705,59382,2026-07-30 23:50:53,2.9329,2.935,1.704,463.2,13.1
6159,STARLINK-5100,55495,STARLINK-32956,63570,2026-07-30 14:30:55,0.3654,0.918,0.307,492.8,13.1
6160,STARLINK-30217,57450,STARLINK-32599,62048,2026-07-31 08:11:53,2.2523,2.28,1.333,492.5,13.1
6161,STARLINK-34126,64083,STARLINK-36464,67428,2026-07-30 10:51:52,5.7354,5.996,3.224,494.1,13.1
6162,STARLINK-30978,58490,STARLINK-35548,66203,2026-07-30 18:47:53,6.4881,6.67,3.633,489.2,13.1
6163,STARLINK-4106,53145,STARLINK-34401,64757,2026-07-31 06:27:52,8.9143,8.914,4.947,479.0,13.1
6164,STARLINK-3902,52487,STARLINK-6320,57336,2026-07-30 09:06:53,6.73,6.872,3.757,481.5,13.1
6165,STARLINK-3852,52345,STARLINK-31639,59261,2026-07-30 19:31:52,7.3074,7.552,4.069,485.7,13.1
6166,STARLINK-2736,48640,STARLINK-36518,67453,2026-07-30 22:57:52,9.0712,9.094,5.024,487.6,13.1
6167,STARLINK-6340,57361,STARLINK-32660,62205,2026-07-31 03:40:54,2.2274,2.617,1.314,483.9,13.1
6168,YAOGAN-36 03A,54372,STARLINK-32723,62449,2026-07-31 00:59:50,4.8326,8.202,2.724,465.6,13.1
6169,STARLINK-2285,48019,STARLINK-37093,68194,2026-07-30 18:34:53,7.8139,7.933,4.335,466.2,13.1
6170,STARLINK-34417,64617,STARLINK-35537,66234,2026-07-30 14:51:53,7.0756,7.298,3.935,465.9,13.0
6171,STARLINK-3534,52120,STARLINK-4288,53005,2026-07-30 09:24:52,3.0324,3.153,1.748,476.8,13.0
6172,STARLINK-32439,61665,STARLINK-36647,67824,2026-07-31 06:02:51,6.0066,8.884,3.356,490.2,13.0
6173,STARLINK-4612,53750,STARLINK-32278,60356,2026-07-30 09:49:52,5.6383,5.957,3.156,460.4,13.0
6174,STARLINK-5571,55380,STARLINK-36083,66857,2026-07-30 10:49:55,5.8019,9.59,3.242,485.3,13.0
6175,STARLINK-32415,61861,STARLINK-35449,66459,2026-07-31 05:57:53,9.1592,9.175,5.054,492.6,13.0
6176,STARLINK-4490,53409,STARLINK-35862,66628,2026-07-31 04:30:53,2.9329,2.969,1.69,460.3,13.0
6177,STARLINK-3595,51894,STARLINK-35525,66134,2026-07-31 02:31:52,4.4123,4.452,2.488,475.3,13.0
6178,STARLINK-6344,56520,STARLINK-34095,63809,2026-07-30 23:51:52,6.3308,6.545,3.523,484.6,13.0
6179,STARLINK-3963,52643,STARLINK-35403,66081,2026-07-31 07:44:52,6.1334,6.267,3.413,483.3,13.0
6180,STARLINK-3740,52265,STARLINK-3744,52304,2026-07-31 02:05:51,3.3455,4.792,1.91,460.4,13.0
6181,STARLINK-32385,61068,STARLINK-33730,63439,2026-07-30 16:32:54,8.5694,9.974,4.721,479.3,13.0
6182,STARLINK-30113,56291,STARLINK-36195,67124,2026-07-31 00:22:54,6.4572,8.502,3.583,492.1,13.0
6183,STARLINK-2648,48679,STARLINK-34173,64196,2026-07-30 14:02:50,4.5363,8.269,2.548,472.0,13.0
6184,STARLINK-31972,59923,STARLINK-33850,63679,2026-07-30 21:16:53,9.2162,9.456,5.06,492.3,13.0
6185,STARLINK-32263,60371,STARLINK-36627,67635,2026-07-31 06:03:53,8.4395,9.139,4.638,490.2,13.0
6186,STARLINK-31504,59303,STARLINK-32739,62498,2026-07-30 21:50:52,9.2287,9.883,5.056,484.6,13.0
6187,STARLINK-31211,59031,STARLINK-35893,66565,2026-07-31 03:26:53,6.4229,7.18,3.546,492.4,12.9
6188,STARLINK-3124,49456,STARLINK-4707,53721,2026-07-30 19:16:52,6.501,6.576,3.587,461.9,12.9
6189,STARLINK-3290,50828,STARLINK-4535,53392,2026-07-30 14:36:52,8.4498,8.937,4.629,477.1,12.9
6190,STARLINK-4168,52845,STARLINK-6136,56540,2026-07-31 04:58:53,5.6117,5.976,3.11,490.4,12.9
6191,STARLINK-32241,60437,STARLINK-35143,65485,2026-07-31 06:42:53,8.1289,8.328,4.455,479.0,12.9
6192,STARLINK-32237,60443,STARLINK-32512,62027,2026-07-30 21:09:52,8.8228,9.506,4.821,479.6,12.9
6193,STARLINK-32567,61930,STARLINK-33834,63586,2026-07-30 23:42:53,7.0058,7.468,3.845,484.0,12.9
6194,STARLINK-4299,53172,STARLINK-33678,63509,2026-07-30 20:16:54,7.365,9.618,4.037,486.9,12.9
6195,STARLINK-4459,53670,STARLINK-35076,65457,2026-07-31 05:54:55,6.3741,9.526,3.504,544.8,12.9
6196,STARLINK-32415,61861,STARLINK-32420,61931,2026-07-31 01:13:51,7.0095,8.111,3.839,492.5,12.9
6197,STARLINK-32913,63098,LEMUR-2-SEJONG-2,64586,2026-07-30 13:07:53,9.2923,9.36,5.054,588.3,12.9
6198,STARLINK-5036,53917,STARLINK-34516,64605,2026-07-31 03:16:52,5.1287,5.86,2.836,470.7,12.9
6199,STARLINK-31276,59075,STARLINK-36462,67321,2026-07-30 16:33:00,2.3944,9.959,1.379,484.1,12.9
6200,STARLINK-35177,65673,STARLINK-37391,68779,2026-07-30 10:20:50,1.0032,2.143,0.639,463.9,12.9
6201,STARLINK-36812,67968,STARLINK-37388,68860,2026-07-31 07:14:41,1.0126,7.28,0.644,463.7,12.9
6202,STARLINK-34080,64116,STARLINK-37181,68341,2026-07-31 05:26:53,8.3005,8.366,4.512,465.8,12.9
6203,STARLINK-6280,56531,STARLINK-32571,62055,2026-07-30 18:42:53,9.226,9.791,5.003,484.0,12.9
6204,STARLINK-35200,65855,STARLINK-37445,69165,2026-07-31 06:48:53,8.0112,8.997,4.356,461.1,12.8
6205,STARLINK-30557,58087,STARLINK-32697,62436,2026-07-31 06:12:52,7.1263,7.234,3.884,489.8,12.8
6206,STARLINK-30755,58186,STARLINK-32639,62153,2026-07-30 16:16:53,2.3909,2.467,1.372,484.2,12.8
6207,STARLINK-30203,57498,BANDWAGON-4 OBJECT Q,66307,2026-07-30 23:15:53,8.3372,8.356,4.519,487.7,12.8
6208,STARLINK-3881,52472,STARLINK-33972,63893,2026-07-30 10:07:53,8.6201,9.333,4.667,483.0,12.8
6209,YAOGAN-35 03B,53318,STARLINK-33847,63685,2026-07-31 04:18:48,2.3055,6.379,1.325,485.6,12.8
6210,STARLINK-30953,58491,STARLINK-36449,67308,2026-07-31 00:38:52,9.2942,9.969,5.021,492.8,12.8
6211,STARLINK-34489,64679,STARLINK-34716,65352,2026-07-31 07:37:52,8.3379,8.343,4.514,474.9,12.8
6212,STARLINK-4214,52877,STARLINK-32001,60110,2026-07-31 05:22:10,0.4972,6.448,0.369,475.4,12.8
6213,STARLINK-2383,47802,STARLINK-35483,66252,2026-07-30 22:17:55,5.5681,9.841,3.049,485.9,12.8
6214,STARLINK-34090,63976,STARLINK-36062,66794,2026-07-31 02:45:52,9.3724,9.967,5.059,492.1,12.8
6215,STARLINK-3521,51742,STARLINK-35759,69246,2026-07-31 01:27:49,0.6354,1.58,0.441,475.3,12.8
6216,STARLINK-30477,57912,STARLINK-36476,67314,2026-07-31 01:35:45,2.3259,9.944,1.335,483.8,12.8
6217,STARLINK-31902,59666,STARLINK-35981,66598,2026-07-30 10:26:51,2.1601,3.069,1.246,492.8,12.8
6218,STARLINK-11144 [DTC],59955,STARLINK-11748 [DTC],64373,2026-07-30 22:26:52,7.0422,7.239,3.825,358.9,12.8
6219,STARLINK-31763,59623,STARLINK-33947,63787,2026-07-30 20:10:58,2.304,8.198,1.322,492.6,12.8
6220,STARLINK-36052,66605,STARLINK-35996,66800,2026-07-31 00:00:53,9.3039,9.794,5.017,492.5,12.8
6221,STARLINK-33717,63648,STARLINK-34823,65355,2026-07-31 01:24:53,9.7006,9.968,5.223,479.8,12.8
6222,STARLINK-5382,54820,STARLINK-31953,59898,2026-07-30 18:07:53,2.1806,2.198,1.255,484.2,12.8
6223,STARLINK-32167,60268,STARLINK-35649,66125,2026-07-30 10:47:57,2.6482,6.845,1.5,476.4,12.8
6224,STARLINK-33648,63371,STARLINK-37334,68700,2026-07-30 17:33:51,3.7466,4.526,2.079,463.4,12.8
6225,STARLINK-3080,49161,ICEYE-X59,66752,2026-07-30 22:37:53,7.1987,7.448,3.895,580.4,12.8
6226,STARLINK-37002,68164,STARLINK-37496,69297,2026-07-31 06:55:44,1.0267,5.471,0.645,479.9,12.8
6227,STARLINK-4795,53856,STARLINK-11253 [DTC],60935,2026-07-31 07:29:55,6.4109,9.674,3.472,362.8,12.7
6228,STARLINK-5375,56140,STARLINK-36516,67455,2026-07-30 17:29:53,9.3641,9.605,5.014,492.5,12.7
6229,STARLINK-31442,59859,STARLINK-35698,66481,2026-07-30 21:19:49,2.2028,5.021,1.259,493.2,12.7
6230,STARLINK-5747,55574,STARLINK-36534,67496,2026-07-31 03:50:53,8.8979,9.025,4.751,492.0,12.7
6231,STARLINK-3562,51861,STARLINK-36556,67642,2026-07-30 15:54:52,6.4222,6.71,3.458,487.3,12.7
6232,STARLINK-31280,58843,STARLINK-37474,69167,2026-07-31 04:14:52,9.344,9.594,4.983,475.2,12.7
6233,STARLINK-2475,48133,STARLINK-6378,57347,2026-07-31 05:51:52,9.6748,9.783,5.145,487.8,12.7
6234,STARLINK-35566,66061,STARLINK-36063,66606,2026-07-31 05:40:54,5.4741,6.286,2.956,489.6,12.7
6235,STARLINK-2535,48295,STARLINK-5408,54810,2026-07-31 00:03:54,5.9703,7.111,3.212,468.1,12.6
6236,STARLINK-31926,59879,STARLINK-36463,67315,2026-07-30 14:49:52,9.417,9.42,5.004,492.7,12.6
6237,STARLINK-36611,67830,STARLINK-36618,67847,2026-07-30 12:13:00,2.4226,9.95,1.364,492.4,12.6
6238,STARLINK-31380,58979,STARLINK-37237,69185,2026-07-30 18:33:37,0.7258,7.619,0.482,475.0,12.6
6239,STARLINK-6101,56115,STARLINK-34025,63824,2026-07-31 01:31:50,2.2113,3.457,1.253,484.4,12.6
6240,STARLINK-2603,48375,STARLINK-34080,64116,2026-07-30 13:47:51,7.6412,9.565,4.074,469.9,12.6
6241,STARLINK-6218,57368,STARLINK-34180,64081,2026-07-31 01:31:50,6.6698,9.914,3.568,484.4,12.6
6242,STARLINK-31390,58937,STARLINK-34252,64330,2026-07-31 00:53:52,5.7063,6.118,3.066,489.9,12.6
6243,STARLINK-30589,58103,STARLINK-36126,66866,2026-07-30 13:29:53,6.8288,6.861,3.646,489.9,12.6
6244,STARLINK-5238,54188,STARLINK-35585,66170,2026-07-30 20:46:53,8.9778,9.093,4.761,464.8,12.6
6245,STARLINK-11223 [DTC],60307,STARLINK-11727 [DTC],64123,2026-07-30 12:04:53,6.2789,6.53,3.359,358.3,12.6
6246,STARLINK-34857,65102,STARLINK-35189,65676,2026-07-30 22:03:54,6.9055,8.428,3.684,466.4,12.6
6247,STARLINK-2386,47805,STARLINK-35941,66583,2026-07-31 01:34:53,7.6831,8.269,4.085,496.1,12.6
6248,STARLINK-3200,49753,STARLINK-34907,65213,2026-07-30 13:58:49,3.4544,6.652,1.892,473.9,12.6
6249,STARLINK-32294,61675,STARLINK-32574,61954,2026-07-30 17:38:52,8.7063,8.725,4.606,479.4,12.6
6250,STARLINK-2111,47390,STARLINK-34104,64102,2026-07-30 12:54:53,8.0353,8.046,4.256,466.2,12.6
6251,STARLINK-32366,61551,STARLINK-37275,68725,2026-07-31 00:00:51,3.8869,5.7,2.111,461.8,12.6
6252,STARLINK-2515,48323,STARLINK-31440,58999,2026-07-30 18:57:55,4.3141,7.907,2.332,472.1,12.6
6253,STARLINK-4799,53860,STARLINK-37047,68957,2026-07-30 23:16:51,8.2217,9.334,4.348,478.8,12.6
6254,CENTAURI-1,43809,FOSSASAT-2E24,66780,2026-07-31 07:07:53,5.3124,5.753,2.844,510.8,12.6
6255,STARLINK-30493,58116,STARLINK-36646,67823,2026-07-30 12:10:54,8.0417,9.303,4.245,480.2,12.5
6256,STARLINK-3704,51959,STARLINK-31073,58773,2026-07-30 20:56:53,4.4235,4.426,2.381,485.7,12.5
6257,STARLINK-2538,48300,STARLINK-5448,54770,2026-07-30 16:30:53,8.3991,8.4,4.427,479.5,12.5
6258,STARLINK-37755,69234,STARLINK-37656,69649,2026-07-30 11:52:53,6.5092,6.566,3.448,460.4,12.5
6259,YAOGAN-43 01J,60466,STARLINK-32859,62861,2026-07-30 12:31:54,6.8898,8.218,3.637,463.1,12.5
6260,STARLINK-31661,59735,STARLINK-36918,67956,2026-07-31 06:37:48,2.3076,5.826,1.286,492.3,12.5
6261,STARLINK-30889,58368,STARLINK-33822,63658,2026-07-30 10:25:50,2.3769,3.644,1.32,484.1,12.5
6262,STARLINK-3297,50159,STARLINK-31269,58844,2026-07-30 10:52:52,3.056,3.228,1.666,463.4,12.5
6263,STARLINK-30946,58450,STARLINK-35497,66241,2026-07-30 12:47:55,5.2859,8.508,2.807,489.4,12.5
6264,STARLINK-4507,53403,STARLINK-32465,61716,2026-07-31 05:29:52,8.8082,9.214,4.6,479.5,12.5
6265,GRUS-1C,47933,STARLINK-34081,64044,2026-07-30 18:42:52,8.4783,9.501,4.428,587.9,12.4
6266,STARLINK-3699,51966,STARLINK-32175,60339,2026-07-31 05:30:53,7.9625,8.14,4.162,485.8,12.4
6267,STARLINK-5672,55468,STARLINK-36101,66867,2026-07-31 03:27:57,2.4769,7.17,1.364,492.3,12.4
6268,STARLINK-5082,54845,STARLINK-36918,67956,2026-07-31 01:03:53,9.6945,9.695,5.042,484.7,12.4
6269,STARLINK-2454,48116,STARLINK-31248,58840,2026-07-31 00:48:53,9.8293,9.953,5.107,466.2,12.4
6270,TOMORROW-S4,62386,STARLINK-35984,66814,2026-07-31 05:42:55,4.9431,8.933,2.619,482.1,12.4
6271,STARLINK-31295,59095,STARLINK-36463,67315,2026-07-31 06:35:45,2.353,9.933,1.299,492.9,12.4
6272,STARLINK-6288,56398,STARLINK-36781,67931,2026-07-30 22:55:53,9.7344,9.787,5.053,484.6,12.4
6273,JILIN-1 04,43022,FLOCK 4BE-5,60559,2026-07-30 18:43:51,6.5828,8.78,3.45,455.8,12.4
6274,STARLINK-4184,52852,STARLINK-32024,60112,2026-07-30 22:05:57,1.356,3.987,0.79,461.5,12.4
6275,STARLINK-34519,64608,STARLINK-37087,68250,2026-07-31 08:12:53,9.1585,9.161,4.753,462.0,12.4
6276,STARLINK-30880,58232,STARLINK-34202,64174,2026-07-30 17:41:52,9.6199,9.655,4.986,479.8,12.4
6277,STARLINK-37856,69491,STARLINK-37229,69659,2026-07-30 21:33:54,5.5423,6.493,2.915,481.3,12.4
6278,STARLINK-5743,55597,STARLINK-36552,67503,2026-07-31 07:07:51,6.7725,8.613,3.534,484.5,12.4
6279,STARLINK-30239,57291,STARLINK-36513,67429,2026-07-31 06:20:57,2.4345,6.316,1.335,484.2,12.4
6280,STARLINK-31917,59669,STARLINK-36050,66602,2026-07-31 04:03:49,2.4203,4.997,1.328,484.1,12.4
6281,STARLINK-6294,57225,STARLINK-36769,67871,2026-07-30 14:15:53,8.5132,8.529,4.414,480.1,12.4
6282,STARLINK-6299,57358,STARLINK-32618,62045,2026-07-31 03:04:47,2.5146,8.048,1.374,492.6,12.4
6283,STARLINK-3867,52587,STARLINK-31627,59268,2026-07-31 05:33:52,8.9552,9.638,4.634,479.2,12.4
6284,STARLINK-4303,53544,STARLINK-36337,68716,2026-07-30 21:28:53,9.6779,9.773,4.992,460.4,12.3
6285,STARLINK-2222,48572,STARLINK-35798,66292,2026-07-30 10:02:52,8.1675,8.733,4.227,479.5,12.3
6286,STARLINK-31480,59306,STARLINK-36865,67930,2026-07-31 00:28:55,2.3771,4.195,1.302,484.2,12.3
6287,ONEWEB-0197,48236,ONEWEB-0337,49203,2026-07-30 16:05:51,7.3464,9.718,3.811,1223.8,12.3
6288,STARLINK-3256,50202,STARLINK-32096,59698,2026-07-30 11:45:54,4.222,5.101,2.232,491.0,12.3
6289,CARTOSAT-2C,41599,2025-313AB,67273,2026-07-31 00:11:50,3.5144,6.091,1.875,507.3,12.3
6290,STARLINK-3375,51114,STARLINK-35979,66809,2026-07-30 23:54:50,4.8162,7.895,2.523,491.1,12.3
6291,STARLINK-3304,50161,STARLINK-3172,51139,2026-07-31 01:17:52,7.699,8.08,3.972,461.7,12.3
6292,STARLINK-5865,57053,STARLINK-32770,62741,2026-07-31 08:22:52,7.4419,7.654,3.842,492.7,12.3
6293,STARLINK-32465,61716,STARLINK-37286,68512,2026-07-31 05:27:51,3.9978,5.316,2.109,475.3,12.3
6294,STARLINK-6125,57114,STARLINK-35466,66457,2026-07-30 13:42:48,2.5069,6.11,1.357,484.2,12.3
6295,STARLINK-31600,59341,STARLINK-32012,60027,2026-07-30 08:47:53,5.146,5.525,2.68,490.1,12.3
6296,STARLINK-30311,57637,STARLINK-31129,58624,2026-07-30 23:37:50,4.3081,7.881,2.26,484.6,12.3
6297,STARLINK-30822,58193,STARLINK-32532,62156,2026-07-30 14:05:52,2.3844,2.664,1.295,484.2,12.3
6298,STARLINK-2526,48378,STARLINK-4171,52878,2026-07-31 00:58:53,8.7451,8.745,4.478,466.2,12.3
6299,STARLINK-5795,56039,STARLINK-33841,63771,2026-07-30 15:16:50,2.3535,4.467,1.277,491.9,12.2
6300,STARLINK-3246,49732,STARLINK-3931,52548,2026-07-30 14:09:54,6.004,7.853,3.099,467.3,12.2
6301,STARLINK-31904,59657,STARLINK-34776,65037,2026-07-30 17:53:51,7.2573,9.744,3.724,490.2,12.2
6302,YAOGAN-35 02A,52907,STARLINK-30509,57977,2026-07-31 00:39:50,6.5285,9.693,3.358,486.0,12.2
6303,STARLINK-3702,52100,STARLINK-35968,66636,2026-07-30 19:23:52,7.2734,7.383,3.729,473.6,12.2
6304,STARLINK-4564,53560,STARLINK-31628,59342,2026-07-31 06:24:54,6.5674,8.089,3.374,481.1,12.2
6305,STARLING 4,57386,STARLINK-35174,65615,2026-07-30 16:40:53,9.4451,9.484,4.806,547.7,12.2
6306,STARLINK-31755,59607,STARLINK-35988,66615,2026-07-30 23:25:55,2.3898,4.29,1.29,492.8,12.2
6307,STARLINK-3254,50204,STARLINK-30862,59032,2026-07-30 23:51:55,5.5503,8.172,2.861,491.6,12.2
6308,STARLINK-3159,49415,STARLINK-35873,67860,2026-07-30 11:13:51,6.9854,8.927,3.571,473.6,12.2
6309,STARLINK-5569,55379,STARLINK-35796,66541,2026-07-31 07:21:52,7.0014,7.325,3.579,484.1,12.2
6310,STARLINK-1807,46706,STARLINK-35016,65341,2026-07-31 03:06:49,4.4348,9.429,2.302,473.7,12.2
6311,STARLINK-2566,48287,STARLINK-4214,52877,2026-07-31 02:17:53,9.0803,9.175,4.601,479.5,12.2
6312,STARLINK-30838,58211,STARLINK-32746,62745,2026-07-31 06:32:54,6.9936,8.243,3.563,492.4,12.1
6313,STARLINK-31723,59553,STARLINK-34141,64020,2026-07-30 23:05:56,2.459,5.402,1.317,483.7,12.1
6314,STARLINK-33571,63386,STARLINK-37933,69532,2026-07-31 04:28:39,0.591,5.337,0.391,474.9,12.1
6315,STARLINK-31273,58846,STARLINK-32857,62949,2026-07-31 03:16:50,4.947,8.162,2.545,461.6,12.1
6316,STARLINK-31510,59575,STARLINK-36957,67989,2026-07-30 08:41:52,7.599,7.955,3.855,492.4,12.1
6317,STARLINK-5043,53894,STARLINK-32485,62143,2026-07-31 00:50:53,9.1765,9.447,4.612,485.8,12.1
6318,STARLINK-31929,59836,STARLINK-35293,66012,2026-07-30 10:00:52,5.975,6.496,3.037,490.2,12.1
6319,STARLINK-2746,48676,STARLINK-3873,52467,2026-07-30 19:42:52,7.1228,7.141,3.596,484.7,12.1
6320,STARLINK-2478,48135,STARLINK-34538,64689,2026-07-30 21:00:53,8.8573,8.857,4.438,466.1,12.0
6321,STARLINK-31351,58972,STARLINK-37562,69208,2026-07-31 08:15:05,0.6266,4.963,0.405,461.5,12.0
6322,STARLINK-3724,52305,STARLINK-32308,61663,2026-07-30 09:28:55,6.2357,9.108,3.149,463.1,12.0
6323,STARLINK-31146,58769,STARLINK-37305,68713,2026-07-30 19:58:54,4.1231,4.774,2.113,461.6,12.0
6324,STARLINK-31572,59333,STARLINK-35257,66331,2026-07-31 07:57:54,2.3607,2.803,1.252,484.0,12.0
6325,STARLINK-30764,58170,STARLINK-36483,67330,2026-07-30 09:30:52,7.6177,7.621,3.821,489.2,12.0
6326,TIANPING-3A 02,63432,STARLINK-35236,66008,2026-07-30 16:47:50,4.5546,6.585,2.324,464.8,12.0
6327,STARLINK-6236,56422,STARLINK-31990,60024,2026-07-30 18:28:53,8.0603,8.396,4.029,490.1,12.0
6328,STARLINK-32147,60152,STARLINK-37671,69206,2026-07-31 07:35:49,3.7737,7.37,1.938,475.3,12.0
6329,STARLINK-3294,50829,STARLINK-34838,65343,2026-07-30 11:49:57,3.6801,8.437,1.891,476.6,12.0
6330,STARLINK-6140,57111,STARLINK-35283,66478,2026-07-30 18:30:51,2.5883,3.325,1.356,484.5,12.0
6331,STARLINK-30984,58480,STARLINK-33821,63859,2026-07-31 08:22:54,2.5439,2.952,1.334,492.5,12.0
6332,STARLINK-2695,48644,STARLINK-32461,61701,2026-07-31 06:31:52,8.3237,8.566,4.139,466.1,11.9
6333,STARLINK-6122,56128,STARLINK-34119,63895,2026-07-30 18:15:52,5.1877,5.515,2.613,484.0,11.9
6334,STARLINK-31292,59081,STARLINK-36500,67320,2026-07-30 18:23:46,2.6448,8.865,1.379,484.2,11.9
6335,STARLINK-31807,59639,STARLINK-32329,62736,2026-07-31 01:36:56,2.4592,5.52,1.288,484.3,11.9
6336,STARLINK-31966,59944,STARLINK-35868,66579,2026-07-31 05:55:52,2.477,2.695,1.296,483.8,11.9
6337,WT 1B,44316,STARLINK-31266,59087,2026-07-30 11:26:54,7.2389,8.706,3.598,495.2,11.9
6338,STARLINK-2746,48676,STARLINK-31468,58998,2026-07-30 12:39:53,7.7022,8.395,3.815,472.3,11.9
6339,STARLINK-31228,58842,STARLINK-35750,66209,2026-07-31 00:16:56,5.0018,9.941,2.51,475.6,11.9
6340,STARLINK-30226,57497,STARLINK-35600,66510,2026-07-31 02:11:54,4.4921,6.064,2.263,484.4,11.9
6341,STARLINK-31906,59842,STARLINK-32768,62503,2026-07-30 22:10:54,2.4609,2.978,1.283,492.0,11.9
6342,STARLINK-3990,52626,STARLINK-34440,64614,2026-07-31 01:22:52,9.6862,9.808,4.766,473.5,11.9
6343,STARLINK-5791,57146,STARLINK-32773,62571,2026-07-31 06:06:53,5.2479,5.467,2.622,492.4,11.9
6344,STARLINK-3606,51807,STARLINK-36999,68268,2026-07-30 08:33:53,8.9407,8.947,4.396,473.6,11.9
6345,SAUDISAT 1C (SO-50),27607,KUIPER-00192,68575,2026-07-30 13:01:48,3.5784,8.576,1.817,632.8,11.9
6346,STARLINK-30560,58038,STARLINK-32522,61981,2026-07-30 23:39:53,8.1981,8.257,4.037,480.0,11.8
6347,STARLINK-31016,58548,STARLINK-34601,65084,2026-07-31 04:03:54,8.8065,9.952,4.329,462.2,11.8
6348,STARLINK-32180,60374,HAWK-11A,62382,2026-07-31 06:31:53,9.1598,9.354,4.499,484.3,11.8
6349,STARLINK-5948,55991,STARLINK-35779,67047,2026-07-31 01:22:57,3.2224,8.474,1.645,484.8,11.8
6350,STARLINK-31333,58971,STARLINK-36978,68960,2026-07-30 23:52:56,4.5471,9.552,2.28,462.1,11.8
6351,STARLINK-4209,52855,STARLINK-30518,58029,2026-07-31 02:45:54,7.5986,9.348,3.745,479.4,11.8
6352,STARLINK-6140,57111,STARLINK-35283,66478,2026-07-30 19:17:56,2.6241,5.062,1.355,492.2,11.8
6353,STARLINK-30272,57860,STARLINK-31337,58934,2026-07-30 22:54:51,5.5965,6.73,2.776,472.2,11.8
6354,STARLINK-32441,61668,STARLINK-34783,66337,2026-07-31 02:06:51,5.0891,5.69,2.533,489.8,11.8
6355,STARLINK-30204,57472,STARLINK-35424,66460,2026-07-31 07:13:54,7.2355,9.322,3.56,492.5,11.8
6356,FGRST (GLAST),33053,STARLINK-5488,57250,2026-07-31 04:07:55,6.4337,9.51,3.174,490.0,11.8
6357,STARLINK-30289,57653,STARLINK-31917,59669,2026-07-30 23:23:51,7.2542,8.359,3.564,484.6,11.8
6358,STARLINK-5742,55583,STARLINK-5587,57245,2026-07-30 17:15:49,2.7036,5.736,1.387,492.6,11.8
6359,STARLINK-6138,57329,STARLINK-36486,67335,2026-07-31 08:11:54,4.6288,6.399,2.306,484.1,11.8
6360,ONEWEB-0134,47280,ONEWEB-0307,49189,2026-07-31 03:11:52,7.7621,7.816,3.802,1209.9,11.8
6361,STARLINK-31749,59631,STARLINK-32745,62755,2026-07-31 02:49:49,2.6558,5.969,1.363,492.4,11.8
6362,STARLINK-30561,58032,STARLINK-37897,69531,2026-07-31 04:32:53,4.7108,5.076,2.341,475.2,11.8
6363,STARLINK-30966,58454,STARLINK-36058,66591,2026-07-31 06:00:59,2.5943,8.891,1.332,492.7,11.8
6364,STARLINK-30445,57873,STARLINK-36415,67519,2026-07-30 20:28:53,5.215,5.217,2.58,492.7,11.8
6365,STARLINK-6347,57359,STARLINK-33630,63477,2026-07-30 18:38:59,2.5382,9.335,1.304,493.2,11.8
6366,STARLINK-5122,54179,STARLINK-36932,68331,2026-07-30 18:26:52,8.0973,8.241,3.946,460.4,11.7
6367,STARLINK-3311,50849,STARLINK-4054,53158,2026-07-30 15:56:54,2.6718,3.654,1.365,460.6,11.7
6368,STARLINK-3249,49730,STARLINK-33902,65920,2026-07-30 15:53:50,2.5603,4.582,1.312,473.7,11.7
6369,STARLINK-6141,57112,STARLINK-35581,66479,2026-07-30 19:41:54,2.4891,3.512,1.278,493.0,11.7
6370,STARLINK-31132,58777,STARLINK-34235,64760,2026-07-30 22:35:53,9.0512,9.051,4.388,466.0,11.7
6371,STARLINK-6244,56548,STARLINK-36506,67414,2026-07-30 12:59:48,2.4667,6.613,1.262,484.1,11.7
6372,STARLINK-2763,48670,STARLINK-32347,61010,2026-07-30 10:54:53,8.423,8.423,4.081,479.6,11.7
6373,STARLINK-3818,52340,STARLINK-31443,59393,2026-07-30 17:21:55,5.262,8.925,2.581,460.6,11.7
6374,STARLINK-6280,56531,STARLINK-35522,66341,2026-07-30 20:59:47,2.5426,8.166,1.296,492.4,11.7
6375,STARLINK-3234,50815,STARLINK-32349,61700,2026-07-30 15:17:51,7.3118,8.282,3.549,475.8,11.7
6376,STARLINK-5717,55618,YUNYAO-1 18,58758,2026-07-31 04:20:53,6.8277,7.109,3.319,487.7,11.7
6377,STARLINK-4108,52834,STARLINK-31829,59770,2026-07-30 23:19:52,5.8917,6.142,2.874,488.2,11.7
6378,STARLINK-31273,58846,YAOGAN-43 01G,60464,2026-07-30 21:32:52,7.1249,7.125,3.448,477.3,11.6
6379,STARLINK-30426,57848,STARLINK-31378,58932,2026-07-30 18:37:53,5.2754,5.666,2.576,486.0,11.6
6380,STARLINK-31589,59654,STARLINK-35820,66597,2026-07-30 20:39:51,2.6194,3.327,1.325,492.5,11.6
6381,STARLINK-4477,53546,STARLINK-34392,64451,2026-07-30 19:02:56,3.9649,7.996,1.957,460.4,11.6
6382,STARLINK-31519,59546,STARLINK-34016,64016,2026-07-30 23:15:58,2.6003,7.338,1.315,492.5,11.6
6383,STARLINK-3146,49414,STARLINK-35806,66363,2026-07-30 15:39:51,3.354,4.387,1.668,463.4,11.6
6384,STARLINK-36543,67515,STARLINK-36770,67870,2026-07-30 10:06:51,7.1622,8.215,3.455,489.7,11.6
6385,STARLINK-11135 [DTC],60048,STARLINK-11730 [DTC],64074,2026-07-30 20:35:53,7.7097,8.482,3.712,368.3,11.6
6386,STARLINK-33727,63719,STARLINK-35107,65464,2026-07-31 04:55:53,8.7981,8.799,4.22,465.9,11.6
6387,STARLINK-3271,50167,STARLINK-31615,59413,2026-07-30 16:28:48,3.8582,8.838,1.903,483.6,11.6
6388,STARLINK-32316,61860,STARLINK-35687,66524,2026-07-31 04:34:52,8.1199,8.655,3.899,483.9,11.6
6389,STARLINK-31746,59613,STARLINK-35978,66601,2026-07-31 04:13:56,2.5592,4.944,1.292,492.8,11.6
6390,STARLINK-32221,60342,STARLINK-33891,63827,2026-07-30 19:03:53,9.6722,9.679,4.623,480.2,11.6
6391,STARLINK-30358,57879,STARLINK-35461,66088,2026-07-31 02:01:53,8.0479,8.203,3.861,490.3,11.6
6392,STARLINK-30219,57507,STARLINK-33783,63712,2026-07-30 18:34:54,3.5422,3.964,1.75,472.7,11.6
6393,STARLINK-11344 [DTC],61688,STARLINK-11523 [DTC],62565,2026-07-31 07:57:52,9.3971,9.408,4.484,367.4,11.6
6394,STARLINK-4700,53722,STARLINK-31705,59382,2026-07-30 21:32:51,3.8995,4.503,1.915,473.9,11.6
6395,STARLINK-2728,48478,STARLINK-35035,65407,2026-07-30 16:06:53,9.1676,9.405,4.375,479.2,11.6
6396,STARLINK-32788,62502,STARLINK-35280,66025,2026-07-30 20:15:52,8.8749,9.09,4.237,480.2,11.6
6397,STARLINK-30461,57933,STARLINK-34182,64013,2026-07-30 20:18:54,5.5623,6.634,2.69,484.1,11.6
6398,STARLINK-2485,48142,STARLINK-32627,62315,2026-07-30 23:42:52,8.8544,9.606,4.226,465.9,11.6
6399,STARLINK-3875,52483,STARLINK-33673,63284,2026-07-30 09:15:51,5.0721,6.868,2.46,485.2,11.6
6400,STARLINK-6191,56378,STARLINK-35210,65903,2026-07-30 16:21:52,9.0306,9.364,4.307,490.3,11.6
6401,STARLINK-2443,48107,STARLINK-30140,57458,2026-07-30 16:58:53,9.3799,9.47,4.465,487.6,11.5
6402,STARLINK-4662,53738,STARLINK-30414,57859,2026-07-31 06:33:30,0.6526,8.812,0.397,461.6,11.5
6403,STARLINK-3363,51135,STARLINK-35475,65865,2026-07-31 05:02:52,5.3764,5.473,2.597,474.2,11.5
6404,STARLINK-31205,59046,STARLINK-35987,66860,2026-07-31 01:48:51,7.5153,8.779,3.593,484.1,11.5
6405,STARLINK-31277,59651,STARLINK-36038,66804,2026-07-31 01:59:54,4.7719,5.479,2.314,492.2,11.5
6406,STARLINK-3637,51799,STARLINK-34145,64110,2026-07-30 17:29:50,4.2542,7.137,2.073,475.2,11.5
6407,STARLINK-3812,52346,STARLINK-37371,68977,2026-07-30 12:02:52,9.366,9.495,4.449,466.2,11.5
6408,CORVUS BC1,42847,STARLINK-4343,53050,2026-07-31 02:34:55,4.6448,7.356,2.25,550.0,11.5
6409,STARLINK-30953,58491,STARLINK-31440,58999,2026-07-31 08:23:53,9.6443,9.744,4.568,490.0,11.5
6410,STARLINK-5422,54804,STARLINK-32284,61005,2026-07-30 18:17:50,4.3537,7.488,2.113,475.2,11.5
6411,STARLINK-1983,47630,STARLINK-33620,63069,2026-07-30 21:34:53,9.5052,9.611,4.501,487.6,11.5
6412,STARLINK-6379,57343,STARLINK-36654,67838,2026-07-30 20:13:58,2.6275,7.119,1.311,483.9,11.5
6413,STARLINK-31061,58611,STARLINK-32905,62923,2026-07-30 19:09:53,7.465,7.75,3.553,484.6,11.5
6414,STARLINK-31656,60286,STARLINK-36446,67412,2026-07-30 09:24:53,9.1127,9.113,4.315,490.1,11.5
6415,STARLINK-37599,69360,STARLINK-37601,69450,2026-07-30 21:50:50,5.0139,7.375,2.415,430.3,11.5
6416,STARLINK-31927,59837,STARLINK-32725,62505,2026-07-31 07:24:46,2.5717,9.155,1.281,492.1,11.5
6417,STARLINK-5422,54804,STARLINK-32284,61005,2026-07-30 10:28:52,4.3707,4.764,2.113,475.3,11.5
6418,STARLINK-3501,51748,STARLINK-34877,65630,2026-07-30 16:52:50,4.7328,7.854,2.28,462.0,11.5
6419,STARLINK-31719,59495,STARLINK-35761,66961,2026-07-30 21:04:53,8.0651,8.887,3.817,493.0,11.5
6420,STARLINK-31712,59491,STARLINK-36500,67320,2026-07-31 07:00:52,4.7698,5.16,2.295,484.1,11.5
6421,STARLINK-36273,68166,STARLINK-37713,69212,2026-07-30 23:31:53,1.1624,1.315,0.629,481.5,11.5
6422,STARLINK-35213,65638,STARLINK-37200,68339,2026-07-30 13:25:53,9.6573,9.803,4.549,463.5,11.5
6423,STARLINK-3290,50828,STARLINK-32652,62234,2026-07-31 07:10:50,6.649,9.875,3.161,486.5,11.5
6424,CO3D 2,64902,NUSAT-52,66692,2026-07-30 22:37:59,1.2657,4.485,0.676,504.8,11.5
6425,STARLINK-3055,49137,STARLINK-34499,64709,2026-07-30 11:23:53,9.9954,9.996,4.703,584.7,11.4
6426,STARLINK-31290,59085,STARLINK-35876,67180,2026-07-31 02:43:58,2.584,7.156,1.284,492.5,11.4
6427,STARLINK-2423,47833,STARLINK-32632,62262,2026-07-30 20:51:52,7.9863,8.485,3.774,470.1,11.4
6428,STARLINK-3611,51779,STARLINK-35113,65697,2026-07-30 14:39:48,3.5115,8.315,1.71,473.4,11.4
6429,KSM1-A,46912,STARLINK-31164,58733,2026-07-30 18:47:57,4.0665,9.76,1.962,492.8,11.4
6430,STARLINK-30277,57645,STARLINK-36489,67328,2026-07-31 04:11:46,2.7605,8.932,1.361,492.6,11.4
6431,STARLINK-1183,45088,STARLINK-2354,47894,2026-07-30 14:40:51,5.8566,7.868,2.785,451.7,11.4
6432,STARLINK-2237,48583,STARLINK-35069,66268,2026-07-30 23:41:53,9.3457,9.591,4.386,465.9,11.4
6433,STARLINK-5269,54161,STARLINK-35249,65901,2026-07-31 03:31:49,4.8166,8.845,2.303,472.4,11.4
6434,STARLINK-31769,59617,STARLINK-33935,63791,2026-07-31 00:00:46,2.6833,8.477,1.323,484.0,11.4
6435,STARLINK-34536,64748,STARLINK-35655,66470,2026-07-30 11:07:52,6.4222,6.526,3.039,490.1,11.4
6436,STARLINK-32188,60365,STARLINK-32736,62443,2026-07-30 12:32:52,5.9065,6.419,2.801,472.4,11.4
6437,STARLINK-30449,57903,STARLINK-30880,58232,2026-07-30 20:53:53,5.5216,5.643,2.619,484.4,11.4
6438,STARLINK-31609,59269,KUIPER-00420,68932,2026-07-30 23:25:48,3.9986,9.735,1.922,477.0,11.4
6439,STARLINK-30393,57866,STARLINK-34870,65370,2026-07-30 15:01:53,6.1612,6.689,2.911,489.8,11.4
6440,STARLINK-31361,58974,STARLINK-37089,69183,2026-07-31 05:36:11,0.8514,8.977,0.481,475.4,11.4
6441,STARLINK-5462,55674,K-HERO,66660,2026-07-31 00:28:52,9.8195,9.863,4.579,584.4,11.4
6442,STARLINK-6149,57122,STARLINK-35132,66461,2026-07-30 09:06:53,2.5995,2.609,1.279,492.6,11.4
6443,STARLINK-35123,65634,STARLINK-35121,65737,2026-07-31 03:30:50,5.6523,8.038,2.674,479.2,11.4
6444,STARLINK-32453,61671,STARLINK-34590,64675,2026-07-30 11:56:53,7.8894,8.503,3.695,466.0,11.4
6445,STARLINK-2326,47870,STARLINK-37156,68263,2026-07-31 01:21:52,8.5182,8.677,3.981,479.3,11.4
6446,ONEWEB-0563,55800,ONEWEB-0639,55803,2026-07-30 20:56:52,8.167,8.498,3.82,1181.5,11.4
6447,STARLINK-30434,57875,STARLINK-34800,65361,2026-07-31 06:02:54,6.1492,7.589,2.897,489.9,11.3
6448,STARLINK-4585,53567,STARLINK-30367,57791,2026-07-30 21:01:50,5.7768,8.596,2.722,485.9,11.3
6449,STARLINK-31559,59358,STARLINK-35446,66432,2026-07-30 21:33:49,2.6596,5.06,1.302,483.9,11.3
6450,2025-234D,66056,FLOCK 4H-31,66734,2026-07-30 12:11:05,1.3488,8.862,0.705,505.7,11.3
6451,STARLINK-31957,59926,STARLINK-35650,66573,2026-07-31 07:19:51,2.8175,3.92,1.372,492.7,11.3
6452,STARLINK-2757,48604,STARLINK-32527,62319,2026-07-30 18:18:51,7.3309,8.336,3.419,483.2,11.3
6453,STARLINK-32050,60137,STARLINK-37682,69209,2026-07-30 15:01:57,4.0798,9.407,1.942,462.0,11.3
6454,SAR-LUPE 2,31797,LEMUR-2-JK0903EM1407,58336,2026-07-30 09:37:51,5.1143,5.817,2.412,403.8,11.3
6455,STARLINK-32747,62600,STARLINK-35559,66095,2026-07-31 03:40:52,7.0242,7.391,3.274,489.8,11.3
6456,STARLINK-4618,53735,STARLINK-31361,58974,2026-07-31 04:00:47,3.5426,9.751,1.696,473.7,11.3
6457,STARLINK-6280,56531,STARLINK-35522,66341,2026-07-30 21:46:51,2.6707,3.194,1.297,484.2,11.3
6458,STARLINK-32880,62955,STARLINK-35930,66599,2026-07-31 02:43:53,9.0225,9.121,4.167,487.2,11.3
6459,STARLINK-31046,58552,STARLINK-33991,64122,2026-07-30 10:39:52,7.9115,8.118,3.657,465.9,11.2
6460,STARLINK-5340,56506,STARLINK-34097,63903,2026-07-30 23:09:56,4.8348,9.088,2.266,491.8,11.2
6461,STARLINK-30358,57879,STARLINK-36081,67498,2026-07-30 14:16:52,5.7199,5.841,2.663,484.1,11.2
6462,STARLINK-2647,48658,STARLINK-31421,59218,2026-07-30 13:51:53,8.8524,9.025,4.065,479.4,11.2
6463,STARLINK-4701,53727,STARLINK-31430,59375,2026-07-31 03:19:50,3.5718,4.978,1.693,460.5,11.2
6464,STARLINK-3692,51958,STARLINK-34082,64100,2026-07-31 02:26:57,3.2868,7.403,1.558,471.6,11.1
6465,STARLINK-3352,51147,STARLINK-35127,65639,2026-07-30 14:43:41,1.3367,7.738,0.686,462.1,11.1
6466,STARLINK-3274,50186,STARLINK-31615,59413,2026-07-30 22:42:58,3.6844,9.692,1.734,483.7,11.1
6467,STARLINK-35287,65754,STARLINK-36177,66932,2026-07-30 09:49:55,5.4133,8.915,2.506,474.9,11.1
6468,STARLINK-30125,56701,STARLINK-30467,57895,2026-07-31 04:35:53,8.3237,8.354,3.805,485.0,11.1
6469,STARLINK-3597,51898,STARLINK-35576,66137,2026-07-31 00:39:53,5.5008,5.501,2.545,475.4,11.1
6470,STARLINK-35031,65404,STARLINK-35346,66179,2026-07-30 16:11:34,0.6677,7.01,0.387,461.4,11.1
6471,STARLINK-5710,55616,STARLINK-35175,65929,2026-07-30 12:34:52,9.9721,9.978,4.539,480.2,11.1
6472,STARLINK-31518,59219,STARLINK-36896,68092,2026-07-31 06:39:55,5.4594,8.592,2.523,461.8,11.1
6473,STARLINK-30479,57898,STARLINK-35646,66859,2026-07-30 22:57:53,5.7067,5.707,2.629,484.4,11.1
6474,STARLINK-3341,50817,STARLINK-3823,52336,2026-07-31 04:38:51,8.1294,9.465,3.705,463.2,11.1
6475,STARLINK-31420,59223,STARLINK-32950,63566,2026-07-31 01:56:53,6.8431,7.336,3.13,489.9,11.1
6476,YAOGAN-35 02A,52907,STARLINK-35360,66444,2026-07-30 23:06:51,7.1558,7.982,3.267,485.2,11.1
6477,STARLINK-4162,53288,STARLINK-34591,64734,2026-07-30 10:15:53,4.6133,4.84,2.137,460.4,11.1
6478,ONEWEB-0017,45132,ONEWEB-0031,45431,2026-07-31 05:30:49,4.1136,8.629,1.914,1217.8,11.1
6479,STARLINK-5246,54198,STARLINK-36223,67126,2026-07-31 03:31:50,3.6344,5.851,1.701,485.7,11.1
6480,STARLINK-30757,58131,STARLINK-32819,62995,2026-07-30 13:25:57,2.6875,6.768,1.279,484.4,11.1
6481,CO3D 2,64902,NUSAT-52,66692,2026-07-31 00:12:46,1.3278,4.613,0.676,504.8,11.1
6482,STARLINK-32235,60739,STARLINK-37097,68238,2026-07-30 20:46:55,4.5904,6.283,2.119,462.7,11.1
6483,STARLINK-34325,64262,KUIPER-00522,69602,2026-07-30 17:19:54,3.7094,4.747,1.729,461.7,11.1
6484,STARLINK-32271,60368,STARLINK-32546,62134,2026-07-30 16:27:53,8.9825,9.497,4.057,480.2,11.0
6485,STARLINK-30907,58352,STARLINK-33558,63643,2026-07-30 22:12:50,2.7927,4.824,1.321,484.1,11.0
6486,STARLINK-30827,58195,STARLINK-32761,62749,2026-07-31 01:26:56,2.8147,5.459,1.329,484.2,11.0
6487,STARLINK-4563,53561,STARLINK-32340,61008,2026-07-31 04:39:51,4.6468,5.773,2.136,459.8,11.0
6488,ONEWEB-0195,48240,ONEWEB-0221,48789,2026-07-30 10:12:54,8.4432,9.292,3.805,1220.1,11.0
6489,STARLINK-3685,52115,STARLINK-3871,52496,2026-07-30 12:40:53,6.9518,6.978,3.148,478.3,11.0
6490,STARLINK-3525,51733,STARLINK-37508,69257,2026-07-30 14:44:52,0.7429,0.759,0.415,461.7,11.0
6491,STARLINK-31373,58965,STARLINK-37209,69187,2026-07-30 10:38:37,0.8946,7.526,0.481,475.3,11.0
6492,HST,20580,STARLINK-30561,58032,2026-07-30 17:11:51,7.4313,8.16,3.356,473.1,11.0
6493,ZHUHAI-1 OHS-02,43441,SUPERVIEW NEO-2 01,53128,2026-07-31 04:40:47,3.455,9.773,1.607,508.2,11.0
6494,STARLINK-31577,59203,STARLINK-36972,68072,2026-07-30 20:46:55,5.5445,7.998,2.522,461.9,11.0
6495,STARLINK-31834,59721,STARLINK-32512,62027,2026-07-30 13:13:53,6.6244,6.695,2.995,483.4,11.0
6496,STARLINK-3622,51768,STARLINK-34332,64213,2026-07-31 02:54:52,9.2752,9.844,4.157,472.2,11.0
6497,STARLINK-6307,56529,STARLINK-32741,62526,2026-07-31 06:37:50,2.9332,4.809,1.374,484.2,11.0
6498,STARLINK-1569,46039,STARLINK-35306,67361,2026-07-31 01:23:53,9.7002,9.848,4.34,487.9,11.0
6499,STARLINK-32333,61626,STARLINK-33874,63825,2026-07-31 02:18:00,2.7888,9.861,1.309,484.0,11.0
6500,STARLINK-35554,66239,STARLINK-36989,68277,2026-07-30 13:10:54,7.6965,8.784,3.459,466.0,11.0
6501,STARLINK-5124,54011,STARLINK-31178,59025,2026-07-30 11:56:51,5.4459,7.088,2.472,481.9,11.0
6502,STARLINK-6138,57329,STARLINK-36659,67833,2026-07-31 08:15:46,2.7912,9.341,1.309,484.0,11.0
6503,STARLINK-34531,64750,STARLINK-34760,65359,2026-07-30 23:19:56,2.7077,4.76,1.271,462.9,10.9
6504,STARLINK-30455,57942,STARLINK-35204,65694,2026-07-30 13:35:52,9.3282,9.403,4.161,476.9,10.9
6505,STARLINK-32327,61641,STARLINK-35875,67111,2026-07-31 00:03:50,2.8077,3.939,1.313,484.1,10.9
6506,STARLINK-6095,56101,STARLINK-34092,63904,2026-07-31 01:22:49,2.9553,5.262,1.377,492.4,10.9
6507,STARLINK-30991,58484,STARLINK-33878,63862,2026-07-30 19:00:47,2.8659,8.133,1.336,483.9,10.9
6508,STARLINK-5729,55596,STARLINK-36445,67313,2026-07-31 06:54:53,7.8677,7.928,3.515,484.4,10.9
6509,STARLINK-32473,62049,STARLINK-34981,65198,2026-07-31 06:51:53,9.8407,9.846,4.363,479.8,10.9
6510,ONEWEB-0341,49207,ONEWEB-0642,55806,2026-07-30 08:53:53,8.5719,9.027,3.808,1204.2,10.9
6511,STARLINK-31830,59769,STARLINK-32000,60289,2026-07-31 04:17:50,5.7823,8.875,2.596,485.8,10.9
6512,STARLINK-3111,49418,STARLINK-35740,66210,2026-07-30 11:31:49,4.7324,8.585,2.14,476.4,10.9
6513,STARLINK-30341,57714,STARLINK-32549,62118,2026-07-31 07:06:53,2.8506,2.872,1.322,484.3,10.9
6514,STARLINK-30099,56304,STARLINK-30805,58214,2026-07-31 03:18:47,2.8633,7.327,1.328,492.6,10.9
6515,STARLINK-32016,60096,STARLINK-32084,60347,2026-07-31 02:43:53,9.0905,9.661,4.025,466.2,10.9
6516,STARLINK-5948,55991,STARLINK-33672,63326,2026-07-31 08:25:56,5.1163,9.834,2.302,493.0,10.9
6517,STARLINK-34537,64778,STARLINK-35074,65422,2026-07-30 19:07:48,2.7753,6.768,1.287,476.3,10.9
6518,KENT RIDGE 1,41167,STARLINK-31534,59398,2026-07-31 01:47:52,8.9833,9.422,3.973,495.6,10.9
6519,STARLINK-32185,60341,STARLINK-36442,67413,2026-07-31 02:21:56,4.9984,9.421,2.248,489.7,10.8
6520,STARLINK-31834,59721,STARLINK-32512,62027,2026-07-30 11:39:54,6.7282,8.879,2.995,483.4,10.8
6521,STARLINK-36273,68166,STARLINK-37713,69212,2026-07-30 21:57:56,1.2557,2.42,0.629,481.5,10.8
6522,STARLINK-5608,55353,STARLINK-36415,67519,2026-07-30 15:00:46,2.792,8.868,1.293,484.1,10.8
6523,STARLINK-3522,51725,STARLINK-6081,56108,2026-07-31 04:59:54,6.7712,8.336,3.007,489.5,10.8
6524,STARLINK-30124,56690,STARLINK-35388,66466,2026-07-31 01:29:51,2.8716,3.225,1.324,483.9,10.8
6525,STARLINK-32670,62210,STARLINK-35280,66025,2026-07-31 06:28:54,5.8725,7.567,2.618,489.6,10.8
6526,STARLINK-3172,51139,STARLINK-35202,65647,2026-07-31 00:32:54,3.1516,3.64,1.445,476.2,10.8
6527,STARLINK-31514,59187,STARLINK-32628,62122,2026-07-31 05:17:51,8.7407,9.678,3.853,492.7,10.8
6528,STARLINK-5948,55991,STARLINK-35779,67047,2026-07-31 00:35:52,3.6156,3.632,1.643,493.5,10.8
6529,STARLINK-4521,53391,STARLINK-32520,62021,2026-07-30 16:22:56,5.586,9.529,2.49,477.3,10.8
6530,STARLINK-32502,62116,STARLINK-34031,63912,2026-07-30 22:38:52,8.0869,8.384,3.56,484.5,10.8
6531,STARLINK-31904,59657,STARLINK-35809,66373,2026-07-30 17:12:53,6.988,7.633,3.081,480.4,10.8
6532,STARLINK-34777,65339,STARLINK-35704,66221,2026-07-30 18:38:54,5.7524,6.628,2.551,472.0,10.8
6533,STARLINK-31855,59838,KUIPER-00538,69608,2026-07-31 04:10:45,2.6308,8.992,1.213,488.7,10.8
6534,STARLINK-31316,59090,STARLINK-35915,66521,2026-07-30 09:12:56,2.7844,5.08,1.278,484.3,10.8
6535,STARLINK-31522,59204,STARLINK-32870,63018,2026-07-30 09:49:52,8.8275,8.957,3.863,480.3,10.8
6536,STARLINK-37727,69481,STARLINK-37749,69651,2026-07-30 23:03:53,6.6806,7.238,2.943,463.7,10.7
6537,STARLINK-33571,63386,STARLINK-37933,69532,2026-07-31 05:15:33,0.7171,7.839,0.392,461.5,10.7
6538,STARLINK-33706,63461,STARLINK-35610,66428,2026-07-31 02:32:52,2.7917,3.025,1.279,483.9,10.7
6539,STARLINK-3458,51758,STARLINK-37562,69208,2026-07-31 05:09:52,6.3243,6.819,2.788,460.2,10.7
6540,STARLINK-36142,66981,STARLINK-36140,67034,2026-07-31 06:43:54,2.9397,3.578,1.342,483.1,10.7
6541,STARLINK-31442,59859,STARLINK-35716,67191,2026-07-31 03:37:55,5.9402,9.779,2.623,492.4,10.7
6542,STARLINK-35244,65829,STARLINK-34720,66449,2026-07-30 15:29:52,9.5391,9.709,4.159,487.8,10.7
6543,STARLINK-30126,56694,STARLINK-32739,62498,2026-07-31 03:24:47,2.9063,7.729,1.326,492.5,10.7
6544,STARLINK-3681,51968,STARLINK-31056,58550,2026-07-30 09:51:53,9.3632,9.784,4.081,466.1,10.7
6545,STARLINK-6088,56098,STARLINK-34142,63957,2026-07-30 22:21:55,3.003,4.949,1.365,492.7,10.7
6546,STARLINK-36812,67968,STARLINK-37388,68860,2026-07-31 06:27:43,1.3087,6.516,0.643,480.7,10.7
6547,STARLINK-4667,53707,STARLINK-31711,59438,2026-07-30 21:57:51,7.7286,9.092,3.377,474.0,10.7
6548,STARLINK-2039,47655,STARLINK-5412,54806,2026-07-31 04:14:50,4.7164,7.462,2.093,480.4,10.7
6549,STARLINK-5738,55573,STARLINK-33899,63799,2026-07-31 06:18:51,8.9554,9.975,3.889,492.2,10.7
6550,STARLINK-2624,48358,STARLINK-33597,62763,2026-07-31 07:45:52,8.4714,8.617,3.682,483.2,10.7
6551,STARLINK-3828,52469,STARLINK-6074,56553,2026-07-30 21:09:53,2.9797,3.082,1.35,489.9,10.7
6552,STARLINK-5020,55458,STARLINK-36090,66855,2026-07-30 20:38:57,2.8335,6.129,1.288,483.6,10.7
6553,STARLINK-33706,63461,STARLINK-35610,66428,2026-07-30 16:20:53,2.8105,2.867,1.278,492.5,10.7
6554,STARLINK-32177,60441,STARLINK-32596,62316,2026-07-31 08:00:53,5.3484,5.36,2.354,461.7,10.7
6555,STARLINK-3632,51784,STARLINK-4204,52854,2026-07-30 11:26:52,9.5645,9.651,4.141,466.2,10.7
6556,STARLINK-2414,48095,STARLINK-32862,62864,2026-07-30 22:00:52,8.7651,8.868,3.797,479.4,10.7
6557,STARLINK-36812,67968,STARLINK-37388,68860,2026-07-31 08:01:40,1.3184,8.141,0.643,480.6,10.7
6558,STARLINK-30601,58117,STARLINK-32788,62502,2026-07-30 17:46:52,5.4763,5.584,2.4,489.7,10.6
6559,STARLINK-37856,69491,STARLINK-37229,69659,2026-07-30 23:07:51,6.6965,7.501,2.915,481.3,10.6
6560,STARLINK-3602,51791,KUIPER-00476,68874,2026-07-31 07:45:54,6.8229,7.734,2.966,464.9,10.6
6561,STARLINK-30499,57918,STARLINK-36614,67622,2026-07-31 04:08:53,8.3022,8.472,3.59,484.4,10.6
6562,STARLINK-32007,60094,STARLINK-37357,69517,2026-07-31 06:54:56,4.9276,9.401,2.165,475.4,10.6
6563,STARLINK-3754,52350,STARLINK-35712,66215,2026-07-30 14:21:57,2.9703,6.289,1.336,473.9,10.6
6564,YAOGAN-35 02B,52908,STARLINK-11630 [DTC],63111,2026-07-30 11:54:53,6.5903,6.59,2.858,367.7,10.6
6565,STARLINK-4269,52992,STARLINK-34403,64443,2026-07-30 23:40:52,8.59,8.612,3.699,479.4,10.6
6566,STARLINK-31092,58628,STARLINK-35183,65646,2026-07-31 07:56:54,6.2902,7.407,2.728,489.5,10.6
6567,STARLINK-32510,62040,STARLINK-32710,62604,2026-07-30 16:11:55,2.7616,4.098,1.245,484.0,10.6
6568,STARLINK-31763,59623,STARLINK-33947,63787,2026-07-30 19:23:54,2.9549,3.427,1.324,484.1,10.6
6569,STARLINK-31228,58842,STARLINK-35750,66209,2026-07-31 08:05:52,5.7809,6.163,2.51,475.5,10.6
6570,STARLINK-31549,59360,STARLINK-34197,64184,2026-07-30 11:08:53,6.4721,6.559,2.797,489.9,10.6
6571,STARLINK-31233,58826,STARLINK-32815,62956,2026-07-31 07:06:53,5.8709,5.871,2.543,461.7,10.6
6572,STARLINK-1807,46706,STARLINK-35016,65341,2026-07-31 02:19:55,5.3047,8.475,2.306,461.7,10.6
6573,STARLINK-30790,58127,STARLINK-32499,61959,2026-07-31 06:03:52,8.2913,8.293,3.55,495.6,10.5
6574,STARLINK-2391,47810,STARLINK-34820,65041,2026-07-31 00:52:52,9.1309,9.265,3.899,479.6,10.5
6575,STARLINK-30260,57524,STARLINK-32943,63023,2026-07-31 08:09:52,5.3367,5.558,2.314,492.2,10.5
6576,STARLINK-3658,52107,STARLINK-32793,62874,2026-07-31 04:46:54,7.9328,9.397,3.395,473.7,10.5
6577,STARLINK-5130,53997,STARLINK-36837,67858,2026-07-31 07:52:50,5.3697,8.356,2.324,474.1,10.5
6578,STARLINK-31973,59943,STARLINK-35743,66578,2026-07-30 15:06:56,2.9055,5.471,1.294,492.2,10.5
6579,STARLINK-31271,58827,STARLINK-35747,66207,2026-07-30 20:05:49,5.8112,9.965,2.504,475.2,10.5
6580,STARLINK-4135,53248,STARLINK-30298,57665,2026-07-31 03:28:55,3.2491,4.407,1.435,460.6,10.5
6581,STARLINK-6308,56534,STARLINK-35440,66345,2026-07-31 03:57:55,2.9213,4.651,1.297,484.0,10.5
6582,STARLINK-37436,69365,STARLINK-37500,69453,2026-07-30 13:04:55,5.6229,8.559,2.419,419.1,10.5
6583,STARLINK-30858,58358,STARLINK-33832,63637,2026-07-30 17:24:48,2.9799,6.477,1.32,484.0,10.5
6584,STARLINK-31034,58785,STARLINK-37127,68236,2026-07-30 09:45:56,4.9063,8.972,2.119,475.0,10.5
6585,STARLINK-36273,68166,STARLINK-37713,69212,2026-07-31 01:52:50,1.3205,1.928,0.631,463.1,10.5
6586,STARLINK-32843,62814,STARLINK-34699,64921,2026-07-30 17:34:52,8.6654,9.372,3.677,479.0,10.5
6587,STARLINK-31476,59523,STARLINK-35697,66539,2026-07-30 11:20:51,8.4508,9.226,3.585,492.7,10.5
6588,STARLINK-31871,59673,STARLINK-36039,66612,2026-07-30 09:02:52,3.0032,3.201,1.327,483.8,10.5
6589,STARLINK-34188,64183,STARLINK-34539,64674,2026-07-31 08:10:52,8.3514,8.453,3.542,479.2,10.5
6590,STARLINK-31222,58828,STARLINK-32874,62954,2026-07-30 20:17:51,5.9324,7.466,2.539,475.3,10.5
6591,STARLINK-3938,52566,STARLINK-33756,63458,2026-07-31 03:26:52,4.1462,4.19,1.799,460.3,10.5
6592,STARLINK-3154,49417,STARLINK-31763,59623,2026-07-31 00:13:56,4.8494,9.491,2.089,482.8,10.4
6593,STARLINK-6089,56096,STARLINK-34099,63959,2026-07-31 07:57:57,3.1031,6.867,1.366,492.6,10.4
6594,STARLINK-30617,58104,STARLINK-36843,67856,2026-07-30 14:17:53,9.7352,9.984,4.107,466.0,10.4
6595,STARLINK-36464,67428,STARLINK-36381,67952,2026-07-31 03:19:53,9.846,9.848,4.148,484.7,10.4
6596,STARLINK-30866,58237,STARLINK-33697,63467,2026-07-31 07:31:52,5.3122,5.427,2.276,492.2,10.4
6597,STARLINK-32144,60269,STARLINK-32132,60334,2026-07-30 12:35:50,6.0472,9.353,2.577,485.7,10.4
6598,STARLINK-31733,59486,STARLINK-36534,67496,2026-07-30 17:35:55,5.2254,8.435,2.238,484.5,10.4
6599,STARLINK-32032,60077,STARLINK-34415,64618,2026-07-31 02:40:53,5.4804,5.487,2.343,474.8,10.4
6600,STARLINK-11469 [DTC],62227,STARLINK-11581 [DTC],63144,2026-07-31 00:33:52,3.6095,3.936,1.57,360.5,10.4
6601,ONEWEB-0034,45454,ONEWEB-0439,51635,2026-07-31 08:04:48,4.4484,8.944,1.914,1217.9,10.4
6602,STARLINK-35226,65492,STARLINK-37079,68186,2026-07-31 01:03:31,0.8413,9.449,0.428,474.9,10.4
6603,STARLINK-31799,59652,STARLINK-33940,63831,2026-07-30 23:04:53,9.1722,9.339,3.853,484.5,10.4
6604,STARLINK-5269,54161,STARLINK-33624,63071,2026-07-31 08:06:52,8.5298,8.569,3.583,473.7,10.4
6605,STARLINK-5725,55605,STARLINK-35197,66193,2026-07-30 09:36:54,8.5035,9.272,3.566,480.0,10.4
6606,STARLINK-33966,64203,STARLINK-35504,66325,2026-07-30 12:03:54,7.6775,9.61,3.227,489.8,10.4
6607,STARLINK-31854,59671,STARLINK-33916,63792,2026-07-30 19:56:52,9.3118,9.313,3.896,492.6,10.4
6608,STARLINK-32332,62490,STARLINK-34681,66438,2026-07-31 06:00:48,3.0467,6.433,1.329,484.4,10.4
6609,STARLINK-31138,58806,STARLINK-32601,61973,2026-07-31 05:24:57,2.9171,6.895,1.276,483.9,10.4
6610,STARLINK-4169,53280,STARLINK-33732,63575,2026-07-31 00:06:54,5.7302,6.407,2.428,481.8,10.4
6611,STARLINK-6378,57347,STARLINK-32687,63565,2026-07-30 08:40:58,3.0985,7.955,1.349,484.3,10.4
6612,YAOGAN-35 03B,53318,STARLINK-36076,66588,2026-07-30 20:38:51,7.1466,7.906,3.003,484.3,10.3
6613,STARLINK-30341,57714,STARLINK-32549,62118,2026-07-31 06:19:48,3.0332,6.151,1.321,492.2,10.3
6614,STARLINK-30606,58109,STARLINK-34910,66269,2026-07-31 05:22:50,6.1728,9.301,2.603,475.1,10.3
6615,YAOGAN-35 02A,52907,STARLINK-6172,57130,2026-07-30 13:42:54,6.515,8.321,2.742,485.8,10.3
6616,STARLINK-31960,59931,STARLINK-35836,66571,2026-07-30 15:05:59,3.165,9.687,1.374,484.0,10.3
6617,STARLINK-37745,69232,STARLINK-37869,69483,2026-07-30 14:19:55,1.3079,1.928,0.614,480.9,10.3
6618,STARLINK-32289,60737,STARLINK-37056,68260,2026-07-30 11:43:48,5.0063,9.92,2.12,475.0,10.3
6619,STARLINK-31354,58942,STARLINK-37718,69242,2026-07-30 20:49:54,7.9009,9.87,3.295,481.0,10.3
6620,STARLINK-5778,57149,STARLINK-32495,62052,2026-07-30 20:56:59,2.9728,9.348,1.29,484.3,10.3
6621,STARLINK-31320,58886,STARLINK-35230,65681,2026-07-31 02:35:50,6.0978,8.725,2.56,461.8,10.3
6622,STARLINK-30067,56693,STARLINK-35859,67185,2026-07-31 04:35:52,6.2246,6.225,2.611,484.3,10.3
6623,STARLINK-30320,57678,YAOGAN-43 01J,60466,2026-07-30 09:10:53,9.1569,9.233,3.801,462.1,10.3
6624,STARLINK-32235,60739,STARLINK-35303,65860,2026-07-30 23:07:55,6.0537,9.658,2.537,474.3,10.3
6625,STARLINK-30928,58452,STARLINK-32636,62232,2026-07-31 05:15:52,9.5044,9.997,3.934,479.9,10.3
6626,RESURS-P 4,59371,STARLINK-36810,67898,2026-07-31 07:05:55,4.5379,6.164,1.92,465.0,10.3
6627,STARLINK-31854,59671,STARLINK-33916,63792,2026-07-31 06:08:52,9.4266,9.978,3.901,484.2,10.3
6628,STARLINK-30929,58386,STARLINK-35900,66886,2026-07-31 03:51:55,5.952,7.956,2.489,475.3,10.3
6629,STARLINK-30453,57910,STARLINK-36461,67316,2026-07-31 03:21:55,2.9019,4.218,1.254,493.0,10.2
6630,STARLINK-1552,46076,STARLINK-35309,66323,2026-07-31 03:34:52,7.9806,8.127,3.306,487.0,10.2
6631,STARLINK-5372,54838,STARLINK-34153,63967,2026-07-30 12:43:52,9.2503,9.256,3.818,484.3,10.2
6632,STARLINK-32434,61913,STARLINK-32668,62212,2026-07-31 07:50:58,3.0694,7.697,1.32,483.8,10.2
6633,STARLINK-4514,53551,STARLINK-34366,64281,2026-07-31 00:34:51,8.1032,9.841,3.352,471.3,10.2
6634,STARLINK-3449,51745,STARLINK-31874,60603,2026-07-30 16:56:52,8.0568,8.061,3.333,460.5,10.2
6635,STARLINK-2251,48594,STARLINK-32319,61528,2026-07-30 09:55:51,7.1089,8.303,2.948,473.5,10.2
6636,STARLINK-31629,59255,STARLINK-35899,66497,2026-07-31 03:32:53,6.831,7.377,2.836,490.6,10.2
6637,STARLINK-31606,59571,STARLINK-33699,63328,2026-07-30 20:17:51,3.0522,3.503,1.311,492.4,10.2
6638,STARLINK-31036,58533,STARLINK-35628,66123,2026-07-30 16:28:50,5.6244,7.808,2.345,461.6,10.2
6639,STARLINK-35141,65644,STARLINK-35557,66237,2026-07-30 23:11:53,6.7232,7.246,2.784,478.9,10.2
6640,STARLINK-3592,51801,STARLINK-34713,64906,2026-07-31 03:18:50,5.4796,7.331,2.283,462.1,10.2
6641,STARLINK-31674,59517,STARLINK-33825,63505,2026-07-30 08:39:52,8.9262,8.947,3.669,480.1,10.2
6642,STARLINK-30764,58170,STARLINK-31875,59674,2026-07-30 12:08:53,9.0042,9.004,3.699,480.3,10.2
6643,STARLINK-30290,57858,STARLINK-31844,60583,2026-07-31 06:07:50,5.5309,7.236,2.302,485.8,10.2
6644,ONEWEB-0377,49303,ONEWEB-0504,54122,2026-07-30 15:58:52,9.3246,9.352,3.823,1182.0,10.2
6645,STARLINK-30566,58054,STARLINK-31081,58632,2026-07-30 08:39:53,9.4337,9.759,3.866,492.8,10.2
6646,STARLINK-3339,50820,STARLINK-31458,59501,2026-07-30 18:59:55,3.5566,4.754,1.507,489.7,10.2
6647,STARLINK-2432,47840,STARLINK-36780,67866,2026-07-30 16:37:51,8.6771,9.842,3.556,479.2,10.2
6648,STARLINK-5752,55577,STARLINK-36471,67324,2026-07-30 23:42:51,8.7536,9.873,3.583,483.8,10.2
6649,STARLINK-5204,54101,STARLINK-36933,69196,2026-07-30 16:32:52,9.2514,9.253,3.78,480.0,10.2
6650,STARLINK-32412,61680,STARLINK-37570,69519,2026-07-30 17:26:53,8.8014,8.805,3.6,465.9,10.2
6651,STARLINK-2045,47353,STARLINK-30998,58513,2026-07-31 01:04:52,9.8753,9.916,4.026,487.8,10.1
6652,STARLINK-2512,48319,STARLINK-6129,57116,2026-07-30 09:30:52,9.6373,9.753,3.925,488.0,10.1
6653,STARLINK-2285,48019,STARLINK-37169,68346,2026-07-31 04:04:53,9.4468,9.629,3.849,465.5,10.1
6654,STARLINK-34460,66099,STARLINK-35931,66519,2026-07-31 08:04:53,7.9481,8.339,3.25,490.0,10.1
6655,STARLINK-5436,54795,STARLINK-37341,69509,2026-07-30 16:32:53,3.0864,3.142,1.311,460.2,10.1
6656,STARLINK-4121,53002,STARLINK-34525,64678,2026-07-30 16:48:51,3.9636,4.552,1.66,462.9,10.1
6657,STARLINK-34228,64171,STARLINK-37552,69513,2026-07-31 02:29:51,8.6475,9.645,3.521,479.2,10.1
6658,STARLINK-33753,63443,STARLINK-34315,64266,2026-07-31 02:15:51,5.1337,6.165,2.122,474.9,10.1
6659,STARLINK-31421,59218,STARLINK-36973,68078,2026-07-30 21:45:52,6.1256,6.202,2.515,475.0,10.1
6660,STARLINK-4178,53277,STARLINK-35161,65936,2026-07-30 17:38:52,9.7285,9.791,3.942,479.7,10.1
6661,STARLINK-5768,57145,STARLINK-35935,66527,2026-07-30 09:25:49,3.1371,5.992,1.325,484.2,10.1
6662,LEMUR-2-SQUIRRELCOMM,60578,2025-292J,67001,2026-07-30 15:39:40,1.5676,9.241,0.702,556.0,10.1
6663,STARLINK-37814,69482,STARLINK-37851,69658,2026-07-31 06:02:54,7.1977,8.032,2.935,480.9,10.1
6664,STARLINK-32147,60152,STARLINK-37671,69206,2026-07-31 06:48:56,4.6929,7.678,1.942,461.6,10.1
6665,STARLINK-32094,59696,STARLINK-36903,68001,2026-07-31 05:29:46,2.2832,6.906,0.984,492.5,10.1
6666,STARLINK-1168,45072,STARLINK-35503,66245,2026-07-30 22:31:53,7.7795,7.864,3.161,450.0,10.1
6667,STARLINK-33882,63788,STARLINK-35518,66198,2026-07-31 06:34:54,6.4075,6.982,2.615,489.7,10.1
6668,STARLINK-31670,59490,STARLINK-32878,62892,2026-07-31 05:24:49,5.6499,9.057,2.311,484.2,10.0
6669,STARLINK-2439,48104,STARLINK-3760,52298,2026-07-30 15:40:53,8.8043,9.492,3.556,466.1,10.0
6670,STARLINK-30289,57653,STARLINK-36050,66602,2026-07-30 09:17:52,5.5913,5.923,2.287,484.5,10.0
6671,EOSSAT-1,55053,FLOCK 4G-36,62675,2026-07-31 03:14:54,6.891,7.832,2.8,469.6,10.0
6672,STARLINK-31909,59663,STARLINK-35711,66595,2026-07-31 06:25:52,3.1517,3.172,1.322,483.8,10.0
6673,STARLINK-31807,59639,STARLINK-32329,62736,2026-07-31 00:49:52,3.0628,3.139,1.286,492.3,10.0
6674,STARLINK-31321,58887,STARLINK-34290,64929,2026-07-30 23:41:53,6.2923,6.511,2.556,475.4,10.0
6675,STARLINK-3157,49413,STARLINK-30275,57667,2026-07-30 18:37:53,8.4061,8.874,3.387,463.3,10.0
6676,STARLINK-3352,51147,STARLINK-35127,65639,2026-07-30 13:56:48,1.5413,3.551,0.685,475.0,10.0
6677,STARLINK-5939,56015,STARLINK-30426,57848,2026-07-30 16:51:50,6.3737,9.107,2.583,489.9,10.0
6678,STARLINK-4184,52852,STARLINK-32024,60112,2026-07-30 21:19:04,1.8088,8.915,0.789,475.1,10.0
6679,STARLINK-30526,58006,STARLINK-34204,66213,2026-07-30 16:02:51,7.5074,8.759,3.021,475.8,10.0
6680,STARLINK-31797,59634,STARLINK-36214,67129,2026-07-31 01:44:54,6.5794,7.787,2.656,491.9,10.0
6681,STARLINK-32820,63041,STARLINK-35703,66970,2026-07-31 03:30:52,5.6339,5.685,2.282,489.9,10.0
6682,STARLINK-5199,54201,STARLINK-37305,68713,2026-07-30 20:45:55,4.7133,6.998,1.921,473.5,10.0
6683,STARLINK-6127,57135,STARLINK-32769,62602,2026-07-31 02:49:46,3.2002,9.558,1.329,492.3,10.0
6684,STARLINK-32564,61924,STARLINK-32940,63568,2026-07-30 23:19:49,3.2777,6.313,1.359,492.3,10.0
6685,STARLINK-32564,61924,STARLINK-32940,63568,2026-07-31 00:06:53,3.2828,3.325,1.36,484.1,10.0
6686,STARLINK-34142,63957,STARLINK-36505,67463,2026-07-30 20:04:55,6.4078,8.742,2.578,484.1,9.9
6687,STARLINK-6062,56104,STARLINK-34083,63908,2026-07-30 19:58:51,3.3353,3.956,1.379,484.5,9.9
6688,STARLINK-3297,50159,STARLINK-3268,50190,2026-07-31 05:35:53,6.411,6.415,2.578,463.5,9.9
6689,STARLINK-31174,58808,STARLINK-36119,67619,2026-07-31 02:47:51,5.5469,6.745,2.239,483.9,9.9
6690,STARLINK-32002,60200,STARLINK-37095,68237,2026-07-30 20:55:52,8.727,8.777,3.476,479.4,9.9
6691,STARLINK-31057,58545,STARLINK-35525,66134,2026-07-31 06:29:56,5.8164,9.331,2.341,461.7,9.9
6692,STARLINK-32452,61961,STARLINK-32482,62141,2026-07-31 07:18:54,3.2529,3.717,1.342,483.9,9.9
6693,STARLINK-30863,59027,STARLINK-33914,63774,2026-07-30 10:48:50,3.0264,4.488,1.254,484.2,9.9
6694,STARLINK-2746,48676,STARLINK-3873,52467,2026-07-30 20:29:52,9.0753,9.173,3.603,471.6,9.9
6695,STARLINK-37029,68271,KUIPER-00476,68874,2026-07-31 04:35:52,5.6933,5.711,2.288,463.6,9.9
6696,STARLINK-36334,67471,STARLINK-36381,67952,2026-07-31 05:37:55,3.2144,4.288,1.325,492.6,9.9
6697,STARLINK-2674,48354,STARLINK-30455,57942,2026-07-30 14:23:52,7.1215,7.153,2.842,467.1,9.9
6698,STARLINK-32411,61547,STARLINK-35369,68705,2026-07-30 21:56:56,5.2428,8.673,2.111,461.9,9.9
6699,STARLINK-3901,52574,STARLINK-30606,58109,2026-07-30 19:08:52,7.9085,8.389,3.141,460.3,9.9
6700,STARLINK-5470,54776,STARLINK-34412,66132,2026-07-30 11:50:52,6.894,7.313,2.746,461.6,9.9
6701,STARLINK-31975,59886,STARLINK-32256,60362,2026-07-30 16:32:51,8.5979,9.457,3.403,480.0,9.9
6702,STARLINK-32042,60108,STARLINK-37586,69521,2026-07-30 21:57:56,5.2134,9.386,2.091,461.9,9.9
6703,STARLINK-30456,57943,STARLINK-34349,64215,2026-07-31 02:59:58,3.5017,8.208,1.429,476.8,9.9
6704,STARLINK-35279,66069,STARLINK-35583,66611,2026-07-31 02:41:55,7.4926,9.871,2.969,489.2,9.9
6705,STARLINK-35194,65671,STARLINK-37463,68854,2026-07-30 18:22:52,8.9647,9.37,3.531,480.8,9.8
6706,STARLINK-6121,56129,STARLINK-33645,63412,2026-07-31 08:05:50,3.2185,4.529,1.315,492.3,9.8
6707,HST,20580,STARLINK-3902,52487,2026-07-30 23:23:52,9.0163,9.031,3.543,478.3,9.8
6708,STARLINK-4214,52877,STARLINK-32001,60110,2026-07-31 06:09:04,0.7609,4.236,0.369,461.6,9.8
6709,STARLINK-31758,59621,STARLINK-36985,68014,2026-07-30 23:30:51,3.2289,4.147,1.317,492.5,9.8
6710,STARLINK-32769,62602,STARLINK-34211,64255,2026-07-30 15:07:55,6.7272,9.12,2.659,484.5,9.8
6711,STARLINK-30439,57867,STARLINK-31279,59086,2026-07-31 00:08:53,5.8751,6.224,2.331,484.1,9.8
6712,STARLINK-31608,59397,STARLINK-35035,65407,2026-07-31 07:49:53,5.9888,6.157,2.374,475.0,9.8
6713,STARLINK-4706,53779,STARLINK-31608,59397,2026-07-30 14:42:53,9.8617,9.889,3.858,479.3,9.8
6714,STARLINK-32090,59691,STARLINK-34254,64136,2026-07-31 03:22:57,3.0633,6.107,1.25,484.3,9.8
6715,STARLINK-4006,52676,STARLINK-36491,67310,2026-07-30 14:26:51,3.803,4.165,1.532,489.6,9.8
6716,STARLINK-31143,58770,STARLINK-36859,68710,2026-07-31 04:43:51,5.3166,5.929,2.11,475.1,9.8
6717,STARLINK-32616,61920,STARLINK-32902,62898,2026-07-30 20:29:52,9.8073,9.876,3.827,483.5,9.8
6718,STARLINK-4719,53774,STARLINK-30948,58525,2026-07-30 10:51:56,5.2529,8.692,2.083,482.4,9.8
6719,STARLINK-30880,58232,STARLINK-35617,66422,2026-07-31 03:06:44,2.2505,8.464,0.936,484.1,9.8
6720,STARLINK-2570,48405,STARLINK-36356,68242,2026-07-30 09:14:52,9.4947,9.589,3.703,466.3,9.8
6721,STARLINK-30801,58184,STARLINK-32774,62737,2026-07-30 17:28:52,3.0819,3.086,1.252,484.3,9.8
6722,STARLINK-3916,52492,STARLINK-30865,58226,2026-07-30 09:23:53,8.1928,8.211,3.197,481.8,9.7
6723,STARLINK-4129,53251,STARLINK-36091,66848,2026-07-30 09:11:54,4.2276,5.313,1.686,483.5,9.7
6724,STARLINK-2139,48554,STARLINK-31522,59204,2026-07-31 08:22:51,8.1166,9.967,3.165,485.9,9.7
6725,STARLINK-34123,63891,STARLINK-36834,67959,2026-07-30 14:35:57,3.1078,6.77,1.259,492.2,9.7
6726,STARLINK-5722,55610,STARLINK-36526,67508,2026-07-31 00:19:52,9.289,9.293,3.607,484.6,9.7
6727,STARLINK-3670,52106,STARLINK-3802,52286,2026-07-31 08:07:50,3.639,5.457,1.458,460.5,9.7
6728,STARLINK-5673,55462,STARLINK-32718,62496,2026-07-31 05:17:54,9.1449,9.915,3.548,484.1,9.7
6729,STARLINK-30213,57504,STARLINK-33850,63679,2026-07-30 15:51:46,3.2516,8.997,1.307,484.2,9.7
6730,STARLINK-30084,56825,STARLINK-33855,64335,2026-07-30 19:28:54,3.346,4.26,1.343,492.7,9.7
6731,STARLINK-2735,48667,STARLINK-30850,58247,2026-07-31 01:25:50,7.6486,9.822,2.972,490.2,9.7
6732,STARLINK-32356,60921,STARLINK-37332,69150,2026-07-31 05:12:54,8.3169,9.084,3.22,479.3,9.7
6733,STARLINK-31640,59748,STARLINK-34616,66320,2026-07-30 18:24:54,6.5905,7.187,2.565,492.6,9.7
6734,STARLINK-34190,64078,STARLINK-35468,66118,2026-07-31 05:14:54,5.6237,6.562,2.199,489.3,9.7
6735,STARLINK-5785,56031,STARLINK-33826,63641,2026-07-30 20:56:52,9.2347,9.717,3.557,484.3,9.7
6736,STARLINK-3879,52473,STARLINK-35322,66332,2026-07-31 00:10:56,4.4087,7.656,1.737,487.1,9.7
6737,STARLINK-30716,57936,STARLINK-35911,68051,2026-07-31 04:14:51,6.5468,7.087,2.537,475.1,9.6
6738,STARLINK-32708,62495,STARLINK-35588,66424,2026-07-30 12:48:46,3.3335,9.832,1.328,484.1,9.6
6739,STARLINK-5172,54064,STARLINK-34252,64330,2026-07-30 16:17:55,6.7394,9.017,2.606,482.0,9.6
6740,STARLINK-4656,53745,STARLINK-35213,65638,2026-07-31 01:03:52,6.5856,6.645,2.547,475.0,9.6
6741,STARLINK-3245,50170,STARLINK-34650,66258,2026-07-30 17:39:55,4.4397,6.113,1.741,485.5,9.6
6742,STARLINK-5734,55612,STARLINK-36545,67505,2026-07-31 02:55:53,9.4104,9.448,3.603,492.3,9.6
6743,STARLINK-32436,61215,STARLINK-34636,64915,2026-07-31 01:39:52,6.4704,6.712,2.498,475.1,9.6
6744,STARLINK-3458,51758,STARLINK-34790,65690,2026-07-30 20:37:50,4.9594,6.918,1.932,473.7,9.6
6745,STARLINK-2757,48604,STARLINK-36482,67309,2026-07-30 16:50:52,9.3241,9.326,3.566,487.6,9.6
6746,KSM1-A,46912,STARLINK-31164,58733,2026-07-30 18:00:51,5.0489,6.299,1.965,487.3,9.6
6747,STARLINK-11079 [DTC],58708,STARLINK-11380 [DTC],62099,2026-07-31 00:31:52,8.1627,8.275,3.129,368.3,9.6
6748,STARLINK-31941,59866,STARLINK-33917,64181,2026-07-31 07:23:54,7.2493,8.059,2.787,490.1,9.6
6749,STARLINK-31410,59179,STARLINK-33693,63409,2026-07-30 23:50:57,3.2942,6.873,1.306,484.0,9.6
6750,STARLINK-34547,64777,STARLINK-35401,66067,2026-07-30 13:25:13,0.9223,8.782,0.419,461.8,9.6
6751,STARLINK-30579,58061,STARLINK-33739,63572,2026-07-31 08:14:53,9.1582,9.538,3.493,484.3,9.6
6752,STARLINK-31960,59931,STARLINK-35836,66571,2026-07-30 14:18:55,3.4793,4.737,1.372,492.5,9.6
6753,STARLINK-3777,52294,STARLINK-33534,63499,2026-07-30 19:31:52,5.7989,5.842,2.233,467.1,9.6
6754,STARLINK-5470,54776,KUIPER-00644,69788,2026-07-30 19:38:58,3.8489,9.381,1.506,459.8,9.5
6755,STARLINK-31575,59471,STARLINK-33836,63642,2026-07-31 07:51:50,5.9768,7.936,2.297,492.3,9.5
6756,STARLINK-32517,61980,STARLINK-35362,65888,2026-07-31 04:29:55,7.2509,9.259,2.771,488.6,9.5
6757,2024-110A,60012,HYDROGNSS-1,66762,2026-07-30 16:13:52,6.8826,7.308,2.631,542.7,9.5
6758,SWARM B,39451,2024-153F,60750,2026-07-30 13:53:51,7.775,8.674,2.961,499.1,9.5
6759,STARLINK-32668,62212,STARLINK-35620,66474,2026-07-30 16:10:50,6.7083,8.673,2.564,483.9,9.5
6760,STARLINK-6080,56112,STARLINK-34031,63912,2026-07-31 03:23:51,3.3089,4.14,1.302,484.4,9.5
6761,STARLINK-3555,51863,STARLINK-30111,56302,2026-07-30 16:17:52,9.6735,9.984,3.662,491.8,9.5
6762,STARLINK-31240,59041,STARLINK-33925,63793,2026-07-30 21:27:52,6.707,7.046,2.561,483.7,9.5
6763,STARLINK-30109,56298,STARLINK-31485,59308,2026-07-31 04:16:54,5.2251,5.878,2.01,484.0,9.5
6764,STARLINK-5701,55487,STARLINK-36545,67505,2026-07-30 21:24:53,6.0555,6.062,2.313,484.0,9.5
6765,STARLINK-31806,59640,STARLINK-35990,66792,2026-07-30 21:11:51,6.0602,6.601,2.315,491.7,9.5
6766,STARLINK-31949,59891,STARLINK-36619,67645,2026-07-31 01:46:54,3.2705,3.623,1.28,484.1,9.5
6767,STARLINK-32312,61711,STARLINK-34410,64440,2026-07-30 23:20:47,3.1638,7.891,1.241,463.0,9.5
6768,STARLINK-3542,51852,STARLINK-35607,66163,2026-07-31 08:04:51,6.7469,8.322,2.562,475.0,9.5
6769,STARLINK-2358,47898,STARLINK-31351,58972,2026-07-31 05:04:52,8.1502,8.155,3.079,465.9,9.5
6770,STARLINK-5834,57071,STARLINK-36063,66606,2026-07-30 13:58:52,9.5424,9.704,3.591,492.6,9.5
6771,STARLINK-30246,57615,STARLINK-30942,58441,2026-07-30 12:59:52,9.5067,9.551,3.576,483.0,9.5
6772,STARLINK-31844,60583,STARLINK-35137,65686,2026-07-31 04:37:51,7.8545,9.77,2.966,479.6,9.5
6773,STARLINK-2255,48597,STARLINK-35432,66021,2026-07-30 10:20:53,9.6432,9.964,3.621,479.8,9.5
6774,STARLINK-30239,57291,STARLINK-36513,67429,2026-07-31 05:33:52,3.4251,3.427,1.333,492.5,9.5
6775,STARLINK-30363,57744,STARLINK-34138,63971,2026-07-30 22:43:50,3.4403,4.672,1.338,484.1,9.4
6776,STARLINK-31377,58938,STARLINK-34543,64926,2026-07-30 18:35:52,9.7959,9.796,3.674,485.4,9.4
6777,STARLINK-33531,63399,STARLINK-34017,64339,2026-07-30 23:40:55,3.4201,4.466,1.33,484.5,9.4
6778,STARLINK-6299,57358,STARLINK-32640,62198,2026-07-31 00:44:55,6.9575,9.766,2.628,484.1,9.4
6779,STARLINK-32759,62751,STARLINK-33940,63831,2026-07-30 23:54:49,3.3722,6.185,1.311,492.3,9.4
6780,STARLINK-3209,49752,STARLINK-37037,68084,2026-07-30 09:09:51,5.6188,6.78,2.135,475.3,9.4
6781,STARLINK-5907,56021,STARLINK-33866,63653,2026-07-30 23:09:53,9.4982,9.558,3.558,484.8,9.4
6782,STARLINK-2049,47356,STARLINK-5374,56144,2026-07-31 03:24:52,9.2088,9.36,3.45,487.6,9.4
6783,STARLINK-4686,53715,STARLINK-31333,58971,2026-07-31 05:21:52,3.6198,3.645,1.401,473.8,9.4
6784,STARLINK-30466,57904,STARLINK-35446,66432,2026-07-31 05:29:53,9.6031,9.608,3.591,484.1,9.4
6785,STARLINK-5520,57219,STARLINK-36991,68011,2026-07-30 08:41:56,3.4293,5.951,1.327,484.2,9.4
6786,STARLINK-31820,59725,KUIPER-00608,69291,2026-07-30 10:06:57,2.5208,4.743,0.995,470.6,9.4
6787,STARLINK-6142,57113,STARLINK-32408,62054,2026-07-31 04:27:55,5.9565,7.524,2.25,492.4,9.4
6788,STARLINK-4762,53866,STARLINK-37647,69207,2026-07-30 08:55:54,5.5639,6.199,2.106,460.2,9.4
6789,STARLINK-31597,59464,STARLINK-33915,63708,2026-07-30 11:41:53,9.0247,9.199,3.365,490.7,9.4
6790,STARLINK-4715,53801,STARLINK-36731,68964,2026-07-30 20:32:56,5.0053,7.584,1.898,459.4,9.4
6791,STARLINK-30526,58006,STARLINK-36288,69164,2026-07-30 10:01:47,3.6809,8.245,1.414,472.6,9.4
6792,STARLINK-3742,52303,STARLINK-3948,52546,2026-07-30 10:33:53,7.4495,7.525,2.786,475.4,9.4
6793,STARLINK-31286,59082,STARLINK-36430,67326,2026-07-30 23:58:47,3.3661,7.752,1.298,492.6,9.4
6794,STARLINK-6252,56555,STARLINK-33611,63279,2026-07-31 05:57:56,3.4988,5.952,1.345,493.6,9.4
6795,SPAWAR-CAL-R,43776,STARLING 1,57388,2026-07-30 20:42:52,3.5729,3.578,1.37,561.9,9.3
6796,STARLINK-5765,57147,STARLINK-32715,62569,2026-07-30 18:19:53,7.0252,7.174,2.623,492.3,9.3
6797,STARLINK-4300,53173,STARLINK-35757,66270,2026-07-30 10:21:53,8.4661,8.517,3.145,473.8,9.3
6798,STARLINK-31170,58801,STARLINK-34292,64390,2026-07-31 06:49:56,3.4636,5.589,1.327,484.2,9.3
6799,STARLINK-3150,49452,STARLINK-36076,66588,2026-07-31 07:01:53,9.7927,9.797,3.619,487.7,9.3
6800,STARLINK-3352,51147,STARLINK-32842,62822,2026-07-31 06:21:55,2.7977,3.731,1.086,461.3,9.3
6801,STARLINK-31061,58611,STARLINK-32905,62923,2026-07-31 05:21:53,9.6011,9.66,3.549,492.3,9.3
6802,STARLINK-31169,58809,STARLINK-32499,61959,2026-07-31 00:36:55,3.3307,4.66,1.276,484.0,9.3
6803,STARLINK-4103,53141,STARLINK-33902,65920,2026-07-30 23:43:51,7.3825,9.157,2.741,473.6,9.3
6804,STARLINK-32025,60138,STARLINK-36997,68248,2026-07-30 16:42:54,6.2249,7.255,2.321,475.2,9.3
6805,STARLINK-34178,64096,STARLINK-35594,66157,2026-07-31 05:26:52,9.5888,9.596,3.534,478.9,9.3
6806,STARLINK-2535,48295,STARLINK-34265,64192,2026-07-30 13:09:55,4.7769,6.704,1.794,472.1,9.3
6807,STARLINK-6091,56119,STARLINK-34116,63890,2026-07-31 06:39:54,7.0517,7.605,2.614,483.9,9.3
6808,STARLINK-3360,51149,STARLINK-34687,64909,2026-07-30 17:55:50,5.8446,8.098,2.177,461.8,9.3
6809,STARLINK-6160,56382,STARLINK-35482,66346,2026-07-30 21:09:52,3.3701,3.548,1.285,484.1,9.3
6810,STARLINK-31281,59077,STARLINK-36450,67317,2026-07-30 23:47:46,3.6267,9.737,1.377,492.5,9.3
6811,STARLINK-3923,52489,STARLINK-31035,58532,2026-07-30 22:20:52,9.1872,9.369,3.377,465.8,9.3
6812,STARLINK-30801,58184,STARLINK-32774,62737,2026-07-30 16:41:48,3.2777,6.679,1.251,492.3,9.3
6813,STARLINK-31913,59667,STARLINK-33869,63790,2026-07-30 13:33:00,3.3612,9.922,1.28,484.1,9.3
6814,STARLINK-35254,65674,STARLINK-37292,68787,2026-07-30 10:24:45,1.52,4.94,0.618,480.9,9.3
6815,STARLINK-4648,53602,STARLINK-5946,55990,2026-07-30 19:46:49,5.5994,8.768,2.081,494.9,9.3
6816,STARLINK-37822,69424,STARLINK-37959,69696,2026-07-30 18:17:57,5.1516,9.665,1.92,434.8,9.3
6817,STARLINK-3554,51872,STARLINK-36334,67471,2026-07-30 14:47:52,9.3433,9.913,3.422,487.0,9.3
6818,STARLINK-32331,61623,STARLINK-33984,63830,2026-07-31 08:17:59,3.4501,8.902,1.308,484.4,9.2
6819,STARLINK-35365,66186,STARLINK-37032,68181,2026-07-30 11:42:49,5.7408,9.837,2.126,475.0,9.2
6820,STARLINK-32013,60103,STARLINK-37510,69520,2026-07-30 22:59:56,5.6423,9.301,2.089,475.2,9.2
6821,STARLINK-3554,51872,STARLINK-36527,67631,2026-07-31 01:30:53,9.6378,9.676,3.515,486.7,9.2
6822,STARLINK-32022,60149,STARLINK-37691,69205,2026-07-30 22:56:54,5.2341,6.514,1.941,461.3,9.2
6823,STARLINK-11410 [DTC],61946,STARLINK-11545 [DTC],63016,2026-07-30 21:16:53,8.0596,8.197,2.95,357.9,9.2
6824,STARLINK-3637,51799,STARLINK-34145,64110,2026-07-31 00:31:53,5.6199,5.985,2.077,461.9,9.2
6825,STARLINK-32381,61066,STARLINK-35511,66344,2026-07-31 05:22:50,7.1707,9.048,2.63,490.1,9.2
6826,CENTAURI-1,43809,LEMUR-2-DEANANDMAEVE,66680,2026-07-30 13:42:53,7.8095,8.314,2.856,510.5,9.2
6827,STARLINK-30912,58422,STARLINK-33825,63505,2026-07-31 05:27:55,5.0622,7.493,1.875,489.9,9.2
6828,GAOFEN-9 05,46232,STARLINK-37736,69226,2026-07-30 21:49:54,8.0102,9.062,2.926,467.4,9.2
6829,STARLINK-5172,54064,STARLINK-32930,63203,2026-07-30 14:20:49,5.1082,8.246,1.888,482.8,9.2
6830,STARLINK-34727,65025,STARLINK-35124,65511,2026-07-31 06:18:54,6.9344,7.79,2.535,461.6,9.2
6831,STARLINK-31238,58853,STARLINK-32582,62033,2026-07-31 02:10:50,3.5298,4.579,1.325,484.2,9.2
6832,STARLINK-32909,62894,STARLINK-36554,67502,2026-07-30 15:28:53,2.6967,2.826,1.028,483.9,9.2
6833,STARLINK-5686,55450,STARLINK-34078,64012,2026-07-31 01:33:54,7.0683,7.58,2.579,484.0,9.2
6834,STARLINK-31038,58605,STARLINK-37532,69468,2026-07-30 10:54:52,8.1729,8.639,2.969,450.4,9.2
6835,STARLINK-30224,57416,STARLINK-32778,62603,2026-07-30 16:04:54,7.3437,8.795,2.674,484.1,9.2
6836,STARLINK-5656,55451,STARLINK-35987,66860,2026-07-30 09:15:00,3.4375,9.666,1.286,492.5,9.1
6837,STARLINK-37814,69482,STARLINK-37851,69658,2026-07-31 07:36:51,8.1128,8.701,2.935,480.9,9.1
6838,STARLINK-35771,67171,STARLINK-36471,67324,2026-07-30 17:20:59,3.3995,9.412,1.271,483.6,9.1
6839,STARLINK-31343,59093,STARLINK-36427,67333,2026-07-31 04:45:58,3.4868,8.091,1.301,482.9,9.1
6840,STARLINK-31654,59858,STARLINK-35394,66023,2026-07-31 03:29:53,7.2319,7.564,2.623,490.1,9.1
6841,STARLINK-34829,65470,STARLINK-35700,66217,2026-07-30 15:24:52,7.9439,7.957,2.873,465.8,9.1
6842,STARLINK-30203,57498,STARLINK-33880,63686,2026-07-30 18:38:47,3.7206,8.346,1.382,491.8,9.1
6843,STARLINK-5731,56924,STARLINK-32934,63200,2026-07-30 14:19:48,3.4375,6.92,1.281,492.0,9.1
6844,STARLINK-30222,57409,STARLINK-32592,62035,2026-07-30 18:09:54,3.6997,4.036,1.373,492.5,9.1
6845,STARLINK-31688,59386,STARLINK-35709,66216,2026-07-31 03:58:53,7.5952,7.722,2.743,462.8,9.1
6846,STARLINK-5021,53902,STARLINK-31081,58632,2026-07-30 19:26:50,4.0385,5.744,1.49,489.5,9.1
6847,STARLINK-3516,51739,STARLINK-36130,66931,2026-07-31 08:23:51,5.7604,6.725,2.093,460.2,9.1
6848,STARLINK-6372,57348,STARLINK-32494,62053,2026-07-31 06:11:51,3.4638,3.795,1.286,492.8,9.1
6849,STARLINK-37468,68857,STARLINK-37929,69557,2026-07-31 07:29:51,5.2618,6.232,1.914,465.6,9.1
6850,STARLINK-32333,61626,STARLINK-33874,63825,2026-07-31 01:30:55,3.5325,5.051,1.308,492.6,9.1
6851,STARLINK-3794,52631,STARLINK-34778,65021,2026-07-31 06:31:48,2.1472,4.319,0.822,472.5,9.1
6852,STARLINK-33604,63070,STARLINK-34144,63958,2026-07-30 22:14:53,7.2205,7.333,2.593,492.9,9.0
6853,STARLINK-31659,59254,STARLINK-34596,64732,2026-07-30 20:06:55,0.9693,1.47,0.408,461.9,9.0
6854,STARLINK-30353,58113,STARLINK-31639,59261,2026-07-30 10:50:49,4.2348,7.388,1.548,472.5,9.0
6855,STARLINK-32680,62423,BANDWAGON-4 OBJECT N,66305,2026-07-30 12:28:54,2.7694,3.162,1.035,483.8,9.0
6856,STARLINK-31501,59359,STARLINK-35618,66423,2026-07-30 14:23:46,3.5389,9.3,1.304,484.1,9.0
6857,STARLINK-3555,51863,STARLINK-34028,63973,2026-07-30 13:24:54,3.6727,4.516,1.35,488.6,9.0
6858,STARLINK-30827,58195,STARLINK-32761,62749,2026-07-31 00:39:52,3.6086,3.837,1.327,492.4,9.0
6859,STARLINK-3113,49735,STARLINK-34236,64743,2026-07-30 20:25:04,1.0548,5.258,0.436,461.9,9.0
6860,STARLINK-2623,48368,STARLINK-3597,51898,2026-07-30 08:57:53,7.8938,8.188,2.81,479.7,9.0
6861,STARLINK-6323,56524,STARLINK-36458,67343,2026-07-30 18:11:54,3.483,3.732,1.279,484.1,9.0
6862,STARLINK-32852,62824,STARLINK-34017,64339,2026-07-30 09:38:53,8.8016,9.155,3.124,480.3,9.0
6863,STARLINK-3242,49727,STARLINK-36837,67858,2026-07-30 19:18:52,7.0828,7.121,2.52,474.1,9.0
6864,STARLINK-3881,52472,STARLINK-35676,67345,2026-07-30 23:56:54,3.8263,4.346,1.389,489.9,8.9
6865,STARLINK-30071,56708,STARLINK-32714,62499,2026-07-30 10:49:47,3.6451,8.11,1.326,492.6,8.9
6866,STARLINK-31503,59200,STARLINK-33694,63407,2026-07-31 08:02:52,3.5887,3.778,1.306,492.1,8.9
6867,STARLINK-2712,48674,STARLINK-33678,63509,2026-07-30 20:11:51,7.3413,8.464,2.594,486.9,8.9
6868,STARLINK-32643,62233,STARLINK-37054,68082,2026-07-31 00:16:53,8.9512,9.241,3.147,465.7,8.9
6869,STARLINK-31344,59171,STARLINK-32311,62114,2026-07-31 05:42:46,3.4667,9.28,1.26,484.2,8.9
6870,STARLINK-36710,67971,STARLINK-37475,68839,2026-07-31 07:02:57,1.6187,3.095,0.625,463.7,8.9
6871,STARLINK-5458,54764,STARLINK-36452,67405,2026-07-30 21:23:54,9.2574,9.911,3.246,487.7,8.9
6872,STARLINK-32182,60319,STARLINK-32342,61217,2026-07-31 05:19:53,7.7973,7.802,2.744,479.5,8.9
6873,STARLINK-3515,51738,STARLINK-3544,51803,2026-07-30 17:04:52,8.4741,8.689,2.976,479.4,8.9
6874,STARLINK-32336,61004,STARLINK-32443,61672,2026-07-30 09:57:51,7.9999,8.638,2.812,465.8,8.9
6875,STARLINK-2621,48370,HAWK-11C,62381,2026-07-31 00:29:51,3.7115,4.043,1.341,483.5,8.9
6876,STARLINK-2017,47351,STARLINK-3522,51725,2026-07-30 16:19:54,6.7404,8.215,2.379,486.7,8.9
6877,STARLINK-4194,53000,KUIPER-00554,69619,2026-07-30 20:46:53,6.7157,6.833,2.367,455.6,8.9
6878,STARLINK-4684,53595,STARLINK-35806,66363,2026-07-30 23:29:51,8.733,9.758,3.056,466.3,8.9
6879,STARLINK-4663,53724,STARLINK-35131,66075,2026-07-31 03:02:54,8.1474,9.906,2.855,474.3,8.9
6880,STARLINK-5631,55346,STARLINK-35926,66642,2026-07-30 15:43:50,6.6547,9.611,2.344,489.5,8.9
6881,STARLINK-2483,48140,LEMUR-2-AFFIE-WAUWIE,66295,2026-07-30 17:10:50,6.0496,7.614,2.137,484.3,8.9
6882,STARLINK-30165,57457,STARLINK-35689,66494,2026-07-30 15:12:50,3.7162,5.337,1.338,484.2,8.9
6883,STARLINK-32503,62157,STARLINK-34100,64385,2026-07-30 10:36:55,3.6508,5.002,1.316,484.1,8.9
6884,STARLINK-4200,52876,STARLINK-37146,68555,2026-07-31 07:04:53,9.13,9.142,3.186,465.7,8.9
6885,STARLINK-31441,60091,STARLINK-37484,69527,2026-07-30 13:03:50,5.9261,7.776,2.086,474.6,8.8
6886,STARLINK-5205,54202,STARLINK-34097,63903,2026-07-30 17:45:54,6.3881,7.271,2.243,483.0,8.8
6887,STARLINK-31842,59672,STARLINK-33827,63798,2026-07-30 17:59:51,3.5597,4.106,1.279,492.8,8.8
6888,STARLINK-3785,52375,STARLINK-35727,66281,2026-07-30 13:45:57,4.9317,9.198,1.743,473.8,8.8
6889,STARLINK-32879,62957,STARLINK-36743,67876,2026-07-30 10:06:54,8.3928,8.929,2.918,479.2,8.8
6890,STARLINK-3703,52101,STARLINK-3738,52117,2026-07-30 17:18:49,3.8351,5.838,1.37,460.2,8.8
6891,STARLINK-32796,62739,STARLINK-34324,64207,2026-07-30 21:52:51,9.0385,9.622,3.137,480.5,8.8
6892,STARLINK-30158,57438,STARLINK-35559,66095,2026-07-30 15:12:55,5.2553,6.973,1.852,489.3,8.8
6893,STARLINK-6291,56547,STARLINK-36431,67421,2026-07-31 07:57:58,3.7439,8.857,1.339,492.7,8.8
6894,STARLINK-31449,58966,STARLINK-37428,69184,2026-07-31 07:07:03,1.2199,5.072,0.482,474.8,8.8
6895,STARLINK-3271,50167,STARLINK-31615,59413,2026-07-30 17:15:50,5.4254,7.107,1.907,475.0,8.8
6896,STARLINK-3882,52475,STARLINK-35911,68051,2026-07-30 16:35:53,9.6589,9.733,3.342,464.5,8.8
6897,ONEWEB-0065,45164,ONEWEB-0066,45424,2026-07-31 08:11:55,5.4522,6.971,1.915,1218.1,8.8
6898,STARLINK-35036,65406,STARLINK-34816,65467,2026-07-31 08:18:53,8.0895,8.491,2.806,465.7,8.8
6899,2024-018C,58851,STARLINK-31759,59740,2026-07-31 05:11:53,9.4795,9.482,3.275,480.7,8.8
6900,STARLINK-2396,47815,STARLINK-37076,68173,2026-07-31 02:54:51,6.9823,8.387,2.429,466.7,8.8
6901,STARLINK-32819,62995,STARLINK-37199,68327,2026-07-30 22:16:54,5.0811,5.836,1.781,488.8,8.8
6902,STARLINK-2473,48131,STARLINK-34287,64670,2026-07-30 18:35:54,8.3999,9.183,2.898,479.3,8.8
6903,STARLINK-36334,67471,STARLINK-36381,67952,2026-07-31 06:24:59,3.7402,9.511,1.327,483.7,8.8
6904,STARLINK-33551,62110,STARLINK-34324,64207,2026-07-30 19:50:51,7.473,8.012,2.584,489.7,8.8
6905,STARLINK-2370,47910,STARLINK-32199,60320,2026-07-30 13:11:52,8.9589,9.276,3.082,466.0,8.8
6906,STARLINK-37814,69482,STARLINK-37851,69658,2026-07-31 06:49:52,8.5482,8.55,2.943,463.8,8.8
6907,STARLINK-32509,62042,STARLINK-34222,64191,2026-07-30 17:34:54,7.2413,8.26,2.502,490.1,8.8
6908,STARLINK-33624,63071,STARLINK-37517,69254,2026-07-31 07:29:53,6.678,6.768,2.311,476.5,8.7
6909,STARLINK-2587,48399,STARLINK-31106,58689,2026-07-30 22:13:51,9.2917,9.88,3.187,487.5,8.7
6910,STARLINK-5973,56916,STARLINK-32935,63202,2026-07-30 17:43:47,3.854,8.182,1.36,483.8,8.7
6911,STARLINK-30203,57498,STARLINK-33880,63686,2026-07-30 19:25:51,3.9271,4.176,1.383,484.7,8.7
6912,STARLINK-33571,63386,STARLINK-37933,69532,2026-07-31 02:54:52,0.9677,1.002,0.391,474.9,8.7
6913,STARLINK-30325,57717,STARLINK-35150,65635,2026-07-30 14:18:54,8.7402,9.427,2.996,480.1,8.7
6914,STARLINK-31378,58932,STARLINK-34695,64916,2026-07-31 02:31:51,8.5941,9.632,2.946,479.5,8.7
6915,STARLINK-4006,52676,STARLINK-32679,62507,2026-07-30 11:39:52,9.0653,9.514,3.103,481.7,8.7
6916,STARLINK-3859,52470,STARLINK-4108,52834,2026-07-30 21:02:54,7.8794,9.468,2.705,473.2,8.7
6917,STARLINK-4487,53531,STARLINK-36519,67449,2026-07-30 13:26:52,9.6782,9.697,3.307,487.6,8.7
6918,STARLINK-3522,51725,STARLINK-5827,57066,2026-07-31 07:48:51,7.73,8.671,2.654,488.6,8.7
6919,STARLINK-4060,53267,KUIPER-00199,67771,2026-07-30 08:50:49,5.5135,9.008,1.912,458.5,8.7
6920,STARLINK-2555,48291,STARLINK-36917,68059,2026-07-31 05:53:52,9.3324,9.354,3.189,466.3,8.7
6921,STARLINK-32395,61679,STARLINK-35322,66332,2026-07-30 12:30:50,7.4295,9.168,2.552,489.3,8.7
6922,STARLINK-32497,62161,STARLINK-33966,64203,2026-07-30 17:13:53,7.2776,7.393,2.497,480.8,8.7
6923,STARLINK-35241,65515,STARLINK-35258,65861,2026-07-30 17:09:51,6.6263,7.392,2.279,461.3,8.7
6924,STARLINK-31181,58746,STARLINK-33914,63774,2026-07-30 23:25:51,6.8759,7.336,2.36,484.3,8.7
6925,STARLINK-32880,62955,STARLINK-35986,66853,2026-07-31 00:52:52,9.8948,9.918,3.367,487.5,8.7
6926,STARLINK-3923,52489,STARLINK-32008,60028,2026-07-30 09:04:07,1.1899,7.025,0.463,487.6,8.7
6927,STARLINK-6350,57226,STARLINK-33757,63720,2026-07-31 04:06:53,8.8175,9.012,3.003,480.6,8.7
6928,STARLINK-30705,57945,STARLINK-37233,68562,2026-07-31 01:05:55,6.9019,9.518,2.36,475.3,8.7
6929,STARLINK-5043,53894,STARLINK-31426,59249,2026-07-30 14:38:54,9.1904,9.786,3.12,495.4,8.7
6930,STARLINK-6142,57113,STARLINK-32408,62054,2026-07-31 03:40:50,6.5846,8.686,2.253,484.1,8.7
6931,STARLINK-33705,63651,STARLINK-34694,66189,2026-07-30 11:27:52,7.7764,7.78,2.648,479.9,8.7
6932,STARLINK-30520,58010,STARLINK-32807,62845,2026-07-30 14:03:47,3.7713,8.35,1.318,492.2,8.7
6933,STARLINK-30225,57449,STARLINK-32350,61063,2026-07-31 00:07:51,9.2699,9.796,3.143,487.7,8.7
6934,STARLINK-3781,52272,STARLINK-32467,61713,2026-07-30 16:39:51,8.2084,9.447,2.79,479.6,8.6
6935,STARLINK-31770,59601,STARLINK-33916,63792,2026-07-30 09:00:46,3.7803,9.035,1.32,492.8,8.6
6936,STARLINK-2633,48435,STARLINK-32580,62075,2026-07-30 09:12:50,5.3084,7.329,1.827,472.1,8.6
6937,STARLINK-5181,54070,STARLINK-31087,58597,2026-07-30 19:15:50,7.1187,8.871,2.425,489.8,8.6
6938,STARLINK-31472,59730,STARLINK-32780,62746,2026-07-30 12:21:52,7.5452,7.806,2.565,481.8,8.6
6939,STARLINK-2516,48283,STARLINK-32469,61721,2026-07-30 13:50:53,8.1879,8.33,2.777,465.9,8.6
6940,STARLINK-4576,53566,STARLINK-35998,68055,2026-07-31 00:05:51,6.8779,7.396,2.343,461.5,8.6
6941,STARLINK-31148,58741,KUIPER-00569,69766,2026-07-31 05:04:54,8.1632,9.734,2.765,486.9,8.6
6942,STARLINK-30858,58358,STARLINK-33832,63637,2026-07-30 18:11:53,3.7908,3.807,1.318,492.6,8.6
6943,STARLINK-34731,65029,STARLINK-37151,68290,2026-07-30 17:58:51,7.6433,8.4,2.59,461.8,8.6
6944,STARLINK-32510,62040,STARLINK-32710,62604,2026-07-30 15:24:51,3.5656,4.302,1.243,492.5,8.6
6945,STARLINK-3266,50195,STARLINK-35626,66233,2026-07-31 00:15:54,8.9851,9.718,3.031,479.1,8.6
6946,STARLINK-31729,59610,STARLINK-36744,67987,2026-07-30 19:07:56,3.805,6.366,1.321,484.1,8.6
6947,STARLINK-30472,57901,STARLINK-36481,67307,2026-07-31 07:57:56,3.8513,6.348,1.335,484.0,8.6
6948,STARLINK-33838,63500,STARLINK-35785,67176,2026-07-30 08:57:53,9.0081,9.067,3.034,479.9,8.6
6949,STARLINK-2402,47819,STARLINK-30964,58402,2026-07-31 07:30:52,8.6898,8.867,2.928,487.4,8.6
6950,STARLINK-3913,52485,STARLINK-32200,60258,2026-07-31 06:39:50,5.4995,7.628,1.877,464.6,8.6
6951,STARLINK-31380,58979,STARLINK-37237,69185,2026-07-30 17:46:43,1.2652,4.736,0.482,461.9,8.6
6952,STARLINK-5951,56918,STARLINK-32208,60598,2026-07-31 03:30:54,7.2032,8.443,2.436,489.8,8.6
6953,STARLINK-31856,59960,STARLINK-34237,64194,2026-07-30 12:04:52,8.248,8.573,2.775,466.0,8.6
6954,STARLINK-6294,57225,STARLINK-33844,63768,2026-07-30 14:16:50,3.6241,5.002,1.256,484.4,8.6
6955,STARLINK-6379,57343,STARLINK-36654,67838,2026-07-30 19:26:53,3.7891,3.795,1.309,492.7,8.6
6956,STARLINK-32289,60737,STARLINK-37056,68260,2026-07-30 18:45:52,6.2696,6.396,2.124,461.9,8.6
6957,STARLINK-30104,56300,STARLINK-34265,64192,2026-07-30 16:09:51,8.426,8.986,2.831,480.6,8.6
6958,STARLINK-3145,49455,STARLINK-36665,68968,2026-07-31 08:00:54,7.6269,8.893,2.568,475.2,8.6
6959,STARLINK-30935,58455,STARLINK-33712,63797,2026-07-31 08:15:46,3.7385,8.818,1.292,492.3,8.6
6960,STARLINK-3609,51808,STARLINK-36059,66904,2026-07-30 10:06:54,7.6324,8.207,2.568,472.8,8.6
6961,TECMS,53346,FLOCK 4H-15,66718,2026-07-30 22:43:49,2.1688,3.261,0.776,519.0,8.6
6962,STARLINK-6163,57128,STARLINK-35463,66463,2026-07-30 14:16:57,3.9399,7.758,1.356,492.7,8.6
6963,STARLINK-3950,53264,STARLINK-35750,66209,2026-07-30 14:54:54,4.7353,5.025,1.616,474.2,8.5
6964,STARLINK-6080,56112,STARLINK-34031,63912,2026-07-31 02:36:46,3.7722,9.105,1.3,492.3,8.5
6965,STARLINK-6327,56522,STARLINK-36432,67342,2026-07-30 09:11:51,3.7062,4.12,1.278,492.3,8.5
6966,EOSSAT-1,55053,STARLINK-35077,65529,2026-07-30 16:17:45,2.5665,7.486,0.904,465.0,8.5
6967,STARLINK-3839,52480,STARLINK-33646,63280,2026-07-31 02:07:55,6.5534,8.187,2.207,482.9,8.5
6968,STARLINK-31510,59575,STARLINK-32641,62236,2026-07-30 08:46:53,6.0755,6.086,2.047,489.6,8.5
6969,STARLINK-2188,48563,STARLINK-34847,65211,2026-07-30 14:01:52,8.31,8.694,2.775,479.3,8.5
6970,STARLINK-31875,59674,STARLINK-33875,63789,2026-07-30 09:46:51,3.7214,4.112,1.279,492.0,8.5
6971,STARLINK-6319,56532,STARLINK-35479,66326,2026-07-31 07:47:46,3.7765,8.979,1.296,492.7,8.5
6972,STARLINK-1480,45741,STARLINK-11572 [DTC],62990,2026-07-30 17:23:55,7.0132,9.244,2.348,364.9,8.5
6973,STARLINK-34688,65875,STARLINK-37044,68247,2026-07-31 01:14:59,1.104,2.792,0.424,460.6,8.5
6974,STARLINK-5778,57149,STARLINK-32495,62052,2026-07-30 18:35:46,3.7642,9.718,1.289,492.3,8.5
6975,STARLINK-32186,60412,STARLINK-37090,68193,2026-07-30 15:33:52,7.7451,7.759,2.581,461.7,8.5
6976,STARLINK-4258,53180,STARLINK-32868,62854,2026-07-30 09:47:55,5.5186,7.631,1.857,463.0,8.5
6977,STARLINK-32364,61622,STARLINK-36223,67126,2026-07-31 04:04:47,3.836,7.975,1.311,492.6,8.5
6978,STARLINK-32739,62498,STARLINK-34305,65375,2026-07-31 00:11:53,7.8036,7.834,2.599,489.5,8.5
6979,STARLINK-5358,57143,STARLINK-35928,66528,2026-07-30 20:34:59,3.8783,9.487,1.323,492.8,8.5
6980,STARLINK-5960,56920,STARLINK-31390,58937,2026-07-31 02:55:53,7.9205,8.321,2.631,480.7,8.5
6981,STARLINK-4190,53001,STARLINK-32867,62855,2026-07-30 14:28:50,5.6077,7.237,1.881,476.7,8.5
6982,STARLINK-5749,55569,STARLINK-30313,57676,2026-07-31 00:44:51,6.6952,7.112,2.233,489.5,8.5
6983,STARLINK-3542,51852,STARLINK-37379,69522,2026-07-30 21:54:51,6.435,7.663,2.146,462.0,8.5
6984,STARLINK-2381,47800,STARLINK-4129,53251,2026-07-30 11:02:51,8.5712,9.562,2.837,473.5,8.5
6985,STARLINK-31882,59855,STARLINK-32460,61914,2026-07-30 13:15:55,3.709,4.751,1.263,484.3,8.5
6986,STARLINK-32192,60316,STARLINK-37166,69195,2026-07-30 13:18:57,1.2305,2.613,0.462,475.1,8.5
6987,STARLINK-5124,54011,STARLINK-35992,66852,2026-07-31 06:25:52,8.0406,8.051,2.661,482.1,8.4
6988,STARLINK-2040,47656,STARLINK-35925,66887,2026-07-30 22:54:53,8.3646,8.385,2.764,466.8,8.4
6989,STARLINK-30981,58494,STARLINK-33954,63863,2026-07-30 18:24:46,3.944,9.646,1.336,492.1,8.4
6990,STARLINK-5340,56506,STARLINK-34097,63903,2026-07-30 22:22:51,6.8374,7.417,2.268,484.7,8.4
6991,STARLINK-2525,48482,STARLINK-30554,58048,2026-07-30 23:25:54,7.9958,9.203,2.64,465.8,8.4
6992,STARLINK-33965,64755,STARLINK-37293,68978,2026-07-31 08:20:55,7.0251,8.617,2.326,461.1,8.4
6993,STARLINK-30103,56290,STARLINK-32441,61668,2026-07-31 07:36:51,8.7721,9.32,2.888,480.4,8.4
6994,TEVEL2-8,63239,STARLINK-37081,68229,2026-07-31 04:09:55,7.0026,8.43,2.318,465.2,8.4
6995,STARLINK-5627,55364,STARLINK-33814,63582,2026-07-30 20:52:59,3.9159,8.89,1.324,492.2,8.4
6996,STARLINK-5790,56036,STARLINK-32102,59699,2026-07-30 16:54:49,3.8627,6.302,1.307,484.5,8.4
6997,STARLINK-5385,54821,STARLINK-31127,58765,2026-07-30 14:23:53,7.4423,7.471,2.455,489.9,8.4
6998,STARLINK-31309,59164,STARLINK-32794,62844,2026-07-30 20:14:56,4.7679,7.803,1.592,492.2,8.4
6999,STARLINK-31559,59358,STARLINK-35446,66432,2026-07-30 22:20:54,3.8629,4.293,1.301,492.7,8.4
7000,STARLINK-30578,58093,STARLINK-32256,60362,2026-07-30 13:50:54,6.1285,6.526,2.026,489.5,8.4
7001,STARLINK-31348,59172,STARLINK-31396,59409,2026-07-31 08:06:53,3.9152,3.915,1.317,484.3,8.4
7002,STARLINK-31729,59610,STARLINK-36744,67987,2026-07-30 18:20:52,3.9209,3.961,1.319,492.6,8.4
7003,STARLINK-31889,59847,STARLINK-35394,66023,2026-07-30 19:38:54,9.1914,9.844,3.004,490.3,8.4
7004,STARLINK-30067,56693,STARLINK-35654,66483,2026-07-30 12:52:55,3.9392,5.112,1.322,484.4,8.4
7005,STARLINK-32499,61959,STARLINK-34542,65890,2026-07-31 02:17:54,8.2886,9.548,2.711,480.3,8.4
7006,STARLINK-6167,57126,STARLINK-31859,59848,2026-07-31 03:17:58,3.9472,8.369,1.324,481.8,8.4
7007,STARLINK-3988,52625,STARLINK-4701,53727,2026-07-31 01:01:48,5.3706,9.065,1.777,474.6,8.4
7008,STARLINK-30445,57873,STARLINK-36415,67519,2026-07-31 06:40:52,7.9017,7.909,2.583,484.0,8.4
7009,STARLINK-4714,53704,STARLINK-35295,66070,2026-07-30 15:47:51,5.0169,5.993,1.663,472.2,8.4
7010,STARLINK-31606,59571,STARLINK-33699,63328,2026-07-30 21:04:56,3.9188,5.661,1.313,484.1,8.4
7011,STARLINK-33817,63583,STARLINK-34751,65338,2026-07-31 06:05:53,9.454,9.552,3.075,487.4,8.3
7012,STARLINK-5382,54820,STARLINK-34921,65893,2026-07-31 04:13:52,7.1443,7.344,2.34,489.6,8.3
7013,STARLINK-4612,53750,STARLINK-36965,68961,2026-07-30 23:02:51,5.6679,6.286,1.869,475.0,8.3
7014,STARLINK-2105,47385,STARLINK-32347,61010,2026-07-30 15:30:54,9.0828,9.981,2.956,479.9,8.3
7015,STARLINK-3346,50821,STARLINK-30464,57908,2026-07-30 20:14:55,6.0141,8.098,1.977,482.8,8.3
7016,STARLINK-6101,56115,STARLINK-34025,63824,2026-07-31 00:44:46,3.7345,8.952,1.252,492.3,8.3
7017,STARLINK-36273,68166,STARLINK-37713,69212,2026-07-31 03:26:48,1.7851,3.404,0.631,463.1,8.3
7018,STARLINK-2188,48563,STARLINK-32351,61529,2026-07-30 11:39:56,4.4992,6.665,1.491,472.2,8.3
7019,STARLINK-6124,56126,STARLINK-34068,63914,2026-07-31 07:38:52,8.0364,8.425,2.612,484.8,8.3
7020,STARLINK-4729,53804,STARLINK-31353,58980,2026-07-31 04:12:51,5.8204,6.195,1.905,473.7,8.3
7021,KSM1-C,46906,STARLINK-31183,58747,2026-07-30 09:33:55,5.2846,6.475,1.734,486.2,8.3
7022,STARLINK-6158,56375,STARLINK-31468,58998,2026-07-31 08:02:54,8.3995,9.199,2.714,489.9,8.3
7023,STARLINK-5334,56509,STARLINK-36480,67336,2026-07-31 01:46:56,4.0959,6.685,1.354,492.4,8.3
7024,STARLINK-5241,54204,STARLINK-30083,56295,2026-07-31 06:20:51,8.746,9.486,2.818,488.3,8.3
7025,ASNARO,40298,UMBRA-10,60547,2026-07-31 04:41:49,5.2597,7.546,1.718,523.6,8.3
7026,STARLINK-3904,52464,STARLINK-32451,61857,2026-07-30 16:26:55,6.0391,8.194,1.963,488.6,8.3
7027,STARLINK-31586,59205,STARLINK-33751,63512,2026-07-30 13:45:54,5.2591,5.986,1.717,472.3,8.3
7028,STARLINK-37745,69232,STARLINK-37869,69483,2026-07-30 13:32:56,1.7605,2.699,0.616,464.4,8.2
7029,STARLINK-3458,51758,STARLINK-37143,68336,2026-07-30 15:56:55,7.1006,8.508,2.293,474.2,8.2
7030,STARLINK-3785,52375,STARLINK-35727,66281,2026-07-30 14:32:50,5.3676,7.122,1.746,460.4,8.2
7031,STARLINK-32503,62157,STARLINK-34100,64385,2026-07-30 09:49:51,3.9914,4.564,1.314,491.9,8.2
7032,STARLINK-4266,52869,STARLINK-37232,69515,2026-07-31 04:39:51,8.0462,8.698,2.585,461.6,8.2
7033,STARLINK-3741,52619,STARLINK-35202,65647,2026-07-30 22:09:53,5.2612,5.29,1.711,460.5,8.2
7034,STARLINK-32850,62950,STARLINK-34888,65471,2026-07-30 19:07:51,8.1576,9.119,2.617,478.7,8.2
7035,STARLINK-3209,49752,STARLINK-31434,59215,2026-07-31 07:47:59,1.0465,2.656,0.39,461.9,8.2
7036,STARLINK-4121,53002,STARLINK-34525,64678,2026-07-30 16:01:57,5.0941,8.38,1.657,476.6,8.2
7037,STARLINK-6223,57057,STARLINK-31965,59888,2026-07-30 17:31:59,4.1893,9.531,1.372,492.4,8.2
7038,STARLINK-34852,66135,STARLINK-35781,67110,2026-07-31 06:12:49,6.0542,9.409,1.954,489.2,8.2
7039,STARLINK-3990,52626,STARLINK-37016,68288,2026-07-30 11:17:52,9.3448,9.806,2.98,473.5,8.2
7040,STARLINK-32434,61913,STARLINK-32668,62212,2026-07-31 07:03:54,4.029,4.291,1.318,492.3,8.2
7041,STARLINK-30607,58099,STARLINK-31927,59837,2026-07-31 04:09:54,8.7366,9.315,2.784,490.0,8.2
7042,STARLINK-6150,57119,STARLINK-30953,58491,2026-07-31 03:42:47,3.9452,7.956,1.29,492.6,8.2
7043,STARLINK-30412,57854,STARLINK-33760,63764,2026-07-31 03:25:54,8.0531,9.498,2.567,480.5,8.2
7044,STARLINK-31071,58602,STARLINK-36125,67036,2026-07-31 07:37:50,8.2921,9.832,2.637,484.1,8.2
7045,STARLINK-31567,59199,STARLINK-32367,60919,2026-07-30 20:14:51,8.8848,9.979,2.819,480.4,8.2
7046,STARLINK-31961,59894,STARLINK-32462,62129,2026-07-30 18:40:52,4.0151,4.065,1.308,492.2,8.2
7047,HAWK-A,43765,SUPERVIEW NEO-1 02,52322,2026-07-31 00:49:52,8.1041,8.186,2.576,527.3,8.2
7048,KSM1-D,46907,STARLINK-6141,57112,2026-07-30 17:11:53,9.36,9.558,2.965,489.3,8.2
7049,STARLINK-3460,51755,STARLINK-35213,65638,2026-07-30 14:57:55,7.4548,9.063,2.371,461.9,8.1
7050,STARLINK-3364,51152,STARLINK-32290,60359,2026-07-30 19:23:51,5.3148,5.989,1.708,464.2,8.1
7051,STARLINK-4291,52988,STARLINK-35324,65838,2026-07-30 16:43:50,7.4196,9.307,2.358,463.0,8.1
7052,2023-091D,57169,SIGI,62632,2026-07-30 12:32:54,7.4574,8.726,2.369,491.6,8.1
7053,STARLINK-31247,59206,STARLINK-33815,63497,2026-07-30 21:08:55,5.3261,6.43,1.709,485.7,8.1
7054,STARLINK-5036,53917,STARLINK-34516,64605,2026-07-31 02:29:52,8.9517,8.988,2.83,484.4,8.1
7055,TOMORROW-S2,60485,STARLINK-35100,65542,2026-07-30 21:57:49,5.6607,8.269,1.812,463.2,8.1
7056,STARLINK-6128,57132,STARLINK-35684,66458,2026-07-30 17:41:55,4.1894,5.453,1.356,492.5,8.1
7057,STARLINK-5422,54804,STARLINK-32284,61005,2026-07-31 01:19:54,6.6529,7.212,2.117,462.0,8.1
7058,STARLINK-4267,52864,STARLINK-6076,56100,2026-07-30 22:49:53,9.1961,9.398,2.902,480.6,8.1
7059,STARLINK-6255,56550,STARLINK-34616,66320,2026-07-31 05:27:48,3.2497,5.601,1.065,492.6,8.1
7060,STARLINK-31307,59089,STARLINK-36485,67312,2026-07-30 17:45:52,4.0105,4.011,1.299,492.1,8.1
7061,STARLINK-3602,51791,STARLINK-33964,64118,2026-07-31 04:42:53,6.6408,6.641,2.11,467.4,8.1
7062,STARLINK-31241,59045,STARLINK-36085,67035,2026-07-31 08:21:53,4.0951,4.095,1.325,483.9,8.1
7063,STARLINK-6323,56524,STARLINK-36458,67343,2026-07-30 18:58:58,3.9458,8.161,1.277,492.5,8.1
7064,STARLINK-32668,62212,STARLINK-35620,66474,2026-07-31 03:09:52,8.1275,8.131,2.564,483.9,8.1
7065,STARLINK-31029,58712,STARLINK-36113,66982,2026-07-31 02:06:53,5.1409,5.395,1.644,488.8,8.1
7066,STARLINK-3665,52098,STARLINK-32860,62856,2026-07-30 17:43:50,6.4379,7.911,2.042,460.6,8.1
7067,STARLINK-37201,69220,STARLINK-37568,69492,2026-07-30 12:53:47,1.8678,3.91,0.636,464.3,8.1
7068,STARLINK-31621,59465,STARLINK-36862,68003,2026-07-30 15:44:49,4.0745,6.312,1.313,484.1,8.1
7069,STARLINK-34770,65036,STP-S29A OBJECT A,68627,2026-07-30 10:16:54,8.0483,9.382,2.532,467.0,8.1
7070,STARLINK-6363,57375,STARLINK-30205,57408,2026-07-30 14:52:07,1.8691,9.577,0.634,483.2,8.1
7071,STARLINK-2092,47373,STARLINK-3892,52488,2026-07-30 14:18:53,6.2277,6.416,1.969,472.1,8.1
7072,STARLINK-31169,58809,STARLINK-32499,61959,2026-07-30 23:49:51,3.9652,4.621,1.275,492.6,8.1
7073,STARLINK-5346,56518,STARLINK-36410,67337,2026-07-30 16:47:55,4.2299,5.097,1.355,492.7,8.1
7074,STARLINK-30814,58165,STARLINK-31684,59492,2026-07-30 23:13:56,6.4725,9.583,2.04,489.6,8.1
7075,STARLINK-31767,59605,STARLINK-33867,63795,2026-07-30 21:22:54,4.1195,4.37,1.32,492.7,8.0
7076,STARLINK-6308,56534,STARLINK-35440,66345,2026-07-31 03:10:51,4.0399,4.644,1.295,492.7,8.0
7077,STARLINK-31727,59638,STARLINK-36047,66795,2026-07-31 08:00:51,7.3864,8.021,2.317,484.3,8.0
7078,STARLINK-31900,59942,STARLINK-35870,66572,2026-07-30 15:43:52,4.2955,4.459,1.372,492.5,8.0
7079,STARLINK-3740,52265,STARLINK-34871,65217,2026-07-31 03:42:51,7.9362,9.047,2.483,460.7,8.0
7080,STARLINK-5958,56921,STARLINK-32170,60591,2026-07-31 04:55:51,7.803,8.951,2.442,489.9,8.0
7081,STARLINK-5150,57144,STARLINK-33845,63495,2026-07-30 09:19:50,7.5293,9.437,2.356,489.9,8.0
7082,STARLINK-31506,59259,STARLINK-36083,66857,2026-07-31 05:50:53,7.3067,7.645,2.287,480.7,8.0
7083,STARLINK-33533,63387,STARLINK-34815,65099,2026-07-30 22:23:52,8.2623,8.31,2.578,475.4,8.0
7084,STARLINK-30243,57648,STARLINK-33655,63424,2026-07-30 14:17:46,4.1928,9.564,1.337,492.2,8.0
7085,STARLINK-30141,57620,STARLINK-31018,58635,2026-07-31 02:29:47,3.987,7.529,1.274,492.8,8.0
7086,STARLINK-32112,60136,STARLINK-35471,65864,2026-07-30 12:58:51,8.295,9.602,2.581,474.5,8.0
7087,STARLINK-5485,57261,STARLINK-33760,63764,2026-07-30 19:39:54,4.1911,4.441,1.334,484.0,8.0
7088,STARLINK-5765,57147,STARLINK-35514,66535,2026-07-31 08:25:53,4.161,4.211,1.324,492.6,8.0
7089,STARLINK-31951,59890,STARLINK-36599,67638,2026-07-30 21:34:57,4.2658,7.944,1.355,492.9,8.0
7090,STARLINK-30521,57966,STARLINK-33789,63657,2026-07-31 06:16:51,8.4755,8.917,2.631,484.3,8.0
7091,STARLINK-4559,53574,STARLINK-31825,60056,2026-07-30 09:02:01,2.641,7.388,0.861,476.5,8.0
7092,ONEWEB-0020,45133,ONEWEB-0015,61594,2026-07-31 04:46:52,6.1117,6.273,1.911,1218.2,8.0
7093,STARLINK-31281,59077,STARLINK-36450,67317,2026-07-31 00:34:50,4.3549,5.279,1.379,484.1,8.0
7094,STARLINK-2046,47354,STARLINK-33658,63384,2026-07-31 06:18:51,8.6733,9.284,2.686,479.4,8.0
7095,STARLINK-6172,57130,STARLINK-35670,66480,2026-07-31 04:29:55,4.2807,5.448,1.355,492.5,8.0
7096,TYVAK-0130,48606,STARLINK-6127,57135,2026-07-30 09:17:57,4.927,8.843,1.548,492.7,8.0
7097,STARLINK-31872,59922,BANDWAGON-4 OBJECT M,66304,2026-07-31 00:03:50,2.3955,2.973,0.783,485.8,8.0
7098,STARLINK-31230,58890,STARLINK-37094,68241,2026-07-31 07:24:51,7.529,8.659,2.33,461.9,8.0
7099,STARLINK-34566,64765,STARLINK-37091,68191,2026-07-30 14:40:51,8.2619,9.52,2.55,474.9,7.9
7100,STARLINK-31924,59904,STARLINK-36624,67636,2026-07-30 21:45:57,4.0435,6.774,1.278,492.0,7.9
7101,STARLINK-35194,65671,STARLINK-37403,68788,2026-07-30 08:58:37,1.8501,9.681,0.617,480.7,7.9
7102,STARLINK-4169,53280,STARLINK-32757,62492,2026-07-30 12:43:50,5.6717,7.394,1.767,482.8,7.9
7103,SCORPION (RS89S),67293,COSMOS 2608,67682,2026-07-30 11:06:50,6.3561,7.689,1.971,495.3,7.9
7104,STARLINK-4559,53574,STARLINK-32840,63363,2026-07-31 06:05:52,7.6427,7.733,2.358,462.0,7.9
7105,STARLINK-6340,57361,STARLINK-32660,62205,2026-07-31 02:53:49,4.1715,6.183,1.313,492.7,7.9
7106,STARLINK-35560,66059,STARLINK-37006,68187,2026-07-30 19:49:53,6.9275,7.112,2.14,475.0,7.9
7107,STARLINK-31927,59837,STARLINK-32725,62505,2026-07-31 08:11:50,4.0724,5.268,1.283,484.6,7.9
7108,STARLINK-31875,59674,STARLINK-33875,63789,2026-07-30 10:33:56,4.0641,5.659,1.28,484.5,7.9
7109,STARLINK-31442,59859,STARLINK-35698,66481,2026-07-30 22:06:53,4.0019,4.139,1.261,483.5,7.9
7110,STARLINK-30273,57681,STARLINK-32232,60431,2026-07-31 03:49:54,3.3523,3.667,1.066,476.6,7.9
7111,STARLINK-35379,66084,STARLINK-36950,67992,2026-07-31 06:36:54,7.6222,8.635,2.346,489.1,7.9
7112,STARLINK-5227,54181,STARLINK-30370,57751,2026-07-30 20:32:54,5.2659,5.973,1.639,469.4,7.9
7113,STARLINK-3523,51729,STARLINK-30921,58383,2026-07-30 19:10:50,7.6894,9.473,2.365,474.0,7.9
7114,STARLINK-31906,59842,STARLINK-32768,62503,2026-07-30 22:57:58,4.0912,8.214,1.284,484.5,7.9
7115,STARLINK-31104,58672,STARLINK-11370 [DTC],61584,2026-07-31 03:58:51,7.8483,8.214,2.409,370.5,7.9
7116,STARLINK-31002,58495,STARLINK-34040,63839,2026-07-30 17:00:47,4.0271,7.854,1.263,484.2,7.9
7117,STARLINK-5020,55458,STARLINK-33928,64003,2026-07-31 02:09:54,8.4305,9.415,2.577,492.5,7.9
7118,STARLINK-5683,55452,STARLINK-36128,66873,2026-07-31 02:41:48,4.1077,7.521,1.286,492.5,7.9
7119,STARLINK-36238,68563,STARLINK-37517,69254,2026-07-30 21:57:53,6.9099,7.055,2.122,474.7,7.9
7120,STARLINK-31141,58803,STARLINK-32372,61960,2026-07-30 22:26:48,4.0723,6.682,1.275,492.5,7.9
7121,STARLINK-6249,56541,STARLINK-36424,67419,2026-07-30 12:57:57,4.0326,6.508,1.262,484.1,7.9
7122,STARLINK-32367,60919,STARLINK-36039,66612,2026-07-30 22:11:57,5.5488,9.643,1.714,489.3,7.9
7123,STARLINK-35293,66012,STARLINK-36457,67349,2026-07-31 08:24:54,7.9457,9.088,2.428,480.8,7.9
7124,STARLINK-30075,57616,STARLINK-36034,66609,2026-07-31 08:13:56,7.2458,9.897,2.218,491.5,7.9
7125,STARLINK-2480,48137,STARLINK-32648,62301,2026-07-31 02:30:53,8.8896,9.045,2.704,479.2,7.9
7126,STARLINK-31259,59076,STARLINK-36434,67322,2026-07-30 20:33:54,4.4335,5.184,1.377,492.5,7.9
7127,STARLINK-31279,59086,STARLINK-32901,62895,2026-07-30 15:34:53,4.1266,4.127,1.286,492.3,7.9
7128,STARLINK-31500,59305,STARLINK-36728,67927,2026-07-30 11:28:53,4.1769,4.192,1.301,492.4,7.9
7129,STARLINK-4083,52832,STARLINK-32593,61974,2026-07-30 08:42:52,7.034,7.183,2.15,482.1,7.9
7130,STARLINK-34727,65025,STARLINK-37027,68232,2026-07-30 16:16:29,1.1111,9.199,0.389,461.1,7.8
7131,STARLINK-5181,54070,STARLINK-32396,61633,2026-07-30 16:11:56,5.4858,8.379,1.687,489.4,7.8
7132,STARLINK-6094,56122,STARLINK-34115,63972,2026-07-30 10:42:56,4.1281,6.444,1.284,492.4,7.8
7133,STARLINK-30968,58511,STARLINK-34015,63854,2026-07-31 04:02:50,7.5397,9.468,2.296,492.6,7.8
7134,STARLINK-4585,53567,STARLINK-6226,56544,2026-07-31 07:43:55,4.5532,5.956,1.408,493.2,7.8
7135,STARLINK-34885,65328,STARLINK-35753,66232,2026-07-30 21:32:55,8.422,9.848,2.551,465.9,7.8
7136,STARLINK-32310,61662,STARLINK-35256,66011,2026-07-30 13:54:53,4.6709,4.816,1.441,472.0,7.8
7137,STARLINK-2457,48321,STARLINK-34550,64683,2026-07-31 01:30:51,8.4893,9.262,2.57,466.4,7.8
7138,STARLINK-1647,47978,STARLINK-37200,68339,2026-07-31 02:45:51,5.7636,6.104,1.763,481.1,7.8
7139,STARLINK-3148,49736,STARLINK-32621,62303,2026-07-30 14:13:54,4.0356,4.405,1.252,473.7,7.8
7140,STARLINK-33806,63723,STARLINK-35689,66494,2026-07-30 11:06:54,5.7672,6.152,1.763,489.0,7.8
7141,STARLINK-5578,55374,STARLINK-34870,65370,2026-07-30 15:25:57,5.5234,8.824,1.691,488.7,7.8
7142,STARLINK-4599,53631,STARLINK-5795,56039,2026-07-30 19:41:51,4.8862,5.278,1.502,490.1,7.8
7143,KSM1-D,46907,STARLINK-5768,57145,2026-07-30 11:35:55,5.0793,6.691,1.559,494.1,7.8
7144,STARLINK-31462,59466,STARLINK-36911,68008,2026-07-31 07:05:58,4.2585,7.867,1.314,484.0,7.8
7145,STARLINK-31361,58974,STARLINK-37089,69183,2026-07-31 06:23:05,1.4363,6.055,0.482,461.1,7.8
7146,STARLINK-31913,59667,STARLINK-33869,63790,2026-07-30 12:45:55,4.141,5.434,1.279,492.5,7.8
7147,STARLINK-32476,61550,STARLINK-37136,68347,2026-07-30 15:01:54,8.5756,9.795,2.584,463.2,7.8
7148,STARLINK-31632,59326,STARLINK-35511,66344,2026-07-31 00:44:56,4.0422,6.166,1.249,493.2,7.8
7149,STARLINK-4793,53867,STARLINK-36890,68258,2026-07-30 08:32:52,6.1959,6.254,1.881,473.0,7.8
7150,STARLINK-4612,53750,STARLINK-37076,68173,2026-07-30 12:06:53,5.3866,5.441,1.641,472.7,7.8
7151,STARLINK-32603,62072,STARLINK-34869,65371,2026-07-31 00:21:53,8.4684,8.706,2.543,475.2,7.8
7152,STARLINK-3131,49427,STARLINK-33757,63720,2026-07-31 06:20:53,9.3943,9.415,2.815,485.5,7.8
7153,STARLINK-3891,52650,STARLINK-33875,63789,2026-07-31 03:28:59,4.4242,9.659,1.356,490.8,7.8
7154,STARLINK-35122,65510,STARLINK-37092,68240,2026-07-30 22:00:55,7.159,9.046,2.156,474.6,7.8
7155,STARLINK-34791,65891,STARLINK-35906,67112,2026-07-30 08:32:54,6.4994,6.853,1.962,489.3,7.8
7156,STARLINK-3758,52297,STARLINK-34590,64675,2026-07-30 22:08:45,2.6387,6.95,0.831,476.7,7.8
7157,STARLINK-32406,61545,STARLINK-37320,68711,2026-07-31 03:53:55,7.0108,9.045,2.112,461.7,7.8
7158,STARLINK-3138,49430,STARLINK-37374,69153,2026-07-30 08:41:39,1.4765,6.687,0.491,476.0,7.7
7159,STARLINK-4577,53564,STARLINK-5450,54778,2026-07-30 22:52:51,8.4978,9.644,2.545,460.7,7.7
7160,STARLINK-6366,57380,STARLINK-35676,67345,2026-07-31 00:22:55,4.2525,5.131,1.302,484.0,7.7
7161,STARLINK-6293,57354,STARLINK-32083,60343,2026-07-31 00:05:51,8.6149,9.841,2.578,480.6,7.7
7162,STARLINK-30124,56690,STARLINK-35388,66466,2026-07-31 00:42:47,4.327,8.437,1.323,492.7,7.7
7163,JILIN-01 KUANFU 02B 4,61192,2026-106C,69099,2026-07-30 18:56:03,2.8952,9.621,0.904,527.7,7.7
7164,HAWK-C,43799,STARLINK-37390,68782,2026-07-30 10:04:54,7.3002,7.852,2.188,461.1,7.7
7165,STARLINK-31066,58676,STARLINK-36714,67924,2026-07-30 12:41:54,4.2538,4.615,1.299,484.2,7.7
7166,STARLINK-31798,59635,STARLINK-36045,66811,2026-07-31 03:12:50,7.7505,9.619,2.318,483.9,7.7
7167,STARLINK-6079,56120,STARLINK-34134,63899,2026-07-31 01:51:51,8.7688,9.241,2.613,484.1,7.7
7168,STARLINK-33571,63386,STARLINK-37933,69532,2026-07-31 03:41:46,1.1467,2.974,0.392,461.5,7.7
7169,STARLINK-36904,67977,STARLINK-37892,69485,2026-07-31 01:09:49,5.438,8.415,1.641,480.4,7.7
7170,STARLINK-34950,65193,STARLINK-37011,68217,2026-07-31 07:58:02,1.9694,6.261,0.63,480.7,7.7
7171,STARLINK-33771,63659,STARLINK-33919,63699,2026-07-30 14:07:55,4.8081,6.438,1.451,488.5,7.7
7172,STARLINK-3592,51801,BANDWAGON-2 OBJECT D,62380,2026-07-30 20:05:57,5.1458,8.191,1.549,476.9,7.7
7173,STARLINK-2687,48466,STARLINK-35669,66396,2026-07-30 18:59:53,8.6005,8.644,2.547,465.9,7.7
7174,STARLINK-31514,59187,STARLINK-33664,63415,2026-07-30 18:15:54,4.2988,4.499,1.302,492.8,7.7
7175,STARLINK-3641,51788,STARLINK-35860,66881,2026-07-30 15:27:50,6.4248,7.634,1.916,463.4,7.7
7176,LEMUR-2-GRAM-E-SUE,67370,XINZHENGCHENG-01,68412,2026-07-30 17:35:54,7.0789,7.54,2.105,600.3,7.7
7177,STARLINK-2322,47791,STARLINK-35226,65492,2026-07-31 07:16:53,9.3726,9.372,2.768,479.1,7.7
7178,STARLINK-31462,59466,STARLINK-36911,68008,2026-07-31 06:18:53,4.341,4.477,1.313,492.5,7.7
7179,STARLINK-31777,59619,STARLINK-36031,66593,2026-07-30 15:25:56,4.2617,5.791,1.29,492.9,7.7
7180,STARLINK-3240,49728,STARLINK-32634,62313,2026-07-30 10:29:02,1.3286,4.317,0.441,461.8,7.7
7181,STARLINK-31948,59941,STARLINK-35991,66861,2026-07-30 16:52:51,4.1723,4.852,1.26,492.4,7.6
7182,STARLINK-2738,48668,STARLINK-30549,58030,2026-07-30 21:26:53,8.816,9.03,2.597,479.2,7.6
7183,STARLINK-3741,52619,STARLINK-37282,69190,2026-07-31 08:18:58,4.9316,9.885,1.477,474.0,7.6
7184,STARLINK-36990,68068,KUIPER-00641,69787,2026-07-31 05:14:21,0.8439,8.605,0.3,475.0,7.6
7185,TOMORROW-S4,62386,STARLINK-34218,64338,2026-07-30 21:52:51,7.6417,8.056,2.255,482.2,7.6
7186,STARLINK-32331,61623,STARLINK-33984,63830,2026-07-31 07:30:54,4.3425,4.978,1.306,492.2,7.6
7187,STARLINK-11088 [DTC],59709,STARLINK-11737 [DTC],64066,2026-07-31 07:24:53,9.9035,9.907,2.904,357.8,7.6
7188,STARLINK-6244,56548,STARLINK-36506,67414,2026-07-30 13:46:52,4.1902,4.205,1.261,492.5,7.6
7189,STARLINK-3364,51152,STARLINK-34713,64906,2026-07-31 01:41:55,6.5982,8.757,1.951,463.3,7.6
7190,STARLINK-3986,52623,STARLINK-31773,59429,2026-07-30 08:37:05,1.7712,7.413,0.566,473.6,7.6
7191,STARLINK-5509,57263,STARLINK-33907,63769,2026-07-30 14:04:46,4.4419,9.504,1.332,492.5,7.6
7192,STARLINK-2624,48358,STARLINK-37742,69241,2026-07-30 13:46:51,6.0471,6.867,1.791,467.0,7.6
7193,STARLINK-31833,59733,KUIPER-00634,69785,2026-07-30 14:26:57,5.0023,8.598,1.492,485.1,7.6
7194,STARLINK-34043,63823,STARLINK-35623,66138,2026-07-30 08:32:56,6.6145,9.91,1.954,488.8,7.6
7195,STARLINK-31899,59850,STARLINK-32731,62493,2026-07-31 00:11:54,4.5555,4.879,1.362,483.9,7.6
7196,STARLINK-5676,55464,STARLINK-36608,67854,2026-07-30 22:30:51,7.8275,8.708,2.297,489.8,7.6
7197,STARLINK-33702,63591,STARLINK-35436,65932,2026-07-31 06:32:56,6.043,9.058,1.785,489.0,7.6
7198,STARLINK-5106,54823,STARLINK-34542,65890,2026-07-30 14:11:52,7.8268,7.83,2.294,489.3,7.6
7199,STARLINK-31937,59871,STARLINK-32536,61925,2026-07-31 01:55:57,4.4514,7.825,1.328,484.2,7.6
7200,STARLINK-31471,59568,STARLINK-36103,66985,2026-07-31 00:42:58,4.5264,8.944,1.348,484.3,7.6
7201,STARLINK-37201,69220,STARLINK-37568,69492,2026-07-30 13:40:46,2.0254,4.539,0.634,481.0,7.6
7202,STARLINK-34619,64737,STARLINK-35515,66488,2026-07-30 12:43:52,9.8881,9.908,2.871,480.3,7.6
7203,STARLINK-5387,54842,STARLINK-33622,63066,2026-07-30 14:41:55,4.301,5.361,1.279,492.7,7.6
7204,STARLINK-30605,58101,STARLINK-33804,63511,2026-07-30 20:15:53,9.1609,9.162,2.655,466.0,7.5
7205,STARLINK-31257,59079,STARLINK-32909,62894,2026-07-30 19:23:54,4.6053,4.994,1.363,492.6,7.5
7206,STARLINK-4283,53016,STARLINK-34525,64678,2026-07-30 12:06:51,8.6337,9.778,2.504,465.9,7.5
7207,SMDC ONE 1.2,38759,STARLINK-37256,68569,2026-07-30 22:35:52,9.2686,9.333,2.682,458.0,7.5
7208,STARLINK-30607,58099,STARLINK-32725,62505,2026-07-31 00:56:52,5.837,5.837,1.709,489.2,7.5
7209,STARLINK-30767,58126,STARLINK-30760,58187,2026-07-31 07:41:48,4.3292,7.35,1.282,492.6,7.5
7210,STARLINK-31554,59195,STARLINK-33686,63422,2026-07-30 17:39:54,4.4018,4.893,1.302,484.4,7.5
7211,STARLINK-4299,53172,STARLINK-30498,57971,2026-07-31 02:01:50,6.7715,8.192,1.971,483.2,7.5
7212,STARLINK-33587,63469,STARLINK-35926,66642,2026-07-31 07:50:52,9.5191,9.598,2.748,480.3,7.5
7213,STARLINK-34201,64077,KUIPER-00569,69766,2026-07-30 15:49:48,4.9366,7.933,1.451,493.6,7.5
7214,STARLINK-32590,63047,STARLINK-36744,67987,2026-07-30 13:54:53,5.3015,5.302,1.553,488.2,7.5
7215,BUGSAT-1 (TITA),40014,2026-052A,68198,2026-07-30 17:16:52,9.4917,9.698,2.735,546.9,7.5
7216,STARLINK-6086,56545,STARLINK-36452,67405,2026-07-30 09:32:58,4.2719,8.274,1.262,484.1,7.5
7217,STARLINK-5951,56918,STARLINK-32960,63197,2026-07-30 15:52:59,4.6297,9.749,1.36,484.0,7.5
7218,STARLINK-31313,59088,STARLINK-36501,67327,2026-07-30 22:33:54,4.4133,5.071,1.299,492.9,7.5
7219,STARLINK-32126,60295,STARLINK-34284,64212,2026-07-30 14:33:48,4.5067,7.951,1.325,485.7,7.5
7220,STARLINK-36523,67460,KUIPER-00612,69772,2026-07-30 20:13:54,5.7823,6.065,1.683,489.6,7.5
7221,STARLINK-2227,48575,STARLINK-6378,57347,2026-07-31 05:55:53,9.661,9.897,2.774,487.6,7.5
7222,STARLINK-30488,57931,STARLINK-36094,66851,2026-07-30 17:14:56,4.523,6.498,1.328,492.4,7.5
7223,STARLINK-5107,54826,STARLINK-34691,65691,2026-07-30 16:27:54,7.5493,7.877,2.178,489.1,7.5
7224,STARLINK-31755,59607,STARLINK-35988,66615,2026-07-30 22:38:51,4.3983,5.043,1.292,483.9,7.5
7225,STARLINK-30831,58153,STARLINK-31224,59029,2026-07-30 12:01:53,9.5933,9.803,2.75,488.0,7.5
7226,STARLINK-3297,50159,STARLINK-31269,58844,2026-07-30 10:05:57,5.7236,9.839,1.663,476.5,7.5
7227,STARLINK-30147,57511,STARLINK-33861,63678,2026-07-30 10:49:53,4.7215,4.836,1.381,492.5,7.5
7228,STARLINK-6141,57112,STARLINK-35581,66479,2026-07-30 20:28:59,4.3604,9.37,1.279,483.7,7.5
7229,STARLINK-2712,48674,STARLINK-5778,57149,2026-07-30 14:24:52,5.524,5.58,1.605,484.4,7.5
7230,STARLINK-3327,50819,STARLINK-32228,60445,2026-07-30 20:51:52,9.4666,9.708,2.71,463.2,7.5
7231,STARLINK-31994,60588,STARLINK-32837,62812,2026-07-31 03:02:49,1.5161,2.161,0.481,461.6,7.5
7232,STARLINK-34837,65423,STARLINK-35375,66065,2026-07-31 04:23:57,5.1757,8.33,1.507,471.6,7.5
7233,STARLINK-35175,65929,STARLINK-35643,66456,2026-07-31 04:40:55,6.4437,7.624,1.859,489.0,7.4
7234,STARLINK-36611,67830,STARLINK-36618,67847,2026-07-30 10:38:51,4.6777,5.375,1.364,492.4,7.4
7235,STARLINK-11329 [DTC],61881,STARLINK-11441 [DTC],62413,2026-07-30 20:04:52,6.74,6.897,1.939,360.2,7.4
7236,STARLINK-32909,62894,STARLINK-34828,65353,2026-07-30 22:43:54,6.7195,7.387,1.932,489.4,7.4
7237,STARLINK-6083,56109,STARLINK-34070,63913,2026-07-30 18:34:53,4.4567,4.604,1.3,492.3,7.4
7238,STARLINK-5401,54870,STARLINK-32545,62135,2026-07-31 06:08:47,4.7805,9.216,1.388,492.3,7.4
7239,STARLINK-30122,56688,STARLINK-32750,62572,2026-07-31 08:03:47,4.3909,8.17,1.279,484.0,7.4
7240,STARLINK-2402,47819,STARLINK-4647,53608,2026-07-30 14:08:58,4.5922,8.757,1.334,486.0,7.4
7241,STARLINK-31909,59663,STARLINK-35711,66595,2026-07-31 05:38:48,4.5457,7.677,1.32,492.7,7.4
7242,STARLINK-5585,57333,STARLINK-36589,67843,2026-07-31 04:14:51,4.5035,5.096,1.308,492.7,7.4
7243,STARLINK-31589,59654,STARLINK-35820,66597,2026-07-30 19:52:46,4.5726,9.341,1.327,484.4,7.4
7244,STARLINK-6347,57359,STARLINK-33630,63477,2026-07-31 03:16:50,4.5002,5.355,1.306,483.5,7.4
7245,YAOGAN-22,40275,ONEWEB-0619,55160,2026-07-30 09:18:51,6.2746,7.187,1.797,1202.9,7.4
7246,STARLINK-3658,52107,STARLINK-35349,65835,2026-07-30 10:45:45,2.9054,7.392,0.862,460.3,7.4
7247,STARLINK-4180,53278,STARLINK-5145,54008,2026-07-31 01:26:54,8.2311,8.91,2.339,473.4,7.4
7248,STARLINK-6083,56109,STARLINK-34070,63913,2026-07-30 19:21:58,4.4937,8.259,1.302,484.4,7.4
7249,STARLINK-30932,58523,STARLINK-34223,64336,2026-07-30 17:38:48,4.6131,8.039,1.334,492.7,7.4
7250,STARLINK-3294,50829,STARLINK-34838,65343,2026-07-30 12:36:51,6.6425,7.184,1.895,463.0,7.4
7251,STARLINK-2468,48127,BANDWAGON-4 OBJECT N,66305,2026-07-31 03:34:55,6.9804,8.955,1.986,482.2,7.4
7252,STARLINK-30520,58010,STARLINK-32807,62845,2026-07-30 14:50:51,4.5749,4.783,1.32,484.4,7.4
7253,STARLINK-4191,52860,STARLINK-31822,59752,2026-07-31 00:01:49,4.9224,7.217,1.415,489.3,7.4
7254,STARLINK-32452,61961,STARLINK-35631,66121,2026-07-30 22:29:54,5.9894,6.27,1.71,489.0,7.4
7255,STARLINK-31122,58774,STARLINK-31192,58794,2026-07-30 15:03:57,5.5368,8.75,1.585,488.8,7.4
7256,STARLINK-32849,62872,GUOWANG TEST OBJECT B,69321,2026-07-30 16:45:58,3.123,5.774,0.918,473.5,7.4
7257,STARLINK-31914,59902,STARLINK-36637,67633,2026-07-30 12:10:56,4.436,6.751,1.28,484.1,7.4
7258,STARLINK-3672,51974,STARLINK-32770,62741,2026-07-30 10:23:52,9.8784,9.964,2.781,487.7,7.4
7259,STARLINK-2683,48462,STARLINK-32196,60430,2026-07-30 10:49:52,9.1841,9.344,2.59,465.7,7.4
7260,KUIPER-00044,64505,KUIPER-00053,64513,2026-07-30 11:47:52,8.6698,8.672,2.447,626.7,7.4
7261,STARLINK-32941,63119,STARLINK-33861,63678,2026-07-31 01:42:52,9.4895,9.645,2.669,483.2,7.3
7262,STARLINK-30981,58494,STARLINK-33954,63863,2026-07-30 19:11:50,4.6612,5.604,1.338,484.4,7.3
7263,STARLINK-31146,58769,STARLINK-37305,68713,2026-07-30 12:56:50,7.4658,9.01,2.109,475.3,7.3
7264,STARLINK-11207 [DTC],60933,STARLINK-11668 [DTC],63557,2026-07-30 18:19:55,7.4016,9.178,2.09,359.7,7.3
7265,STARLINK-31480,59306,STARLINK-36865,67930,2026-07-30 22:54:46,4.5373,9.727,1.302,484.2,7.3
7266,KSM1-D,46907,STARLINK-30940,58409,2026-07-30 17:54:53,6.5955,6.641,1.864,494.3,7.3
7267,STARLINK-30819,58179,STARLINK-32629,62150,2026-07-30 20:41:47,4.5183,8.497,1.293,492.7,7.3
7268,STARLINK-3375,51114,STARLINK-31558,59196,2026-07-30 14:43:50,4.7346,5.726,1.351,487.8,7.3
7269,BUFENG 1A,44310,STARLINK-33700,63484,2026-07-30 17:02:03,2.2496,7.075,0.67,491.1,7.3
7270,STARLINK-5742,55583,STARLINK-5587,57245,2026-07-30 18:49:58,4.8733,9.171,1.387,492.6,7.3
7271,STARLINK-33665,63281,STARLINK-36469,67360,2026-07-30 16:48:56,4.3784,6.189,1.251,493.5,7.3
7272,STARLINK-31153,59044,STARLINK-35706,67051,2026-07-30 21:32:53,4.6426,4.657,1.322,492.3,7.3
7273,STARLINK-37263,68544,STARLINK-37502,69263,2026-07-30 13:32:51,7.5786,8.626,2.123,475.2,7.3
7274,STARLINK-30147,57511,STARLINK-33861,63678,2026-07-30 10:02:49,4.8679,6.951,1.383,484.1,7.3
7275,STARLINK-31520,59210,STARLINK-33722,63571,2026-07-31 02:44:53,9.2237,9.479,2.569,481.2,7.3
7276,STARLINK-5126,54012,STARLINK-31686,59579,2026-07-30 18:23:56,5.1028,7.184,1.443,485.6,7.3
7277,STARLINK-33965,64755,STARLINK-37293,68978,2026-07-31 01:18:53,8.3335,8.337,2.321,475.4,7.3
7278,STARLINK-30243,57648,STARLINK-33655,63424,2026-07-30 15:04:51,4.7305,5.435,1.338,484.4,7.2
7279,STARLINK-3190,49766,STARLINK-34589,64747,2026-07-30 23:28:57,4.2313,7.287,1.201,460.2,7.2
7280,STARLINK-11285 [DTC],61578,STARLINK-11512 [DTC],62517,2026-07-30 19:10:51,9.5142,9.982,2.632,368.5,7.2
7281,STARLINK-3923,52489,STARLINK-32429,61682,2026-07-31 07:47:52,3.9526,4.087,1.124,468.6,7.2
7282,STARLINK-11166 [DTC],60062,STARLINK-11720 [DTC],64131,2026-07-31 00:41:55,7.2287,8.687,2.011,359.7,7.2
7283,STARLINK-32495,62052,STARLINK-35926,66642,2026-07-30 23:59:52,8.8344,9.101,2.442,480.8,7.2
7284,STARLINK-31900,59942,STARLINK-35870,66572,2026-07-30 16:30:56,4.8838,6.954,1.374,484.2,7.2
7285,KUWAITSAT-1,55103,2024-173C,61229,2026-07-30 20:17:49,5.6622,8.274,1.584,413.8,7.2
7286,STARLINK-3692,51958,STARLINK-32003,60097,2026-07-30 18:37:53,9.1647,9.177,2.53,465.9,7.2
7287,STARLINK-37008,68564,STARLINK-37378,69255,2026-07-31 05:40:51,7.6498,8.677,2.121,476.9,7.2
7288,STARLINK-3708,52111,STARLINK-35396,65828,2026-07-31 07:05:50,3.5898,4.249,1.023,473.8,7.2
7289,STARLINK-3881,52472,STARLINK-35676,67345,2026-07-31 00:43:58,4.9476,8.994,1.389,488.4,7.2
7290,STARLINK-31350,58933,STARLINK-31270,59154,2026-07-30 16:10:54,7.0175,7.599,1.947,489.6,7.2
7291,STARLINK-31937,59871,STARLINK-32536,61925,2026-07-31 01:08:53,4.7177,4.742,1.327,492.4,7.2
7292,STARLINK-5258,54195,STARLINK-36223,67126,2026-07-30 12:36:57,6.2421,9.858,1.737,491.9,7.2
7293,STARLINK-30933,58410,STARLINK-35571,66089,2026-07-30 23:09:52,8.4248,8.428,2.324,489.8,7.2
7294,STARLINK-6328,56523,STARLINK-36453,67341,2026-07-31 01:24:52,4.5475,4.64,1.277,492.5,7.2
7295,STARLINK-32355,61634,STARLINK-32450,61969,2026-07-30 17:07:52,4.6539,4.757,1.305,484.7,7.2
7296,STARLINK-4534,53395,STARLINK-30848,58240,2026-07-31 04:54:54,4.949,5.261,1.384,486.4,7.2
7297,STARLINK-6118,57106,STARLINK-30160,57441,2026-07-31 01:02:57,4.8524,7.866,1.355,484.3,7.2
7298,BUFENG 1A,44310,STARLINK-32663,62197,2026-07-30 23:33:39,1.6739,7.12,0.502,493.5,7.2
7299,STARLINK-31004,58528,STARLINK-34181,64144,2026-07-31 04:48:52,8.3461,8.379,2.288,492.4,7.2
7300,STARLINK-30067,56693,STARLINK-35654,66483,2026-07-30 12:05:51,4.733,5.331,1.321,492.2,7.2
7301,STARLINK-2266,47997,STARLINK-31700,59436,2026-07-31 02:52:52,9.8525,9.854,2.69,479.6,7.2
7302,STARLINK-30071,56708,STARLINK-32714,62499,2026-07-30 11:36:52,4.7623,4.93,1.328,484.1,7.2
7303,STARLINK-31257,59079,STARLINK-36554,67502,2026-07-30 20:56:58,1.0662,2.121,0.338,492.3,7.1
7304,STARLINK-31888,59788,STARLINK-32175,60339,2026-07-30 15:12:55,6.1234,7.865,1.69,489.3,7.1
7305,STARLINK-30975,58446,STARLINK-35930,66599,2026-07-30 18:50:47,4.7908,8.95,1.333,492.3,7.1
7306,STARLINK-30443,57894,STARLINK-36094,66851,2026-07-31 08:07:53,9.6506,9.778,2.629,484.1,7.1
7307,STARLINK-2493,48150,STARLINK-33792,63506,2026-07-31 02:39:54,4.5215,4.944,1.26,485.5,7.1
7308,STARLINK-32078,60338,STARLINK-32466,61859,2026-07-30 21:10:51,8.3403,9.197,2.278,480.8,7.1
7309,STARLINK-33781,63826,STARLINK-34561,65081,2026-07-30 18:24:57,5.2361,8.125,1.448,488.0,7.1
7310,STARLINK-31622,59456,STARLINK-35703,66970,2026-07-31 07:35:00,3.7295,8.883,1.047,484.0,7.1
7311,STARLINK-6062,56104,STARLINK-34083,63908,2026-07-30 19:11:47,4.9764,9.471,1.377,492.1,7.1
7312,STARLINK-34351,64387,STARLINK-34561,65081,2026-07-31 05:18:55,6.4103,7.495,1.758,489.2,7.1
7313,STARLINK-2750,48691,STARLINK-4108,52834,2026-07-31 03:18:52,7.7585,7.772,2.116,473.4,7.1
7314,STARLINK-31914,59902,STARLINK-36637,67633,2026-07-30 11:23:52,4.6122,4.656,1.278,492.5,7.1
7315,STARLINK-31948,59941,STARLINK-35991,66861,2026-07-30 17:39:55,4.5493,5.557,1.261,484.3,7.1
7316,STARLINK-33706,63461,STARLINK-35610,66428,2026-07-30 17:07:57,4.6197,7.816,1.279,483.9,7.1
7317,STARLINK-6084,56111,TOMORROW-S3,62392,2026-07-30 16:34:51,6.6184,6.879,1.81,481.8,7.1
7318,STARLINK-35455,66152,KUIPER-00598,69768,2026-07-30 22:43:53,3.7932,3.86,1.06,473.4,7.1
7319,STARLINK-31820,59725,KUIPER-00608,69291,2026-07-30 12:27:54,3.5417,3.939,0.992,481.7,7.1
7320,STARLINK-6314,56538,STARLINK-35404,66336,2026-07-30 20:33:53,4.6897,4.694,1.296,492.6,7.1
7321,STARLINK-4285,52991,STARLINK-32459,61715,2026-07-31 07:16:52,7.8441,7.846,2.129,476.9,7.1
7322,STARLINK-5043,53894,STARLINK-30335,57710,2026-07-30 11:41:46,5.0418,9.744,1.387,492.9,7.1
7323,STARLINK-31829,59770,STARLINK-32607,61977,2026-07-30 17:16:49,6.0431,8.387,1.651,488.6,7.1
7324,STARLINK-33930,63776,STARLINK-35773,67042,2026-07-30 23:58:50,4.8481,6.072,1.335,484.2,7.1
7325,STARLINK-31859,59848,STARLINK-32731,62493,2026-07-30 10:03:52,7.3206,7.325,1.985,482.0,7.1
7326,STARLINK-2570,48405,STARLINK-32845,62815,2026-07-30 09:15:53,8.9622,8.988,2.417,467.8,7.1
7327,STARLINK-1582,46043,STARLINK-35256,66011,2026-07-30 21:00:53,8.5917,8.644,2.313,485.6,7.1
7328,STARLINK-1542,46073,STARLINK-34573,64676,2026-07-30 17:08:52,8.0108,8.234,2.16,465.9,7.1
7329,STARLINK-34702,64908,STARLINK-35415,65885,2026-07-31 03:23:52,9.3019,9.307,2.498,479.2,7.0
7330,STARLINK-33594,62770,STARLINK-37321,69198,2026-07-30 21:03:52,8.3203,8.327,2.239,479.3,7.0
7331,STARLINK-30079,56706,STARLINK-35354,66477,2026-07-30 19:16:57,4.8319,7.177,1.322,484.2,7.0
7332,STARLINK-30854,58244,STARLINK-33744,63471,2026-07-31 03:56:50,8.4815,9.7,2.28,484.5,7.0
7333,STARLINK-30311,57637,STARLINK-31129,58624,2026-07-31 00:24:54,8.3969,9.351,2.257,491.9,7.0
7334,STARLINK-1583,46064,STARLINK-3717,52096,2026-07-30 20:23:53,6.6466,6.651,1.797,480.8,7.0
7335,SARAL,39086,IRIDIUM 165,43572,2026-07-31 04:08:57,5.8293,9.323,1.58,790.6,7.0
7336,STARLINK-4048,52839,STARLINK-30184,57310,2026-07-30 09:12:52,5.0652,5.111,1.378,486.6,7.0
7337,STARLINK-5516,57253,STARLINK-34182,64013,2026-07-31 03:27:52,8.3992,8.466,2.249,492.4,7.0
7338,STARLINK-33596,62758,STARLINK-32847,62811,2026-07-31 04:20:49,4.8261,6.96,1.314,485.6,7.0
7339,STARLINK-6239,56423,STARLINK-30835,58219,2026-07-30 23:04:47,4.8837,8.772,1.327,492.3,7.0
7340,STARLINK-3976,52673,STARLINK-35880,67187,2026-07-31 02:13:50,5.8055,6.862,1.568,489.0,7.0
7341,STARLINK-31607,59394,STARLINK-32888,62966,2026-07-31 04:52:52,8.7747,9.075,2.342,461.8,7.0
7342,STARLINK-3736,52113,STARLINK-34226,64494,2026-07-31 04:00:52,8.1589,8.209,2.18,467.0,7.0
7343,STARLINK-32011,60030,KUIPER-00626,69781,2026-07-30 17:54:54,8.8255,9.565,2.352,472.6,7.0
7344,STARLINK-5458,54764,STARLINK-34453,64441,2026-07-30 18:08:52,8.932,8.961,2.38,479.4,7.0
7345,STARLINK-31356,58968,STARLINK-37132,68233,2026-07-30 11:52:53,8.0013,8.006,2.136,475.8,7.0
7346,STARLINK-30935,58455,STARLINK-35558,66060,2026-07-30 16:43:51,6.926,7.377,1.854,488.9,7.0
7347,STARLINK-2725,48681,STARLINK-3705,52103,2026-07-31 00:34:52,8.5085,8.586,2.264,465.9,7.0
7348,STARLINK-34688,65875,STARLINK-37044,68247,2026-07-31 03:35:38,1.429,6.118,0.424,475.5,7.0
7349,STARLINK-33567,62773,STARLINK-37380,69182,2026-07-31 00:59:50,7.8332,9.148,2.089,474.8,7.0
7350,STARLINK-4194,53000,STARLINK-35574,66111,2026-07-31 05:19:05,2.2958,8.651,0.649,473.7,7.0
7351,STARLINK-5831,57332,STARLINK-36657,67835,2026-07-31 00:13:52,4.8494,4.978,1.309,484.1,7.0
7352,STARLINK-32120,60265,STARLINK-34310,64210,2026-07-31 01:39:47,5.4365,9.684,1.46,488.8,7.0
7353,STARLINK-3571,51857,STARLINK-4108,52834,2026-07-31 03:15:53,7.1391,7.38,1.9,473.5,6.9
7354,STARLINK-1555,46032,STARLINK-34905,65202,2026-07-30 20:11:52,9.5291,9.545,2.519,465.8,6.9
7355,STARLINK-2084,47368,STARLINK-30101,56301,2026-07-30 22:14:52,5.1445,5.15,1.382,479.5,6.9
7356,STARLINK-3864,52468,STARLINK-30111,56302,2026-07-31 00:43:51,7.5704,8.362,2.005,488.2,6.9
7357,STARLINK-3776,52288,STARLINK-4288,53005,2026-07-30 17:15:58,2.8564,5.345,0.788,476.7,6.9
7358,STARLINK-6164,57152,STARLINK-35969,66523,2026-07-30 18:24:50,4.9409,6.227,1.324,484.2,6.9
7359,STARLINK-30226,57497,STARLINK-33612,63325,2026-07-30 17:37:56,5.0616,6.754,1.355,492.4,6.9
7360,STARLINK-30276,57652,STARLINK-33615,63426,2026-07-31 07:27:55,5.0012,6.028,1.339,492.2,6.9
7361,STARLINK-31994,60588,STARLINK-32837,62812,2026-07-31 02:15:55,1.6653,2.188,0.48,475.5,6.9
7362,STARLINK-30752,58171,STARLINK-34899,65323,2026-07-30 13:28:53,5.4973,5.54,1.466,472.0,6.9
7363,STARLINK-36710,67971,STARLINK-37475,68839,2026-07-31 06:15:58,2.2221,4.033,0.623,480.7,6.9
7364,STARLINK-37822,69424,STARLINK-37959,69696,2026-07-30 15:11:56,7.2642,9.391,1.92,434.8,6.9
7365,STARLINK-4596,53624,STARLINK-35232,65518,2026-07-30 12:04:53,7.7296,7.73,2.037,479.7,6.9
7366,STARLINK-30713,57952,STARLINK-37294,68559,2026-07-30 18:15:52,9.0043,9.216,2.362,462.0,6.9
7367,STARLINK-32635,62155,STARLINK-33944,64209,2026-07-30 21:42:50,8.2668,9.581,2.172,481.1,6.9
7368,STARLINK-4135,53248,STARLINK-30298,57665,2026-07-30 11:50:57,5.4013,8.927,1.435,463.1,6.9
7369,STARLINK-4700,53722,STARLINK-34850,65460,2026-07-30 10:36:53,6.4722,6.48,1.708,473.9,6.9
7370,STARLINK-34824,65042,STARLINK-36745,68257,2026-07-30 23:02:04,1.3239,4.492,0.39,461.9,6.9
7371,STARLINK-2636,48357,STARLINK-3584,51885,2026-07-31 04:01:54,7.7062,8.275,2.02,467.1,6.9
7372,SHIJIAN-6 05B (SJ-6 05B),49962,STARLINK-5829,56347,2026-07-31 01:42:52,9.3646,9.497,2.443,531.0,6.9
7373,STARLINK-35184,65506,STARLINK-35423,65873,2026-07-31 03:06:52,9.5727,9.803,2.496,474.5,6.9
7374,STARLINK-3980,52611,STARLINK-32191,60314,2026-07-30 16:20:52,2.6492,2.649,0.728,476.1,6.9
7375,SUPERVIEW NEO-3 02,63208,IRIDE FM6,66700,2026-07-30 17:17:00,2.6615,5.885,0.731,515.3,6.9
7376,STARLINK-2755,48479,STARLINK-36770,67870,2026-07-31 01:54:54,5.5898,6.145,1.478,485.1,6.9
7377,STARLINK-5961,56914,STARLINK-32931,63199,2026-07-31 04:52:58,5.1193,9.53,1.358,491.4,6.9
7378,JILIN-1 GAOFEN 3A,44312,STARLINK-32124,60298,2026-07-31 01:25:50,5.5002,6.961,1.454,479.4,6.9
7379,STARLINK-6369,57374,STARLINK-36446,67412,2026-07-31 04:59:48,4.8554,7.608,1.288,484.0,6.8
7380,STARLINK-31763,59623,STARLINK-33947,63787,2026-07-30 18:36:49,4.9977,6.591,1.322,492.6,6.8
7381,STARLINK-3701,52095,STARLINK-34333,64264,2026-07-30 15:29:59,3.1737,6.155,0.858,460.3,6.8
7382,STARLINK-6347,57359,STARLINK-33630,63477,2026-07-30 17:04:50,4.9293,5.795,1.304,493.2,6.8
7383,STARLINK-30905,58356,STARLINK-33856,63638,2026-07-30 20:00:51,5.008,5.514,1.322,492.3,6.8
7384,GEOSCAN 2 (RS92S2),64890,STARLINK-37022,68101,2026-07-30 15:28:58,4.7451,8.52,1.254,465.4,6.8
7385,STARLINK-34123,63891,STARLINK-36834,67959,2026-07-30 13:48:52,4.769,4.769,1.26,484.6,6.8
7386,STARLINK-5130,53997,STARLINK-31233,58826,2026-07-31 03:11:56,7.4554,9.979,1.941,474.1,6.8
7387,STARLINK-31331,58946,STARLINK-37075,68255,2026-07-30 10:14:52,8.3453,8.425,2.159,465.8,6.8
7388,STARLINK-5802,56552,STARLINK-36484,67404,2026-07-30 15:09:57,4.7956,7.748,1.262,492.6,6.8
7389,STARLINK-31241,59045,STARLINK-36085,67035,2026-07-31 07:34:48,5.0427,7.689,1.323,492.7,6.8
7390,STARLINK-35164,65519,STARLINK-37031,68172,2026-07-31 07:29:12,1.5012,8.421,0.429,460.6,6.8
7391,STARLINK-3903,52462,STARLINK-36822,67909,2026-07-31 03:47:53,9.7507,9.753,2.507,496.5,6.8
7392,STARLINK-30122,56688,STARLINK-32750,62572,2026-07-30 23:25:57,4.8722,7.215,1.277,492.7,6.8
7393,STARLINK-6125,57114,STARLINK-34981,65198,2026-07-31 05:14:54,8.6616,9.718,2.23,481.1,6.8
7394,STARLINK-6230,57228,STARLINK-33884,63770,2026-07-31 04:25:58,5.1012,8.549,1.333,484.1,6.8
7395,STARLINK-30831,58153,STARLINK-36770,67870,2026-07-30 16:32:55,6.1079,7.011,1.586,485.5,6.8
7396,STARLINK-31670,59490,STARLINK-32878,62892,2026-07-31 06:11:54,8.9847,9.757,2.309,492.3,6.8
7397,STARLINK-2428,48099,STARLINK-3897,52537,2026-07-30 21:02:55,7.3407,9.234,1.894,479.9,6.8
7398,YAM-15,68997,TRANSPORTER-17 OBJECT AU,69911,2026-07-31 01:17:06,1.5604,6.367,0.442,593.6,6.8
7399,STARLINK-31723,59553,STARLINK-34141,64020,2026-07-30 21:31:47,5.0573,8.911,1.317,483.7,6.7
7400,STARLINK-30073,56840,STARLINK-35436,65932,2026-07-30 14:26:54,8.2042,8.824,2.104,489.9,6.7
7401,STARLINK-3881,52472,STARLINK-6307,56529,2026-07-30 18:43:53,9.8973,9.905,2.527,493.0,6.7
7402,STARLINK-6273,56395,STARLINK-34665,65089,2026-07-30 15:19:54,8.4259,8.922,2.159,489.7,6.7
7403,STARLINK-32549,62118,STARLINK-34504,64600,2026-07-30 10:52:52,8.3971,8.458,2.151,481.9,6.7
7404,STARLINK-5448,54770,STARLINK-36059,66904,2026-07-30 14:51:54,9.1028,9.631,2.327,475.1,6.7
7405,STARLINK-31600,59341,STARLINK-35738,67116,2026-07-31 03:40:52,9.2192,9.22,2.352,492.0,6.7
7406,STARLINK-5996,57227,STARLINK-36936,68012,2026-07-31 04:07:46,5.104,9.529,1.325,492.4,6.7
7407,STARLINK-6321,57340,STARLINK-36144,67829,2026-07-31 04:15:50,5.0605,6.066,1.312,483.7,6.7
7408,STARLINK-3632,51784,STARLINK-33970,64106,2026-07-31 05:23:54,8.2992,9.166,2.119,475.3,6.7
7409,STARLINK-4539,53423,STARLINK-34302,65216,2026-07-31 06:36:52,8.6956,8.699,2.217,479.3,6.7
7410,STARLINK-31631,59459,STARLINK-33941,63765,2026-07-30 12:39:53,5.1134,5.254,1.323,492.5,6.7
7411,STARLINK-34149,64140,STARLINK-35497,66241,2026-07-30 13:11:49,6.7393,8.522,1.726,488.7,6.7
7412,STARLINK-2214,48566,STARLINK-35859,67185,2026-07-30 15:25:52,9.142,9.152,2.322,487.1,6.7
7413,STARLINK-30326,57639,STARLINK-33709,63419,2026-07-31 02:39:54,5.1893,5.621,1.339,492.5,6.7
7414,STARLINK-31859,59848,STARLINK-32731,62493,2026-07-30 10:50:56,7.78,9.995,1.982,490.9,6.7
7415,STARLINK-35771,67171,STARLINK-36471,67324,2026-07-30 15:46:50,4.916,5.609,1.271,483.6,6.7
7416,STARLINK-3931,52548,STARLINK-36347,68521,2026-07-30 15:39:53,8.1547,8.156,2.075,463.1,6.7
7417,STARLINK-2700,48431,STARLINK-35908,66639,2026-07-31 08:28:53,4.7684,4.828,1.234,485.5,6.7
7418,STARLINK-5117,54172,STARLINK-32007,60094,2026-07-30 16:47:57,6.4916,9.925,1.659,476.9,6.7
7419,STARLINK-4121,53002,STARLINK-4533,53406,2026-07-30 21:30:54,9.1913,9.967,2.328,467.1,6.7
7420,STARLINK-33742,63366,STARLINK-35628,66123,2026-07-30 11:46:51,5.9042,6.168,1.512,462.8,6.7
7421,STARLINK-30182,57412,STARLINK-32496,62051,2026-07-31 02:09:56,5.3408,7.583,1.372,492.4,6.7
7422,STARLINK-31157,58735,STARLINK-32426,61681,2026-07-30 09:15:54,7.8216,8.59,1.986,490.2,6.7
7423,STARLINK-3109,49143,STARLINK-5924,55963,2026-07-31 06:29:56,5.4588,7.067,1.397,584.5,6.7
7424,STARLINK-32076,60350,STARLINK-36487,67416,2026-07-30 21:01:52,9.4659,9.471,2.385,487.3,6.7
7425,STARLINK-1274,45387,STARLINK-11640 [DTC],63314,2026-07-31 01:20:52,5.5498,5.625,1.419,356.9,6.7
7426,STARLINK-31295,59095,STARLINK-36463,67315,2026-07-31 07:22:50,5.0735,6.394,1.301,483.7,6.7
7427,STARLINK-4763,53805,STARLINK-31773,59429,2026-07-30 23:28:54,6.762,6.977,1.717,485.7,6.7
7428,STARLINK-5679,55467,STARLINK-36082,66872,2026-07-30 19:52:47,5.3461,9.041,1.366,484.3,6.6
7429,STARLINK-35115,65665,STARLINK-36379,68769,2026-07-30 16:28:52,2.391,2.427,0.638,480.9,6.6
7430,STARLINK-31463,59296,STARLINK-32077,60344,2026-07-30 10:41:57,6.1644,9.57,1.567,488.9,6.6
7431,STARLINK-3254,50204,STARLINK-36066,66592,2026-07-30 10:53:51,7.885,8.661,1.989,483.0,6.6
7432,STARLINK-31778,59602,STARLINK-36903,68001,2026-07-30 23:57:48,5.1716,7.466,1.321,484.6,6.6
7433,STARLINK-32355,61634,STARLINK-32450,61969,2026-07-30 17:54:57,5.1061,7.56,1.304,491.9,6.6
7434,STARLINK-3756,52309,STARLINK-36302,68524,2026-07-30 22:31:52,8.8369,8.957,2.219,479.3,6.6
7435,STARLINK-6366,57380,STARLINK-35676,67345,2026-07-30 23:35:50,5.1055,5.835,1.301,492.6,6.6
7436,STARLINK-3702,52100,STARLINK-34523,64475,2026-07-30 23:16:00,3.4,7.827,0.882,460.4,6.6
7437,STARLINK-3114,49426,STARLINK-35823,66360,2026-07-30 16:56:52,6.7506,6.846,1.704,473.7,6.6
7438,STARLINK-31047,58783,STARLINK-32722,62450,2026-07-30 15:57:54,9.2097,9.748,2.306,462.0,6.6
7439,STARLINK-6189,56377,STARLINK-35535,66342,2026-07-31 00:47:47,5.0472,9.007,1.285,484.2,6.6
7440,STARLINK-31949,59891,STARLINK-36619,67645,2026-07-31 00:59:49,5.031,6.554,1.279,492.6,6.6
7441,STARLINK-33706,63461,STARLINK-35610,66428,2026-07-30 15:33:48,5.037,7.295,1.279,483.9,6.6
7442,STARLINK-3363,51135,STARLINK-31384,58983,2026-07-30 12:38:51,9.4644,9.863,2.358,460.5,6.6
7443,STARLINK-36273,68166,STARLINK-37713,69212,2026-07-31 00:18:53,2.3855,2.387,0.631,463.2,6.6
7444,STARLINK-36612,67580,STARLINK-36391,67591,2026-07-30 09:42:56,2.3133,2.991,0.612,480.5,6.6
7445,STARLINK-37201,69220,STARLINK-37568,69492,2026-07-30 12:06:48,2.4065,3.706,0.634,481.0,6.6
7446,STARLINK-6089,56096,STARLINK-35210,65903,2026-07-30 13:22:56,5.9352,8.166,1.493,488.5,6.6
7447,STARLINK-5714,55614,STARLINK-35894,66500,2026-07-30 16:48:57,5.2579,8.036,1.328,492.3,6.6
7448,STARLINK-2621,48370,HAWK-11C,62381,2026-07-30 22:55:51,5.327,5.922,1.344,483.5,6.6
7449,A-SEANSAT-PG1,57197,2024-085C,59679,2026-07-30 09:36:52,2.5309,2.561,0.664,461.9,6.6
7450,STARLINK-31257,59079,STARLINK-32909,62894,2026-07-30 20:10:59,5.4126,9.829,1.364,484.2,6.6
7451,STARLINK-2084,47368,STARLINK-30101,56301,2026-07-30 23:01:57,5.4866,7.992,1.381,482.6,6.6
7452,STARLINK-31555,59351,STARLINK-35405,66440,2026-07-30 22:46:47,5.1608,9.352,1.301,492.3,6.6
7453,STARLINK-31755,59607,STARLINK-35988,66615,2026-07-30 21:51:46,5.1202,9.703,1.29,492.8,6.6
7454,STARLINK-4618,53735,STARLINK-31361,58974,2026-07-31 03:13:54,6.8204,7.496,1.699,460.4,6.5
7455,STARLINK-2385,47804,STARLINK-3807,52353,2026-07-30 10:47:56,5.5088,6.978,1.381,467.0,6.5
7456,STARLINK-6227,57060,STARLINK-32227,60361,2026-07-30 18:01:53,8.9344,8.992,2.205,481.1,6.5
7457,SEDNA-1,60580,STARLINK-35245,65599,2026-07-30 09:47:55,7.92,9.541,1.96,560.9,6.5
7458,STARLINK-4481,53418,STARLINK-35599,66102,2026-07-31 02:32:54,7.8153,8.424,1.935,473.7,6.5
7459,STARLINK-11616 [DTC],63137,STARLINK-11648 [DTC],63313,2026-07-31 03:15:57,5.2309,7.745,1.31,355.3,6.5
7460,STARLINK-2371,47911,STARLINK-37355,69194,2026-07-31 03:27:54,8.7561,9.524,2.16,479.2,6.5
7461,STARLINK-31122,58774,STARLINK-32898,62998,2026-07-30 10:39:50,7.6073,9.199,1.883,482.1,6.5
7462,STARLINK-3957,52562,STARLINK-32260,61522,2026-07-30 14:52:04,2.813,8.891,0.726,460.6,6.5
7463,STARLINK-5401,54870,STARLINK-32545,62135,2026-07-31 06:55:51,5.5671,5.852,1.39,484.2,6.5
7464,CO3D 3,64900,FLOCK 4H-26,66729,2026-07-30 09:12:43,2.7393,7.357,0.708,505.0,6.5
7465,STARLINK-31659,59254,STARLINK-34596,64732,2026-07-30 19:20:01,1.4924,3.939,0.408,475.1,6.5
7466,STARLINK-3204,49759,STARLINK-3960,52659,2026-07-30 23:19:49,7.624,9.702,1.881,461.7,6.5
7467,STARLINK-35468,66118,KUIPER-00641,69787,2026-07-31 07:27:47,4.3705,7.11,1.099,472.7,6.5
7468,STARLINK-30891,58367,STARLINK-33866,63653,2026-07-30 14:26:46,5.29,9.692,1.319,492.2,6.5
7469,STARLINK-30966,58454,STARLINK-36058,66591,2026-07-31 05:13:54,5.3552,5.89,1.334,483.9,6.5
7470,STARLINK-4043,52836,STARLINK-32607,61977,2026-07-31 02:47:54,5.6291,6.283,1.398,493.0,6.5
7471,STARLINK-5379,54868,STARLINK-32507,62132,2026-07-31 02:18:52,5.2744,5.309,1.312,484.4,6.5
7472,STARLINK-3135,49424,STARLINK-34401,64757,2026-07-30 21:09:43,3.3735,9.195,0.856,476.4,6.5
7473,STARLINK-33641,63718,STARLINK-35895,66354,2026-07-30 13:19:52,5.7529,5.759,1.422,467.0,6.5
7474,STARLINK-31276,59075,STARLINK-36462,67321,2026-07-30 14:58:50,5.5843,6.336,1.379,484.2,6.5
7475,STARLINK-30572,58114,STARLINK-36500,67320,2026-07-30 09:08:54,8.8216,9.466,2.147,481.2,6.4
7476,STARLINK-31746,59613,STARLINK-35978,66601,2026-07-31 02:39:47,5.2321,9.21,1.293,492.8,6.4
7477,STARLINK-5802,56552,STARLINK-36484,67404,2026-07-30 23:47:48,5.1084,7.603,1.263,484.2,6.4
7478,STARLINK-30900,58423,STARLINK-31740,59433,2026-07-31 01:35:51,8.1848,8.97,1.992,481.5,6.4
7479,STARLINK-3122,49445,STARLINK-31647,59389,2026-07-31 03:46:50,7.1321,8.523,1.741,463.1,6.4
7480,STARLINK-32103,59688,STARLINK-34650,66258,2026-07-30 17:29:51,9.0621,9.344,2.198,489.5,6.4
7481,STARLINK-5869,57061,STARLINK-33644,63414,2026-07-30 14:30:58,2.249,3.913,0.58,494.4,6.4
7482,STARLINK-31313,59088,STARLINK-36501,67327,2026-07-30 21:46:50,5.2884,6.201,1.301,483.9,6.4
7483,STARLINK-31235,59038,STARLINK-35765,67041,2026-07-31 02:20:57,5.405,8.354,1.323,493.0,6.4
7484,STARLINK-5021,53902,STARLINK-30248,57610,2026-07-30 22:24:57,5.775,9.036,1.41,485.9,6.4
7485,STARLINK-30814,58165,STARLINK-32880,62955,2026-07-30 19:31:51,5.2351,5.702,1.28,471.8,6.4
7486,STARLINK-30963,58444,STARLINK-31398,59415,2026-07-31 02:37:55,5.45,6.493,1.33,492.9,6.4
7487,STARLINK-34526,64481,STARLINK-35862,66628,2026-07-31 02:09:51,8.8992,9.792,2.14,474.9,6.4
7488,STARLINK-32556,61858,STARLINK-33929,64188,2026-07-31 05:51:51,5.6633,5.911,1.378,487.4,6.4
7489,STARLINK-34727,65025,STARLINK-37027,68232,2026-07-30 14:42:42,1.4567,4.347,0.389,461.1,6.4
7490,STARLINK-30966,58454,STARLINK-36058,66591,2026-07-31 04:26:50,5.4682,6.58,1.332,492.7,6.4
7491,STARLINK-4115,53032,STARLINK-34492,64473,2026-07-31 07:45:49,7.0304,9.067,1.699,473.9,6.4
7492,STARLINK-31435,59004,STARLINK-36413,67338,2026-07-30 09:03:56,6.1547,8.177,1.491,488.6,6.4
7493,STARLINK-4589,53746,STARLINK-36247,68245,2026-07-30 09:52:53,3.5317,3.587,0.875,476.4,6.4
7494,STARLINK-31681,59746,STARLINK-36829,67957,2026-07-31 06:01:50,5.2946,6.226,1.288,484.1,6.4
7495,STARLINK-2712,48674,STARLINK-33587,63469,2026-07-30 22:52:52,5.6042,5.654,1.361,487.1,6.4
7496,STARLINK-32098,59704,STARLINK-32820,63041,2026-07-30 23:57:53,9.3625,9.433,2.241,480.4,6.4
7497,STARLINK-34652,64772,STARLINK-35041,66188,2026-07-31 07:01:14,1.657,9.472,0.435,461.8,6.4
7498,STARLINK-30445,57873,STARLINK-30607,58099,2026-07-31 06:27:55,8.0879,9.055,1.938,481.9,6.3
7499,STARLINK-3190,49766,STARLINK-30611,58108,2026-07-30 10:10:48,2.7863,3.956,0.697,473.9,6.3
7500,STARLINK-35226,65492,STARLINK-37079,68186,2026-07-31 00:16:37,1.6394,6.868,0.429,461.7,6.3
7501,STARLINK-32944,63022,STARLINK-35600,66510,2026-07-30 23:46:52,5.4514,5.507,1.319,492.0,6.3
7502,STARLINK-31994,60588,STARLINK-32837,62812,2026-07-31 00:42:08,1.8601,7.652,0.48,475.5,6.3
7503,STARLINK-36273,68166,STARLINK-37713,69212,2026-07-31 01:05:51,2.5006,2.641,0.629,481.5,6.3
7504,STARLINK-30975,58446,STARLINK-35930,66599,2026-07-30 19:37:51,5.528,5.742,1.334,484.3,6.3
7505,STARLINK-4212,52846,STARLINK-30835,58219,2026-07-31 05:03:58,5.8574,9.625,1.41,489.3,6.3
7506,STARLINK-30277,57645,STARLINK-36489,67328,2026-07-31 05:45:55,5.6493,6.933,1.361,492.6,6.3
7507,STARLINK-5020,55458,STARLINK-36090,66855,2026-07-30 19:04:48,5.3333,8.352,1.288,483.6,6.3
7508,STARLINK-4712,53798,STARLINK-32165,60599,2026-07-30 12:32:55,7.1044,8.108,1.7,472.2,6.3
7509,STARLINK-31930,60596,STARLINK-32787,62809,2026-07-30 10:54:38,1.5378,5.936,0.404,461.5,6.3
7510,STARLINK-30222,57409,STARLINK-32592,62035,2026-07-30 18:56:58,5.7124,9.606,1.374,484.0,6.3
7511,STARLINK-31282,59307,STARLINK-36758,67926,2026-07-31 06:29:53,5.4049,5.407,1.302,492.5,6.3
7512,STARLINK-31071,58602,STARLINK-36067,66965,2026-07-30 16:41:55,5.4754,6.607,1.316,492.5,6.3
7513,STARLINK-4145,53137,STARLINK-32228,60445,2026-07-31 07:01:53,9.3773,9.523,2.221,472.2,6.3
7514,STARLINK-31428,59367,STARLINK-35389,66434,2026-07-30 17:32:53,5.4124,5.445,1.3,492.7,6.3
7515,STARLINK-3356,51133,STARLINK-35287,65754,2026-07-30 08:59:54,7.2406,7.463,1.724,462.3,6.3
7516,STARLINK-3230,50845,STARLINK-34242,64727,2026-07-30 21:53:48,6.5165,9.59,1.555,471.9,6.3
7517,STARLINK-2569,48277,STARLINK-31739,59766,2026-07-30 17:16:47,5.698,9.453,1.365,460.7,6.3
7518,STARLINK-3146,49414,STARLINK-32879,62957,2026-07-31 00:15:56,7.2542,9.371,1.725,480.3,6.3
7519,STARLINK-30126,56694,STARLINK-32739,62498,2026-07-31 04:58:56,5.5361,7.493,1.326,492.5,6.3
7520,STARLINK-2621,48370,HAWK-11C,62381,2026-07-30 22:08:48,5.6515,8.738,1.348,474.4,6.3
7521,SHIYAN-1 (SY-1),28220,STARLINK-36631,67602,2026-07-30 10:32:52,9.3147,9.503,2.192,463.9,6.3
7522,STARLINK-31603,59201,STARLINK-33837,63501,2026-07-31 04:31:53,7.2547,7.303,1.713,472.2,6.2
7523,STARLINK-32042,60108,KUIPER-00598,69768,2026-07-30 17:17:51,6.2062,6.526,1.472,464.5,6.2
7524,STARLINK-30891,58367,STARLINK-33866,63653,2026-07-30 15:13:51,5.5464,5.995,1.32,484.4,6.2
7525,BUFENG 1A,44310,STARLINK-36729,67905,2026-07-30 20:12:51,8.1819,8.634,1.923,491.7,6.2
7526,STARLINK-31749,59631,STARLINK-32745,62755,2026-07-31 04:23:58,5.7409,9.128,1.363,492.4,6.2
7527,STARLINK-31973,59943,STARLINK-35743,66578,2026-07-30 13:32:47,5.442,9.042,1.294,492.2,6.2
7528,STARLINK-30259,57521,STARLINK-30972,58721,2026-07-30 12:28:52,7.4506,7.564,1.754,482.6,6.2
7529,STARLINK-31170,58801,STARLINK-34292,64390,2026-07-31 06:02:51,5.5853,5.771,1.326,492.5,6.2
7530,STARLINK-34540,65657,STARLINK-37929,69557,2026-07-30 10:20:53,6.9825,7.088,1.645,479.6,6.2
7531,STARLINK-30217,57450,STARLINK-34505,64490,2026-07-31 00:54:54,7.5444,8.06,1.773,482.3,6.2
7532,STARLINK-32423,61218,STARLINK-32825,62825,2026-07-30 10:39:56,6.7593,8.626,1.593,485.7,6.2
7533,STARLINK-32277,60376,STARLINK-33686,63422,2026-07-30 11:34:52,8.2755,8.396,1.939,481.8,6.2
7534,STARLINK-35115,65665,STARLINK-36379,68769,2026-07-30 18:02:50,2.5878,3.097,0.638,480.9,6.2
7535,STARLINK-34053,63837,STARLINK-35117,65632,2026-07-31 03:21:53,7.973,8.017,1.87,489.3,6.2
7536,STARLINK-31961,59894,STARLINK-32462,62129,2026-07-30 19:27:56,5.5253,7.502,1.31,484.3,6.2
7537,STARLINK-5509,57263,STARLINK-33907,63769,2026-07-30 14:51:51,5.6323,6.13,1.333,484.0,6.2
7538,D-STAR ONE (SPARROW),43881,COSMOS 2592,65268,2026-07-31 07:10:54,8.8226,9.547,2.062,302.0,6.2
7539,STARLINK-31205,59046,STARLINK-35732,67037,2026-07-30 13:20:56,5.594,7.396,1.324,483.8,6.2
7540,STARLINK-6332,57339,STARLINK-36656,67841,2026-07-30 12:02:48,5.5363,8.012,1.311,484.3,6.2
7541,STARLINK-31554,59195,STARLINK-33686,63422,2026-07-30 16:52:50,5.4953,6.624,1.301,492.3,6.2
7542,STARLINK-3891,52650,STARLINK-32103,59688,2026-07-30 22:48:55,5.9805,6.942,1.411,490.4,6.2
7543,STARLINK-31807,59639,STARLINK-32329,62736,2026-07-31 00:02:47,5.441,8.738,1.288,484.3,6.2
7544,STARLINK-3701,52095,STARLINK-34342,64271,2026-07-30 11:35:55,5.2061,6.062,1.234,473.9,6.2
7545,R2,46913,STARLINK-36726,67925,2026-07-30 14:38:03,3.7407,9.822,0.899,492.8,6.2
7546,STARLINK-4150,53134,STARLINK-36320,68090,2026-07-30 14:31:53,7.4215,7.426,1.736,460.3,6.2
7547,STARLINK-3219,49724,STARLINK-34981,65198,2026-07-31 02:18:44,4.2971,9.443,1.024,472.0,6.2
7548,STARLINK-5237,54196,STARLINK-34066,63909,2026-07-30 10:22:53,9.7836,9.932,2.272,481.7,6.2
7549,STARLINK-31524,59506,STARLINK-34587,64735,2026-07-31 06:32:49,6.5867,8.921,1.544,488.4,6.2
7550,STARLINK-31390,58937,STARLINK-33668,63402,2026-07-31 04:05:51,8.1025,8.659,1.889,489.4,6.2
7551,STARLINK-36121,66940,STARLINK-37680,69240,2026-07-30 16:08:49,7.2808,8.985,1.702,476.3,6.2
7552,STARLINK-34727,65025,STARLINK-37027,68232,2026-07-30 15:29:36,1.508,6.747,0.389,475.2,6.2
7553,STARLINK-31401,59417,STARLINK-35619,66256,2026-07-30 08:38:52,9.3524,9.494,2.17,481.0,6.2
7554,STARLINK-31930,60596,STARLINK-33594,62770,2026-07-31 08:01:53,7.6724,7.699,1.788,479.6,6.2
7555,STARLINK-3525,51733,STARLINK-37508,69257,2026-07-30 13:57:58,1.6238,2.913,0.414,475.3,6.2
7556,STARLINK-3500,51740,STARLINK-30920,58378,2026-07-31 01:06:57,5.3463,8.21,1.26,460.2,6.2
7557,STARLINK-35490,66204,STARLINK-37090,68193,2026-07-30 17:54:53,9.1603,9.223,2.125,474.9,6.2
7558,STARLINK-33925,63793,STARLINK-35483,66252,2026-07-30 21:20:52,8.5626,8.763,1.989,480.7,6.2
7559,STARLINK-3341,50817,STARLINK-36393,67859,2026-07-30 12:11:51,6.3591,6.543,1.487,481.4,6.2
7560,STARLINK-31809,59743,STARLINK-36872,67955,2026-07-30 16:35:58,5.4803,9.297,1.286,492.6,6.2
7561,STARLINK-31735,60054,STARLINK-32443,61672,2026-07-30 14:40:53,5.5918,5.597,1.311,472.0,6.2
7562,STARLINK-30418,57829,STARLINK-32075,60345,2026-07-30 12:52:54,8.7167,9.328,2.018,481.7,6.2
7563,STARLINK-3209,49752,STARLINK-31434,59215,2026-07-31 07:01:05,1.5215,5.048,0.389,475.6,6.2
7564,STARLINK-5937,56922,STARLINK-31106,58689,2026-07-31 06:06:56,5.5294,6.791,1.296,492.3,6.2
7565,STARLINK-30757,58131,STARLINK-32819,62995,2026-07-30 11:51:48,5.4563,7.759,1.279,484.4,6.2
7566,STARLINK-4162,53288,STARLINK-32382,61258,2026-07-31 08:09:03,3.7714,9.927,0.897,460.3,6.1
7567,STARLINK-31286,59082,STARLINK-36430,67326,2026-07-31 00:45:51,5.5567,5.713,1.3,484.0,6.1
7568,STARLINK-5566,56133,STARLINK-34220,64930,2026-07-30 19:29:53,9.8808,9.931,2.273,487.5,6.1
7569,STARLINK-5658,55338,STARLINK-34729,65364,2026-07-30 08:36:57,6.6085,9.96,1.535,488.9,6.1
7570,STARLINK-31556,59544,STARLINK-34113,64010,2026-07-30 18:43:48,5.6438,8.201,1.317,484.1,6.1
7571,STARLINK-3204,49759,STARLINK-4476,53419,2026-07-30 10:46:52,9.9346,9.935,2.284,463.1,6.1
7572,STARLINK-32090,59691,STARLINK-34254,64136,2026-07-31 01:48:48,5.3496,8.21,1.25,484.3,6.1
7573,STARLINK-31290,59085,STARLINK-35876,67180,2026-07-31 01:09:49,5.5055,7.485,1.284,492.5,6.1
7574,STARLINK-36273,68166,STARLINK-37713,69212,2026-07-30 20:23:58,2.5982,4.373,0.629,481.5,6.1
7575,STARLINK-6239,56423,STARLINK-30835,58219,2026-07-30 23:51:51,5.7123,5.888,1.329,484.3,6.1
7576,STARLINK-3942,52563,STARLINK-35544,65922,2026-07-31 05:22:51,5.086,5.328,1.188,473.7,6.1
7577,YAOGAN-35 03B,53318,STARLINK-31388,59565,2026-07-30 19:16:52,6.4277,6.471,1.489,488.4,6.1
7578,2026-052A,68198,2026-134C,69540,2026-07-30 18:06:05,2.0494,6.407,0.505,526.7,6.1
7579,STARLINK-6150,57119,STARLINK-30953,58491,2026-07-31 04:29:52,5.5539,5.681,1.292,483.9,6.1
7580,STARLINK-31519,59546,STARLINK-34016,64016,2026-07-30 21:41:49,5.6605,7.635,1.315,492.5,6.1
7581,STARLINK-4675,53601,STARLINK-35129,66077,2026-07-30 23:28:56,7.5876,9.484,1.747,460.5,6.1
7582,STARLINK-30107,56287,STARLINK-36520,67466,2026-07-30 13:50:57,5.6165,7.852,1.304,492.8,6.1
7583,STARLINK-32715,62569,STARLINK-35514,66535,2026-07-30 12:51:47,5.702,8.999,1.322,484.0,6.1
7584,STARLINK-33646,63280,STARLINK-33639,63481,2026-07-30 12:40:49,5.8036,7.849,1.341,492.3,6.1
7585,STARLINK-37745,69232,STARLINK-37869,69483,2026-07-30 15:06:54,2.5597,2.69,0.616,464.4,6.1
7586,STARLINK-2469,48128,STARLINK-3783,52282,2026-07-31 05:40:55,5.5591,6.707,1.284,467.2,6.1
7587,STARLINK-31994,60588,STARLINK-32837,62812,2026-07-31 01:29:02,1.9574,4.881,0.481,461.6,6.1
7588,STARLINK-3154,49417,STARLINK-32743,62480,2026-07-30 19:01:54,6.3995,6.679,1.471,485.7,6.1
7589,STARLINK-30889,58368,STARLINK-33822,63658,2026-07-30 11:12:55,5.7192,6.683,1.319,492.5,6.1
7590,STARLINK-30169,57499,STARLINK-30566,58054,2026-07-30 14:49:52,9.9071,9.908,2.251,493.2,6.1
7591,STARLINK-2379,47798,STARLINK-32795,63042,2026-07-30 17:08:52,8.3644,8.412,1.906,465.7,6.1
7592,STARLINK-31842,59672,STARLINK-33827,63798,2026-07-30 18:46:55,5.5613,6.73,1.28,483.9,6.1
7593,STARLINK-32039,60604,STARLINK-34254,64136,2026-07-31 00:53:53,9.0915,9.104,2.064,489.5,6.1
7594,STARLINK-3204,49759,STARLINK-34817,65362,2026-07-30 18:37:59,4.4472,8.169,1.032,460.4,6.1
7595,STARLINK-3127,49450,STARLINK-35014,65429,2026-07-30 13:37:58,3.0948,5.283,0.73,460.1,6.0
7596,STARLINK-30191,57413,STARLINK-31656,60286,2026-07-30 12:08:57,7.0173,9.909,1.599,489.0,6.0
7597,STARLINK-4174,53276,STARLINK-31263,58832,2026-07-30 11:11:52,3.7461,3.822,0.873,473.9,6.0
7598,STARLINK-30203,57498,STARLINK-35548,66203,2026-07-30 15:17:52,8.1236,8.156,1.839,488.9,6.0
7599,STARLINK-3980,52611,STARLINK-4706,53779,2026-07-30 12:25:51,5.6122,5.895,1.284,467.5,6.0
7600,STARLINK-3943,52557,STARLINK-32566,61958,2026-07-30 23:08:49,6.6338,8.315,1.507,460.3,6.0
7601,STARLINK-3208,49769,STARLINK-5531,55383,2026-07-31 01:30:53,8.6037,8.648,1.941,491.1,6.0
7602,STARLINK-4790,53859,STARLINK-6169,56889,2026-07-31 03:39:54,6.9687,7.279,1.579,484.4,6.0
7603,STARLINK-37872,69433,STARLINK-37994,69680,2026-07-31 02:02:52,8.5442,8.545,1.924,416.7,6.0
7604,STARLINK-3352,51147,STARLINK-32842,62822,2026-07-31 07:08:49,4.727,6.31,1.083,475.5,6.0
7605,STARLINK-3300,50841,STARLINK-35671,66392,2026-07-30 16:50:53,9.4157,9.633,2.114,463.1,6.0
7606,STARLINK-30563,58042,STARLINK-32777,62525,2026-07-30 22:39:57,5.9564,8.287,1.353,486.6,6.0
7607,STARLINK-3937,52542,STARLINK-35953,66637,2026-07-31 02:55:57,3.5985,5.197,0.835,460.3,6.0
7608,STARLINK-31143,58770,STARLINK-36859,68710,2026-07-30 20:54:54,9.4066,9.771,2.11,475.1,6.0
7609,STARLINK-32199,60320,STARLINK-37380,69182,2026-07-30 13:14:32,1.9155,9.687,0.464,461.7,6.0
7610,STARLINK-6379,57343,STARLINK-36654,67838,2026-07-30 18:39:48,5.7738,7.914,1.311,483.9,6.0
7611,STARLINK-3828,52469,STARLINK-6074,56553,2026-07-30 21:56:58,5.9611,9.207,1.35,490.1,6.0
7612,STARLINK-31555,59351,STARLINK-35405,66440,2026-07-30 23:33:51,5.7464,6.118,1.303,484.2,6.0
7613,STARLINK-31883,60020,STARLINK-32786,62528,2026-07-30 15:47:55,5.9676,7.151,1.35,486.3,6.0
7614,STARLINK-30136,56844,STARLINK-32227,60361,2026-07-31 01:53:53,8.4109,8.423,1.884,482.0,6.0
7615,STARLINK-4689,53590,STARLINK-37353,69157,2026-07-31 04:47:49,7.7079,9.339,1.729,472.4,6.0
7616,STARLINK-32536,61925,STARLINK-35938,66644,2026-07-30 19:14:54,6.0377,6.515,1.364,487.1,6.0
7617,STARLINK-34148,64111,STARLINK-35631,66121,2026-07-30 09:23:52,6.693,6.698,1.506,471.9,6.0
7618,STARLINK-33665,63281,STARLINK-36469,67360,2026-07-30 16:01:51,5.5362,5.765,1.253,483.1,6.0
7619,STARLINK-2418,48097,STARLINK-35940,66617,2026-07-30 20:50:56,5.4931,6.79,1.243,472.1,6.0
7620,STARLINK-30392,57855,STARLINK-30902,58421,2026-07-30 23:23:52,8.9421,9.139,1.994,489.9,6.0
7621,STARLINK-35629,66127,KUIPER-00598,69768,2026-07-31 08:09:56,4.8353,6.31,1.097,475.1,5.9
7622,STARLINK-3893,52579,STARLINK-11718 [DTC],64132,2026-07-30 17:48:55,6.254,6.948,1.406,360.0,5.9
7623,STRIX-5,65971,KUIPER-00502,68883,2026-07-31 06:33:55,7.4253,8.151,1.658,582.1,5.9
7624,STARLINK-31410,59179,STARLINK-33693,63409,2026-07-30 22:16:48,5.8087,8.29,1.306,484.0,5.9
7625,STARLINK-6076,56100,STARLINK-34071,63910,2026-07-31 07:33:56,6.1355,7.938,1.376,492.3,5.9
7626,STARLINK-3556,51877,STARLINK-5117,54172,2026-07-30 22:14:42,2.9123,7.652,0.676,463.1,5.9
7627,STARLINK-31592,59467,STARLINK-36139,66966,2026-07-31 01:23:55,4.6261,5.248,1.047,483.1,5.9
7628,STARLINK-5173,54059,STARLINK-5383,54827,2026-07-30 12:22:52,7.7665,7.777,1.729,483.2,5.9
7629,STARLINK-31976,59887,STARLINK-32899,62994,2026-07-30 22:51:56,5.8056,7.027,1.302,492.3,5.9
7630,STARLINK-34865,65200,KUIPER-00560,69623,2026-07-30 10:49:51,8.5362,9.19,1.891,470.8,5.9
7631,STARLINK-5951,56918,STARLINK-32960,63197,2026-07-30 15:05:54,6.0778,6.571,1.358,492.6,5.9
7632,STARLINK-31966,59944,STARLINK-35868,66579,2026-07-31 05:08:47,5.7825,8.949,1.294,492.9,5.9
7633,STARLINK-31951,59890,STARLINK-36599,67638,2026-07-31 06:12:48,6.0761,9.007,1.357,483.7,5.9
7634,STARLINK-37002,68164,STARLINK-37496,69297,2026-07-31 06:08:45,2.7909,5.432,0.647,464.4,5.9
7635,STARLINK-30987,58487,STARLINK-34032,63853,2026-07-30 19:59:50,5.6327,6.293,1.261,483.8,5.9
7636,STARLINK-32041,60202,STARLINK-35060,65693,2026-07-31 05:49:51,6.5758,6.943,1.464,472.7,5.9
7637,STARLINK-31442,59859,STARLINK-35698,66481,2026-07-30 22:53:58,5.63,9.045,1.259,493.2,5.9
7638,STARLINK-5795,56039,STARLINK-33841,63771,2026-07-30 16:50:59,5.7199,9.745,1.277,491.9,5.9
7639,STARLINK-32461,61701,KUIPER-00573,69627,2026-07-30 18:01:53,9.5698,9.592,2.106,458.5,5.9
7640,STARLINK-30852,58373,STARLINK-33854,63635,2026-07-30 16:48:48,5.9421,8.066,1.323,492.4,5.9
7641,STARLINK-30991,58484,STARLINK-33878,63862,2026-07-30 20:34:56,6.014,7.62,1.336,483.9,5.9
7642,STARLINK-6279,56411,STARLINK-34106,63907,2026-07-31 05:04:57,4.6173,6.244,1.035,492.2,5.9
7643,STARLINK-31261,59084,STARLINK-32638,62424,2026-07-30 17:35:53,6.0735,6.105,1.344,483.7,5.9
7644,STARLINK-6279,56411,STARLINK-34106,63907,2026-07-31 04:17:52,4.6494,4.748,1.036,484.5,5.8
7645,STARLINK-35697,66539,STARLINK-35927,66624,2026-07-30 17:15:55,6.5652,7.492,1.445,487.8,5.8
7646,STARLINK-3456,51759,STARLINK-32188,60365,2026-07-30 21:08:52,8.2104,8.216,1.795,479.4,5.8
7647,STARLINK-5735,55603,STARLINK-36770,67870,2026-07-31 03:47:49,6.7318,8.584,1.477,488.2,5.8
7648,STARLINK-2386,47805,STARLINK-36131,67032,2026-07-31 03:31:54,7.8316,8.545,1.711,494.5,5.8
7649,YAOGAN-36 01A,53943,STARLINK-33670,63413,2026-07-30 18:37:49,5.8375,7.334,1.285,489.6,5.8
7650,STARLINK-6280,56531,STARLINK-35522,66341,2026-07-30 22:33:56,5.8887,7.18,1.296,492.4,5.8
7651,STARLINK-3611,51779,STARLINK-37757,69244,2026-07-31 00:01:50,8.9707,9.935,1.952,472.0,5.8
7652,STARLINK-6184,57081,STARLINK-32130,60585,2026-07-31 03:41:56,6.534,8.196,1.433,488.0,5.8
7653,STARLINK-31862,59786,STARLINK-32083,60343,2026-07-30 16:37:52,7.7585,7.785,1.693,489.3,5.8
7654,STARLINK-30255,57606,STARLINK-30525,58012,2026-07-31 00:51:52,6.0011,6.005,1.318,492.9,5.8
7655,STARLINK-5711,55471,STARLINK-35118,66858,2026-07-30 23:51:53,6.2251,6.226,1.364,492.3,5.8
7656,STARLINK-31606,59571,STARLINK-33699,63328,2026-07-30 19:30:47,5.9848,9.86,1.313,484.1,5.8
7657,STARLINK-3556,51877,STARLINK-30923,58381,2026-07-30 15:57:50,7.4417,8.173,1.622,459.0,5.8
7658,GRACE-FO 2,43477,239ALFEROV (RS61S),64881,2026-07-31 06:53:50,7.9685,9.126,1.733,462.7,5.8
7659,STARLINK-33613,63286,STARLINK-35340,66022,2026-07-30 10:42:49,6.5667,8.659,1.435,484.4,5.8
7660,STARLINK-31622,59456,STARLINK-32820,63041,2026-07-31 01:50:56,6.9852,8.582,1.523,489.3,5.8
7661,STARLINK-34278,64391,STARLINK-34673,65090,2026-07-30 23:09:53,7.4144,7.463,1.611,488.1,5.8
7662,STARLINK-31746,59613,STARLINK-35978,66601,2026-07-31 03:26:51,5.9188,6.183,1.294,483.8,5.8
7663,STARLINK-33767,63722,STARLINK-35922,66502,2026-07-30 12:31:55,8.1651,9.203,1.768,489.4,5.8
7664,STARLINK-4270,52863,STARLINK-4193,52875,2026-07-30 22:04:52,6.7247,6.741,1.463,464.5,5.8
7665,STARLINK-33862,63709,STARLINK-35598,66509,2026-07-31 04:24:55,8.3758,9.327,1.81,489.1,5.8
7666,STARLINK-5395,54831,STARLINK-5869,57061,2026-07-30 23:11:54,9.263,9.851,1.996,485.9,5.8
7667,STARLINK-30973,58713,STARLINK-35787,66978,2026-07-30 23:54:49,7.6388,9.222,1.652,482.4,5.8
7668,STARLINK-2285,48019,STARLINK-36963,68235,2026-07-30 17:49:53,8.463,8.483,1.825,479.5,5.8
7669,STARLINK-32434,61913,STARLINK-32668,62212,2026-07-30 20:04:51,6.0622,6.224,1.318,492.3,5.8
7670,STARLINK-32375,61070,STARLINK-33665,63281,2026-07-31 03:18:49,6.839,8.225,1.481,483.9,5.8
7671,STARLINK-35164,65519,STARLINK-37031,68172,2026-07-31 05:08:32,1.8366,9.146,0.428,475.6,5.8
7672,STARLINK-30079,56706,STARLINK-35354,66477,2026-07-30 18:29:52,6.0879,6.111,1.32,492.4,5.8
7673,STARLINK-33849,63654,STARLINK-33982,63707,2026-07-30 21:01:50,6.3416,7.191,1.37,487.1,5.7
7674,STARLINK-32339,61640,STARLINK-36208,67108,2026-07-30 17:26:52,6.0742,6.131,1.313,484.2,5.7
7675,STARLINK-2726,48662,STARLINK-3698,52108,2026-07-31 07:02:52,9.1311,9.188,1.95,467.9,5.7
7676,STARLINK-3244,49741,STARLINK-30607,58099,2026-07-30 16:34:52,4.7581,4.833,1.036,472.1,5.7
7677,STARLINK-30934,58395,STARLINK-37288,68551,2026-07-30 18:38:00,0.6548,1.545,0.179,461.5,5.7
7678,STARLINK-30989,58510,STARLINK-31377,58938,2026-07-30 21:08:53,7.8739,7.894,1.685,482.5,5.7
7679,STARLINK-3341,50817,STARLINK-36393,67859,2026-07-30 11:24:54,6.9422,7.237,1.49,468.3,5.7
7680,STARLINK-5022,53903,STARLINK-32626,62123,2026-07-31 03:43:51,7.1762,7.391,1.539,484.0,5.7
7681,STARLINK-31659,59254,STARLINK-34596,64732,2026-07-30 20:53:49,1.7543,2.278,0.408,475.1,5.7
7682,STARLINK-3125,49451,STARLINK-35795,66369,2026-07-30 08:43:52,4.0089,4.01,0.878,463.0,5.7
7683,STARLINK-11213 [DTC],60309,STARLINK-11703 [DTC],63759,2026-07-30 13:06:54,8.1065,8.336,1.731,360.4,5.7
7684,STARLINK-4554,53626,STARLINK-35884,67044,2026-07-31 01:57:49,6.2837,8.282,1.35,492.4,5.7
7685,STARLINK-31572,59333,STARLINK-35257,66331,2026-07-31 07:10:49,5.806,7.209,1.25,492.7,5.7
7686,STARLINK-32540,61723,KUIPER-00258,69763,2026-07-30 22:39:53,6.769,6.792,1.45,471.9,5.7
7687,STARLINK-32016,60096,STARLINK-37889,69536,2026-07-30 14:58:53,9.8368,9.859,2.089,475.2,5.7
7688,STARLINK-2465,48124,STARLINK-35949,66630,2026-07-30 16:22:54,8.7417,9.111,1.859,479.4,5.7
7689,STARLINK-33865,64247,STARLINK-34879,65377,2026-07-30 23:03:53,6.6918,6.698,1.431,484.1,5.7
7690,STARLINK-35771,67171,STARLINK-36471,67324,2026-07-30 16:33:55,5.9193,6.693,1.269,492.9,5.7
7691,STARLINK-32434,61913,STARLINK-35620,66474,2026-07-30 23:15:55,5.8967,6.648,1.263,492.1,5.7
7692,STARLINK-3609,51808,STARLINK-32389,61549,2026-07-30 21:48:51,7.854,8.199,1.668,459.0,5.7
7693,STARLINK-31930,60596,STARLINK-32787,62809,2026-07-30 11:41:32,1.7513,8.451,0.403,475.3,5.7
7694,STARLINK-31741,59550,STARLINK-34062,64021,2026-07-30 17:04:55,6.1611,6.871,1.315,492.5,5.7
7695,STARLINK-6125,57114,STARLINK-35466,66457,2026-07-30 15:16:57,6.3677,9.28,1.357,484.2,5.7
7696,STARLINK-2748,48694,STARLINK-35627,66172,2026-07-30 13:12:49,7.454,9.103,1.579,466.0,5.7
7697,STARLINK-34222,64191,STARLINK-35564,67420,2026-07-31 06:17:50,6.4741,7.382,1.377,487.4,5.7
7698,STARLINK-11422 [DTC],61944,STARLINK-11432 [DTC],62882,2026-07-30 10:52:53,9.0327,9.053,1.904,359.5,5.7
7699,STARLINK-3800,52379,STARLINK-35305,66561,2026-07-31 07:17:51,6.8575,7.091,1.455,484.1,5.7
7700,STARLINK-31066,58676,STARLINK-36714,67924,2026-07-30 11:54:49,6.1004,7.382,1.297,492.4,5.7
7701,STARLINK-35226,65492,STARLINK-37079,68186,2026-07-30 23:29:43,1.8812,4.342,0.428,474.9,5.7
7702,STARLINK-30477,57912,STARLINK-36476,67314,2026-07-31 03:09:54,6.283,6.748,1.335,483.8,5.6
7703,STARLINK-5098,54013,STARLINK-34016,64016,2026-07-30 13:37:51,7.4597,7.954,1.576,490.1,5.6
7704,STARLINK-2705,48672,STARLINK-37280,68511,2026-07-30 18:08:54,8.5821,9.242,1.807,465.8,5.6
7705,STARLINK-31566,59475,STARLINK-36956,68009,2026-07-31 00:43:49,6.1931,7.444,1.314,483.8,5.6
7706,GEOSCAN 2 (RS92S2),64890,STARLINK-37022,68101,2026-07-30 14:41:59,5.8882,9.955,1.251,484.3,5.6
7707,STARLINK-6118,57106,STARLINK-30160,57441,2026-07-30 23:28:48,6.4138,9.051,1.355,484.3,5.6
7708,STARLINK-31138,58806,STARLINK-32601,61973,2026-07-31 04:37:53,6.0298,6.047,1.275,492.7,5.6
7709,STARLINK-2190,48564,STARLINK-4263,53010,2026-07-30 23:08:55,7.7125,8.454,1.619,480.8,5.6
7710,STARLINK-31877,59675,STARLINK-35321,66074,2026-07-31 05:11:55,8.7134,9.453,1.823,489.5,5.6
7711,STARLINK-3525,51733,STARLINK-3646,51785,2026-07-30 08:30:51,9.6343,9.942,2.009,466.0,5.6
7712,STARLINK-34310,64210,STARLINK-33802,64392,2026-07-30 22:09:54,6.5773,6.995,1.379,487.3,5.6
7713,STARLINK-32339,61640,STARLINK-36208,67108,2026-07-30 16:39:48,6.2462,9.048,1.312,492.4,5.6
7714,STARLINK-5754,55579,STARLINK-30789,58166,2026-07-31 01:59:52,6.4899,6.491,1.361,487.2,5.6
7715,STARLINK-3324,50814,STARLINK-34895,65349,2026-07-30 22:56:55,8.4315,9.155,1.755,473.3,5.6
7716,POLAR SCOUT YUKON,43808,FLOCK 4BE-34,60495,2026-07-31 04:57:57,7.0929,9.395,1.481,459.6,5.6
7717,TIANHUI 5A,58199,AETHER-10,67381,2026-07-30 11:29:56,5.5145,6.545,1.161,605.8,5.6
7718,STARLINK-33871,63994,STARLINK-36769,67871,2026-07-31 06:02:50,8.1052,9.385,1.685,482.6,5.6
7719,STARLINK-2443,48107,STARLINK-35904,66627,2026-07-30 13:41:48,5.8694,8.127,1.231,485.5,5.6
7720,STARLINK-31471,59568,STARLINK-36103,66985,2026-07-30 23:55:54,6.4399,6.636,1.346,492.4,5.6
7721,STARLINK-34916,65427,STARLINK-35691,66404,2026-07-30 16:16:53,8.9972,9.058,1.863,465.6,5.6
7722,STARLINK-3271,50167,STARLINK-36764,68963,2026-07-31 03:37:54,8.6715,9.157,1.796,477.3,5.6
7723,STARLINK-4212,52846,STARLINK-30098,56292,2026-07-30 17:04:54,8.3838,8.659,1.738,490.6,5.6
7724,STARLINK-30453,57910,STARLINK-36461,67316,2026-07-31 02:34:51,6.0083,6.44,1.256,483.6,5.6
7725,STARLINK-6152,57121,STARLINK-35938,66644,2026-07-31 01:35:51,6.6167,7.102,1.378,485.3,5.6
7726,STARLINK-6200,56897,STARLINK-32256,60362,2026-07-30 16:04:56,6.8144,8.242,1.417,484.9,5.6
7727,STARLINK-32909,62894,STARLINK-36554,67502,2026-07-30 16:15:58,4.8821,7.427,1.027,492.3,5.6
7728,STARLINK-33637,63470,STARLINK-35461,66088,2026-07-31 04:27:52,8.9061,8.919,1.839,481.8,5.6
7729,STARLINK-3747,52306,STARLINK-34573,64676,2026-07-30 12:27:51,8.1802,8.42,1.692,460.4,5.6
7730,STARLINK-2615,48678,STARLINK-34459,64449,2026-07-30 13:10:54,8.3659,8.605,1.729,465.9,5.5
7731,STARLINK-31750,59552,STARLINK-34155,64019,2026-07-30 17:41:56,6.3213,7.569,1.315,492.6,5.5
7732,STARLINK-1039,44744,STARLINK-32858,62962,2026-07-30 17:16:51,7.9897,8.606,1.651,483.8,5.5
7733,STARLINK-3892,52488,STARLINK-32412,61680,2026-07-30 09:38:59,5.3456,9.428,1.116,472.5,5.5
7734,STARLINK-31899,59850,STARLINK-32731,62493,2026-07-30 23:24:49,6.5706,7.9,1.361,492.7,5.5
7735,STARLINK-3109,49143,STARLINK-5924,55963,2026-07-31 05:41:51,6.7638,7.054,1.399,575.6,5.5
7736,STARLINK-31153,59044,STARLINK-35706,67051,2026-07-30 22:19:57,6.3915,9.037,1.324,484.3,5.5
7737,STARLINK-6160,56382,STARLINK-35482,66346,2026-07-30 20:22:47,6.1956,9.444,1.284,492.6,5.5
7738,STARLINK-31343,59093,STARLINK-36427,67333,2026-07-31 03:11:49,6.2915,7.773,1.301,482.9,5.5
7739,STARLINK-2685,48468,STARLINK-35695,66558,2026-07-30 14:28:52,9.3966,9.429,1.923,486.9,5.5
7740,STARLINK-30589,58103,STARLINK-35762,67172,2026-07-31 06:10:54,6.5817,6.888,1.358,485.7,5.5
7741,STARLINK-30984,58480,STARLINK-33821,63859,2026-07-31 07:35:49,6.482,8.059,1.336,484.0,5.5
7742,STARLINK-30774,58625,STARLINK-34776,65037,2026-07-30 17:00:52,8.3589,8.384,1.711,482.2,5.5
7743,STARLINK-31231,59034,STARLINK-35739,67053,2026-07-30 23:21:53,6.4173,6.551,1.322,493.0,5.5
7744,STARLINK-31463,59296,STARLINK-32321,61065,2026-07-30 17:15:53,7.5978,7.602,1.557,483.4,5.5
7745,STARLINK-6089,56096,STARLINK-34099,63959,2026-07-31 06:23:48,6.6442,9.182,1.366,492.6,5.5
7746,STARLINK-31114,58766,STARLINK-31408,59240,2026-07-31 05:26:51,8.7121,8.893,1.778,482.3,5.5
7747,STARLINK-30962,58458,STARLINK-36076,66588,2026-07-31 05:23:57,6.478,8.516,1.332,492.0,5.5
7748,STARLINK-33665,63281,STARLINK-36469,67360,2026-07-30 15:14:47,6.0717,9.29,1.251,493.5,5.5
7749,STARLINK-32312,61711,STARLINK-34410,64440,2026-07-30 22:33:52,6.0105,6.046,1.238,476.7,5.5
7750,STARLINK-36334,67471,STARLINK-36381,67952,2026-07-31 04:50:50,6.4656,7.174,1.327,483.7,5.5
7751,STARLINK-31344,59171,STARLINK-32311,62114,2026-07-31 07:16:55,6.1337,6.8,1.26,484.2,5.5
7752,STARLINK-3943,52557,STARLINK-33807,63518,2026-07-30 11:25:58,6.3222,9.94,1.295,473.9,5.5
7753,STARLINK-35532,66091,STARLINK-36723,67915,2026-07-30 11:53:53,6.6559,6.766,1.359,485.9,5.5
7754,STARLINK-3113,49735,STARLINK-34236,64743,2026-07-30 21:58:52,1.9994,2.02,0.436,461.9,5.5
7755,STARLINK-5408,54810,STARLINK-37270,68727,2026-07-30 20:05:49,6.2583,8.063,1.28,477.7,5.5
7756,STARLINK-3536,51888,STARLINK-31739,59766,2026-07-30 11:48:57,3.9884,5.219,0.83,476.4,5.5
7757,STARLINK-6364,57378,STARLINK-36486,67335,2026-07-30 19:34:54,6.3764,6.586,1.302,483.9,5.5
7758,STARLINK-2440,48105,STARLINK-34272,64274,2026-07-30 17:06:50,8.2662,8.976,1.676,465.7,5.5
7759,STARLINK-31788,60055,STARLINK-36479,67352,2026-07-31 05:00:50,7.0168,8.085,1.426,484.5,5.4
7760,STARLINK-32167,60268,STARLINK-35627,66172,2026-07-30 19:25:59,5.3881,9.275,1.104,463.2,5.4
7761,STARLINK-3254,50204,STARLINK-33853,63684,2026-07-30 18:17:53,8.6362,8.772,1.746,483.1,5.4
7762,STARLINK-31918,60037,STARLINK-36429,67356,2026-07-30 19:15:49,7.8382,9.599,1.588,483.2,5.4
7763,STARLINK-34824,65042,STARLINK-36745,68257,2026-07-30 22:15:10,1.7722,6.996,0.389,474.9,5.4
7764,STARLINK-2237,48583,STARLINK-30596,58110,2026-07-30 18:57:55,8.7827,9.541,1.772,465.9,5.4
7765,STARLINK-31500,59305,STARLINK-36728,67927,2026-07-30 12:15:57,6.4041,9.054,1.302,484.2,5.4
7766,STARLINK-3839,52480,STARLINK-4581,53576,2026-07-31 07:25:37,2.4195,8.592,0.516,490.6,5.4
7767,STARLINK-31062,58590,STARLINK-35612,66128,2026-07-31 01:36:53,8.6971,8.746,1.753,489.3,5.4
7768,STARLINK-6081,56108,STARLINK-31122,58774,2026-07-30 22:57:51,6.9432,7.322,1.407,488.2,5.4
7769,STARLINK-30197,57443,STARLINK-35427,66110,2026-07-30 10:53:55,9.0254,9.899,1.816,482.2,5.4
7770,STARLINK-6255,56550,STARLINK-32556,61858,2026-07-31 02:21:59,6.2543,9.922,1.271,492.4,5.4
7771,GAOFEN-9 05,46232,STARLINK-37941,69667,2026-07-30 14:46:06,3.0069,9.196,0.631,479.9,5.4
7772,STARLINK-30230,57503,STARLINK-33848,63705,2026-07-30 23:05:51,9.242,9.604,1.857,482.2,5.4
7773,STARLINK-31951,59890,STARLINK-36599,67638,2026-07-30 20:00:48,6.694,8.814,1.355,492.9,5.4
7774,STARLINK-6175,56882,STARLINK-32165,60599,2026-07-30 12:15:51,7.197,7.479,1.45,484.3,5.4
7775,STARLINK-35536,66261,STARLINK-37079,68186,2026-07-30 23:30:53,9.966,9.966,1.993,479.3,5.4
7776,STARLINK-36611,67830,STARLINK-36618,67847,2026-07-30 11:25:55,6.7734,7.508,1.366,484.0,5.4
7777,STARLINK-33607,63323,STARLINK-35402,66079,2026-07-30 16:37:53,6.8014,6.817,1.37,485.8,5.4
7778,STARLINK-4577,53564,STARLINK-35324,65838,2026-07-31 05:57:54,9.3047,9.686,1.858,473.7,5.4
7779,GJZ 05,62294,CENTISPACE-1 S7,62576,2026-07-30 09:17:05,3.0705,8.258,0.639,979.6,5.4
7780,STARLINK-31344,59171,STARLINK-34469,64615,2026-07-30 09:04:51,8.5819,9.006,1.715,482.2,5.4
7781,STARLINK-6299,57358,STARLINK-32618,62045,2026-07-31 04:38:56,6.8418,8.375,1.374,492.6,5.4
7782,STARLINK-6230,57228,STARLINK-33884,63770,2026-07-31 03:38:53,6.6217,6.692,1.331,492.5,5.4
7783,STARLINK-5168,54071,STARLINK-30399,57951,2026-07-31 00:35:53,9.4907,9.643,1.89,478.3,5.4
7784,STARLINK-30258,57608,STARLINK-35150,65635,2026-07-30 13:53:53,7.9738,8.035,1.593,483.0,5.4
7785,STARLINK-30601,58117,STARLINK-36433,67501,2026-07-30 15:07:48,7.2297,9.776,1.448,488.4,5.4
7786,STARLINK-3990,52626,STARLINK-32828,63045,2026-07-30 12:47:53,9.8031,9.847,1.944,473.4,5.4
7787,STARLINK-32094,59696,STARLINK-36903,68001,2026-07-31 07:03:55,4.8643,5.52,0.984,492.5,5.4
7788,STARLINK-30472,57901,STARLINK-36481,67307,2026-07-31 06:23:47,6.6752,9.823,1.335,484.0,5.4
7789,STARLINK-3192,49767,STARLINK-34905,65202,2026-07-30 21:47:58,2.9936,4.666,0.62,460.3,5.4
7790,STARLINK-31163,58807,STARLINK-32611,61976,2026-07-31 06:48:56,6.7739,8.177,1.353,492.5,5.4
7791,STARLINK-5683,55452,STARLINK-36128,66873,2026-07-31 04:15:57,6.4398,8.493,1.286,492.5,5.3
7792,STARLINK-3929,52567,STARLINK-32846,62867,2026-07-30 18:07:01,3.2424,6.517,0.667,460.3,5.3
7793,STARLINK-36612,67580,STARLINK-36391,67591,2026-07-30 10:29:54,2.9708,3.203,0.613,464.4,5.3
7794,STARLINK-30456,57943,STARLINK-31120,58778,2026-07-30 14:26:58,6.5044,9.667,1.296,477.4,5.3
7795,STARLINK-32480,62039,STARLINK-35532,66091,2026-07-30 14:04:54,8.3685,8.745,1.656,482.6,5.3
7796,STARLINK-5382,54820,STARLINK-31953,59898,2026-07-31 03:32:48,6.297,8.207,1.255,484.2,5.3
7797,STARLINK-4215,53007,STARLINK-35398,66017,2026-07-30 22:43:46,4.8989,7.772,0.983,460.2,5.3
7798,STARLINK-31621,59465,STARLINK-36862,68003,2026-07-30 16:31:53,6.6086,6.728,1.311,492.5,5.3
7799,STARLINK-31590,59198,STARLINK-33703,63418,2026-07-31 07:16:51,6.5635,6.786,1.301,492.5,5.3
7800,STARLINK-31729,59610,STARLINK-36744,67987,2026-07-30 17:33:47,6.6664,9.708,1.321,484.1,5.3
7801,UMBRA-07,58297,NANOFF B,58755,2026-07-30 21:43:55,8.4709,9.128,1.667,549.0,5.3
7802,STARLINK-3748,52267,STARLINK-33710,63434,2026-07-30 12:37:48,4.0624,5.653,0.819,460.3,5.3
7803,STARLINK-32909,62894,STARLINK-36554,67502,2026-07-30 13:54:44,5.1583,9.794,1.028,483.9,5.3
7804,STARLINK-31913,59667,STARLINK-33869,63790,2026-07-30 11:58:51,6.4876,6.894,1.28,484.1,5.3
7805,STARLINK-32879,62957,STARLINK-34621,64774,2026-07-30 16:25:47,6.0784,8.962,1.202,485.4,5.3
7806,STARLINK-3297,50159,STARLINK-3305,50166,2026-07-30 21:00:47,5.8765,8.313,1.16,480.5,5.3
7807,STARLINK-30768,58120,STARLINK-32736,62443,2026-07-31 08:23:53,9.4603,9.541,1.839,488.9,5.3
7808,CO3D 1,64903,FLOCK 4H-10,66713,2026-07-30 15:31:40,3.3889,8.952,0.683,519.7,5.3
7809,STARLINK-4208,52844,STARLINK-5441,54787,2026-07-30 21:41:00,5.501,9.467,1.084,467.2,5.3
7810,STARLINK-1570,46059,STARLINK-32288,60943,2026-07-31 02:48:50,8.2622,8.905,1.608,465.9,5.3
7811,STARLINK-31902,59666,STARLINK-35981,66598,2026-07-30 11:13:55,6.3685,7.261,1.248,483.9,5.3
7812,STARLINK-3832,52646,STARLINK-37094,68241,2026-07-30 22:45:53,9.8218,9.827,1.902,476.1,5.2
7813,STARLINK-30816,58162,STARLINK-31683,59573,2026-07-30 21:04:56,7.52,8.922,1.465,488.4,5.2
7814,STARLINK-31163,58807,STARLINK-32611,61976,2026-07-31 06:01:51,6.9425,7.293,1.354,484.1,5.2
7815,STARLINK-2739,48639,STARLINK-3730,52139,2026-07-30 09:52:53,9.2415,9.242,1.789,479.3,5.2
7816,STARLINK-6075,56102,STARLINK-34074,64099,2026-07-30 10:34:51,8.2427,8.768,1.599,483.2,5.2
7817,STARLINK-3672,51974,STARLINK-5164,54178,2026-07-30 23:50:54,8.7157,8.985,1.689,465.9,5.2
7818,STARLINK-31462,59466,STARLINK-36911,68008,2026-07-31 05:31:48,6.7403,8.576,1.314,484.0,5.2
7819,STARLINK-33594,62770,STARLINK-36044,66799,2026-07-31 08:18:53,8.2729,8.363,1.605,485.5,5.2
7820,STARLINK-3577,51884,STARLINK-35883,66892,2026-07-30 16:12:01,3.9149,7.66,0.778,474.5,5.2
7821,YAOGAN-35 02A,52907,STARLINK-36500,67320,2026-07-30 10:21:52,8.0188,8.02,1.552,488.0,5.2
7822,STARLINK-32199,60320,STARLINK-37380,69182,2026-07-30 15:35:13,2.2545,9.942,0.464,475.4,5.2
7823,STARLINK-6372,57348,STARLINK-32494,62053,2026-07-31 06:58:56,6.6245,7.95,1.288,484.0,5.2
7824,STARLINK-30880,58232,STARLINK-35617,66422,2026-07-31 04:40:53,4.7643,4.807,0.936,484.1,5.2
7825,STARLINK-34122,64117,STARLINK-34299,64383,2026-07-31 05:04:55,8.8649,9.637,1.709,485.7,5.2
7826,STARLINK-30807,58192,STARLINK-31799,59652,2026-07-30 21:27:50,6.6755,7.632,1.295,484.4,5.2
7827,STARLINK-4609,53619,STARLINK-35401,66067,2026-07-31 01:09:46,5.8092,9.782,1.132,475.1,5.2
7828,STARLINK-33646,63280,STARLINK-33639,63481,2026-07-30 13:27:53,6.9283,6.961,1.342,484.5,5.2
7829,STARLINK-3881,52472,STARLINK-35676,67345,2026-07-31 07:00:52,7.1568,7.158,1.383,488.4,5.2
7830,STARLINK-6101,56115,STARLINK-34025,63824,2026-07-31 02:18:55,6.4593,7.306,1.252,492.3,5.2
7831,STARLINK-5790,56036,STARLINK-32102,59699,2026-07-30 18:28:58,6.7602,9.713,1.307,484.5,5.2
7832,ASNARO,40298,UMBRA-10,60547,2026-07-30 23:09:55,8.9716,9.759,1.721,505.6,5.2
7833,STARLINK-34242,64727,STARLINK-36490,67305,2026-07-31 08:27:52,7.0069,7.012,1.351,485.9,5.2
7834,STARLINK-6113,56113,STARLINK-34107,63960,2026-07-31 08:22:49,7.1028,8.553,1.368,484.1,5.2
7835,ASNARO,40298,TIANYI B,64049,2026-07-30 16:04:04,2.6193,6.595,0.527,522.8,5.2
7836,TIANHUI 5B,58201,AETHER-10,67381,2026-07-30 11:29:56,6.0088,7.005,1.161,605.7,5.2
7837,STARLINK-2537,48301,STARLINK-32132,60334,2026-07-30 12:38:53,7.8442,7.878,1.504,485.8,5.2
7838,STARLINK-31310,59092,STARLINK-36491,67310,2026-07-30 22:47:51,6.774,7.254,1.302,484.2,5.2
7839,STARLINK-6163,57128,STARLINK-35463,66463,2026-07-30 12:42:48,7.0647,9.107,1.357,492.7,5.2
7840,STARLINK-33880,63686,STARLINK-35548,66203,2026-07-30 11:56:57,7.1757,9.502,1.376,485.6,5.2
7841,STARLINK-2334,47792,STARLINK-35279,66069,2026-07-30 20:15:53,3.8866,3.943,0.762,485.2,5.2
7842,STARLINK-6318,56530,STARLINK-34157,64084,2026-07-30 09:09:55,6.7573,7.411,1.298,484.1,5.2
7843,YAOGAN-35 03B,53318,STARLINK-31388,59565,2026-07-30 18:29:49,7.7812,9.464,1.489,496.0,5.2
7844,STARLINK-32185,60341,STARLINK-32428,61666,2026-07-31 01:24:56,8.2384,9.947,1.573,471.9,5.2
7845,STARLINK-5357,57141,STARLINK-35924,66516,2026-07-30 20:23:53,6.9019,6.926,1.323,492.6,5.2
7846,STARLINK-3352,51147,STARLINK-35127,65639,2026-07-30 12:23:00,3.4796,6.387,0.685,475.0,5.2
7847,STARLINK-3769,52300,STARLINK-34573,64676,2026-07-31 08:00:59,3.273,5.462,0.646,473.7,5.2
7848,STARLINK-36273,68166,STARLINK-37713,69212,2026-07-31 05:00:46,3.1918,5.435,0.631,463.1,5.1
7849,CONNECTA IOT-7,62715,FFLY03,65319,2026-07-30 22:47:09,2.3301,7.985,0.47,600.9,5.1
7850,STARLINK-32622,61927,STARLINK-33796,63515,2026-07-31 07:02:57,7.1772,9.463,1.369,487.2,5.1
7851,STARLINK-31631,59459,STARLINK-33941,63765,2026-07-30 13:26:58,6.9383,9.863,1.324,484.0,5.1
7852,STARLINK-2045,47353,STARLINK-34248,64928,2026-07-31 08:14:51,8.4664,8.883,1.607,465.8,5.1
7853,STARLINK-4261,52868,STARLINK-6258,56413,2026-07-30 14:51:56,7.0801,8.537,1.35,493.9,5.1
7854,STARLINK-35087,65541,STARLINK-36640,67600,2026-07-31 01:38:01,1.8863,3.684,0.387,465.0,5.1
7855,STARLINK-3232,50809,STARLINK-3290,50828,2026-07-30 20:08:51,6.6869,7.046,1.276,486.7,5.1
7856,STARLINK-4135,53248,STARLINK-30298,57665,2026-07-30 12:37:52,7.5368,7.58,1.432,476.7,5.1
7857,STARLINK-1356,45564,STARLINK-11199 [DTC],60404,2026-07-30 19:58:26,1.126,6.561,0.245,373.0,5.1
7858,STARLINK-33836,63642,STARLINK-33868,63703,2026-07-30 19:36:53,7.2244,7.225,1.371,487.1,5.1
7859,STARLINK-1168,45072,GLOBAL-19,55982,2026-07-31 02:01:51,7.9488,8.337,1.503,457.6,5.1
7860,STARLINK-30380,57780,STARLINK-31656,60286,2026-07-30 20:39:51,7.159,7.417,1.357,485.9,5.1
7861,STARLINK-5302,56556,STARLINK-36487,67416,2026-07-31 03:09:57,7.068,9.548,1.34,492.4,5.1
7862,STARLINK-30442,57868,STARLINK-31859,59848,2026-07-30 18:40:52,8.537,8.537,1.61,490.8,5.1
7863,STARLINK-30099,56304,STARLINK-30805,58214,2026-07-31 04:05:52,7.0148,7.038,1.329,484.3,5.1
7864,STARLINK-31351,58972,STARLINK-37562,69208,2026-07-31 07:28:11,1.9935,7.675,0.404,475.4,5.1
7865,STARLINK-30763,58163,STARLINK-31666,59572,2026-07-30 23:31:54,9.3146,9.628,1.751,482.6,5.1
7866,STARLINK-3500,51740,STARLINK-30920,58378,2026-07-31 01:53:50,6.6345,7.206,1.257,474.0,5.1
7867,STARLINK-31924,59904,STARLINK-36624,67636,2026-07-30 20:11:48,6.7482,9.2,1.278,492.0,5.1
7868,STARLINK-3323,50804,STARLINK-30488,57931,2026-07-31 06:04:51,7.5753,7.748,1.429,487.1,5.1
7869,STARLINK-2377,47797,STARLINK-36950,67992,2026-07-30 13:25:53,9.4094,9.487,1.766,486.9,5.1
7870,STARLINK-34540,65657,STARLINK-37929,69557,2026-07-30 11:07:51,8.7808,9.02,1.649,462.4,5.1
7871,STARLINK-31235,59038,STARLINK-35765,67041,2026-07-31 00:46:48,7.0147,9.108,1.323,493.0,5.1
7872,STARLINK-4207,52871,STARLINK-31441,60091,2026-07-30 21:37:42,3.2795,7.549,0.637,460.4,5.1
7873,STARLINK-3243,51116,STARLINK-31229,58986,2026-07-30 23:27:50,7.485,8.309,1.407,479.0,5.1
7874,STARLINK-31549,59360,STARLINK-35327,66439,2026-07-30 18:55:56,6.908,8.131,1.301,492.1,5.1
7875,STARLINK-30593,58112,STARLINK-36444,67521,2026-07-30 19:31:55,7.6696,8.24,1.44,488.4,5.1
7876,STARLINK-32006,60029,STARLINK-36422,67344,2026-07-30 11:07:49,8.3412,9.901,1.562,488.8,5.1
7877,STARLINK-30903,58355,STARLINK-33717,63648,2026-07-31 02:11:54,7.0134,7.401,1.319,492.3,5.1
7878,UMBRA-07,58297,NANOFF A,58810,2026-07-30 21:43:55,8.9218,9.57,1.664,548.5,5.1
7879,STARLINK-33932,63775,STARLINK-36150,67031,2026-07-30 23:55:53,7.1073,7.144,1.332,492.4,5.1
7880,STARLINK-30889,58368,STARLINK-33725,63717,2026-07-31 03:28:52,9.8082,9.843,1.825,482.1,5.1
7881,STARLINK-37002,68164,STARLINK-37496,69297,2026-07-31 05:21:47,3.3419,4.999,0.645,479.9,5.1
7882,STARLINK-6223,57057,STARLINK-31965,59888,2026-07-30 15:57:50,7.3369,8.366,1.372,492.4,5.0
7883,STARLINK-32641,62236,STARLINK-33950,63701,2026-07-30 13:17:56,6.8655,7.967,1.286,485.6,5.0
7884,STARLINK-36611,67830,STARLINK-36618,67847,2026-07-30 20:50:49,7.3123,8.914,1.366,483.9,5.0
7885,STARLINK-32434,61913,STARLINK-32668,62212,2026-07-30 20:51:56,7.0631,8.238,1.32,483.9,5.0
7886,STARLINK-6202,56896,STARLINK-32039,60604,2026-07-31 01:33:52,7.6426,7.653,1.425,484.5,5.0
7887,STARLINK-31970,59928,STARLINK-35744,66581,2026-07-30 21:06:55,6.934,7.839,1.294,492.4,5.0
7888,STARLINK-2228,48576,STARLINK-4190,53001,2026-07-31 07:38:54,5.9856,6.34,1.121,480.9,5.0
7889,STARLINK-3535,51722,STARLINK-34486,64597,2026-07-30 22:30:52,8.2174,8.241,1.525,491.0,5.0
7890,STARLINK-2745,48671,STARLINK-31212,58875,2026-07-30 16:15:51,8.7569,9.082,1.622,484.2,5.0
7891,STARLINK-31765,59604,STARLINK-36993,67994,2026-07-31 04:42:55,7.0813,7.849,1.319,491.7,5.0
7892,STARLINK-31556,59544,STARLINK-34113,64010,2026-07-30 10:05:58,7.0644,9.817,1.315,492.6,5.0
7893,STARLINK-6297,57352,STARLINK-33929,64188,2026-07-30 20:23:50,8.1867,9.254,1.518,488.7,5.0
7894,STARLINK-30991,58484,STARLINK-33878,63862,2026-07-30 19:47:51,7.1818,7.307,1.334,492.8,5.0
7895,STARLINK-31093,58717,STARLINK-33773,63713,2026-07-30 18:14:53,6.5773,6.579,1.225,480.7,5.0
7896,STARLINK-6215,57367,STARLINK-32682,62196,2026-07-31 05:21:53,7.2991,7.314,1.355,483.8,5.0
7897,STARLINK-30905,58356,STARLINK-33856,63638,2026-07-30 20:47:55,7.1325,7.999,1.324,484.3,5.0
7898,STARLINK-2101,47381,STARLINK-36079,66897,2026-07-31 08:28:49,8.0231,9.815,1.484,465.8,5.0
7899,STARLINK-30077,57460,STARLINK-35515,66488,2026-07-31 01:57:54,7.2187,7.594,1.336,492.6,5.0
7900,STARLINK-31492,59212,STARLINK-35654,66483,2026-07-31 00:20:52,7.5277,7.569,1.391,487.8,5.0
7901,STARLINK-5691,55478,STARLINK-35516,65918,2026-07-30 23:26:52,8.7683,8.843,1.61,483.3,5.0
7902,STARLINK-3243,51116,STARLINK-34627,65016,2026-07-30 16:24:55,8.8472,9.925,1.623,465.2,5.0
7903,STARLINK-3854,52648,STARLINK-35480,66242,2026-07-31 07:36:56,3.3097,3.916,0.629,462.9,5.0
7904,LEMUR-2-MYNAMEISJEFF,62712,STARLINK-34708,65062,2026-07-30 23:33:55,6.5879,7.428,1.217,567.1,5.0
7905,STARLINK-32917,62921,STARLINK-33782,64332,2026-07-31 04:13:45,3.5226,5.86,0.666,483.2,5.0
7906,STARLINK-6141,57112,STARLINK-35581,66479,2026-07-30 18:54:50,6.9595,7.789,1.279,483.7,5.0
7907,STARLINK-3916,52492,STARLINK-32082,60346,2026-07-30 18:10:55,3.241,3.538,0.615,489.5,5.0
7908,STARLINK-32364,61622,STARLINK-36223,67126,2026-07-31 05:38:56,7.1395,8.701,1.311,492.6,5.0
7909,STARLINK-31946,59940,STARLINK-35810,66575,2026-07-30 20:56:52,7.0617,7.073,1.296,484.4,5.0
7910,STARLINK-30273,57681,STARLINK-34840,66406,2026-07-30 16:05:43,4.6265,9.113,0.861,464.1,5.0
7911,STARLINK-31307,59089,STARLINK-36485,67312,2026-07-30 18:32:57,7.0935,9.176,1.3,484.6,5.0
7912,STARLINK-37201,69220,STARLINK-37568,69492,2026-07-30 14:27:45,3.3671,5.788,0.636,464.3,5.0
7913,STARLINK-3747,52306,STARLINK-32312,61711,2026-07-30 17:54:02,4.716,9.801,0.876,474.1,5.0
7914,STARLINK-2612,48379,STARLINK-30914,58377,2026-07-31 04:50:56,7.8784,9.1,1.438,466.1,4.9
7915,STARLINK-4258,53180,STARLINK-34833,65218,2026-07-30 17:39:03,3.6366,8.033,0.683,462.7,4.9
7916,STARLINK-32258,60939,KUIPER-00522,69602,2026-07-31 02:46:35,2.5653,9.117,0.491,463.7,4.9
7917,STARLINK-34870,65370,STARLINK-35910,67184,2026-07-30 14:48:51,7.4267,7.707,1.355,486.9,4.9
7918,STARLINK-5250,54200,STARLINK-30363,57744,2026-07-30 19:57:48,7.3996,9.585,1.349,493.7,4.9
7919,STARLINK-2049,47356,STARLINK-36043,66901,2026-07-30 11:05:53,8.176,8.192,1.486,465.8,4.9
7920,STARLINK-2537,48301,STARLINK-3673,52093,2026-07-30 23:38:49,8.141,9.552,1.48,479.6,4.9
7921,STARLINK-31770,59601,STARLINK-33916,63792,2026-07-30 10:34:55,7.2444,8.208,1.32,492.8,4.9
7922,STARLINK-30124,56690,STARLINK-35388,66466,2026-07-31 02:16:56,7.2641,8.761,1.323,492.7,4.9
7923,STARLINK-3950,53264,STARLINK-31228,58842,2026-07-30 15:39:53,4.933,5.004,0.909,460.1,4.9
7924,STARLINK-1566,46079,STARLINK-34227,64178,2026-07-30 18:25:55,5.1116,5.595,0.94,485.8,4.9
7925,STARLINK-33930,63776,STARLINK-35773,67042,2026-07-31 00:45:54,7.3366,7.799,1.333,492.0,4.9
7926,STARLINK-2613,48353,STARLINK-34643,64923,2026-07-30 18:55:52,7.5956,7.643,1.378,466.6,4.9
7927,STARLINK-35818,66540,KUIPER-00562,69270,2026-07-30 23:51:52,9.2646,9.336,1.672,480.9,4.9
7928,STARLINK-5747,55574,STARLINK-36136,66967,2026-07-31 05:31:50,7.1762,7.812,1.303,492.6,4.9
7929,STARLINK-4011,52615,STARLINK-32019,60147,2026-07-30 21:39:52,8.8314,8.901,1.595,475.7,4.9
7930,STARLINK-3942,52563,STARLINK-32273,61956,2026-07-31 00:39:56,6.3125,7.382,1.15,473.7,4.9
7931,STARLINK-33677,63410,STARLINK-34508,64601,2026-07-30 10:55:53,9.689,9.77,1.745,482.1,4.9
7932,STARLINK-30122,56688,STARLINK-32750,62572,2026-07-30 21:51:47,7.0428,9.546,1.277,492.7,4.9
7933,STARLINK-3562,51861,STARLINK-33960,63966,2026-07-31 06:33:49,7.578,8.729,1.371,492.8,4.9
7934,STARLINK-36825,68041,STARLINK-37511,69512,2026-07-30 19:28:50,6.0729,6.677,1.106,462.9,4.9
7935,STARLINK-6083,56109,STARLINK-34070,63913,2026-07-30 17:47:49,7.187,8.779,1.302,484.4,4.9
7936,STARLINK-31735,60054,STARLINK-32754,62527,2026-07-31 03:37:55,7.5554,8.495,1.366,487.3,4.9
7937,STARLINK-2621,48370,HAWK-11C,62381,2026-07-31 01:16:49,7.4194,8.745,1.341,474.4,4.9
7938,STARLINK-3694,51957,STARLINK-34189,64121,2026-07-30 11:39:51,5.0247,5.213,0.919,484.9,4.9
7939,STARLINK-3957,52562,STARLINK-32260,61522,2026-07-30 15:38:58,3.9233,5.516,0.725,475.1,4.9
7940,STARLINK-5329,56513,STARLINK-31435,59004,2026-07-30 13:59:55,8.9172,9.912,1.602,483.1,4.9
7941,STARLINK-31177,58873,STARLINK-32492,62050,2026-07-30 12:44:56,7.3342,9.004,1.324,492.4,4.9
7942,STARLINK-31941,59866,STARLINK-35219,66443,2026-07-30 09:21:56,7.2622,8.606,1.31,492.6,4.9
7943,STARLINK-4595,53627,STARLINK-36764,68963,2026-07-31 03:35:57,4.7052,5.863,0.859,476.4,4.9
7944,STARLINK-31519,59546,STARLINK-34016,64016,2026-07-30 22:28:53,7.3179,7.349,1.317,484.1,4.9
7945,STARLINK-1231,45212,STARLINK-36256,67103,2026-07-31 01:27:54,8.5286,8.861,1.527,487.9,4.9
7946,STARLINK-5778,57149,STARLINK-32495,62052,2026-07-30 20:09:55,7.1748,7.721,1.289,492.3,4.9
7947,STARLINK-34261,64764,STARLINK-34937,66192,2026-07-30 15:02:04,2.2874,5.323,0.435,461.4,4.9
7948,STARLINK-31966,59944,STARLINK-35868,66579,2026-07-30 19:43:52,7.2108,7.228,1.294,492.9,4.9
7949,STARLINK-3240,49728,STARLINK-32634,62313,2026-07-30 08:55:14,2.3254,9.897,0.441,461.8,4.9
7950,STARLINK-31282,59307,STARLINK-36758,67926,2026-07-31 07:16:57,7.2701,9.443,1.304,484.2,4.9
7951,STARLINK-30566,58054,STARLINK-34621,64774,2026-07-30 19:57:57,7.548,9.749,1.35,485.9,4.8
7952,STARLINK-31973,59943,STARLINK-35743,66578,2026-07-30 14:19:51,7.2339,7.381,1.295,484.5,4.8
7953,STARLINK-6249,56541,STARLINK-36424,67419,2026-07-30 11:23:47,7.059,9.566,1.262,484.1,4.8
7954,STARLINK-6125,57114,STARLINK-35466,66457,2026-07-30 14:29:53,7.6117,7.645,1.356,492.3,4.8
7955,STARLINK-3525,51733,STARLINK-37508,69257,2026-07-30 15:31:46,2.1866,3.532,0.414,475.3,4.8
7956,WT 1B,44316,STARLINK-6128,57132,2026-07-31 07:50:53,5.5114,5.518,0.991,495.1,4.8
7957,STARLINK-30098,56292,STARLINK-32008,60028,2026-07-30 12:43:52,9.3453,9.394,1.656,482.8,4.8
7958,STARLINK-31235,59038,STARLINK-35765,67041,2026-07-31 01:33:53,7.4437,7.45,1.325,483.8,4.8
7959,STARLINK-30276,57652,STARLINK-33615,63426,2026-07-31 06:40:50,7.5361,8.04,1.341,484.4,4.8
7960,STARLINK-4004,52656,STARLINK-4021,53149,2026-07-31 02:24:46,4.5641,6.936,0.825,476.4,4.8
7961,STARLINK-3507,51753,STARLINK-33574,62774,2026-07-31 03:27:00,3.5692,6.046,0.652,476.7,4.8
7962,STARLINK-3203,49761,STARLINK-34787,65204,2026-07-30 15:05:39,3.5333,9.385,0.646,460.1,4.8
7963,STARLINK-36812,67968,STARLINK-37388,68860,2026-07-31 05:40:44,3.5283,6.582,0.644,463.7,4.8
7964,STARLINK-31659,59254,STARLINK-34596,64732,2026-07-30 21:40:43,2.1707,4.548,0.408,461.9,4.8
7965,STARLINK-5802,56552,STARLINK-36484,67404,2026-07-30 13:35:48,7.1242,9.051,1.262,492.6,4.8
7966,STARLINK-3857,52494,STARLINK-33571,63386,2026-07-31 02:08:36,2.593,8.518,0.481,460.0,4.8
7967,STARLINK-34068,63914,STARLINK-34594,65088,2026-07-31 04:03:54,8.1993,8.396,1.445,487.7,4.8
7968,STARLINK-31909,59663,STARLINK-35711,66595,2026-07-31 07:12:57,7.4797,9.495,1.32,492.7,4.8
7969,STARLINK-30819,58179,STARLINK-32629,62150,2026-07-30 22:15:56,7.3298,8.697,1.293,492.7,4.8
7970,STARLINK-11396 [DTC],62015,STARLINK-11448 [DTC],63005,2026-07-30 17:26:53,7.95,7.963,1.397,361.8,4.8
7971,STARLINK-5358,57143,STARLINK-35928,66528,2026-07-30 19:00:50,7.519,8.263,1.323,492.8,4.8
7972,STARLINK-31232,58831,STARLINK-35639,66382,2026-07-30 12:20:49,8.0089,9.412,1.407,479.8,4.8
7973,STARLINK-3785,52375,STARLINK-4059,53250,2026-07-30 23:10:05,3.1922,7.694,0.581,473.7,4.8
7974,STARLINK-3505,51750,STARLINK-34486,64597,2026-07-30 20:08:01,4.981,8.807,0.887,472.5,4.8
7975,STARLINK-4663,53724,STARLINK-36677,68178,2026-07-31 00:43:55,4.0762,4.398,0.732,460.2,4.8
7976,STARLINK-32715,62569,STARLINK-35514,66535,2026-07-30 13:38:52,7.5246,7.572,1.321,492.4,4.8
7977,STARLINK-34900,65374,STARLINK-35889,67189,2026-07-30 20:06:52,7.7042,7.705,1.351,486.0,4.8
7978,STARLINK-32481,62320,STARLINK-36543,67515,2026-07-30 15:25:54,9.4977,9.835,1.658,482.8,4.8
7979,STARLINK-6316,57335,STARLINK-35256,66011,2026-07-30 10:21:51,7.8429,8.238,1.373,487.7,4.8
7980,STARLINK-30168,57513,STARLINK-33840,63682,2026-07-31 03:12:56,7.9239,9.51,1.386,484.4,4.8
7981,STARLINK-32114,60287,STARLINK-34324,64207,2026-07-31 01:10:56,7.5759,9.185,1.326,472.1,4.8
7982,STARLINK-35031,65404,STARLINK-35346,66179,2026-07-30 14:37:47,2.0713,2.931,0.387,461.4,4.8
7983,STARLINK-4608,53621,STARLINK-35212,65496,2026-07-31 08:21:54,9.5996,9.938,1.67,471.2,4.7
7984,STARLINK-31697,59583,STARLINK-33725,63717,2026-07-30 16:14:51,8.468,8.761,1.473,488.2,4.7
7985,STARLINK-6328,56523,STARLINK-36453,67341,2026-07-31 02:11:56,7.3357,8.761,1.279,484.2,4.7
7986,STARLINK-31261,59084,STARLINK-32638,62424,2026-07-30 16:48:48,7.7135,9.545,1.342,493.1,4.7
7987,STARLINK-6088,56098,STARLINK-34142,63957,2026-07-30 21:34:51,7.863,8.222,1.367,483.9,4.7
7988,STARLINK-3120,49419,STARLINK-37034,68171,2026-07-30 20:53:54,9.4474,9.717,1.636,480.3,4.7
7989,STARLINK-31592,59467,STARLINK-36139,66966,2026-07-31 00:36:50,5.9724,6.425,1.046,493.3,4.7
7990,STARLINK-5021,53902,STARLINK-6177,56880,2026-07-30 12:09:50,9.1767,9.721,1.588,490.0,4.7
7991,STARLINK-30203,57498,STARLINK-33880,63686,2026-07-30 20:12:56,7.9628,9.461,1.382,491.8,4.7
7992,STARLINK-6362,57350,STARLINK-33917,64181,2026-07-30 18:58:52,8.7866,8.789,1.521,488.8,4.7
7993,STARLINK-33702,63591,STARLINK-34607,64742,2026-07-30 15:53:56,7.989,9.718,1.385,487.6,4.7
7994,STARLINK-33619,63324,STARLINK-35379,66084,2026-07-30 18:15:50,7.8426,8.716,1.358,486.7,4.7
7995,STARLINK-2550,48293,STARLINK-34191,64176,2026-07-30 16:10:52,8.7021,8.823,1.503,465.7,4.7
7996,STARLINK-31344,59171,STARLINK-32311,62114,2026-07-30 21:04:55,7.2611,8.11,1.258,492.4,4.7
7997,STARLINK-31428,59367,STARLINK-35389,66434,2026-07-30 18:19:58,7.521,9.96,1.302,484.0,4.7
7998,STARLINK-30324,57640,STARLINK-33675,63423,2026-07-31 03:52:49,7.2889,8.602,1.262,484.0,4.7
7999,STARLINK-1570,46059,STARLINK-32528,61724,2026-07-30 15:01:56,7.8977,9.563,1.364,479.6,4.7
8000,STARLINK-32265,60415,STARLINK-35061,66191,2026-07-30 23:18:10,2.5349,8.608,0.46,461.6,4.7
8001,STARLINK-32759,62751,STARLINK-33940,63831,2026-07-31 00:41:53,7.6039,7.625,1.312,483.8,4.7
8002,STARLINK-6245,57079,STARLINK-32851,62810,2026-07-30 16:33:49,8.0171,9.647,1.381,487.3,4.7
8003,STARLINK-31141,58803,STARLINK-32372,61960,2026-07-31 00:00:57,7.388,9.721,1.275,492.5,4.7
8004,STARLINK-4647,53608,STARLINK-5485,57261,2026-07-30 11:31:51,8.8148,9.258,1.514,483.6,4.7
8005,STARLINK-3823,52336,STARLINK-35679,66408,2026-07-30 17:43:57,6.1921,7.799,1.072,463.1,4.7
8006,STARLINK-35226,65492,STARLINK-37079,68186,2026-07-30 21:09:03,2.3598,4.914,0.429,461.7,4.7
8007,STARLINK-3305,50166,STARLINK-3268,50190,2026-07-30 23:19:49,8.328,9.646,1.429,466.1,4.7
8008,STARLINK-11485 [DTC],62229,STARLINK-11628 [DTC],63139,2026-07-30 18:19:50,9.094,9.951,1.557,360.6,4.7
8009,STARLINK-2666,48666,STARLINK-31201,58870,2026-07-30 13:01:52,9.4592,9.564,1.617,482.0,4.7
8010,STARLINK-30932,58523,STARLINK-34223,64336,2026-07-30 18:25:52,7.7813,7.798,1.336,484.0,4.7
8011,STARLINK-30297,57682,STARLINK-30852,58373,2026-07-30 23:27:56,7.868,9.036,1.35,486.2,4.7
8012,STARLINK-2735,48667,STARLINK-5589,57334,2026-07-30 17:54:52,8.4538,8.469,1.445,485.1,4.7
8013,STARLINK-6358,57377,STARLINK-33720,63468,2026-07-30 10:18:54,7.6633,8.026,1.312,484.1,4.7
8014,STARLINK-2704,48643,STARLINK-32239,61892,2026-07-30 14:29:56,8.1935,9.781,1.399,465.9,4.7
8015,STARLINK-32723,62449,STARLINK-37001,68330,2026-07-30 23:09:51,8.8861,9.04,1.514,462.4,4.7
8016,STARLINK-6314,56538,STARLINK-35404,66336,2026-07-30 21:20:57,7.6109,9.793,1.298,484.0,4.6
8017,STARLINK-32715,62569,STARLINK-35514,66535,2026-07-30 14:25:56,7.7821,9.198,1.322,484.0,4.6
8018,ICEYE-X44,62707,CAPELLA-16 (ACADIA-6),65318,2026-07-30 21:48:54,2.9126,3.015,0.515,578.9,4.6
8019,STARLINK-2513,48317,STARLINK-31918,60037,2026-07-30 22:55:58,7.2366,9.629,1.231,485.7,4.6
8020,STARLINK-3750,52311,STARLINK-35622,66103,2026-07-30 14:38:00,3.6322,5.82,0.635,476.6,4.6
8021,LEMUR-2-LLOYD,60577,2025-292C,66995,2026-07-30 13:45:57,4.4072,5.559,0.762,554.0,4.6
8022,STARLINK-34076,63915,STARLINK-34822,65086,2026-07-31 01:51:51,8.5881,8.831,1.45,485.1,4.6
8023,STARLINK-2613,48353,STARLINK-36309,68325,2026-07-30 15:00:50,9.1363,9.889,1.539,479.1,4.6
8024,STARLINK-33770,63906,STARLINK-33966,64203,2026-07-30 12:24:50,8.9382,9.58,1.505,484.0,4.6
8025,STARLINK-31959,59925,STARLINK-35702,66876,2026-07-31 07:27:56,7.8985,9.407,1.334,492.7,4.6
8026,STARLINK-3884,52497,STARLINK-31862,59786,2026-07-30 11:49:51,8.4312,8.589,1.42,495.2,4.6
8027,STARLINK-34261,64764,STARLINK-34937,66192,2026-07-30 14:15:10,2.4381,7.877,0.434,476.0,4.6
8028,STARLINK-36710,67971,STARLINK-37475,68839,2026-07-31 05:28:59,3.6007,5.55,0.625,463.7,4.6
8029,STARLINK-3346,50821,STARLINK-36838,67855,2026-07-31 01:57:51,9.0093,9.37,1.513,486.8,4.6
8030,STARLINK-6233,57229,STARLINK-33933,63784,2026-07-30 11:40:53,7.8477,7.862,1.321,492.1,4.6
8031,STARLINK-32828,63045,STARLINK-35338,66250,2026-07-30 16:41:54,8.225,8.674,1.382,465.4,4.6
8032,STARLINK-6148,57117,STARLINK-35372,66476,2026-07-30 22:05:52,8.0649,8.067,1.355,492.4,4.6
8033,STARLINK-5996,57227,STARLINK-36936,68012,2026-07-31 05:41:56,7.8817,8.892,1.325,492.4,4.6
8034,STARLINK-31521,59015,STARLINK-34063,64185,2026-07-31 05:32:54,7.4256,7.558,1.249,472.0,4.6
8035,STARLINK-4609,53619,STARLINK-35401,66067,2026-07-31 00:22:52,6.7337,6.768,1.134,461.9,4.6
8036,STARLINK-31290,59085,STARLINK-35876,67180,2026-07-31 01:56:53,7.6633,7.692,1.286,484.1,4.6
8037,STARLINK-31502,59301,STARLINK-36503,67411,2026-07-31 07:58:50,7.784,8.441,1.305,484.0,4.6
8038,STARLINK-31778,59602,STARLINK-36903,68001,2026-07-31 00:44:53,7.8705,7.921,1.319,492.1,4.6
8039,STARLINK-34642,64910,STARLINK-37294,68559,2026-07-30 18:12:52,9.9592,9.979,1.657,465.3,4.6
8040,STARLINK-32729,62497,STARLINK-35457,66433,2026-07-31 07:44:52,7.9431,7.944,1.328,492.2,4.6
8041,STARLINK-34883,65426,STARLINK-35694,66389,2026-07-31 03:54:51,9.8266,9.999,1.634,478.8,4.6
8042,STARLINK-5395,54831,STARLINK-36987,68321,2026-07-30 19:36:56,8.5406,9.64,1.422,488.3,4.6
8043,STARLINK-31809,59743,STARLINK-36872,67955,2026-07-31 01:13:49,7.7262,9.18,1.288,484.0,4.5
8044,STARLINK-31243,58894,STARLINK-31317,58931,2026-07-30 09:32:52,8.7824,8.782,1.457,479.5,4.5
8045,STARLINK-34688,65875,STARLINK-37044,68247,2026-07-31 02:48:45,2.4184,3.833,0.424,460.6,4.5
8046,STARLINK-6364,57378,STARLINK-36486,67335,2026-07-30 18:47:49,7.844,8.911,1.3,492.7,4.5
8047,STARLINK-5346,56518,STARLINK-36410,67337,2026-07-30 16:00:50,8.1983,8.916,1.357,484.0,4.5
8048,STARLINK-30820,58190,STARLINK-32374,62145,2026-07-31 03:51:56,8.2965,9.399,1.371,492.9,4.5
8049,STARLINK-5465,54775,STARLINK-32152,60275,2026-07-31 02:48:51,7.6101,7.799,1.26,484.4,4.5
8050,STARLINK-30136,56844,STARLINK-31498,59189,2026-07-31 02:28:54,7.7462,7.891,1.281,492.5,4.5
8051,STARLINK-5249,54205,STARLINK-32370,61635,2026-07-30 14:03:53,8.5417,8.634,1.409,491.6,4.5
8052,STARLINK-34562,64725,STARLINK-36485,67312,2026-07-30 13:27:51,8.1772,8.597,1.35,486.6,4.5
8053,STARLINK-31307,59089,STARLINK-36485,67312,2026-07-31 03:57:52,7.8739,7.88,1.3,484.6,4.5
8054,STARLINK-6358,57377,STARLINK-33720,63468,2026-07-30 09:31:50,7.9428,8.659,1.311,492.4,4.5
8055,STARLINK-32793,62874,STARLINK-34226,64494,2026-07-30 10:49:57,7.9142,9.645,1.305,465.8,4.5
8056,STARLINK-34727,65025,STARLINK-37027,68232,2026-07-30 17:50:16,2.2219,9.447,0.389,461.1,4.5
8057,STARLINK-3931,52548,STARLINK-33740,63451,2026-07-31 07:18:50,8.7176,9.193,1.433,463.1,4.5
8058,STARLINK-34197,64184,STARLINK-36446,67412,2026-07-31 07:42:49,8.3637,9.71,1.376,487.4,4.5
8059,STARLINK-32829,63049,STARLINK-35338,66250,2026-07-30 12:46:55,9.3256,9.921,1.529,478.8,4.5
8060,STARLINK-31736,59547,STARLINK-35598,66509,2026-07-31 03:47:54,7.997,8.259,1.315,484.1,4.5
8061,STARLINK-4270,52863,STARLINK-31063,58547,2026-07-30 17:24:53,5.3726,5.396,0.894,464.7,4.5
8062,STARLINK-2642,48437,STARLINK-36689,67878,2026-07-30 13:36:52,9.105,9.125,1.491,465.5,4.5
8063,STARLINK-35186,65611,2025-292A,66993,2026-07-31 01:36:51,8.1086,8.223,1.331,560.7,4.5
8064,STARLINK-37745,69232,STARLINK-37869,69483,2026-07-30 12:45:57,3.6383,4.503,0.614,480.9,4.5
8065,STARLINK-4659,54841,STARLINK-33635,63065,2026-07-31 02:06:55,7.7951,8.365,1.28,492.4,4.5
8066,STARLINK-4204,52854,STARLINK-37270,68727,2026-07-30 20:05:49,7.9282,9.085,1.3,478.7,4.5
8067,STARLINK-31344,59171,STARLINK-32311,62114,2026-07-31 06:29:50,7.6776,8.1,1.258,492.4,4.5
8068,STARLINK-35752,66275,STARLINK-36727,67875,2026-07-31 04:04:55,8.4199,9.161,1.376,479.0,4.5
8069,STARLINK-11196 [DTC],60408,STARLINK-11584 [DTC],63106,2026-07-31 02:52:50,9.2872,9.96,1.512,366.0,4.5
8070,STARLINK-3593,51896,STARLINK-34887,65103,2026-07-30 22:40:44,5.366,9.175,0.887,462.6,4.5
8071,STARLINK-36812,67968,STARLINK-37388,68860,2026-07-31 04:53:45,3.8438,6.105,0.643,480.7,4.5
8072,STARLINK-31002,58495,STARLINK-34040,63839,2026-07-30 18:34:56,7.7486,9.114,1.263,484.2,4.5
8073,STARLINK-35115,65665,STARLINK-36379,68769,2026-07-30 18:49:49,3.8252,4.491,0.639,464.4,4.4
8074,STARLINK-32297,61521,KUIPER-00549,69616,2026-07-30 14:27:49,5.9836,7.124,0.982,473.1,4.4
8075,STARLINK-6148,57117,STARLINK-35372,66476,2026-07-31 08:17:52,8.3433,8.447,1.357,484.2,4.4
8076,STARLINK-30363,57744,STARLINK-34138,63971,2026-07-30 23:30:55,8.2186,8.791,1.336,492.5,4.4
8077,STARLINK-5170,54062,STARLINK-36619,67645,2026-07-30 10:38:53,9.6304,9.689,1.559,487.5,4.4
8078,STARLINK-2391,47810,STARLINK-35031,65404,2026-07-30 20:06:53,9.43,9.46,1.526,479.5,4.4
8079,STARLINK-31422,59354,STARLINK-34720,66449,2026-07-31 05:34:53,8.0096,8.024,1.301,492.7,4.4
8080,STARLINK-4554,53626,STARLINK-31884,59676,2026-07-31 06:36:54,8.6596,9.029,1.403,493.4,4.4
8081,STARLINK-6215,57367,STARLINK-32682,62196,2026-07-30 19:09:53,8.3444,8.414,1.353,492.9,4.4
8082,STARLINK-5676,55464,STARLINK-36108,66868,2026-07-31 08:04:51,8.4109,8.588,1.364,492.9,4.4
8083,STARLINK-30168,57513,STARLINK-33840,63682,2026-07-31 02:25:52,8.5663,8.595,1.385,492.3,4.4
8084,STARLINK-5585,57333,STARLINK-36589,67843,2026-07-31 05:01:55,8.1073,8.855,1.309,484.1,4.4
8085,STARLINK-31924,59904,STARLINK-36624,67636,2026-07-30 20:58:52,7.9165,7.941,1.279,484.6,4.4
8086,STARLINK-32539,62022,STARLINK-35331,66468,2026-07-30 11:16:55,8.4807,9.381,1.368,487.1,4.4
8087,STARLINK-5656,55451,STARLINK-35987,66860,2026-07-30 17:52:50,7.9733,8.654,1.287,484.2,4.4
8088,STARLINK-32205,60266,STARLINK-32284,61005,2026-07-31 06:01:54,7.8431,8.057,1.265,465.9,4.4
8089,STARLINK-5961,56914,STARLINK-32931,63199,2026-07-31 03:18:49,8.4414,9.563,1.358,491.4,4.4
8090,STARLINK-5802,56552,STARLINK-36484,67404,2026-07-31 01:21:57,7.8373,9.87,1.263,484.2,4.4
8091,STARLINK-30208,57415,STARLINK-35528,66094,2026-07-30 23:16:49,8.4254,9.426,1.354,487.9,4.4
8092,STARLINK-31259,59076,STARLINK-36434,67322,2026-07-30 19:46:50,8.5836,9.401,1.379,484.1,4.4
8093,STARLINK-31310,59092,STARLINK-36491,67310,2026-07-30 12:35:51,8.0874,8.317,1.301,492.5,4.4
8094,STARLINK-30802,58150,STARLINK-35004,65428,2026-07-30 20:09:51,8.6988,9.113,1.395,465.9,4.4
8095,STARLINK-3209,49752,STARLINK-31434,59215,2026-07-31 06:14:11,2.29,7.564,0.39,461.9,4.4
8096,STARLINK-31966,59944,STARLINK-35868,66579,2026-07-31 06:42:56,8.0899,9.532,1.294,492.9,4.4
8097,STARLINK-30101,56301,STARLINK-31183,58747,2026-07-30 10:10:47,6.7906,8.751,1.091,489.2,4.4
8098,STARLINK-5401,54870,STARLINK-32545,62135,2026-07-31 07:42:56,8.6945,9.901,1.388,492.3,4.4
8099,STARLINK-32402,61708,STARLINK-35301,65843,2026-07-31 07:19:51,9.3214,9.495,1.485,464.0,4.4
8100,STARLINK-32944,63022,STARLINK-35600,66510,2026-07-31 00:33:56,8.2624,9.612,1.32,484.2,4.4
8101,STARLINK-36273,68166,STARLINK-37713,69212,2026-07-30 22:44:55,3.8547,4.158,0.631,463.2,4.4
8102,STARLINK-2695,48644,STARLINK-34565,64686,2026-07-30 18:44:54,7.6014,7.753,1.212,480.2,4.4
8103,STARLINK-32265,60415,STARLINK-35061,66191,2026-07-31 00:05:04,2.7583,5.872,0.459,475.3,4.4
8104,STARLINK-32084,60347,STARLINK-35635,66161,2026-07-31 07:27:52,8.4445,8.495,1.34,465.7,4.3
8105,STARLINK-5465,54775,STARLINK-32156,60278,2026-07-30 09:35:50,7.8427,8.674,1.246,484.9,4.3
8106,STARLINK-3873,52467,STARLINK-31485,59308,2026-07-30 23:04:53,9.6965,9.751,1.533,488.1,4.3
8107,STARLINK-6163,57128,STARLINK-35463,66463,2026-07-30 13:29:53,8.5725,8.577,1.358,484.0,4.3
8108,STARLINK-4285,52991,STARLINK-4295,52996,2026-07-31 06:30:47,6.3823,8.637,1.019,461.6,4.3
8109,STARLINK-30579,58061,STARLINK-30752,58171,2026-07-31 01:40:51,8.6107,8.895,1.364,485.8,4.3
8110,STARLINK-34824,65042,STARLINK-36745,68257,2026-07-31 00:35:51,2.3189,2.406,0.39,461.8,4.3
8111,STARLINK-34231,64175,STARLINK-35590,66108,2026-07-31 05:07:54,8.0529,8.28,1.276,479.1,4.3
8112,STARLINK-6188,56376,KUIPER-00615,69774,2026-07-30 13:21:51,7.8935,8.138,1.25,490.1,4.3
8113,STARLINK-6189,56377,STARLINK-35535,66342,2026-07-31 02:21:56,8.1345,9.219,1.285,484.2,4.3
8114,STARLINK-31809,59743,STARLINK-36872,67955,2026-07-30 15:01:49,8.1447,9.201,1.286,492.6,4.3
8115,STARLINK-31065,58627,STARLINK-34650,66258,2026-07-31 06:37:52,8.5837,8.586,1.352,486.2,4.3
8116,CO3D 1,64903,IRIDE FM2,66696,2026-07-30 12:22:06,4.1279,9.799,0.666,518.8,4.3
8117,STARLINK-6337,56528,STARLINK-32175,60339,2026-07-31 01:18:53,8.8577,8.864,1.394,484.9,4.3
8118,STARLINK-32863,62968,STARLINK-33806,63723,2026-07-30 12:55:54,8.1364,8.459,1.282,485.3,4.3
8119,STARLINK-2413,47827,STARLINK-32728,62948,2026-07-31 03:04:51,8.8197,9.056,1.387,465.7,4.3
8120,STARLINK-2585,48382,STARLINK-37161,68565,2026-07-31 02:30:53,8.9333,9.034,1.403,479.1,4.3
8121,STARLINK-35933,66529,STARLINK-35904,66627,2026-07-31 00:20:53,9.2705,9.285,1.452,487.9,4.3
8122,STARLINK-31566,59475,STARLINK-36956,68009,2026-07-31 01:30:54,8.3592,8.615,1.312,492.8,4.3
8123,STARLINK-31590,59198,STARLINK-33703,63418,2026-07-31 08:03:56,8.3061,9.28,1.303,484.2,4.3
8124,STARLINK-34721,65039,STARLINK-37440,69189,2026-07-30 13:39:57,4.3475,5.326,0.696,476.5,4.3
8125,STARLINK-6223,57057,STARLINK-31965,59888,2026-07-30 16:44:54,8.7805,9.042,1.374,484.2,4.3
8126,STARLINK-31257,59079,STARLINK-32909,62894,2026-07-30 18:36:49,8.7279,9.794,1.364,484.2,4.3
8127,STARLINK-31313,59088,STARLINK-36501,67327,2026-07-30 12:21:55,8.3112,8.737,1.301,483.9,4.3
8128,CO3D 2,64902,NUSAT-52,66692,2026-07-30 16:18:50,4.2251,4.449,0.676,504.8,4.3
8129,STARLINK-6307,56529,STARLINK-32741,62526,2026-07-31 07:24:54,8.7813,9.132,1.372,492.3,4.3
8130,STARLINK-34261,64764,STARLINK-34937,66192,2026-07-30 15:48:57,2.6439,3.416,0.434,476.0,4.3
8131,STARLINK-30830,58194,STARLINK-32384,62146,2026-07-30 18:28:50,8.807,9.238,1.372,493.3,4.3
8132,STARLINK-34156,64108,STARLINK-35520,66133,2026-07-30 08:56:56,8.2035,9.497,1.279,479.2,4.3
8133,STARLINK-4778,53836,STARLINK-31361,58974,2026-07-30 09:16:16,1.4073,5.805,0.244,475.6,4.3
8134,STARLINK-31777,59619,STARLINK-36031,66593,2026-07-30 14:38:51,8.3122,8.621,1.291,483.8,4.3
8135,STARLINK-30767,58126,STARLINK-30760,58187,2026-07-31 08:28:52,8.2608,8.262,1.283,484.3,4.3
8136,STARLINK-6164,57152,STARLINK-35969,66523,2026-07-30 19:11:55,8.5378,8.955,1.323,492.4,4.3
8137,STARLINK-30084,56825,STARLINK-33855,64335,2026-07-30 18:41:50,8.6845,9.436,1.345,484.1,4.3
8138,CO3D 2,64902,NUSAT-52,66692,2026-07-31 06:31:54,4.2718,4.45,0.676,504.8,4.3
8139,STARLINK-30993,58489,STARLINK-33777,63843,2026-07-31 06:47:53,8.1698,8.183,1.262,483.6,4.2
8140,TANSTAAFL-2,62378,STARLINK-32796,62739,2026-07-30 10:12:50,7.5301,7.975,1.165,488.6,4.2
8141,STARLINK-34800,65361,STARLINK-36444,67521,2026-07-30 23:29:51,8.9378,9.073,1.377,485.0,4.2
8142,STARLINK-34824,65042,STARLINK-36745,68257,2026-07-30 21:28:16,2.3872,9.525,0.39,461.9,4.2
8143,STARLINK-34150,63998,STARLINK-36092,66869,2026-07-31 01:41:54,8.5074,8.883,1.312,492.4,4.2
8144,STARLINK-2134,47407,STARLINK-35866,66878,2026-07-31 00:11:54,9.5009,9.818,1.461,479.3,4.2
8145,STARLINK-31514,59187,STARLINK-33664,63415,2026-07-31 04:27:53,8.4571,8.498,1.303,483.9,4.2
8146,STARLINK-30564,58043,STARLINK-34400,64463,2026-07-30 14:26:54,8.484,8.645,1.306,465.6,4.2
8147,YAM-15,68997,TRANSPORTER-17 OBJECT AU,69911,2026-07-30 22:52:08,2.7324,7.418,0.441,611.4,4.2
8148,STARLINK-6097,57105,STARLINK-35499,66462,2026-07-31 05:17:56,8.3149,9.581,1.279,492.5,4.2
8149,STARLINK-32653,62199,STARLINK-35962,66518,2026-07-30 21:24:53,8.4801,8.482,1.303,492.5,4.2
8150,STARLINK-32403,61629,STARLINK-34672,65894,2026-07-30 21:34:55,8.8196,9.514,1.351,486.5,4.2
8151,STARLINK-3175,51140,STARLINK-35237,65645,2026-07-31 05:12:49,5.3543,6.236,0.831,485.7,4.2
8152,STARLINK-31274,59078,STARLINK-36473,67325,2026-07-31 06:46:52,8.4951,8.545,1.3,492.7,4.2
8153,STARLINK-6189,56377,STARLINK-35535,66342,2026-07-31 01:34:51,8.3931,8.505,1.284,492.5,4.2
8154,STARLINK-4184,52852,STARLINK-32024,60112,2026-07-30 22:52:51,5.0853,5.266,0.789,475.1,4.2
8155,STARLINK-2470,48334,STARLINK-34402,64446,2026-07-30 16:24:52,8.3901,8.456,1.28,465.8,4.2
8156,STARLINK-4295,52996,STARLINK-34206,66098,2026-07-30 21:53:47,6.1212,7.799,0.942,473.8,4.2
8157,STARLINK-35771,67171,STARLINK-36471,67324,2026-07-31 01:58:49,8.3205,9.382,1.269,492.8,4.2
8158,STARLINK-6294,57225,STARLINK-33844,63768,2026-07-30 15:03:54,8.2292,8.594,1.254,492.3,4.2
8159,STARLINK-33571,63386,STARLINK-37933,69532,2026-07-31 01:21:05,2.4308,5.357,0.391,474.9,4.2
8160,STARLINK-30767,58126,STARLINK-30760,58187,2026-07-30 22:16:52,8.4214,8.482,1.282,492.6,4.2
8161,HAWK-5A,52757,HAMMER,59148,2026-07-31 04:32:54,9.3339,9.55,1.416,420.3,4.2
8162,STARLINK-3897,52537,STARLINK-33804,63511,2026-07-30 11:37:52,6.5988,6.606,1.009,479.8,4.2
8163,STARLINK-32042,60108,STARLINK-35629,66127,2026-07-31 03:24:58,2.3087,3.176,0.372,476.7,4.2
8164,STARLINK-3130,49437,STARLINK-35804,66371,2026-07-30 22:43:52,3.7243,3.759,0.582,463.0,4.2
8165,STARLINK-2388,47807,STARLINK-34466,66226,2026-07-30 09:23:52,8.7102,8.711,1.32,465.6,4.2
8166,STARLINK-30477,57912,STARLINK-36476,67314,2026-07-31 02:22:50,8.7992,9.431,1.333,492.8,4.2
8167,STARLINK-5961,56914,STARLINK-32931,63199,2026-07-31 04:05:54,8.9803,9.146,1.359,485.4,4.2
8168,STARLINK-36273,68166,STARLINK-37713,69212,2026-07-31 02:39:49,4.0549,4.672,0.629,481.5,4.2
8169,STARLINK-31736,59547,STARLINK-35598,66509,2026-07-30 17:35:55,8.6873,9.202,1.314,492.5,4.2
8170,STARLINK-3533,51715,STARLINK-35319,65743,2026-07-31 06:36:53,9.2178,9.218,1.392,465.8,4.2
8171,STARLINK-31185,58788,STARLINK-34198,64388,2026-07-30 10:13:53,8.2459,8.246,1.248,492.3,4.2
8172,STARLINK-34150,63998,STARLINK-36092,66869,2026-07-31 00:54:50,8.6915,9.521,1.314,484.0,4.2
8173,STARLINK-4204,52854,STARLINK-32045,60106,2026-07-31 00:47:53,5.7316,5.777,0.876,478.4,4.2
8174,STARLINK-3948,52546,STARLINK-4268,53183,2026-07-30 20:45:34,2.8832,8.986,0.455,457.7,4.2
8175,STARLINK-4675,53601,STARLINK-37082,68182,2026-07-31 03:24:52,2.5409,2.554,0.404,473.4,4.1
8176,R2,46913,STARLINK-31487,59297,2026-07-30 15:04:57,7.7384,9.297,1.169,491.5,4.1
8177,STARLINK-4552,53420,STARLINK-32251,60940,2026-07-30 09:15:57,2.8868,3.41,0.454,474.4,4.1
8178,STARLINK-30830,58194,STARLINK-32384,62146,2026-07-31 04:40:50,9.153,9.893,1.374,483.3,4.1
8179,STARLINK-4175,53283,STARLINK-31222,58828,2026-07-30 23:23:16,2.3832,9.136,0.379,476.8,4.1
8180,STARLINK-2464,48123,STARLINK-35523,65910,2026-07-30 16:44:54,8.9636,9.089,1.346,465.8,4.1
8181,STARLINK-1647,47978,STARLINK-34248,64928,2026-07-30 15:47:53,9.3387,9.342,1.4,479.1,4.1
8182,STARLINK-31002,58495,STARLINK-34040,63839,2026-07-30 17:47:52,8.3948,8.461,1.261,492.4,4.1
8183,STARLINK-36273,68166,STARLINK-37713,69212,2026-07-30 18:50:00,4.0883,6.427,0.629,481.5,4.1
8184,STARLINK-32341,61639,STARLINK-36196,67107,2026-07-31 01:16:49,8.7512,9.599,1.313,492.4,4.1
8185,STARLINK-6086,56545,STARLINK-36452,67405,2026-07-30 08:45:54,8.3974,8.511,1.26,492.5,4.1
8186,STARLINK-37667,69045,STARLINK-37998,69679,2026-07-31 07:24:51,6.0074,6.078,0.909,461.1,4.1
8187,STARLINK-3156,49458,STARLINK-32877,62960,2026-07-31 02:56:51,4.2228,4.401,0.647,463.1,4.1
8188,STARLINK-34276,64263,STARLINK-37244,68529,2026-07-30 22:47:51,7.3352,7.561,1.103,479.4,4.1
8189,STARLINK-32606,61978,STARLINK-35428,66115,2026-07-31 02:13:50,9.4041,9.902,1.406,484.7,4.1
8190,STARLINK-30946,58450,STARLINK-31581,59474,2026-07-31 01:24:52,8.5872,8.587,1.285,492.5,4.1
8191,STARLINK-1331,45578,STARLINK-11178 [DTC],62465,2026-07-30 10:31:52,9.8396,9.898,1.468,359.6,4.1
8192,STARLINK-6089,56096,STARLINK-34099,63959,2026-07-31 07:10:52,9.1565,9.157,1.368,484.0,4.1
8193,STARLINK-31751,59574,STARLINK-35887,66959,2026-07-30 16:54:56,8.4892,9.437,1.269,492.3,4.1
8194,STARLINK-6277,56399,STARLINK-34038,63911,2026-07-31 07:15:49,6.3679,7.196,0.958,492.7,4.1
8195,STARLINK-5745,55575,STARLINK-36113,66982,2026-07-30 14:05:52,8.7459,8.746,1.304,484.2,4.1
8196,STARLINK-33665,63281,STARLINK-36469,67360,2026-07-31 02:13:51,8.3806,8.714,1.251,493.5,4.1
8197,STARLINK-4477,53546,STARLINK-31995,59958,2026-07-31 00:29:06,4.0485,9.392,0.617,474.0,4.1
8198,STARLINK-31858,59658,STARLINK-35447,66589,2026-07-30 22:49:53,8.9382,8.941,1.327,483.7,4.1
8199,STARLINK-4676,53598,GUANGCHUAN 02,62112,2026-07-30 12:38:48,7.7317,9.357,1.152,526.2,4.1
8200,STARLINK-2620,48453,STARLINK-36488,67306,2026-07-31 07:50:51,9.6192,9.979,1.425,485.2,4.1
8201,STARLINK-6252,56555,STARLINK-33611,63279,2026-07-31 05:10:52,9.0841,9.183,1.347,483.1,4.1
8202,STARLINK-30291,57856,STARLINK-31379,58984,2026-07-31 07:23:53,9.2929,9.293,1.376,479.7,4.1
8203,STARLINK-2063,48553,STARLINK-35474,66437,2026-07-30 20:13:52,9.8013,9.835,1.449,486.0,4.1
8204,HAWK-11B,62379,STARLINK-37640,69447,2026-07-31 02:57:56,7.4879,8.38,1.112,473.8,4.1
8205,STARLINK-31946,59940,STARLINK-35810,66575,2026-07-30 10:44:52,8.7549,8.757,1.295,492.4,4.1
8206,STARLINK-31234,59043,STARLINK-35891,67045,2026-07-31 03:33:51,8.9701,9.297,1.325,484.0,4.1
8207,STARLINK-31736,59547,STARLINK-35598,66509,2026-07-31 03:00:50,8.8971,9.628,1.314,492.5,4.1
8208,STARLINK-31239,60093,STARLINK-34080,64116,2026-07-30 09:09:58,7.6723,9.778,1.136,465.8,4.1
8209,STARLINK-5739,55571,STARLINK-35736,66230,2026-07-31 02:10:53,9.7995,9.841,1.442,484.1,4.1
8210,QPS-SAR-5 (TSUKUYOMI-I),58578,STARLINK-36477,67355,2026-07-30 08:51:55,7.236,7.854,1.071,493.1,4.1
8211,STARLINK-30562,58033,STARLINK-36198,67167,2026-07-30 16:12:54,9.1827,9.463,1.351,486.6,4.1
8212,STARLINK-33571,63386,STARLINK-37933,69532,2026-07-31 02:07:58,2.5245,3.423,0.392,461.5,4.1
8213,STARLINK-32021,60148,STARLINK-32436,61215,2026-07-31 03:10:54,8.1037,8.305,1.194,479.6,4.1
8214,STARLINK-3807,52353,STARLINK-32815,62956,2026-07-31 06:20:56,8.7478,9.682,1.286,476.5,4.1
8215,STARLINK-5357,57141,STARLINK-35924,66516,2026-07-31 06:35:53,9.0205,9.021,1.325,484.1,4.1
8216,STARLINK-2621,48370,HAWK-11C,62381,2026-07-31 02:03:52,9.118,9.138,1.338,483.5,4.1
8217,STARLINK-6295,56554,STARLINK-36443,67431,2026-07-30 08:58:52,8.5958,8.664,1.261,492.3,4.0
8218,STARLINK-4298,53177,STARLINK-34994,65924,2026-07-30 19:22:49,3.5266,3.979,0.534,460.4,4.0
8219,2025-234D,66056,FLOCK 4H-31,66734,2026-07-30 13:45:52,4.7203,4.737,0.705,505.7,4.0
8220,STARLINK-34000,64180,STARLINK-35609,66100,2026-07-31 03:00:53,8.1896,8.258,1.201,478.8,4.0
8221,STARLINK-32485,62143,STARLINK-34159,63952,2026-07-31 05:34:52,9.4343,9.435,1.379,484.1,4.0
8222,STARLINK-31902,59666,STARLINK-35981,66598,2026-07-30 20:38:50,8.5181,8.902,1.248,483.9,4.0
8223,STARLINK-31606,59571,STARLINK-33699,63328,2026-07-31 06:29:50,8.9701,9.594,1.313,484.1,4.0
8224,STARLINK-31443,59393,STARLINK-35259,66197,2026-07-31 08:15:13,2.8853,9.523,0.441,475.1,4.0
8225,STARLINK-2485,48142,STARLINK-30596,58110,2026-07-30 14:16:51,9.2116,9.533,1.343,465.8,4.0
8226,STARLINK-2637,48356,STARLINK-3602,51791,2026-07-30 16:09:51,6.3921,6.58,0.94,467.1,4.0
8227,STARLINK-3901,52574,STARLINK-32572,61952,2026-07-30 15:12:50,5.5469,6.025,0.819,473.6,4.0
8228,STARLINK-3823,52336,STARLINK-35694,66389,2026-07-31 07:48:44,5.7367,9.279,0.845,463.3,4.0
8229,STARLINK-30095,56289,STARLINK-33642,63978,2026-07-31 04:58:52,6.405,6.447,0.939,484.0,4.0
8230,STARLINK-2061,48312,STARLINK-3698,52108,2026-07-31 06:13:50,6.2742,6.783,0.92,480.8,4.0
8231,STARLINK-30141,57620,STARLINK-31018,58635,2026-07-31 03:16:52,8.7793,8.782,1.275,484.4,4.0
8232,STARLINK-31447,59302,STARLINK-36809,67929,2026-07-31 03:04:55,8.9765,9.431,1.302,492.7,4.0
8233,STARLINK-34702,64908,STARLINK-35211,65757,2026-07-31 06:28:54,9.3954,9.525,1.361,478.9,4.0
8234,STARLINK-5458,54764,STARLINK-32211,60270,2026-07-31 05:50:52,8.6986,8.744,1.261,465.8,4.0
8235,CO3D 2,64902,NUSAT-52,66692,2026-07-31 04:09:43,4.5706,7.72,0.675,519.9,4.0
8236,STARLINK-6356,57363,STARLINK-32480,62039,2026-07-30 21:40:50,9.5393,9.967,1.377,484.2,4.0
8237,STARLINK-31951,59890,STARLINK-36599,67638,2026-07-30 20:47:53,9.4052,9.407,1.357,483.8,4.0
8238,STARLINK-2587,48399,STARLINK-32049,60199,2026-07-31 00:42:52,8.3451,8.352,1.207,465.8,4.0
8239,STARLINK-5209,54061,STARLINK-36934,68279,2026-07-30 18:51:50,9.0991,9.62,1.312,477.0,4.0
8240,LEMUR-2-AFFIE-WAUWIE,66295,STARLINK-36481,67307,2026-07-30 12:03:58,2.1838,2.942,0.336,491.8,4.0
8241,STARLINK-3274,50186,STARLINK-36345,68243,2026-07-31 07:34:56,8.6556,9.727,1.247,466.4,4.0
8242,STARLINK-31555,59351,STARLINK-35405,66440,2026-07-31 00:20:56,9.0497,9.908,1.301,492.3,4.0
8243,STARLINK-30127,56699,STARLINK-35569,66471,2026-07-30 16:17:53,9.2064,9.207,1.323,484.1,4.0
8244,STARLINK-1017,44723,STARLINK-35492,65926,2026-07-30 21:53:47,4.3871,5.59,0.645,473.8,4.0
8245,STARLINK-31071,58602,STARLINK-36067,66965,2026-07-31 02:53:55,9.1802,9.784,1.318,484.2,4.0
8246,STARLINK-6314,56538,STARLINK-35404,66336,2026-07-31 06:45:52,9.0355,9.04,1.298,484.0,4.0
8247,STARLINK-4291,52988,STARLINK-34520,64486,2026-07-31 04:29:55,4.2693,4.557,0.628,476.5,4.0
8248,STARLINK-6128,57132,STARLINK-35684,66458,2026-07-30 16:54:50,9.4732,9.91,1.358,484.1,4.0
8249,STARLINK-2427,47837,STARLINK-35274,66073,2026-07-31 00:24:43,5.6823,9.537,0.824,485.4,4.0
8250,STARLINK-35072,65505,STARLINK-36984,68168,2026-07-30 21:15:09,2.8631,7.513,0.429,460.7,4.0
8251,STARLINK-4299,53172,STARLINK-36470,67319,2026-07-31 02:08:52,9.8732,9.92,1.41,486.2,4.0
8252,STARLINK-6172,57130,STARLINK-35670,66480,2026-07-31 03:42:50,9.5017,9.969,1.357,484.2,4.0
8253,STARLINK-34233,64172,STARLINK-35399,66029,2026-07-30 22:58:51,9.0033,9.254,1.287,479.2,3.9
8254,STARLINK-34727,65025,STARLINK-37027,68232,2026-07-30 13:55:49,2.582,3.003,0.389,475.2,3.9
8255,STARLINK-5683,55452,STARLINK-36128,66873,2026-07-30 17:16:52,9.0265,9.03,1.286,492.5,3.9
8256,STARLINK-31380,58979,STARLINK-37237,69185,2026-07-30 16:59:49,3.2565,3.596,0.482,475.0,3.9
8257,STARLINK-36710,67971,STARLINK-37475,68839,2026-07-31 04:42:00,4.2726,6.526,0.623,480.7,3.9
8258,STARLINK-4709,53778,STARLINK-32227,60361,2026-07-31 02:26:53,9.4126,9.429,1.338,485.3,3.9
8259,STARLINK-4019,52598,STARLINK-34824,65042,2026-07-30 17:34:57,8.2197,9.868,1.17,470.1,3.9
8260,STARLINK-36154,66939,STARLINK-37200,68339,2026-07-31 01:13:57,6.0491,7.207,0.868,477.1,3.9
8261,STARLINK-4557,53432,STARLINK-34264,64277,2026-07-31 02:32:41,2.7757,5.532,0.413,473.6,3.9
8262,STARLINK-2427,47837,STARLINK-30856,58725,2026-07-30 10:17:51,5.9643,6.06,0.856,480.4,3.9
8263,STARLINK-3521,51742,STARLINK-35759,69246,2026-07-31 00:40:56,2.9899,3.284,0.442,461.7,3.9
8264,STARLINK-30963,58444,STARLINK-31398,59415,2026-07-31 01:50:50,9.4057,9.844,1.332,484.0,3.9
8265,STARLINK-34948,65191,STARLINK-36960,68225,2026-07-30 22:03:07,4.3556,9.933,0.631,481.1,3.9
8266,STARLINK-4637,53742,STARLINK-34455,65497,2026-07-30 11:21:51,9.097,9.356,1.288,473.4,3.9
8267,STARLINK-3521,51742,STARLINK-35759,69246,2026-07-30 23:54:02,2.9869,5.068,0.441,475.3,3.9
8268,STARLINK-5358,57143,STARLINK-35928,66528,2026-07-30 19:47:54,9.3851,9.71,1.325,483.8,3.9
8269,STARLINK-6321,57340,STARLINK-36144,67829,2026-07-31 05:02:54,9.2849,9.619,1.31,492.9,3.9
8270,STARLINK-5084,54851,STARLINK-5869,57061,2026-07-30 18:27:50,4.6568,5.009,0.67,485.7,3.9
8271,STARLINK-31488,59009,STARLINK-34233,64172,2026-07-30 22:56:54,9.4054,9.737,1.322,485.6,3.9
8272,STARLINK-3234,50815,STARLINK-30524,57965,2026-07-31 05:00:52,9.8644,9.865,1.385,488.6,3.9
8273,STARLINK-33665,63281,STARLINK-36469,67360,2026-07-31 03:00:55,8.9072,9.368,1.253,483.0,3.9
8274,STARLINK-32076,60350,STARLINK-35364,65840,2026-07-31 05:28:54,8.4727,8.597,1.192,465.7,3.9
8275,STARLINK-34727,65025,STARLINK-37027,68232,2026-07-30 18:37:10,2.6315,7.129,0.389,475.2,3.9
8276,STARLINK-31373,58965,STARLINK-37209,69187,2026-07-30 09:04:50,3.3089,3.599,0.482,475.4,3.9
8277,STARLINK-31767,59605,STARLINK-33867,63795,2026-07-31 07:34:53,9.4601,9.499,1.322,483.9,3.9
8278,STARLINK-32909,62894,STARLINK-36554,67502,2026-07-30 14:41:49,7.3052,8.126,1.027,492.3,3.9
8279,STARLINK-32421,61628,STARLINK-36124,67121,2026-07-31 06:51:54,9.4022,9.538,1.313,484.0,3.9
8280,STARLINK-32724,62441,STARLINK-34659,64913,2026-07-30 15:29:49,8.1777,9.239,1.146,465.0,3.9
8281,STARLINK-3204,49759,STARLINK-34817,65362,2026-07-30 19:24:52,7.3304,7.351,1.03,473.8,3.9
8282,NEXSAT-1,58921,STARLINK-35110,65539,2026-07-30 09:49:50,5.9719,6.26,0.843,478.4,3.9
8283,STARLINK-34883,65426,STARLINK-35310,66183,2026-07-31 07:51:55,9.3038,9.838,1.298,465.2,3.9
8284,STARLINK-5749,55569,STARLINK-30227,57505,2026-07-30 18:19:58,1.0931,1.47,0.177,492.0,3.9
8285,STARLINK-5636,55454,STARLINK-36083,66857,2026-07-31 06:28:51,9.8001,9.976,1.365,492.9,3.9
8286,STARLINK-6081,56108,STARLINK-33910,63916,2026-07-31 04:09:53,9.3625,9.441,1.302,484.4,3.9
8287,STARLINK-6255,56550,STARLINK-34616,66320,2026-07-31 07:01:57,7.635,9.192,1.065,492.6,3.8
8288,STARLINK-5679,55467,STARLINK-36082,66872,2026-07-30 20:39:52,9.8521,9.888,1.364,492.3,3.8
8289,STARLINK-2612,48379,STARLINK-35943,66927,2026-07-30 22:34:54,8.6715,8.991,1.201,465.8,3.8
8290,STARLINK-32098,59704,STARLINK-34009,63849,2026-07-31 05:20:54,9.5398,9.815,1.318,492.7,3.8
8291,STARLINK-32094,59696,STARLINK-36903,68001,2026-07-31 06:16:50,7.085,7.363,0.985,484.4,3.8
8292,STARLINK-31872,59922,BANDWAGON-4 OBJECT Q,66307,2026-07-31 07:55:02,5.2399,8.644,0.735,487.1,3.8
8293,STARLINK-31930,60596,STARLINK-32787,62809,2026-07-30 10:07:45,2.7887,4.219,0.404,475.3,3.8
8294,STARLINK-33681,63438,STARLINK-35967,66634,2026-07-30 21:52:11,1.2871,3.839,0.201,461.2,3.8
8295,STARLINK-30095,56289,STARLINK-33642,63978,2026-07-31 05:45:56,6.756,7.637,0.938,492.2,3.8
8296,STARLINK-33741,63365,KUIPER-00647,69790,2026-07-30 09:31:32,1.7558,5.629,0.264,465.1,3.8
8297,STARLINK-3113,49735,STARLINK-34236,64743,2026-07-30 19:38:11,3.03,8.427,0.435,475.2,3.8
8298,STARLINK-32567,61930,STARLINK-36660,67848,2026-07-30 17:20:58,7.264,8.936,1.003,484.2,3.8
8299,STARLINK-2683,48462,STARLINK-34393,64724,2026-07-30 21:44:50,7.7825,8.348,1.073,465.6,3.8
8300,JAY-D2,62665,T.MICROSAT-1,66766,2026-07-30 13:51:54,4.4132,4.457,0.62,498.3,3.8
8301,STARLINK-30790,58127,STARLINK-31407,59250,2026-07-30 18:57:49,4.6408,5.296,0.65,494.9,3.8
8302,STARLINK-3162,49411,STARLINK-35560,66059,2026-07-30 11:12:02,4.1232,6.917,0.579,462.9,3.8
8303,STARLINK-32421,61628,STARLINK-36124,67121,2026-07-30 20:39:54,9.6048,9.917,1.312,492.6,3.8
8304,STARLINK-4270,52863,STARLINK-32024,60112,2026-07-31 05:54:54,5.5422,5.745,0.767,464.5,3.8
8305,STARLINK-31928,59897,STARLINK-36595,67639,2026-07-31 02:23:53,9.3691,9.375,1.279,483.7,3.8
8306,STARLINK-2104,47384,STARLINK-30716,57936,2026-07-31 04:13:54,9.4061,9.672,1.283,479.4,3.8
8307,STARLINK-2598,48385,STARLINK-36160,66936,2026-07-31 05:57:53,9.1704,9.213,1.25,478.9,3.8
8308,2024-203C,61871,TIANHUI 7,67300,2026-07-30 16:11:58,6.0137,7.482,0.828,489.7,3.8
8309,STARLINK-2564,48284,STARLINK-35277,65832,2026-07-30 20:25:51,9.053,9.142,1.232,479.4,3.8
8310,STARLINK-5382,54820,STARLINK-31953,59898,2026-07-31 04:19:53,9.22,9.248,1.254,492.6,3.8
8311,STARLINK-4686,53715,STARLINK-37071,68190,2026-07-30 14:29:54,4.7267,4.779,0.656,460.5,3.8
8312,STARLINK-37185,68340,STARLINK-37183,68349,2026-07-30 20:29:47,4.3543,5.365,0.606,472.6,3.8
8313,STARLINK-5714,55614,STARLINK-35894,66500,2026-07-30 16:01:52,9.802,9.808,1.329,484.4,3.8
8314,HXMT (HUIYAN),42758,STARLINK-31910,59664,2026-07-30 13:27:51,8.8436,9.08,1.201,488.5,3.8
8315,STARLINK-32186,60412,STARLINK-35490,66204,2026-07-30 12:24:41,3.2713,6.128,0.46,461.8,3.8
8316,2025-108D,64090,FLOCK 4H-24,66727,2026-07-30 17:01:35,1.9887,5.515,0.29,518.9,3.8
8317,STARLINK-2491,48148,STARLINK-31499,59217,2026-07-31 07:19:51,9.6397,9.979,1.303,479.3,3.8
8318,STARLINK-3209,49752,STARLINK-31434,59215,2026-07-31 05:27:17,2.7463,9.96,0.389,475.6,3.7
8319,STARLINK-3113,49735,STARLINK-34236,64743,2026-07-30 22:45:46,3.1026,4.322,0.435,475.1,3.7
8320,STARLINK-3327,50819,STARLINK-32435,61259,2026-07-31 03:05:31,2.6483,8.39,0.375,463.1,3.7
8321,STARLINK-32890,62896,STARLINK-35863,67170,2026-07-31 06:33:52,9.3344,9.367,1.255,492.3,3.7
8322,STARLINK-3536,51888,STARLINK-35415,65885,2026-07-31 08:07:43,6.0815,9.949,0.827,476.5,3.7
8323,STARLINK-34727,65025,STARLINK-37027,68232,2026-07-30 13:08:55,2.7588,2.913,0.389,461.1,3.7
8324,STARLINK-3812,52346,STARLINK-35714,66214,2026-07-31 05:13:48,8.3759,9.676,1.128,465.8,3.7
8325,STARLINK-35031,65404,STARLINK-35346,66179,2026-07-30 13:50:53,2.7453,2.77,0.386,475.4,3.7
8326,STARLINK-2634,48445,STARLINK-35550,66267,2026-07-30 13:18:50,8.9947,9.412,1.206,479.2,3.7
8327,STARLINK-3159,49415,STARLINK-35421,66062,2026-07-31 00:33:47,4.7256,5.885,0.645,460.5,3.7
8328,STARLINK-31225,59040,STARLINK-36143,67056,2026-07-30 18:56:52,9.9369,9.998,1.328,483.9,3.7
8329,CSC-2,58021,PAUSAT-1,62653,2026-07-30 14:29:27,2.0592,7.883,0.296,493.0,3.7
8330,STARLINK-30863,59027,STARLINK-33914,63774,2026-07-30 11:35:54,9.3693,9.698,1.252,492.4,3.7
8331,STARLINK-35031,65404,STARLINK-35346,66179,2026-07-30 16:58:28,2.7628,9.827,0.386,475.3,3.7
8332,SOAP,63263,TRANSPORTER-17 OBJECT BN,69929,2026-07-30 19:49:53,8.3676,8.374,1.117,578.9,3.7
8333,STARLINK-5379,54868,STARLINK-32507,62132,2026-07-30 16:06:52,9.8545,9.855,1.311,492.3,3.7
8334,STARLINK-3341,50817,STARLINK-32706,62308,2026-07-31 00:41:50,2.6982,2.913,0.378,475.6,3.7
8335,STARLINK-30122,56688,STARLINK-32750,62572,2026-07-30 22:38:52,9.6178,9.647,1.279,484.1,3.7
8336,STARLINK-31809,59743,STARLINK-36872,67955,2026-07-30 15:48:54,9.7009,9.829,1.288,484.1,3.7
8337,STARLINK-3331,50834,STARLINK-32627,62315,2026-07-30 20:38:48,2.9479,3.476,0.409,463.0,3.7
8338,STARLINK-3458,51758,STARLINK-31306,58876,2026-07-30 21:22:48,4.6871,5.615,0.636,460.4,3.7
8339,STARLINK-35860,66881,STARLINK-37303,68709,2026-07-31 04:00:50,6.7195,7.008,0.898,463.6,3.7
8340,STARLINK-6255,56550,STARLINK-34616,66320,2026-07-31 06:14:53,8.0218,8.023,1.067,483.9,3.7
8341,STARLINK-31836,59724,STARLINK-32834,62875,2026-07-31 03:02:55,8.9989,9.359,1.189,465.9,3.7
8342,STARLINK-4129,53251,STARLINK-36769,67871,2026-07-30 08:39:01,5.5123,8.507,0.737,489.0,3.7
8343,STARLINK-4490,53409,STARLINK-34526,64481,2026-07-31 05:16:09,3.365,8.272,0.459,473.9,3.7
8344,STARLINK-2253,48596,STARLINK-32258,60939,2026-07-30 18:05:54,8.5437,8.742,1.125,479.8,3.7
8345,YAOGAN-36 04B,54748,STARLINK-32939,63149,2026-07-30 17:17:50,9.2649,9.62,1.216,496.5,3.6
8346,STARLINK-4662,53738,STARLINK-30414,57859,2026-07-31 05:46:37,2.8878,6.827,0.397,475.0,3.6
8347,STARLINK-4050,53274,STARLINK-31233,58826,2026-07-30 16:13:37,3.1044,7.06,0.423,476.7,3.6
8348,STARLINK-5412,54806,STARLINK-32409,61591,2026-07-31 03:26:40,3.1045,6.209,0.422,463.1,3.6
8349,STARLINK-30435,57842,STARLINK-34677,65031,2026-07-30 16:37:52,9.0548,9.056,1.18,481.5,3.6
8350,CO3D 2,64902,NUSAT-52,66692,2026-07-31 08:06:41,5.1158,9.068,0.676,504.8,3.6
8351,CO3D 2,64902,NUSAT-52,66692,2026-07-30 14:44:03,5.1295,8.939,0.676,504.8,3.6
8352,STARLINK-5375,56140,STARLINK-30790,58127,2026-07-30 11:06:44,5.4516,8.368,0.717,495.5,3.6
8353,STARLINK-34824,65042,STARLINK-36745,68257,2026-07-30 23:48:57,2.8708,3.395,0.389,474.9,3.6
8354,STARLINK-36273,68166,STARLINK-37713,69212,2026-07-31 06:34:43,4.7891,7.605,0.631,463.1,3.6
8355,STARLINK-3561,52284,STARLINK-36285,68530,2026-07-30 12:11:49,7.9204,8.645,1.026,460.1,3.6
8356,STARLINK-4085,53262,STARLINK-32246,60432,2026-07-30 22:00:54,3.042,3.133,0.41,463.2,3.6
8357,STARLINK-35177,65673,STARLINK-37391,68779,2026-07-30 08:46:51,4.8645,4.907,0.639,463.9,3.6
8358,STARLINK-36612,67580,STARLINK-36391,67591,2026-07-30 11:16:53,4.6466,4.676,0.612,480.5,3.6
8359,STARLINK-31572,59333,STARLINK-35257,66331,2026-07-30 21:45:54,9.7049,9.885,1.25,492.7,3.6
8360,STARLINK-31361,58974,STARLINK-37089,69183,2026-07-31 07:09:58,3.6143,4.555,0.481,475.4,3.6
8361,STARLINK-31361,58974,STARLINK-37089,69183,2026-07-31 07:56:52,3.6312,3.646,0.482,461.1,3.6
8362,STARLINK-31449,58966,STARLINK-37428,69184,2026-07-31 07:53:56,3.6491,4.122,0.483,462.2,3.6
8363,STARLINK-32917,62921,STARLINK-33782,64332,2026-07-31 05:00:50,5.1052,5.336,0.665,492.2,3.6
8364,KSM1-C,46906,STARLINK-30222,57409,2026-07-30 12:26:53,9.504,9.531,1.213,486.9,3.6
8365,AII-BRAVO,48270,STARLINK-4385,53198,2026-07-30 23:02:48,2.7458,3.127,0.367,548.8,3.5
8366,STARLINK-3098,49442,STARLINK-35735,66231,2026-07-30 08:45:11,3.6902,9.483,0.483,461.6,3.5
8367,STARLINK-2241,48586,STARLINK-33803,63517,2026-07-30 11:59:52,6.6397,6.66,0.849,472.1,3.5
8368,STARLINK-34677,65031,STARLINK-35153,65625,2026-07-31 00:28:47,7.8921,9.439,1.003,477.1,3.5
8369,LEMUR-2-ARIANNA,62699,STARLINK-34798,65063,2026-07-31 05:16:47,7.4663,8.885,0.947,568.3,3.5
8370,STARLINK-2431,47839,STARLINK-30278,57668,2026-07-30 16:04:53,8.1585,8.187,1.03,465.8,3.5
8371,STARLINK-33950,63701,STARLINK-35734,66225,2026-07-30 10:58:50,9.397,9.855,1.178,471.5,3.5
8372,SKYSAT-C5,41772,STARLINK-35190,65663,2026-07-31 04:15:45,2.3585,3.289,0.313,480.4,3.5
8373,STARLINK-37002,68164,STARLINK-37496,69297,2026-07-31 04:34:48,5.0805,5.901,0.647,464.4,3.5
8374,STARLINK-4214,52877,STARLINK-32001,60110,2026-07-31 07:42:51,2.8287,2.867,0.369,461.6,3.5
8375,STARLINK-3125,49451,STARLINK-34255,65417,2026-07-30 21:14:49,5.2795,5.827,0.668,462.9,3.5
8376,STARLINK-6279,56411,STARLINK-34106,63907,2026-07-31 03:30:47,8.3025,9.838,1.035,492.2,3.5
8377,STARLINK-3572,51879,STARLINK-34601,65084,2026-07-30 17:50:37,3.7816,8.502,0.484,475.0,3.5
8378,STARLINK-34802,65067,2026-134C,69540,2026-07-31 02:52:05,3.5553,6.845,0.456,562.9,3.5
8379,STARLINK-34516,64605,STARLINK-34687,64909,2026-07-30 23:24:53,8.9191,8.952,1.102,479.2,3.4
8380,STARLINK-4799,53860,STARLINK-31294,58949,2026-07-30 20:59:46,4.9569,6.56,0.623,471.8,3.4
8381,STARLINK-3525,51733,STARLINK-37508,69257,2026-07-30 16:18:40,3.2405,6.274,0.415,461.7,3.4
8382,STARLINK-2245,48589,STARLINK-4304,53414,2026-07-30 16:54:59,7.6472,9.866,0.943,466.1,3.4
8383,STARLINK-3195,49762,STARLINK-3943,52557,2026-07-31 03:51:43,6.2752,9.583,0.777,460.4,3.4
8384,STARLINK-4489,53542,STARLINK-35393,65827,2026-07-31 03:11:42,4.7162,7.992,0.59,473.8,3.4
8385,CO3D 2,64902,NUSAT-52,66692,2026-07-31 02:34:56,5.4236,5.964,0.675,519.9,3.4
8386,STARLINK-35115,65665,STARLINK-36379,68769,2026-07-30 15:41:53,5.1293,5.133,0.639,464.4,3.4
8387,STARLINK-32186,60412,STARLINK-35490,66204,2026-07-30 13:11:35,3.6516,8.79,0.459,475.1,3.4
8388,CONTINUUM-1,55045,STARLINK-34674,65526,2026-07-30 23:01:03,4.8347,8.147,0.599,481.6,3.4
8389,STARLINK-5399,54788,STARLINK-31954,60102,2026-07-30 09:38:52,8.3554,8.404,1.016,460.3,3.4
8390,STARLINK-2121,47399,STARLINK-36864,68045,2026-07-30 09:53:55,9.4195,9.874,1.141,479.3,3.4
8391,STARLINK-3352,51147,STARLINK-35127,65639,2026-07-30 13:09:54,5.6,5.677,0.686,462.1,3.4
8392,STARLINK-3942,52563,STARLINK-4268,53183,2026-07-30 23:06:44,3.3892,5.021,0.424,471.0,3.4
8393,STARLINK-3822,52287,STARLINK-4286,52990,2026-07-31 02:38:49,5.8179,6.368,0.709,480.7,3.4
8394,SKYSAT-C5,41772,STARLINK-35190,65663,2026-07-31 05:02:44,2.4692,3.551,0.314,463.0,3.4
8395,STARLINK-32192,60316,STARLINK-37166,69195,2026-07-30 14:52:45,3.7284,5.136,0.462,475.1,3.4
8396,SWARM A,39452,SWARM C,39453,2026-07-30 12:39:13,1.4191,4.123,0.19,414.2,3.3
8397,STARLINK-3626,51792,STARLINK-3606,51807,2026-07-30 21:07:46,7.0401,8.717,0.847,475.2,3.3
8398,STARLINK-4686,53715,STARLINK-36978,68960,2026-07-31 06:53:55,7.3881,7.779,0.885,473.0,3.3
8399,STARLINK-31622,59456,STARLINK-35703,66970,2026-07-31 06:47:56,8.7709,9.425,1.046,492.3,3.3
8400,STARLINK-4214,52877,STARLINK-32001,60110,2026-07-31 06:55:57,2.9619,3.471,0.369,475.4,3.3
8401,STARLINK-35177,65673,STARLINK-37391,68779,2026-07-30 11:54:48,5.2988,6.162,0.639,463.9,3.3
8402,FOX-1CLIFF (AO-95),43770,MONITOR-4 (RS57S),57182,2026-07-30 22:17:53,3.9664,3.967,0.482,483.6,3.3
8403,STARLINK-2581,48412,STARLINK-32204,60584,2026-07-30 23:17:57,8.1632,9.078,0.968,466.2,3.3
8404,STARLINK-31353,58980,STARLINK-37402,69210,2026-07-30 08:42:07,3.286,6.834,0.403,461.8,3.3
8405,STARLINK-3521,51742,STARLINK-35759,69246,2026-07-31 03:01:37,3.6235,7.876,0.441,475.3,3.3
8406,STARLINK-31996,60100,STARLINK-34178,64096,2026-07-31 04:37:56,8.3383,9.19,0.984,465.8,3.3
8407,STARLINK-34582,64781,STARLINK-35317,66184,2026-07-30 08:31:40,3.5976,6.48,0.435,461.8,3.3
8408,STARLINK-33571,63386,STARLINK-37933,69532,2026-07-31 08:23:07,3.2218,6.439,0.392,461.5,3.3
8409,STARLINK-2732,48646,STARLINK-35395,66014,2026-07-30 12:40:50,8.0725,8.449,0.947,472.3,3.3
8410,STARLINK-4799,53860,STARLINK-31449,58966,2026-07-30 10:48:00,7.3947,9.742,0.869,479.1,3.3
8411,STARLINK-34950,65193,STARLINK-37011,68217,2026-07-31 06:24:04,5.3082,9.22,0.63,480.7,3.3
8412,STARLINK-32159,60293,STARLINK-35808,68052,2026-07-30 08:55:09,3.6425,8.058,0.439,476.5,3.3
8413,STARLINK-35137,65686,STARLINK-37718,69242,2026-07-30 12:15:47,5.6734,6.63,0.671,462.0,3.3
8414,STARLINK-3978,52635,STARLINK-30426,57848,2026-07-31 07:54:47,6.9656,8.248,0.816,471.9,3.3
8415,LONGJIANG 3,56874,STARLINK-34353,64278,2026-07-30 22:18:55,9.6174,9.934,1.117,458.1,3.3
8416,STARLINK-30104,56300,STARLINK-35438,66347,2026-07-31 07:56:43,2.2767,3.466,0.281,483.8,3.2
8417,CO3D 3,64900,FLOCK 4H-26,66729,2026-07-30 17:54:02,6.0261,9.205,0.707,520.0,3.2
8418,STARLINK-3980,52611,STARLINK-37321,69198,2026-07-30 14:47:18,2.8171,9.258,0.342,476.3,3.2
8419,STARLINK-37745,69232,STARLINK-37869,69483,2026-07-30 15:53:53,5.247,5.25,0.614,480.9,3.2
8420,STARLINK-36273,68166,STARLINK-37713,69212,2026-07-30 21:10:57,5.3918,6.184,0.631,463.2,3.2
8421,STARLINK-35164,65519,STARLINK-37031,68172,2026-07-31 03:34:45,3.6008,4.93,0.428,475.6,3.2
8422,STARLINK-34688,65875,STARLINK-37044,68247,2026-07-31 02:01:52,3.5612,3.582,0.424,475.5,3.2
8423,STARLINK-35168,65509,STARLINK-36964,68184,2026-07-30 12:25:36,3.6255,8.012,0.431,461.8,3.2
8424,PHI 1,66775,GALAPAGOS-UTE-SWSU,67279,2026-07-31 02:38:19,0.7751,2.976,0.11,498.8,3.2
8425,STARLINK-34760,65359,STARLINK-37065,68083,2026-07-30 20:11:57,7.8209,8.657,0.9,463.0,3.2
8426,STARLINK-33681,63438,STARLINK-35967,66634,2026-07-30 22:39:04,1.5884,2.749,0.2,474.6,3.2
8427,STARLINK-3146,49414,STARLINK-31714,59387,2026-07-30 12:33:51,5.3722,5.429,0.622,462.8,3.2
8428,STARLINK-35168,65509,STARLINK-36964,68184,2026-07-30 15:33:10,3.6589,8.411,0.431,461.7,3.2
8429,STARLINK-33571,63386,STARLINK-37933,69532,2026-07-31 07:36:13,3.315,8.724,0.391,474.9,3.2
8430,STARLINK-30880,58232,STARLINK-35617,66422,2026-07-31 05:27:58,8.1976,9.609,0.935,492.9,3.2
8431,STARLINK-3558,52119,STARLINK-32400,61669,2026-07-31 05:50:52,5.8816,5.9,0.676,474.0,3.2
8432,STARLINK-1356,45564,STARLINK-11199 [DTC],60404,2026-07-30 20:44:17,2.0095,6.344,0.246,358.2,3.2
8433,STARLINK-37002,68164,STARLINK-37496,69297,2026-07-31 03:47:49,5.608,5.978,0.645,480.0,3.2
8434,SUPERVIEW NEO-3 02,63208,FLOCK 4H-16,66719,2026-07-31 02:44:51,6.8504,6.904,0.783,516.5,3.2
8435,STARLINK-4276,53179,STARLINK-35923,66641,2026-07-30 23:54:58,3.4919,4.138,0.41,460.5,3.2
8436,STARLINK-35254,65674,STARLINK-37292,68787,2026-07-30 09:37:46,5.3807,6.763,0.619,464.5,3.2
8437,STARLINK-4663,53724,STARLINK-36677,68178,2026-07-30 23:57:02,6.4085,9.527,0.73,473.6,3.2
8438,STARLINK-35254,65674,STARLINK-37292,68787,2026-07-30 08:50:47,5.4026,6.424,0.618,480.9,3.2
8439,STARLINK-32237,60443,STARLINK-34854,65337,2026-07-31 05:48:51,7.9541,8.058,0.899,465.9,3.2
8440,2024-173D,61230,FLOCK 4G-34,62650,2026-07-30 16:13:50,2.8231,2.921,0.332,492.9,3.1
8441,STARLINK-34721,65039,STARLINK-37440,69189,2026-07-30 14:26:51,6.1479,6.217,0.698,462.3,3.1
8442,STARLINK-3138,49430,STARLINK-37374,69153,2026-07-30 12:36:08,4.2755,8.696,0.492,460.9,3.1
8443,STARLINK-31622,59456,STARLINK-35703,66970,2026-07-31 06:00:51,9.3365,9.438,1.047,484.1,3.1
8444,STARLINK-31257,59079,STARLINK-36554,67502,2026-07-30 20:09:53,2.8905,2.902,0.339,484.2,3.1
8445,STARLINK-2433,47841,STARLINK-35709,66216,2026-07-30 23:15:57,7.5466,8.499,0.849,467.1,3.1
8446,STARLINK-36612,67580,STARLINK-36391,67591,2026-07-30 12:03:52,5.399,5.402,0.613,464.4,3.1
8447,STARLINK-32249,60444,STARLINK-34751,65338,2026-07-30 19:17:57,8.0213,9.133,0.898,479.3,3.1
8448,STARLINK-3341,50817,STARLINK-32706,62308,2026-07-31 07:43:53,3.2741,3.275,0.378,461.1,3.1
8449,STARLINK-35226,65492,STARLINK-37079,68186,2026-07-30 21:55:56,3.7345,4.054,0.428,474.9,3.1
8450,STARLINK-3240,49728,STARLINK-32634,62313,2026-07-30 11:15:56,3.8476,4.078,0.44,475.3,3.1
8451,STARLINK-31516,59221,KUIPER-00420,68932,2026-07-30 17:11:55,9.2266,9.557,1.025,476.8,3.1
8452,STARLINK-36273,68166,STARLINK-37713,69212,2026-07-30 17:16:03,5.5953,8.496,0.629,481.6,3.1
8453,STARLINK-1557,46034,STARLINK-34520,64486,2026-07-30 16:00:52,9.9615,9.984,1.103,479.3,3.1
8454,STARLINK-3813,52482,STARLINK-4585,53567,2026-07-31 02:41:07,5.0008,9.623,0.563,497.1,3.1
8455,STARLINK-4514,53551,STARLINK-30549,58030,2026-07-30 10:28:55,5.673,5.833,0.635,473.0,3.1
8456,STARLINK-33702,63591,BANDWAGON-4 OBJECT P,66306,2026-07-31 06:58:10,4.3839,9.661,0.495,483.3,3.1
8457,STARLINK-4142,53255,STARLINK-4149,53290,2026-07-30 18:03:53,9.5842,9.63,1.056,550.1,3.1
8458,STARLINK-34773,65024,STARLINK-35485,66251,2026-07-30 20:31:55,8.8215,9.197,0.973,479.4,3.1
8459,STARLINK-11075 [DTC],58706,STARLINK-11282 [DTC],60992,2026-07-30 12:53:55,7.5456,7.841,0.835,368.9,3.1
8460,STARLINK-35177,65673,STARLINK-37391,68779,2026-07-30 11:07:49,5.7348,6.27,0.638,481.5,3.1
8461,STARLINK-4196,52859,STARLINK-32164,60271,2026-07-30 22:13:55,8.1643,8.553,0.897,477.8,3.1
8462,STARLINK-36273,68166,STARLINK-37713,69212,2026-07-31 04:13:46,5.665,6.82,0.629,481.5,3.1
8463,STARLINK-2135,47408,STARLINK-4191,52860,2026-07-30 14:08:50,7.7536,8.017,0.853,473.3,3.1
8464,STARLINK-36710,67971,STARLINK-37475,68839,2026-07-31 03:55:02,5.6273,8.081,0.625,463.7,3.1
8465,STARLINK-4519,53439,STARLINK-34394,64669,2026-07-30 22:36:58,4.0035,4.745,0.45,460.1,3.1
8466,STARLINK-32351,61529,KUIPER-00550,69617,2026-07-31 05:38:02,5.6335,8.243,0.623,489.6,3.1
8467,STARLINK-32172,61518,STARLINK-34897,65212,2026-07-30 15:40:50,8.5301,8.781,0.932,465.8,3.1
8468,STARLINK-5399,54788,STARLINK-32158,60267,2026-07-31 05:11:45,5.7312,7.322,0.633,474.1,3.1
8469,STARLINK-32909,62894,STARLINK-36554,67502,2026-07-31 01:40:51,9.4279,9.513,1.027,492.3,3.1
8470,STARLINK-4686,53715,STARLINK-37071,68190,2026-07-30 13:43:01,5.944,8.033,0.655,473.6,3.1
8471,STARLINK-35254,65674,STARLINK-37292,68787,2026-07-30 12:45:42,5.6148,8.573,0.619,464.5,3.1
8472,2024-173E,61231,SKYBEE-A01,62671,2026-07-30 15:36:47,7.8022,9.124,0.851,503.8,3.0
8473,STARLINK-4553,53577,STARLINK-32284,61005,2026-07-30 12:04:43,6.0005,8.794,0.659,473.8,3.0
8474,STARLINK-31380,58979,STARLINK-37237,69185,2026-07-30 16:12:56,4.3439,4.593,0.482,461.9,3.0
8475,STARLINK-3129,49453,STARLINK-35826,66375,2026-07-31 02:57:02,4.6495,6.688,0.512,472.0,3.0
8476,STARLINK-37201,69220,STARLINK-37568,69492,2026-07-30 11:19:49,5.8285,6.217,0.636,464.3,3.0
8477,STARLINK-30923,58381,STARLINK-34936,65898,2026-07-31 05:13:52,9.6969,9.697,1.044,473.4,3.0
8478,STARLINK-4208,52844,STARLINK-33533,63387,2026-07-30 09:55:55,4.9958,5.131,0.547,476.6,3.0
8479,STARLINK-3242,49727,STARLINK-32617,62076,2026-07-31 02:19:03,3.037,4.658,0.34,460.5,3.0
8480,GHGSAT-C5,52744,STARLINK-37193,68390,2026-07-30 18:51:48,5.3889,6.015,0.585,463.2,3.0
8481,STARLINK-5445,54790,STARLINK-32167,60268,2026-07-30 19:24:43,5.8806,8.26,0.636,461.6,3.0
8482,STARLINK-30971,58443,STARLINK-35779,67047,2026-07-30 19:04:52,3.264,3.265,0.362,484.5,3.0
8483,STARLINK-35254,65674,STARLINK-37292,68787,2026-07-30 11:58:43,5.7186,8.235,0.618,480.9,3.0
8484,STARLINK-4000,52605,STARLINK-31384,58983,2026-07-30 18:52:53,7.576,7.58,0.811,460.4,3.0
8485,STARLINK-35072,65505,STARLINK-36984,68168,2026-07-30 17:20:40,3.9138,6.474,0.428,476.2,3.0
8486,STARLINK-34688,65875,STARLINK-37044,68247,2026-07-30 23:41:12,3.8902,8.981,0.424,460.6,3.0
8487,STARLINK-36812,67968,STARLINK-37388,68860,2026-07-31 04:06:46,6.0319,7.19,0.644,463.7,3.0
8488,STARLINK-33741,63365,KUIPER-00647,69790,2026-07-30 18:07:36,2.3182,4.83,0.26,474.1,3.0
8489,STARLINK-31051,58719,STARLINK-32894,62969,2026-07-30 18:55:07,1.8474,3.509,0.211,461.4,3.0
8490,STARLINK-31257,59079,STARLINK-36554,67502,2026-07-30 21:44:02,3.0995,4.546,0.339,484.2,3.0
8491,STARLINK-31264,58845,STARLINK-37166,69195,2026-07-30 21:07:43,6.3746,9.01,0.674,476.2,2.9
8492,STARLINK-4663,53724,STARLINK-35184,65506,2026-07-30 16:08:42,2.7354,4.245,0.3,473.6,2.9
8493,STARLINK-3927,52569,STARLINK-35938,66644,2026-07-30 20:27:03,4.5221,6.885,0.482,485.5,2.9
8494,STARLINK-4295,52996,STARLINK-34206,66098,2026-07-30 21:06:55,9.0536,9.305,0.944,460.3,2.9
8495,SNUSAT-2,43782,COSMOS 2604,67678,2026-07-30 20:53:55,4.7583,4.951,0.504,492.3,2.9
8496,STARLINK-30291,57856,STARLINK-34286,65035,2026-07-30 20:25:49,9.0084,9.526,0.937,479.3,2.9
8497,STARLINK-34727,65025,STARLINK-37027,68232,2026-07-30 19:24:03,3.6364,5.504,0.389,461.1,2.9
8498,STARLINK-4538,53430,STARLINK-34523,64475,2026-07-30 10:46:55,8.0722,8.403,0.84,460.5,2.9
8499,STARLINK-37745,69232,STARLINK-37869,69483,2026-07-30 11:58:58,5.8818,6.728,0.616,464.4,2.9
8500,STARLINK-3795,52264,STARLINK-4527,53436,2026-07-31 03:51:47,4.1218,4.785,0.437,460.4,2.9
8501,STARLINK-1523,46028,STARLINK-34253,64685,2026-07-31 06:53:36,1.3517,2.92,0.157,461.1,2.9
8502,STARLINK-33831,63595,BANDWAGON-4 OBJECT N,66305,2026-07-31 02:29:10,4.3136,8.901,0.456,483.6,2.9
8503,STARLINK-2188,48563,STARLINK-3765,52295,2026-07-31 00:56:53,7.9756,8.015,0.822,480.8,2.9
8504,STARLINK-3971,52642,STARLINK-4697,53726,2026-07-31 06:37:48,6.7947,7.49,0.703,474.8,2.9
8505,STARLINK-4128,53249,STARLINK-33937,63704,2026-07-30 10:02:53,9.0931,9.12,0.934,471.6,2.9
8506,STARLINK-3794,52631,STARLINK-34778,65021,2026-07-31 05:44:55,8.0076,8.285,0.823,460.8,2.9
8507,PAUSAT-1,62653,FLOCK 4H-35,66738,2026-07-30 09:44:54,7.5954,7.732,0.78,496.3,2.9
8508,STARLINK-32298,61525,STARLINK-34975,65224,2026-07-31 07:33:53,9.1354,9.161,0.931,465.8,2.9
8509,STARLINK-37586,69521,KUIPER-00598,69768,2026-07-30 15:39:47,6.2233,7.038,0.64,465.5,2.9
8510,STARLINK-3730,52139,STARLINK-4115,53032,2026-07-30 12:12:34,4.3151,9.553,0.449,460.5,2.9
8511,STARLINK-32182,60319,STARLINK-34721,65039,2026-07-30 16:47:15,2.1601,5.789,0.234,476.5,2.9
8512,STARLINK-36932,68331,STARLINK-37558,69239,2026-07-30 10:34:45,2.1414,2.706,0.232,462.5,2.9
8513,STARLINK-1017,44723,KUIPER-00420,68932,2026-07-31 07:59:54,8.7323,8.814,0.883,462.4,2.8
8514,STARLINK-36812,67968,STARLINK-37388,68860,2026-07-31 03:19:48,6.3153,7.041,0.643,480.7,2.8
8515,STARLINK-4555,53572,STARLINK-32279,61003,2026-07-30 19:09:54,6.4962,6.556,0.66,460.4,2.8
8516,STARLINK-31652,59256,STARLINK-35799,66290,2026-07-31 06:33:49,8.4176,8.962,0.848,479.3,2.8
8517,STARLINK-3701,52095,STARLINK-34333,64264,2026-07-30 16:16:51,8.5154,8.562,0.857,473.9,2.8
8518,STARLINK-4191,52860,STARLINK-34296,64216,2026-07-30 08:39:43,4.7207,6.612,0.483,489.7,2.8
8519,STARLINK-4204,52854,STARLINK-35625,66140,2026-07-31 05:29:45,6.4817,8.228,0.655,477.7,2.8
8520,STARLINK-32186,60412,STARLINK-35490,66204,2026-07-30 16:19:10,4.4989,9.19,0.459,475.1,2.8
8521,STARLINK-3124,49456,STARLINK-35845,66366,2026-07-30 18:26:44,6.5318,8.467,0.657,481.1,2.8
8522,STARLINK-3749,52313,STARLINK-35590,66108,2026-07-30 17:25:53,5.9785,5.979,0.602,463.0,2.8
8523,STARLINK-3681,51968,STARLINK-4266,52869,2026-07-31 06:57:55,9.3368,9.591,0.929,479.6,2.8
8524,UNICORN-2L,58727,IRIDE FM4,66698,2026-07-31 07:26:03,1.4364,2.191,0.159,518.6,2.8
8525,ZIYUAN 3-02 (ZY 3-02),41556,2024-205P,61907,2026-07-30 15:36:47,4.4134,4.987,0.449,522.2,2.8
8526,STARLINK-4276,53179,STARLINK-35923,66641,2026-07-30 09:03:55,4.0095,4.106,0.409,476.9,2.8
8527,STARLINK-32192,60316,STARLINK-37166,69195,2026-07-30 12:32:04,4.5646,6.961,0.463,461.8,2.8
8528,2025-108B,64088,FLOCK 4H-1,66704,2026-07-30 18:54:07,2.9179,5.35,0.303,519.7,2.8
8529,STARLINK-5100,55495,STARLINK-32956,63570,2026-07-30 15:18:00,2.9692,3.67,0.308,482.9,2.8
8530,STARLINK-31659,59254,STARLINK-34596,64732,2026-07-30 18:33:08,4.0104,7.389,0.408,461.9,2.8
8531,STARLINK-3536,51888,STARLINK-35415,65885,2026-07-31 07:20:49,8.3445,8.912,0.829,462.9,2.8
8532,STARLINK-35226,65492,STARLINK-37079,68186,2026-07-31 04:11:05,4.2216,6.759,0.428,474.8,2.8
8533,STARLINK-4479,53415,STARLINK-33809,63508,2026-07-30 19:45:50,8.0683,8.236,0.801,471.9,2.8
8534,HIBARI,49400,STARLINK-36691,67735,2026-07-30 10:52:50,9.5884,9.879,0.948,462.6,2.8
8535,STARLINK-3458,51758,STARLINK-34475,64603,2026-07-31 02:51:56,8.4557,9.063,0.836,475.1,2.8
8536,STARLINK-3980,52611,STARLINK-32191,60314,2026-07-30 17:07:47,7.3642,8.401,0.729,463.0,2.8
8537,ZIYUAN 3-02 (ZY 3-02),41556,AC1-001,66744,2026-07-31 05:49:21,3.1051,9.714,0.318,524.3,2.8
8538,STARLINK-35072,65505,STARLINK-36984,68168,2026-07-30 22:48:56,4.256,4.533,0.429,460.7,2.8
8539,STARLINK-34824,65042,STARLINK-36745,68257,2026-07-30 19:07:35,3.8465,7.706,0.389,474.9,2.8
8540,YAM-15,68997,TRANSPORTER-17 OBJECT AU,69911,2026-07-31 00:28:47,4.3845,4.991,0.441,611.3,2.8
8541,STARLINK-35164,65519,STARLINK-37031,68172,2026-07-31 04:21:38,4.2699,7.622,0.429,460.6,2.8
8542,STARLINK-36710,67971,STARLINK-37475,68839,2026-07-31 03:08:03,6.2929,9.041,0.623,480.7,2.8
8543,STARLINK-35115,65665,STARLINK-36379,68769,2026-07-30 14:54:54,6.4546,6.513,0.638,480.9,2.8
8544,STARLINK-3447,51736,STARLINK-35222,65677,2026-07-30 10:13:53,8.7801,8.781,0.859,465.6,2.8
8545,STARLINK-5127,54010,STARLINK-30789,58166,2026-07-30 09:10:52,4.4657,4.477,0.447,475.7,2.8
8546,STARLINK-3989,52630,STARLINK-34721,65039,2026-07-31 07:37:51,9.3612,9.481,0.912,466.8,2.8
8547,STARLINK-36154,66939,STARLINK-37200,68339,2026-07-31 02:00:52,8.9445,8.983,0.87,462.7,2.7
8548,STARLINK-33659,63445,STARLINK-35936,66620,2026-07-31 07:59:39,5.8913,9.701,0.579,476.2,2.7
8549,STARLINK-36273,68166,STARLINK-37713,69212,2026-07-31 08:08:41,6.4499,9.834,0.631,463.1,2.7
8550,STARLINK-5278,54164,STARLINK-34151,64120,2026-07-30 20:22:56,6.9755,7.343,0.68,479.0,2.7
8551,STARLINK-32192,60316,STARLINK-37166,69195,2026-07-30 15:39:39,4.6855,7.944,0.463,461.7,2.7
8552,CO3D 1,64903,FLOCK 4H-10,66713,2026-07-30 13:56:54,7.0061,7.046,0.683,519.7,2.7
8553,STARLINK-3988,52625,STARLINK-31296,58879,2026-07-30 11:45:51,7.8518,7.9,0.76,464.7,2.7
8554,STARLINK-34547,64777,STARLINK-35401,66067,2026-07-30 14:12:07,4.244,7.41,0.418,475.5,2.7
8555,HERMES-6,63489,EDDA-1,69018,2026-07-31 03:14:50,7.1942,7.346,0.696,509.6,2.7
8556,STARLINK-34727,65025,STARLINK-37027,68232,2026-07-30 12:22:02,3.9434,5.276,0.389,475.2,2.7
8557,STARLINK-3459,51757,STARLINK-5200,54103,2026-07-31 03:31:52,8.4157,8.446,0.807,479.1,2.7
8558,STARLINK-37201,69220,STARLINK-37568,69492,2026-07-30 10:32:50,6.5755,6.761,0.634,481.0,2.7
8559,STARLINK-3209,49752,STARLINK-31434,59215,2026-07-31 03:53:29,3.9685,9.865,0.39,475.6,2.7
8560,SKYSAT-C5,41772,STARLINK-37400,68777,2026-07-30 17:21:12,3.3336,7.281,0.33,480.2,2.7
8561,STARLINK-37201,69220,STARLINK-37568,69492,2026-07-30 15:14:44,6.5976,8.467,0.634,481.0,2.7
8562,STARLINK-33571,63386,STARLINK-37933,69532,2026-07-31 00:34:11,4.0031,8.378,0.392,461.5,2.7
8563,CO3D 1,64903,FLOCK 4H-10,66713,2026-07-31 00:12:58,7.1433,8.221,0.685,504.4,2.7
8564,STARLINK-3125,49451,STARLINK-32197,60416,2026-07-31 06:37:54,6.9485,6.998,0.665,467.4,2.7
8565,STARLINK-32199,60320,STARLINK-37380,69182,2026-07-30 12:27:38,4.7917,8.131,0.464,475.4,2.7
8566,STARLINK-5248,54174,STARLINK-32720,62451,2026-07-31 04:57:58,5.9186,6.599,0.568,472.7,2.7
8567,STARLINK-35072,65505,STARLINK-36984,68168,2026-07-30 18:07:34,4.4213,9.152,0.429,460.7,2.7
8568,STARLINK-34727,65025,STARLINK-37027,68232,2026-07-30 20:10:57,3.9935,4.288,0.389,475.2,2.7
8569,STARLINK-4298,53177,STARLINK-34994,65924,2026-07-30 20:09:42,5.5606,7.929,0.533,474.0,2.7
8570,STARLINK-31443,59393,STARLINK-35259,66197,2026-07-31 05:07:38,4.5755,7.728,0.441,475.1,2.7
8571,STARLINK-2515,48323,STARLINK-35430,66020,2026-07-30 08:49:13,4.3975,9.804,0.423,485.7,2.7
8572,STARLINK-31994,60588,STARLINK-32837,62812,2026-07-31 04:36:37,5.0267,9.073,0.481,461.6,2.7
8573,STARLINK-3525,51733,STARLINK-37508,69257,2026-07-30 13:11:05,4.3126,6.63,0.415,461.7,2.7
8574,THEA,43796,STARLINK-36629,67596,2026-07-30 09:14:53,8.4059,8.406,0.789,478.1,2.6
8575,STARLINK-3516,51739,STARLINK-34894,65753,2026-07-31 03:40:47,4.4605,5.13,0.426,460.4,2.6
8576,STARLINK-1596,46141,STARLINK-11323 [DTC],61533,2026-07-31 04:35:03,7.1019,9.881,0.667,361.5,2.6
8577,STARLINK-34824,65042,STARLINK-36745,68257,2026-07-31 02:09:38,4.0897,6.918,0.39,461.8,2.6
8578,STARLINK-3536,51888,STARLINK-31739,59766,2026-07-30 12:35:51,8.9512,9.005,0.832,463.4,2.6
8579,STARLINK-3937,52542,STARLINK-35953,66637,2026-07-31 03:42:50,8.9661,9.303,0.833,473.7,2.6
8580,STARLINK-31994,60588,STARLINK-32837,62812,2026-07-31 03:49:43,5.0889,6.85,0.48,475.5,2.6
8581,STARLINK-3948,52546,STARLINK-32273,61956,2026-07-31 02:59:58,2.8192,3.166,0.274,460.3,2.6
8582,STARLINK-34136,64112,STARLINK-37356,68704,2026-07-30 14:58:53,7.6202,7.639,0.708,478.9,2.6
8583,STARLINK-2491,48148,STARLINK-3198,49763,2026-07-30 15:40:51,6.0683,6.16,0.567,484.5,2.6
8584,STARLINK-3563,51858,STARLINK-37275,68725,2026-07-30 22:28:56,4.9299,5.182,0.464,460.1,2.6
8585,GHGSAT-C5,52744,STARLINK-37193,68390,2026-07-30 19:38:46,6.2673,7.258,0.584,477.6,2.6
8586,STARLINK-2757,48604,STARLINK-35972,66638,2026-07-30 10:25:50,9.0076,9.296,0.829,479.4,2.6
8587,STARLINK-35111,65463,STARLINK-37078,68174,2026-07-30 11:52:56,8.2669,8.584,0.758,478.9,2.6
8588,STARLINK-3201,49771,STARLINK-31576,59208,2026-07-31 05:19:40,4.2676,6.48,0.399,460.5,2.6
8589,STARLINK-3698,52108,STARLINK-35622,66103,2026-07-31 06:15:00,7.199,8.63,0.66,476.6,2.6
8590,STARLINK-2422,47832,STARLINK-3122,49445,2026-07-30 18:22:58,7.6059,8.659,0.697,467.1,2.6
8591,STARLINK-3457,51754,STARLINK-32702,62432,2026-07-30 19:48:00,7.4655,8.972,0.682,460.5,2.6
8592,STARLINK-4208,52844,STARLINK-33533,63387,2026-07-30 09:09:00,5.9627,7.384,0.548,462.9,2.6
8593,STARLINK-34582,64781,STARLINK-35317,66184,2026-07-30 09:18:34,4.6947,9.427,0.435,475.1,2.6
8594,STARLINK-4214,52877,STARLINK-32001,60110,2026-07-31 04:35:16,3.9612,9.648,0.369,461.6,2.6
8595,STARLINK-1548,46054,STARLINK-3783,52282,2026-07-30 15:36:57,5.8508,6.301,0.536,467.3,2.6
8596,STARLINK-2516,48283,STARLINK-30438,58035,2026-07-31 07:49:38,4.5188,7.491,0.418,485.8,2.6
8597,STARLINK-2633,48435,STARLINK-34828,65353,2026-07-30 14:40:38,4.3833,7.42,0.405,485.7,2.6
8598,STARLINK-36273,68166,STARLINK-37713,69212,2026-07-30 19:37:00,6.94,8.267,0.631,463.2,2.6
8599,STARLINK-34727,65025,STARLINK-37027,68232,2026-07-30 11:35:08,4.2087,7.295,0.389,461.1,2.6
8600,STARLINK-4538,53430,STARLINK-34523,64475,2026-07-30 11:33:48,9.3116,9.999,0.838,473.9,2.5
8601,2026-052C,68200,2026-134B,69539,2026-07-30 22:53:47,5.5289,6.254,0.504,529.1,2.5
8602,STARLINK-35164,65519,STARLINK-37031,68172,2026-07-31 08:16:05,4.6692,7.233,0.428,475.6,2.5
8603,STARLINK-3352,51147,STARLINK-4799,53860,2026-07-30 20:58:53,7.6589,7.662,0.691,465.7,2.5
8604,STARLINK-31659,59254,STARLINK-34596,64732,2026-07-30 17:46:14,4.4358,9.801,0.408,475.1,2.5
8605,STARLINK-2502,48327,STARLINK-35196,66007,2026-07-30 21:07:57,4.4286,4.863,0.407,485.6,2.5
8606,STARLINK-3859,52470,STARLINK-31992,60023,2026-07-30 19:30:38,4.7884,7.808,0.438,472.0,2.5
8607,LIZZIESAT-3 (LS-3),63233,HYDRA-3,69022,2026-07-30 19:11:47,8.5977,9.537,0.772,517.8,2.5
8608,STARLINK-3157,49413,STARLINK-35809,66373,2026-07-31 04:49:48,9.4052,9.994,0.842,482.4,2.5
8609,STARLINK-5858,57264,STARLINK-30212,57506,2026-07-31 01:12:26,3.3133,8.71,0.307,482.9,2.5
8610,SITRO-AIS 5 (KATYS),57176,STARLINK-35144,65538,2026-07-30 21:00:39,4.0723,6.364,0.373,482.2,2.5
8611,STARLINK-35115,65665,STARLINK-36379,68769,2026-07-30 19:36:48,7.143,7.742,0.638,480.9,2.5
8612,STARLINK-4045,53152,STARLINK-11110 [DTC],59762,2026-07-31 04:05:50,6.2184,6.354,0.557,369.3,2.5
8613,STARLINK-3450,51734,STARLINK-35121,65737,2026-07-31 03:33:08,4.6436,8.093,0.42,474.5,2.5
8614,2024-205E,61898,NAHLA,66764,2026-07-30 23:14:56,4.9114,5.175,0.442,525.7,2.5
8615,STARLINK-4085,53262,STARLINK-32237,60443,2026-07-30 08:43:05,2.772,4.313,0.257,476.6,2.5
8616,STARLINK-32199,60320,STARLINK-37380,69182,2026-07-30 16:22:07,5.1971,8.554,0.464,461.7,2.5
8617,STARLINK-37002,68164,STARLINK-37496,69297,2026-07-31 03:00:50,7.322,7.446,0.647,464.4,2.5
8618,STARLINK-4011,52615,STARLINK-37365,69186,2026-07-30 20:51:35,2.9332,5.497,0.269,462.2,2.5
8619,STARLINK-3625,51777,STARLINK-36116,66948,2026-07-30 19:13:20,2.6067,7.148,0.24,462.3,2.5
8620,STARLINK-3681,51968,STARLINK-34686,65087,2026-07-31 04:36:36,4.6511,8.406,0.415,472.1,2.5
8621,STARLINK-37745,69232,STARLINK-37869,69483,2026-07-30 16:40:52,7.0395,7.05,0.616,464.4,2.5
8622,STARLINK-2405,47919,STARLINK-31580,59434,2026-07-30 15:01:41,4.6309,6.731,0.411,471.9,2.5
8623,STARLINK-4555,53572,STARLINK-32279,61003,2026-07-30 18:23:01,7.5526,9.468,0.659,474.0,2.5
8624,STARLINK-3240,49728,STARLINK-32634,62313,2026-07-30 12:02:49,4.9903,5.185,0.441,461.7,2.5
8625,STARLINK-3990,52626,STARLINK-34827,65038,2026-07-30 19:04:32,4.5524,9.453,0.403,473.2,2.5
8626,IRIDE-MS2-HEO-13,68985,TRANSPORTER-17 OBJECT BQ,69931,2026-07-30 12:35:10,5.1138,9.481,0.45,610.2,2.5
8627,STARLINK-2526,48378,STARLINK-3522,51725,2026-07-31 07:11:30,3.7682,8.514,0.336,471.6,2.5
8628,STARLINK-4728,53793,STARLINK-35480,66242,2026-07-31 00:35:57,9.2513,9.988,0.799,479.0,2.5
8629,LEGION 2,59626,AC1-001,66744,2026-07-30 15:34:49,7.5376,7.803,0.654,527.4,2.4
8630,STARLINK-32199,60320,STARLINK-37380,69182,2026-07-30 11:40:45,5.3008,6.472,0.465,461.7,2.4
8631,STARLINK-36612,67580,STARLINK-36391,67591,2026-07-30 12:50:51,7.0762,7.127,0.612,480.5,2.4
8632,STARLINK-4499,53402,STARLINK-33534,63499,2026-07-30 18:46:59,6.8363,7.799,0.592,480.5,2.4
8633,STARLINK-36273,68166,STARLINK-37713,69212,2026-07-31 05:47:44,7.3058,9.016,0.629,481.5,2.4
8634,STARLINK-3577,51884,STARLINK-31878,60031,2026-07-30 22:26:48,6.5936,7.129,0.569,474.0,2.4
8635,STARLINK-3931,52548,STARLINK-32387,61704,2026-07-31 01:04:51,5.1826,5.21,0.449,463.1,2.4
8636,STARLINK-3314,50851,STARLINK-4180,53278,2026-07-30 16:47:57,6.6221,7.174,0.569,480.7,2.4
8637,STARLINK-35233,65678,STARLINK-37368,69253,2026-07-31 02:08:49,7.3218,7.622,0.625,479.6,2.4
8638,STARLINK-32830,63034,STARLINK-37371,68977,2026-07-30 12:05:56,5.9038,6.188,0.507,464.3,2.4
8639,STARLINK-3330,50836,STARLINK-4051,53273,2026-07-30 21:01:39,6.3614,9.698,0.543,480.9,2.4
8640,STARLINK-35709,66216,STARLINK-35861,66355,2026-07-30 16:13:14,2.7197,5.957,0.241,476.4,2.4
8641,STARLINK-4294,53176,STARLINK-37062,68087,2026-07-30 22:12:53,9.5899,9.595,0.808,465.7,2.4
8642,STARLINK-4207,52871,STARLINK-35791,66896,2026-07-31 07:46:00,8.1605,9.678,0.688,469.2,2.4
8643,STARLINK-3113,49735,STARLINK-34236,64743,2026-07-30 23:32:39,5.0995,7.673,0.436,461.9,2.4
8644,ICEYE-X60,66753,2026-052D,68201,2026-07-30 09:06:51,4.3435,4.405,0.374,529.0,2.4
8645,STARLINK-34824,65042,STARLINK-36745,68257,2026-07-31 01:22:44,4.564,5.545,0.389,474.9,2.4
8646,STARLINK-3572,51879,STARLINK-34601,65084,2026-07-30 17:03:43,5.7358,7.361,0.485,461.9,2.4
8647,STARLINK-34069,64920,STARLINK-37368,69253,2026-07-30 22:14:06,5.63,8.577,0.476,463.5,2.4
8648,STARLINK-32885,62958,STARLINK-35666,66222,2026-07-31 03:43:10,2.2146,4.082,0.197,460.5,2.4
8649,STARLINK-32192,60316,STARLINK-37166,69195,2026-07-30 11:45:10,5.4713,9.806,0.462,475.1,2.4
8650,STARLINK-1047,44752,STARLINK-32359,61957,2026-07-30 12:08:51,7.998,8.078,0.667,459.4,2.4
8651,STARLINK-5374,56144,TOMORROW-S4,62386,2026-07-30 15:49:43,5.7634,7.528,0.485,483.7,2.4
8652,2024-174D,61241,STARLINK-37482,68850,2026-07-30 11:33:13,3.6839,7.545,0.316,465.0,2.4
8653,STARLINK-3832,52646,STARLINK-35481,66247,2026-07-30 21:57:57,6.6571,7.142,0.557,467.5,2.4
8654,STARLINK-30971,58443,STARLINK-35779,67047,2026-07-30 18:17:47,4.2545,4.649,0.362,493.7,2.4
8655,STARLINK-3218,49725,STARLINK-34244,65351,2026-07-30 20:09:37,3.2279,5.315,0.278,459.9,2.4
8656,STARLINK-36293,68515,KUIPER-00534,69606,2026-07-31 07:31:58,7.7652,8.589,0.644,462.7,2.3
8657,STARLINK-31659,59254,STARLINK-34596,64732,2026-07-30 22:27:36,4.856,8.157,0.408,475.1,2.3
8658,STARLINK-37002,68164,STARLINK-37496,69297,2026-07-31 02:13:52,7.8183,7.83,0.645,480.0,2.3
8659,STARLINK-3156,49458,STARLINK-35827,66365,2026-07-31 03:43:44,8.0134,9.853,0.661,480.8,2.3
8660,STARLINK-31835,59772,STARLINK-37319,68706,2026-07-30 21:48:53,8.3091,8.311,0.684,465.6,2.3
8661,STARLINK-2491,48148,STARLINK-3198,49763,2026-07-30 14:53:51,6.8758,6.907,0.568,471.0,2.3
8662,STARLINK-2647,48658,STARLINK-37286,68512,2026-07-31 05:28:54,8.6313,8.674,0.708,479.4,2.3
8663,STARLINK-4001,52628,STARLINK-31324,58976,2026-07-30 22:26:52,8.8477,8.856,0.725,473.1,2.3
8664,STARLINK-3445,51717,STARLINK-3529,51724,2026-07-30 21:07:46,5.8853,6.617,0.486,472.3,2.3
8665,LEO EXPRESS 2,62673,SHIYAN-33,68405,2026-07-30 08:51:57,3.4625,3.682,0.292,514.1,2.3
8666,STARLINK-31361,58974,STARLINK-37089,69183,2026-07-31 02:28:37,5.8372,9.598,0.481,475.5,2.3
8667,SKYSAT-C5,41772,STARLINK-37400,68777,2026-07-30 18:08:10,3.9643,7.075,0.331,463.4,2.3
8668,STARLINK-32626,62123,TOMORROW-S3,62392,2026-07-30 18:44:48,7.7765,8.284,0.631,488.5,2.3
8669,STARLINK-3980,52611,STARLINK-32191,60314,2026-07-30 15:33:58,9.0236,9.92,0.729,463.3,2.3
8670,STARLINK-5084,54851,STARLINK-5869,57061,2026-07-30 17:40:44,8.2697,9.857,0.669,494.1,2.3
8671,STARLINK-37745,69232,STARLINK-37869,69483,2026-07-30 11:11:59,7.5916,8.53,0.614,480.8,2.3
8672,STARLINK-3209,49752,STARLINK-31434,59215,2026-07-31 03:06:35,4.7505,8.187,0.39,461.9,2.3
8673,CO3D 3,64900,FLOCK 4H-26,66729,2026-07-30 11:34:53,8.7667,8.776,0.706,519.9,2.3
8674,STARLINK-2195,47772,STARLINK-4130,53263,2026-07-30 11:09:59,7.039,8.012,0.57,473.6,2.3
8675,STARLINK-4521,53391,STARLINK-34974,65221,2026-07-31 01:44:43,7.4889,9.593,0.604,476.6,2.3
8676,STARLINK-32191,60314,STARLINK-37321,69198,2026-07-30 08:31:39,4.7201,7.102,0.386,475.2,2.3
8677,STARLINK-4276,53179,STARLINK-35923,66641,2026-07-30 23:08:05,5.0128,7.093,0.409,474.9,2.3
8678,STARLINK-4416,53212,SITRO-AIS 26,59067,2026-07-30 13:46:55,8.2052,8.438,0.658,565.8,2.3
8679,STARLINK-35031,65404,STARLINK-35346,66179,2026-07-30 13:04:00,4.7463,5.524,0.387,461.4,2.3
8680,STARLINK-37201,69220,STARLINK-37568,69492,2026-07-30 16:01:43,7.9405,9.941,0.636,464.3,2.3
8681,STARLINK-4132,53252,STARLINK-36831,67864,2026-07-30 10:21:49,9.1317,9.422,0.729,465.8,2.3
8682,STARLINK-5408,54810,STARLINK-32422,61592,2026-07-30 09:09:51,5.3263,5.38,0.431,478.1,2.3
8683,STARLINK-2439,48104,STARLINK-32515,61705,2026-07-30 20:25:46,5.3312,5.958,0.431,472.2,2.3
8684,STARLINK-1559,46077,STARLINK-2076,47362,2026-07-31 07:43:55,9.1987,9.387,0.729,438.0,2.3
8685,STARLINK-3857,52494,STARLINK-33948,66147,2026-07-30 10:31:23,3.5448,9.25,0.29,460.1,2.3
8686,CO3D 1,64903,FLOCK 4H-10,66713,2026-07-30 17:53:51,8.6359,8.679,0.685,504.4,2.3
8687,STARLINK-31828,59767,STARLINK-37112,68707,2026-07-30 15:39:47,8.6365,9.492,0.683,465.9,2.2
8688,STARLINK-34547,64777,STARLINK-35401,66067,2026-07-30 14:59:01,5.2309,6.335,0.419,461.8,2.2
8689,2025-234B,66054,FLOCK 4H-14,66717,2026-07-31 05:15:03,7.1878,9.463,0.569,502.9,2.2
8690,STARLINK-35072,65505,STARLINK-36984,68168,2026-07-30 22:02:02,5.3581,6.804,0.428,476.1,2.2
8691,STARLINK-1552,46076,STARLINK-35531,66112,2026-07-31 05:17:56,4.8938,5.109,0.392,485.7,2.2
8692,STARLINK-3146,49414,STARLINK-31714,59387,2026-07-30 13:20:46,7.8785,8.912,0.621,476.9,2.2
8693,STARLINK-32199,60320,STARLINK-37380,69182,2026-07-30 17:09:01,5.8539,7.034,0.464,475.4,2.2
8694,STARLINK-4489,53542,STARLINK-35393,65827,2026-07-31 02:24:49,7.5335,7.823,0.591,460.3,2.2
8695,STARLINK-35471,65864,STARLINK-36274,68251,2026-07-30 16:04:48,3.2358,3.413,0.262,474.3,2.2
8696,STARLINK-3525,51733,STARLINK-37508,69257,2026-07-30 12:24:11,5.2353,9.235,0.414,475.3,2.2
8697,STARLINK-5130,53997,STARLINK-32815,62956,2026-07-31 02:26:57,7.7962,8.364,0.609,460.1,2.2
8698,STARLINK-1356,45564,STARLINK-11199 [DTC],60404,2026-07-30 22:15:58,3.0253,3.281,0.246,358.2,2.2
8699,STARLINK-3111,49418,STARLINK-37363,69158,2026-07-30 19:22:59,5.7624,6.549,0.454,475.9,2.2
8700,STARLINK-30198,57290,STARLINK-31156,58743,2026-07-30 15:10:49,9.2031,9.456,0.716,481.8,2.2
8701,STARLINK-2049,47356,STARLINK-35623,66138,2026-07-31 05:54:49,5.5303,5.727,0.436,472.1,2.2
8702,STARLINK-36612,67580,STARLINK-36391,67591,2026-07-30 13:37:50,7.8661,8.016,0.613,464.3,2.2
8703,STARLINK-3172,51139,STARLINK-33575,62760,2026-07-30 15:58:08,5.2936,8.296,0.417,463.2,2.2
8704,STARLINK-3110,49420,STARLINK-34863,66190,2026-07-31 02:59:33,2.2685,4.362,0.187,459.9,2.2
8705,STARLINK-3179,51141,STARLINK-33600,62772,2026-07-30 23:12:45,8.2303,9.585,0.638,465.7,2.2
8706,STARLINK-32525,62121,TANSTAAFL-2,62378,2026-07-30 17:03:55,7.7507,7.85,0.602,480.7,2.2
8707,STARLINK-3923,52489,STARLINK-32008,60028,2026-07-30 09:51:09,5.9408,9.552,0.464,473.5,2.2
8708,STARLINK-3300,50841,STARLINK-4159,53292,2026-07-31 08:28:06,5.4862,8.121,0.43,461.8,2.2
8709,STARLINK-35072,65505,STARLINK-36984,68168,2026-07-30 15:46:53,5.4824,5.489,0.428,476.2,2.2
8710,STARLINK-35168,65509,STARLINK-36964,68184,2026-07-30 11:38:43,5.5125,6.959,0.43,474.6,2.2
8711,STARLINK-31353,58980,STARLINK-37402,69210,2026-07-30 09:29:01,5.1493,6.189,0.402,475.1,2.2
8712,2024-094D,59808,BRO-20,66674,2026-07-30 11:28:12,4.7309,8.478,0.37,512.4,2.2
8713,STARLINK-35226,65492,STARLINK-37079,68186,2026-07-31 03:24:11,5.5256,9.788,0.429,461.6,2.2
8714,STARLINK-4201,52856,STARLINK-32840,63363,2026-07-30 17:33:33,5.1033,9.153,0.397,463.6,2.2
8715,STARLINK-35168,65509,STARLINK-36964,68184,2026-07-30 16:20:04,5.5445,7.341,0.43,474.6,2.2
8716,STARLINK-3636,51995,STARLINK-33966,64203,2026-07-30 22:06:03,4.3327,5.708,0.339,472.2,2.2
8717,STARLINK-4213,52872,STARLINK-34146,64098,2026-07-31 08:13:56,9.4067,9.786,0.718,465.9,2.2
8718,STARLINK-31380,58979,STARLINK-37237,69185,2026-07-30 15:26:02,6.2525,7.721,0.482,475.0,2.2
8719,STARLINK-2356,47896,STARLINK-32274,60922,2026-07-30 15:21:49,5.6114,5.769,0.434,480.7,2.2
8720,STARLINK-4296,52995,STARLINK-34492,64473,2026-07-31 04:39:02,8.011,9.952,0.612,473.7,2.2
8721,STARLINK-3943,52557,STARLINK-31523,59220,2026-07-31 06:12:03,5.5012,7.186,0.424,474.1,2.2
8722,STARLINK-4697,53726,STARLINK-31356,58968,2026-07-31 01:55:45,5.6046,6.442,0.432,474.0,2.2
8723,STARLINK-36812,67968,STARLINK-37388,68860,2026-07-31 02:32:49,8.4742,8.776,0.644,463.7,2.2
8724,STARLINK-3156,49458,STARLINK-32877,62960,2026-07-31 03:43:45,8.5071,9.73,0.646,476.7,2.2
8725,STARLINK-3354,51146,STARLINK-32002,60200,2026-07-31 00:05:59,8.0654,9.055,0.613,479.5,2.2
8726,STARLINK-34805,65071,JILIN GAOFEN OBJECT E,68695,2026-07-31 02:15:14,3.1356,6.097,0.247,548.3,2.2
8727,STARLINK-36342,67649,STARLINK-37952,69561,2026-07-30 15:30:54,8.4274,8.469,0.639,460.3,2.2
8728,CO3D 2,64902,NUSAT-52,66692,2026-07-30 20:15:48,8.9292,9.49,0.675,519.9,2.2
8729,STARLINK-4101,53142,STARLINK-32706,62308,2026-07-30 10:37:50,2.911,2.953,0.229,476.6,2.1
8730,STARLINK-34727,65025,STARLINK-37027,68232,2026-07-30 20:57:50,5.107,5.19,0.389,461.0,2.1
8731,STARLINK-35226,65492,STARLINK-37079,68186,2026-07-30 20:22:09,5.6498,9.046,0.428,474.9,2.1
8732,STARLINK-5242,54173,STARLINK-33949,64105,2026-07-30 19:26:54,8.0864,8.171,0.606,465.7,2.1
8733,STARLINK-3130,49437,STARLINK-33641,63718,2026-07-30 22:42:59,8.1299,9.153,0.609,467.0,2.1
8734,STARLINK-2616,48695,STARLINK-3882,52475,2026-07-30 23:40:37,4.5976,7.055,0.351,481.3,2.1
8735,STARLINK-3589,51997,STARLINK-36681,68720,2026-07-31 06:27:00,5.6577,6.426,0.427,460.3,2.1
8736,STARLINK-3584,51885,STARLINK-34626,65082,2026-07-30 16:19:55,6.2709,6.364,0.472,476.6,2.1
8737,STARLINK-33533,63387,KUIPER-00646,69789,2026-07-30 09:19:19,3.4282,7.789,0.264,465.5,2.1
8738,STARLINK-3868,52649,STARLINK-4642,53720,2026-07-30 13:12:49,8.9209,9.281,0.664,466.1,2.1
8739,STARLINK-4291,52988,STARLINK-34375,64477,2026-07-30 23:48:08,3.2347,4.979,0.25,476.5,2.1
8740,STARLINK-2381,47800,STARLINK-32894,62969,2026-07-31 08:12:53,8.7358,8.736,0.65,479.7,2.1
8741,STARLINK-4159,53292,STARLINK-36762,67868,2026-07-30 19:12:01,5.5807,6.624,0.42,473.6,2.1
8742,CO3D 3,64900,FLOCK 4H-26,66729,2026-07-30 19:28:50,9.5487,9.757,0.707,520.0,2.1
8743,FOREST-19 (PATADASTRA),69001,TRANSPORTER-17 OBJECT AN,69905,2026-07-30 21:55:46,5.7841,6.509,0.433,589.4,2.1
8744,STARLINK-1513,45786,STARLINK-2500,48485,2026-07-31 06:57:16,3.6094,7.412,0.276,468.3,2.1
8745,STARLINK-3209,49752,STARLINK-31434,59215,2026-07-31 02:19:42,5.1836,6.716,0.39,475.6,2.1
8746,2025-234B,66054,FLOCK 4H-14,66717,2026-07-30 22:08:54,7.6701,7.747,0.568,513.9,2.1
8747,STARLINK-35115,65665,STARLINK-36379,68769,2026-07-30 20:23:47,8.6584,9.385,0.639,464.4,2.1
8748,STARLINK-3098,49442,STARLINK-35735,66231,2026-07-30 09:32:04,6.492,8.648,0.482,475.3,2.1
8749,STARLINK-36812,67968,STARLINK-37388,68860,2026-07-31 01:45:50,8.7202,8.847,0.643,480.7,2.1
8750,STARLINK-1493,45759,STARLINK-11097 [DTC],59759,2026-07-31 01:24:41,7.2925,9.537,0.539,371.5,2.1
8751,STARLINK-31615,59413,STARLINK-35977,66604,2026-07-31 05:58:50,8.6101,8.705,0.634,480.3,2.1
8752,STARLINK-1564,46058,STARLINK-3714,52094,2026-07-30 12:48:57,9.4194,9.997,0.692,465.7,2.1
8753,STARLINK-2232,48578,STARLINK-4285,52991,2026-07-30 21:08:53,7.6833,7.684,0.566,467.0,2.1
8754,CSC-2,58021,SITRO-AIS-65,67266,2026-07-30 12:53:03,4.7042,6.078,0.35,495.4,2.1
8755,STARLINK-2190,48564,STARLINK-4542,53435,2026-07-30 14:32:53,8.2009,8.222,0.596,465.9,2.1
8756,STARLINK-35164,65519,STARLINK-37031,68172,2026-07-31 02:00:58,5.8453,6.252,0.428,475.6,2.1
8757,STARLINK-33752,63580,BANDWAGON-4 OBJECT M,66304,2026-07-30 18:15:05,6.0711,8.092,0.443,490.6,2.1
8758,STARLINK-3538,51996,STARLINK-35625,66140,2026-07-31 01:34:39,2.7557,3.934,0.209,462.8,2.1
8759,STARLINK-35471,65864,STARLINK-37604,69203,2026-07-30 19:12:47,9.0873,9.754,0.654,474.3,2.1
8760,STARLINK-35070,65680,STARLINK-37718,69242,2026-07-30 11:29:46,7.5682,8.367,0.546,480.5,2.1
8761,STARLINK-2534,48311,STARLINK-34131,64182,2026-07-30 22:17:00,5.2945,6.052,0.386,472.0,2.0
8762,GENMAT-1,58276,2024-205N,61906,2026-07-30 14:47:47,6.2945,6.697,0.456,453.3,2.0
8763,GUOWANG TEST OBJECT C,69322,KUIPER-00556,69621,2026-07-31 02:40:02,8.1497,9.984,0.586,448.7,2.0
8764,STARLINK-4216,53022,STARLINK-32402,61708,2026-07-31 00:19:04,6.2135,8.128,0.449,471.2,2.0
8765,STARLINK-3341,50817,STARLINK-32706,62308,2026-07-31 01:28:44,5.2169,6.22,0.378,462.0,2.0
8766,STARLINK-3563,51858,STARLINK-37275,68725,2026-07-30 21:42:03,6.4337,8.15,0.463,473.8,2.0
8767,STARLINK-5212,54075,STARLINK-36238,68563,2026-07-31 06:34:51,8.1733,8.207,0.583,465.7,2.0
8768,STARLINK-5368,54840,HAWK-11C,62381,2026-07-30 14:44:45,7.8545,8.999,0.56,488.7,2.0
8769,STARLINK-3521,51742,STARLINK-35759,69246,2026-07-30 23:07:08,6.1726,9.259,0.442,461.7,2.0
8770,STARLINK-2698,48458,STARLINK-3960,52659,2026-07-30 12:24:34,5.588,9.173,0.402,467.1,2.0
8771,STARLINK-35031,65404,STARLINK-35346,66179,2026-07-30 12:17:06,5.3723,7.522,0.386,475.4,2.0
8772,STARLINK-3809,52851,STARLINK-5454,54774,2026-07-31 03:43:56,9.4554,9.811,0.669,460.4,2.0
8773,STARLINK-3522,51725,STARLINK-34659,64913,2026-07-30 20:12:56,8.0871,8.392,0.574,472.7,2.0
8774,STARLINK-1356,45564,STARLINK-11199 [DTC],60404,2026-07-30 18:26:45,3.3393,3.803,0.245,373.0,2.0
8775,2025-234B,66054,FLOCK 4H-14,66717,2026-07-30 17:24:47,8.0236,8.542,0.568,513.9,2.0
8776,STARLINK-34727,65025,STARLINK-37027,68232,2026-07-30 21:44:43,5.4245,6.461,0.389,475.1,2.0
8777,STARLINK-2746,48676,STARLINK-4260,52986,2026-07-30 09:34:34,5.9359,9.848,0.422,467.3,2.0
8778,GEESAT-3 09,61019,KUIPER-00081,65132,2026-07-30 20:08:58,8.2794,8.805,0.582,626.8,2.0
8779,STARLINK-31930,60596,STARLINK-32787,62809,2026-07-30 09:20:51,5.6972,5.733,0.404,461.5,2.0
8780,RAY 1.0,62627,FLOCK 4H-3,66706,2026-07-31 07:36:48,8.5792,8.999,0.601,500.3,2.0
8781,STARLINK-4797,53852,STARLINK-31923,60600,2026-07-31 00:51:35,3.2854,5.27,0.239,475.6,2.0
8782,2025-234B,66054,FLOCK 4H-14,66717,2026-07-31 06:49:45,8.1092,9.068,0.569,502.9,2.0
8783,STARLINK-1356,45564,STARLINK-11199 [DTC],60404,2026-07-30 21:30:07,3.3838,4.933,0.245,373.0,2.0
8784,STARLINK-3147,49410,STARLINK-37491,69166,2026-07-30 16:37:55,8.8736,9.045,0.621,465.5,2.0
8785,STARLINK-4208,52844,KUIPER-00646,69789,2026-07-30 09:02:13,5.4095,9.486,0.383,468.7,2.0
8786,STARLINK-3098,49442,STARLINK-33939,63702,2026-07-30 12:38:53,7.7909,7.793,0.545,479.3,2.0
8787,STARLINK-31813,60128,STARLINK-34160,64119,2026-07-30 21:27:53,7.9758,7.988,0.557,466.1,2.0
8788,STARLINK-5449,54780,STARLINK-5412,54806,2026-07-30 15:42:39,3.0889,4.34,0.224,476.8,2.0
8789,CONNECTA IOT-2,60522,ANISCSAT-1,66671,2026-07-30 11:04:56,8.1339,8.353,0.568,494.8,2.0
8790,STARLINK-31787,59650,TOMORROW-S4,62386,2026-07-31 05:34:47,5.1794,5.55,0.366,483.8,2.0
8791,STARLINK-3162,49411,STARLINK-35560,66059,2026-07-30 11:58:56,8.3177,8.598,0.578,476.1,2.0
8792,STARLINK-2029,48320,STARLINK-35570,66090,2026-07-30 10:03:35,5.0107,7.968,0.353,485.7,2.0
8793,STARLINK-4521,53391,STARLINK-32140,61511,2026-07-30 19:28:32,4.5774,8.192,0.324,481.2,2.0
8794,STARLINK-35115,65665,STARLINK-36379,68769,2026-07-30 14:07:55,9.2438,9.358,0.639,464.4,2.0
8795,STARLINK-2389,47808,STARLINK-35542,66064,2026-07-30 20:57:09,6.0686,9.112,0.424,485.4,2.0
8796,STARLINK-35226,65492,STARLINK-37079,68186,2026-07-31 05:44:52,6.1473,6.152,0.428,474.8,2.0
8797,STARLINK-35536,66261,STARLINK-37087,68250,2026-07-31 01:06:44,8.5828,9.964,0.592,479.1,2.0
8798,STARLINK-34824,65042,STARLINK-36745,68257,2026-07-30 17:33:48,5.5903,5.853,0.389,474.9,2.0
8799,STARLINK-3138,49430,STARLINK-37374,69153,2026-07-30 14:09:55,7.1507,7.281,0.492,460.9,2.0
8800,STARLINK-3525,51733,STARLINK-37508,69257,2026-07-30 17:05:33,6.0154,9.984,0.414,475.3,1.9
8801,STARLINK-35072,65505,STARLINK-36984,68168,2026-07-31 00:22:44,6.2346,7.319,0.429,460.7,1.9
8802,STARLINK-37002,68164,STARLINK-37496,69297,2026-07-31 01:26:53,9.5095,9.514,0.647,464.4,1.9
8803,TIANYI C,64050,AC1-003,66689,2026-07-30 22:21:41,3.3634,4.391,0.237,523.4,1.9
8804,STARLINK-4131,53246,STARLINK-33908,63700,2026-07-30 21:30:54,4.2835,4.303,0.296,472.2,1.9
8805,STARLINK-32917,62921,STARLINK-33782,64332,2026-07-31 05:47:54,9.8973,9.94,0.666,483.2,1.9
8806,STARLINK-33741,63365,KUIPER-00647,69790,2026-07-30 16:33:46,3.7518,4.081,0.26,474.2,1.9
8807,STARLINK-2740,48690,STARLINK-31825,60056,2026-07-31 07:42:57,6.2021,6.44,0.421,466.8,1.9
8808,STARLINK-33818,63502,GUOWANG TEST OBJECT A,69320,2026-07-31 04:30:50,5.6167,5.699,0.383,484.7,1.9
8809,STARLINK-30936,58534,STARLINK-36845,68056,2026-07-31 03:19:00,8.8833,9.913,0.596,479.3,1.9
8810,LUOJIA-1 01,43485,FALCON EYE 2,47226,2026-07-31 02:54:55,6.4491,6.547,0.436,609.9,1.9
8811,STARLINK-2420,47831,STARLINK-3122,49445,2026-07-31 02:11:59,5.5298,6.003,0.376,466.8,1.9
8812,STARLINK-2698,48458,STARLINK-31506,59259,2026-07-30 13:12:07,5.34,7.402,0.363,485.7,1.9
8813,STARLINK-35072,65505,STARLINK-36984,68168,2026-07-30 16:33:46,6.3366,6.864,0.429,460.7,1.9
8814,WILDFIRE 3,57758,WILDFIRE 5,57769,2026-07-31 02:32:18,3.5416,7.129,0.244,953.4,1.9
8815,STARLINK-31257,59079,STARLINK-36554,67502,2026-07-30 22:31:07,4.9972,7.0,0.338,492.3,1.9
8816,STARLINK-3341,50817,STARLINK-32706,62308,2026-07-30 23:54:56,5.619,5.756,0.378,462.3,1.9
8817,STARLINK-30377,57825,STARLINK-31485,59308,2026-07-30 08:42:09,3.9476,6.014,0.269,493.4,1.9
8818,STARLINK-1493,45759,STARLINK-11097 [DTC],59759,2026-07-31 00:38:52,8.171,8.188,0.54,357.7,1.9
8819,STARLINK-3777,52294,STARLINK-34264,64277,2026-07-31 06:26:58,2.7364,2.928,0.189,463.0,1.9
8820,STARLINK-34611,64918,STARLINK-37742,69241,2026-07-30 13:45:48,5.9705,6.184,0.397,462.6,1.9
8821,STARLINK-4778,53836,STARLINK-37089,69183,2026-07-30 13:12:07,3.4912,4.877,0.238,462.0,1.9
8822,STARLINK-32191,60314,STARLINK-37321,69198,2026-07-30 09:18:33,5.8395,9.676,0.387,461.9,1.9
8823,STARLINK-4809,53857,STARLINK-35183,65646,2026-07-30 11:44:12,3.6062,5.992,0.243,485.4,1.9
8824,STARLINK-34816,65467,STARLINK-36969,68167,2026-07-30 17:28:56,9.3264,9.559,0.608,478.9,1.9
8825,STARLINK-4552,53420,STARLINK-32251,60940,2026-07-30 10:02:50,6.9394,7.029,0.455,461.5,1.9
8826,STARLINK-34688,65875,STARLINK-37044,68247,2026-07-31 00:28:05,6.4563,8.275,0.424,475.5,1.9
8827,STARLINK-35554,66239,STARLINK-37027,68232,2026-07-30 09:13:47,7.8247,8.268,0.508,479.8,1.9
8828,STARLINK-2583,48439,STARLINK-34536,64748,2026-07-31 01:23:11,6.3598,9.967,0.415,485.5,1.9
8829,STARLINK-32186,60412,STARLINK-35490,66204,2026-07-30 10:50:54,7.0631,7.087,0.46,461.8,1.9
8830,STARLINK-3209,49752,STARLINK-31434,59215,2026-07-31 01:32:48,5.9674,6.262,0.39,461.9,1.9
8831,STARLINK-5244,54199,STARLINK-35384,65884,2026-07-30 19:32:37,5.0826,7.298,0.334,472.6,1.9
8832,STARLINK-3523,51729,STARLINK-34416,64619,2026-07-31 04:31:19,2.9468,5.959,0.199,473.7,1.9
8833,STARLINK-34824,65042,STARLINK-36745,68257,2026-07-30 18:20:41,5.9737,7.373,0.39,461.9,1.8
8834,STARLINK-3257,50203,STARLINK-36671,68967,2026-07-30 21:03:42,6.1437,7.351,0.401,480.1,1.8
8835,STARLINK-37201,69220,STARLINK-37568,69492,2026-07-30 09:45:51,9.8751,9.915,0.636,464.3,1.8
8836,CARTOSAT-3,44804,ZORKIY-2M 1,57177,2026-07-30 09:08:24,4.6665,9.899,0.307,506.0,1.8
8837,STARLINK-35087,65541,STARLINK-36640,67600,2026-07-31 00:51:02,5.9424,6.901,0.386,481.1,1.8
8838,STARLINK-36612,67580,STARLINK-36391,67591,2026-07-30 14:24:49,9.5527,9.811,0.612,480.5,1.8
8839,STARLINK-35164,65519,STARLINK-37031,68172,2026-07-31 02:47:51,6.6773,6.719,0.429,460.6,1.8
8840,YUXING-3 06,68199,2026-134B,69539,2026-07-30 19:42:54,7.9079,7.932,0.506,527.0,1.8
8841,STARLINK-2442,48106,STARLINK-3193,49754,2026-07-31 05:28:57,7.9259,8.244,0.507,467.3,1.8
8842,STARLINK-3818,52340,STARLINK-4085,53262,2026-07-30 22:00:54,6.3284,6.349,0.407,461.8,1.8
8843,STARLINK-2396,47815,STARLINK-3160,49454,2026-07-31 06:00:40,6.1705,7.862,0.397,467.2,1.8
8844,STARLINK-32265,60415,STARLINK-35061,66191,2026-07-31 00:51:58,7.2074,7.607,0.46,461.5,1.8
8845,2024-205K,61903,FOSSASAT-2E20 (TAT-O),63003,2026-07-30 23:37:32,3.4672,5.799,0.228,473.3,1.8
8846,STARLINK-2497,48455,STARLINK-3960,52659,2026-07-30 18:39:56,5.6326,5.807,0.362,467.1,1.8
8847,STARLINK-30104,56300,STARLINK-35438,66347,2026-07-31 07:09:39,4.3396,5.801,0.281,492.5,1.8
8848,STARLINK-31701,59582,STARLINK-33859,63640,2026-07-30 21:50:43,4.8154,5.707,0.31,484.6,1.8
8849,ICEYE-X4,44390,STARLINK-36719,67648,2026-07-30 13:55:54,6.8684,6.912,0.437,467.8,1.8
8850,STARLINK-33659,63445,STARLINK-35949,66630,2026-07-31 04:51:42,3.0508,3.73,0.201,476.3,1.8
8851,STARLINK-37745,69232,STARLINK-37869,69483,2026-07-30 17:27:51,9.7668,9.823,0.615,480.9,1.8
8852,STARLINK-3584,51885,STARLINK-34626,65082,2026-07-30 17:06:49,7.499,7.675,0.473,463.0,1.8
8853,STARLINK-32265,60415,STARLINK-35061,66191,2026-07-31 01:38:51,7.2839,7.312,0.46,475.3,1.8
8854,STARLINK-3572,51879,STARLINK-34601,65084,2026-07-30 21:45:05,7.723,9.872,0.485,461.9,1.8
8855,STARLINK-3564,52302,STARLINK-32528,61724,2026-07-31 02:44:49,9.1447,9.39,0.571,465.9,1.8
8856,STARLINK-34805,65071,2025-292F,66998,2026-07-30 13:29:49,3.7813,3.864,0.243,550.1,1.8
8857,STARLINK-4499,53402,STARLINK-32260,61522,2026-07-30 21:54:48,6.0361,6.289,0.381,475.8,1.8
8858,STARLINK-3130,49437,STARLINK-32882,62963,2026-07-30 08:39:07,5.9986,7.98,0.375,463.0,1.8
8859,STARLINK-3977,52640,STARLINK-35483,66252,2026-07-30 16:50:41,8.2066,9.961,0.508,469.3,1.8
8860,STARLINK-2516,48283,STARLINK-3860,52477,2026-07-31 06:15:02,7.5519,8.765,0.468,486.5,1.8
8861,STARLINK-35031,65404,STARLINK-35346,66179,2026-07-30 19:19:09,6.246,8.962,0.387,461.4,1.8
8862,STARLINK-34261,64764,STARLINK-34937,66192,2026-07-30 16:35:51,7.04,7.064,0.435,461.4,1.8
8863,STARLINK-33681,63438,STARLINK-35967,66634,2026-07-30 21:05:17,3.1378,5.8,0.2,474.7,1.8
8864,STARLINK-4787,53904,STARLINK-37489,69251,2026-07-30 18:58:06,3.9919,5.18,0.252,473.8,1.8
8865,STARLINK-4662,53738,STARLINK-4729,53804,2026-07-30 11:47:30,3.3534,5.817,0.212,460.2,1.7
8866,STARLINK-34734,65696,STARLINK-37558,69239,2026-07-30 09:01:06,7.7099,9.97,0.472,467.0,1.7
8867,STARLINK-32566,61958,STARLINK-33751,63512,2026-07-30 23:54:58,8.427,8.973,0.514,479.3,1.7
8868,STARLINK-32186,60412,STARLINK-35490,66204,2026-07-30 11:37:48,7.5161,7.843,0.459,475.2,1.7
8869,STARLINK-3931,52548,STARLINK-32387,61704,2026-07-31 01:51:46,7.3377,7.963,0.448,476.7,1.7
8870,STARLINK-3209,49752,STARLINK-31434,59215,2026-07-31 00:45:54,6.3906,6.409,0.39,475.6,1.7
8871,STARLINK-3572,51879,STARLINK-34601,65084,2026-07-30 16:16:49,7.9857,8.127,0.484,475.0,1.7
8872,STARLINK-35168,65509,STARLINK-36964,68184,2026-07-30 10:51:49,7.0903,7.268,0.431,461.8,1.7
8873,JILIN-1 GAOFEN 2B,44836,PIAST-M,66758,2026-07-30 19:35:46,2.5931,2.834,0.164,520.2,1.7
8874,STARLINK-31330,58951,STARLINK-32223,60373,2026-07-30 11:09:49,8.6658,8.89,0.521,465.9,1.7
8875,STARLINK-3793,52380,STARLINK-32474,61260,2026-07-31 08:07:11,6.1856,9.354,0.375,474.0,1.7
8876,STARLINK-31264,58845,STARLINK-32192,60316,2026-07-30 23:28:07,3.4407,4.683,0.213,462.7,1.7
8877,STARLINK-2084,47368,STARLINK-37429,69523,2026-07-30 21:06:57,9.5373,9.869,0.568,479.2,1.7
8878,STARLINK-3265,50180,STARLINK-37047,68957,2026-07-31 00:00:46,8.6643,9.286,0.517,465.7,1.7
8879,STARLINK-31377,58938,STARLINK-35141,65644,2026-07-30 11:29:36,5.4019,7.626,0.326,472.4,1.7
8880,STARLINK-3098,49442,STARLINK-35735,66231,2026-07-30 10:18:58,8.1176,8.543,0.483,461.6,1.7
8881,STARLINK-32275,60360,STARLINK-35128,65628,2026-07-31 03:35:54,7.9044,7.952,0.47,465.8,1.7
8882,STARLINK-3826,52347,STARLINK-5109,54002,2026-07-30 11:25:36,5.6303,7.817,0.338,467.5,1.7
8883,STARLINK-4509,53404,STARLINK-32258,60939,2026-07-31 05:01:59,7.9854,8.566,0.475,479.5,1.7
8884,SCS-01 E,63986,TRANSPORTER-15 OBJECT CX,66759,2026-07-30 16:12:22,2.8958,5.973,0.179,518.8,1.7
8885,STARLINK-31930,60596,STARLINK-32787,62809,2026-07-30 08:33:57,6.7915,7.06,0.404,475.3,1.7
8886,STARLINK-3128,49441,STARLINK-35747,66207,2026-07-30 09:10:56,6.481,6.584,0.386,475.2,1.7
8887,STARLINK-4011,52615,STARLINK-35141,65644,2026-07-30 13:03:00,7.041,7.723,0.418,466.8,1.7
8888,STARLINK-34611,64918,STARLINK-37742,69241,2026-07-30 12:58:54,6.6824,6.727,0.397,476.4,1.7
8889,STARLINK-4499,53402,STARLINK-32260,61522,2026-07-30 21:07:54,6.428,6.455,0.382,461.3,1.7
8890,FOREST-16 (SOWITASGOHT),68998,TRANSPORTER-17 OBJECT BS,69933,2026-07-30 22:12:59,7.5971,8.128,0.449,609.3,1.7
8891,STARLINK-4661,53732,STARLINK-32253,60733,2026-07-31 07:05:47,4.447,4.704,0.267,460.4,1.7
8892,STARLINK-34727,65025,STARLINK-37027,68232,2026-07-30 22:31:37,6.5957,8.91,0.389,461.0,1.7
8893,STARLINK-4207,52871,STARLINK-37318,68712,2026-07-31 05:26:05,3.4704,4.32,0.21,460.2,1.7
8894,YAM-15,68997,TRANSPORTER-17 OBJECT AU,69911,2026-07-31 02:53:46,7.5409,8.142,0.442,593.5,1.7
8895,STARLINK-4257,53184,STARLINK-33751,63512,2026-07-30 20:47:51,9.2954,9.354,0.541,487.1,1.7
8896,SHIJIAN-26 (SJ-26),64199,QMR-KWT-2 (RS95S),67291,2026-07-30 17:08:42,7.8688,9.272,0.46,500.9,1.7
8897,STARLINK-5452,54772,STARLINK-36925,68042,2026-07-31 02:08:09,3.4583,4.913,0.208,460.3,1.7
8898,STARLINK-35072,65505,STARLINK-36984,68168,2026-07-30 23:35:50,7.3111,7.418,0.428,476.1,1.7
8899,STARLINK-3364,51152,STARLINK-32425,61216,2026-07-30 17:50:58,7.0046,7.336,0.41,467.2,1.7
8900,STARLINK-34699,64921,STARLINK-37558,69239,2026-07-30 23:05:37,6.7913,9.131,0.397,462.2,1.7
8901,STARLINK-35072,65505,STARLINK-36984,68168,2026-07-30 14:13:06,7.3395,9.291,0.428,476.2,1.7
8902,FOREST-19 (PATADASTRA),69001,TRANSPORTER-17 OBJECT N,69881,2026-07-30 15:29:43,7.3843,8.349,0.43,589.6,1.7
8903,STARLINK-3240,49728,STARLINK-32634,62313,2026-07-30 12:49:43,7.568,8.635,0.44,475.3,1.7
8904,STARLINK-3901,52574,STARLINK-35953,66637,2026-07-31 06:02:45,4.2527,4.667,0.252,459.9,1.7
8905,STARLINK-35168,65509,STARLINK-36964,68184,2026-07-30 17:06:57,7.4209,7.687,0.431,461.7,1.7
8906,STARLINK-3452,51744,STARLINK-35106,65739,2026-07-30 13:48:41,6.6016,7.906,0.383,463.0,1.7
8907,STARLINK-3135,49424,STARLINK-35116,66078,2026-07-31 06:33:07,7.6314,9.943,0.44,476.3,1.6
8908,STARLINK-31701,59582,STARLINK-33859,63640,2026-07-30 21:03:38,5.3477,7.036,0.31,491.0,1.6
8909,STARLINK-35226,65492,STARLINK-37079,68186,2026-07-31 04:57:58,7.4837,7.912,0.429,461.6,1.6
8910,STARLINK-30811,58167,STARLINK-35669,66396,2026-07-31 02:51:02,8.2567,9.481,0.472,465.6,1.6
8911,STARLINK-32199,60320,STARLINK-37380,69182,2026-07-30 10:53:51,8.1228,8.162,0.464,475.4,1.6
8912,STARLINK-4051,53273,STARLINK-36786,67872,2026-07-30 10:52:18,5.6139,9.861,0.322,466.7,1.6
8913,STARLINK-3826,52347,STARLINK-34840,66406,2026-07-30 09:04:27,3.5974,6.452,0.209,476.3,1.6
8914,STARLINK-31701,59582,STARLINK-33859,63640,2026-07-30 20:16:34,5.4531,8.03,0.31,484.6,1.6
8915,STARLINK-4687,53784,STARLINK-35462,65877,2026-07-31 01:37:06,5.0346,6.376,0.287,485.9,1.6
8916,STARLINK-3529,51724,STARLINK-34653,64917,2026-07-30 09:22:00,9.1242,9.827,0.51,487.7,1.6
8917,STARLINK-4800,53854,STARLINK-37419,69197,2026-07-30 18:44:53,8.3305,8.339,0.466,465.7,1.6
8918,HAWK-11B,62379,TOMORROW-S4,62386,2026-07-30 21:09:44,6.1105,6.846,0.344,484.8,1.6
8919,NIGHTJAR,60535,CENTAURI-8,62714,2026-07-30 17:27:40,8.0495,9.755,0.45,569.2,1.6
8920,STARLINK-37217,68335,KUIPER-00476,68874,2026-07-31 07:36:37,5.9151,7.841,0.333,465.6,1.6
8921,STARLINK-2343,47884,STARLINK-35615,66257,2026-07-30 12:54:09,7.1678,9.842,0.401,485.6,1.6
8922,STARLINK-3871,52496,STARLINK-31014,58538,2026-07-31 05:51:08,7.5657,9.997,0.423,478.1,1.6
8923,STARLINK-2443,48107,STARLINK-31492,59212,2026-07-31 00:40:43,7.7259,8.716,0.429,485.6,1.6
8924,TIANYI C,64050,BRO-17,66672,2026-07-30 20:46:51,3.6862,3.71,0.21,523.1,1.6
8925,2024-205G,61900,2025-313H,67255,2026-07-31 02:40:37,6.975,9.217,0.387,551.4,1.6
8926,LONGJIANG 3,56874,STARLINK-37251,68514,2026-07-30 11:42:54,9.9138,9.973,0.546,467.3,1.6
8927,STARLINK-34261,64764,STARLINK-34937,66192,2026-07-30 17:22:45,7.845,8.459,0.434,476.0,1.6
8928,STARLINK-2422,47832,STARLINK-34246,64769,2026-07-31 08:28:44,8.7606,9.708,0.482,465.8,1.6
8929,STARLINK-33571,63386,STARLINK-37933,69532,2026-07-30 21:26:37,7.1064,9.362,0.392,461.6,1.6
8930,SUPERVIEW NEO-1 03,63125,CONNECTA IOT-11,64557,2026-07-30 23:34:11,3.5499,5.155,0.201,517.8,1.6
8931,STARLINK-33571,63386,STARLINK-37933,69532,2026-07-30 20:39:43,7.1121,7.994,0.391,475.0,1.6
8932,STARLINK-3516,51739,STARLINK-34414,64620,2026-07-30 15:11:02,4.3196,4.898,0.242,459.6,1.6
8933,IRIDE FM5,66699,T.MICROSAT-1,66766,2026-07-30 13:04:53,0.2397,0.24,0.024,517.9,1.6
8934,STARLINK-4296,52995,STARLINK-34496,64476,2026-07-31 06:59:22,4.1675,8.087,0.233,460.4,1.6
8935,STARLINK-31361,58974,STARLINK-37089,69183,2026-07-31 00:54:49,8.8264,8.949,0.481,475.5,1.6
8936,STARLINK-4778,53836,STARLINK-31361,58974,2026-07-30 10:03:10,4.3946,6.063,0.245,462.5,1.6
8937,STARLINK-3589,51997,STARLINK-36681,68720,2026-07-31 05:40:07,7.8205,9.977,0.427,473.7,1.6
8938,STARLINK-3231,49744,STARLINK-34760,65359,2026-07-31 03:13:24,5.2436,9.778,0.289,481.1,1.6
8939,STARLINK-2412,48094,STARLINK-34828,65353,2026-07-30 23:17:57,6.5151,6.713,0.356,472.1,1.6
8940,STARLINK-31353,58980,STARLINK-37402,69210,2026-07-30 10:15:55,7.4089,7.468,0.403,461.8,1.6
8941,SHIYAN-1 (SY-1),28220,TRANSPORTER-11 OBJECT A,60468,2026-07-30 15:08:28,2.8424,4.909,0.161,463.9,1.6
8942,STARLINK-3209,49752,STARLINK-31434,59215,2026-07-30 23:59:00,7.1754,7.728,0.39,461.9,1.6
8943,STARLINK-1356,45564,STARLINK-11199 [DTC],60404,2026-07-30 19:12:36,4.4485,5.965,0.246,358.2,1.6
8944,STARLINK-32199,60320,STARLINK-37380,69182,2026-07-30 10:06:57,8.5992,8.844,0.465,461.7,1.6
8945,THEA,43796,STARLINK-35077,65529,2026-07-30 13:55:47,7.4803,7.814,0.406,478.2,1.6
8946,STARLINK-31443,59393,STARLINK-35259,66197,2026-07-31 03:33:51,8.1624,8.188,0.442,475.1,1.6
8947,STARLINK-31443,59393,STARLINK-35259,66197,2026-07-31 04:20:45,8.1879,8.873,0.442,461.6,1.6
8948,STARLINK-3387,51125,STARLINK-33573,62778,2026-07-30 17:45:37,7.2158,9.524,0.39,473.5,1.5
8949,STARLINK-5435,54797,STARLINK-35607,66163,2026-07-31 03:25:44,8.5159,9.327,0.458,478.6,1.5
8950,STARLINK-5585,57333,STARLINK-30205,57408,2026-07-31 03:26:00,5.8893,6.399,0.319,483.3,1.5
8951,ICEYE-X60,66753,2026-052D,68201,2026-07-30 10:42:09,6.9454,9.292,0.374,529.0,1.5
8952,STARLINK-4214,52877,STARLINK-32001,60110,2026-07-31 02:14:35,6.8534,9.412,0.369,475.4,1.5
8953,STARLINK-30934,58395,STARLINK-37288,68551,2026-07-30 17:51:07,3.2127,4.104,0.178,475.2,1.5
8954,CELESTIS-17 & SHERPA-FX1,47486,HAWK-2C,47502,2026-07-30 17:12:45,8.4803,9.165,0.453,459.4,1.5
8955,STARLINK-3978,52635,STARLINK-4710,53799,2026-07-30 21:43:44,7.3357,8.133,0.392,480.8,1.5
8956,STARLINK-3327,50819,STARLINK-35745,66271,2026-07-30 10:39:59,3.1438,3.351,0.174,476.7,1.5
8957,STARLINK-4739,53792,STARLINK-32199,60320,2026-07-31 03:17:59,9.1349,9.609,0.483,465.9,1.5
8958,2023-081A,56846,FLOCK 4H-5,66708,2026-07-31 01:48:48,9.2534,9.492,0.489,496.8,1.5
8959,STARLINK-35226,65492,STARLINK-37079,68186,2026-07-31 07:18:39,8.0858,9.929,0.429,474.8,1.5
8960,STARLINK-4303,53544,STARLINK-30561,58032,2026-07-30 18:25:08,4.7205,6.111,0.254,460.3,1.5
8961,STARLINK-3450,51734,STARLINK-35121,65737,2026-07-31 04:20:01,7.9695,8.724,0.421,459.5,1.5
8962,STARLINK-3314,50851,STARLINK-32651,62314,2026-07-30 19:08:00,7.2336,7.721,0.383,463.1,1.5
8963,STARLINK-32186,60412,STARLINK-35490,66204,2026-07-30 17:52:57,8.7457,9.029,0.459,475.1,1.5
8964,STARLINK-34824,65042,STARLINK-36745,68257,2026-07-30 16:00:01,7.3889,8.054,0.389,474.9,1.5
8965,STARLINK-2395,47814,STARLINK-35197,66193,2026-07-31 06:54:49,7.0638,7.194,0.372,485.5,1.5
8966,FLOCK 4G-28,62634,TRANSPORTER-12 OBJECT AZ,62656,2026-07-30 23:19:23,3.976,7.437,0.214,477.5,1.5
8967,STARLINK-3520,51741,STARLINK-35294,65755,2026-07-31 00:58:49,8.263,8.385,0.433,479.3,1.5
8968,STARLINK-32199,60320,STARLINK-37380,69182,2026-07-30 17:55:55,8.8825,8.939,0.465,461.7,1.5
8969,STARLINK-35226,65492,STARLINK-37079,68186,2026-07-30 16:27:41,8.2048,9.62,0.429,461.7,1.5
8970,STARLINK-34136,64112,STARLINK-36043,66901,2026-07-31 05:03:39,7.926,9.759,0.415,478.7,1.5
8971,STARLINK-35087,65541,STARLINK-36640,67600,2026-07-31 02:25:00,7.3659,7.917,0.386,481.1,1.5
8972,STARLINK-35677,66220,STARLINK-34861,66368,2026-07-30 16:20:59,4.4507,4.731,0.237,476.5,1.5
8973,STARLINK-3771,52293,STARLINK-4557,53432,2026-07-30 10:55:29,4.5338,7.206,0.241,473.8,1.5
8974,GAOFEN-9 05,46232,STARLINK-36759,68771,2026-07-31 08:01:02,7.6174,8.424,0.397,479.4,1.5
8975,SWARM A,39452,SWARM C,39453,2026-07-30 11:52:45,3.5254,3.834,0.189,432.8,1.5
8976,STARLINK-4208,52844,STARLINK-32134,60300,2026-07-30 16:58:31,3.0672,4.701,0.165,463.2,1.5
8977,STARLINK-3114,49426,STARLINK-37392,69171,2026-07-31 02:20:51,8.2779,8.321,0.428,474.1,1.5
8978,STARLINK-3128,49441,STARLINK-35747,66207,2026-07-30 09:57:49,7.4796,7.589,0.386,461.8,1.5
8979,STARLINK-2101,47381,STARLINK-37225,68714,2026-07-30 18:23:57,8.4936,8.713,0.437,465.6,1.5
8980,STARLINK-4699,53716,STARLINK-32304,60738,2026-07-31 08:20:07,8.0539,9.945,0.415,473.7,1.5
8981,STARLINK-4180,53278,STARLINK-36761,67867,2026-07-30 20:43:30,6.0526,9.252,0.314,472.2,1.5
8982,STARLINK-4662,53738,STARLINK-30414,57859,2026-07-31 04:59:43,7.7403,8.58,0.397,461.6,1.5
8983,STARLINK-3209,49752,STARLINK-31434,59215,2026-07-30 23:12:06,7.589,9.229,0.39,475.6,1.5
8984,STARLINK-4699,53716,STARLINK-4640,53728,2026-07-30 20:37:14,4.2839,6.531,0.224,460.6,1.5
8985,STARLINK-35072,65505,STARLINK-36984,68168,2026-07-30 14:59:59,8.3831,8.817,0.429,460.7,1.5
8986,STARLINK-32429,61682,STARLINK-35314,65837,2026-07-30 13:00:49,9.0048,9.119,0.459,465.6,1.5
8987,STARLINK-5979,56345,STARLINK-5538,56357,2026-07-30 13:01:04,3.0287,3.537,0.16,546.6,1.5
8988,STARLINK-3452,51744,STARLINK-35106,65739,2026-07-30 14:35:35,7.4992,9.997,0.382,476.4,1.5
8989,STARLINK-5134,53976,STARLINK-30815,58164,2026-07-31 02:45:01,8.8054,9.602,0.446,486.8,1.5
8990,STARLINK-32114,60287,KUIPER-00641,69787,2026-07-30 12:28:44,4.8522,5.299,0.249,474.3,1.5
8991,IRIDE-MS2-HEO-13,68985,TRANSPORTER-17 OBJECT BN,69929,2026-07-30 19:49:49,8.9953,9.122,0.453,587.1,1.5
8992,STARLINK-4724,53702,STARLINK-37311,69161,2026-07-30 15:19:40,7.066,8.383,0.357,463.7,1.4
8993,STARLINK-31443,59393,STARLINK-35543,66201,2026-07-31 03:33:50,8.7814,8.832,0.44,479.1,1.4
8994,STARLINK-31257,59079,STARLINK-36554,67502,2026-07-30 19:22:49,6.7202,6.833,0.338,492.3,1.4
8995,STARLINK-2506,48315,STARLINK-35593,66107,2026-07-31 00:34:44,9.0957,9.895,0.454,465.7,1.4
8996,STARLINK-30934,58395,STARLINK-37288,68551,2026-07-30 19:24:54,3.4547,3.462,0.178,475.2,1.4
8997,STARLINK-1542,46073,STARLINK-32312,61711,2026-07-30 15:33:01,8.0713,8.728,0.403,465.7,1.4
8998,STARLINK-2178,47760,STARLINK-4085,53262,2026-07-30 19:40:07,7.4991,9.153,0.374,480.7,1.4
8999,STARLINK-34824,65042,STARLINK-36745,68257,2026-07-30 16:46:54,7.8373,7.86,0.39,461.9,1.4
9000,STARLINK-5869,57061,STARLINK-5822,57064,2026-07-31 03:05:02,6.2118,6.812,0.31,494.1,1.4
9001,STARLINK-5979,56345,STARLINK-5538,56357,2026-07-30 12:13:14,3.1219,4.672,0.16,563.8,1.4
9002,STARLINK-36917,68059,KUIPER-00641,69787,2026-07-30 22:55:46,8.8625,9.271,0.436,474.8,1.4
9003,DEKART,46493,STARLINK-36883,67975,2026-07-31 05:46:01,9.1081,9.875,0.447,475.5,1.4
9004,STARLINK-2594,48388,STARLINK-37518,69259,2026-07-30 12:15:48,7.9736,8.151,0.391,479.2,1.4
9005,STARLINK-3618,51998,STARLINK-37273,68723,2026-07-31 08:12:55,9.7056,9.802,0.473,460.0,1.4
9006,STARLINK-1048,44753,STARLINK-11310 [DTC],61212,2026-07-30 18:12:54,8.9093,8.922,0.435,354.7,1.4
9007,STARLINK-31318,58885,STARLINK-32022,60149,2026-07-30 19:04:08,7.7398,9.663,0.378,479.3,1.4
9008,POLYITAN-1,40042,STARLINK-36399,67665,2026-07-30 23:21:02,5.2692,5.841,0.26,464.4,1.4
9009,STARLINK-32879,62957,STARLINK-35722,66218,2026-07-30 11:42:45,8.3779,8.984,0.408,479.1,1.4
9010,STARLINK-5585,57333,STARLINK-30205,57408,2026-07-31 02:38:57,6.518,6.671,0.319,491.4,1.4
9011,STARLINK-2039,47655,STARLINK-31036,58533,2026-07-30 09:28:47,8.1239,8.454,0.395,479.2,1.4
9012,STARLINK-4525,53401,KUIPER-00603,69287,2026-07-30 21:05:05,6.4935,7.557,0.318,543.3,1.4
9013,STARLINK-32199,60320,STARLINK-37380,69182,2026-07-30 18:42:48,9.5738,9.758,0.464,475.4,1.4
9014,STARLINK-35168,65509,STARLINK-36964,68184,2026-07-30 10:04:56,8.8749,8.971,0.43,474.6,1.4
9015,STARLINK-5018,53929,STARLINK-32697,62436,2026-07-30 17:01:46,4.3874,4.616,0.217,472.2,1.4
9016,STARLINK-3314,50851,STARLINK-32651,62314,2026-07-30 18:21:05,7.8946,9.322,0.382,476.5,1.4
9017,STARLINK-3606,51807,STARLINK-36110,66945,2026-07-31 05:42:33,3.935,5.436,0.195,461.1,1.4
9018,STARLINK-2732,48646,STARLINK-4260,52986,2026-07-30 23:39:05,5.3113,6.218,0.26,467.1,1.4
9019,2025-108E,64091,LOBACHEVSKY (RS83S),67284,2026-07-31 05:31:43,7.4568,8.263,0.361,504.7,1.4
9020,STARLINK-33600,62772,STARLINK-37133,68265,2026-07-31 06:15:42,8.6793,9.774,0.417,479.1,1.4
9021,SWARM A,39452,SWARM C,39453,2026-07-30 13:25:42,3.8386,4.344,0.189,432.8,1.4
9022,STARLINK-2507,48316,STARLINK-34622,66015,2026-07-31 06:43:50,9.6544,9.74,0.461,465.9,1.4
9023,SKYSAT-C5,41772,STARLINK-35190,65663,2026-07-31 02:41:48,6.5019,6.648,0.313,480.4,1.4
9024,STARLINK-2164,47750,STARLINK-35741,66272,2026-07-31 03:08:56,9.3145,9.43,0.443,479.2,1.4
9025,STARLINK-36155,66938,STARLINK-37384,69460,2026-07-30 09:01:42,8.2706,9.33,0.394,462.0,1.4
9026,STARLINK-33583,63503,KUIPER-00534,69606,2026-07-30 17:16:15,6.0276,8.772,0.288,461.3,1.4
9027,AE5RB,66693,ZORKIY-2M-VPE,67252,2026-07-31 06:34:02,2.7974,3.094,0.138,507.3,1.4
9028,STARLINK-5458,54764,STARLINK-35455,66152,2026-07-30 11:03:58,8.1421,8.393,0.383,465.7,1.4
9029,STARLINK-33681,63438,STARLINK-35967,66634,2026-07-30 23:25:57,4.1777,4.276,0.201,461.2,1.4
9030,STARLINK-35918,66643,KUIPER-00532,69604,2026-07-30 22:35:55,8.5664,8.629,0.402,472.8,1.4
9031,STARLINK-3589,51997,STARLINK-35525,66134,2026-07-30 14:50:11,4.658,6.271,0.222,460.2,1.3
9032,STARLINK-4049,52840,STARLINK-4193,52875,2026-07-30 19:43:38,4.9248,6.038,0.234,476.9,1.3
9033,STARLINK-2613,48353,STARLINK-37145,68548,2026-07-30 22:52:02,7.6585,8.375,0.358,480.9,1.3
9034,HAWK-2A,47505,STARLINK-35115,65665,2026-07-30 14:08:02,9.116,9.954,0.423,459.8,1.3
9035,STARLINK-4060,53267,STARLINK-32240,60438,2026-07-30 11:14:19,4.8522,7.783,0.229,474.0,1.3
9036,STARLINK-35168,65509,STARLINK-36964,68184,2026-07-30 17:53:51,9.3,9.333,0.43,474.6,1.3
9037,YAM-15,68997,TRANSPORTER-17 OBJECT AU,69911,2026-07-30 22:03:48,9.5839,9.771,0.442,593.6,1.3
9038,STARLINK-35031,65404,STARLINK-35346,66179,2026-07-30 20:06:03,8.356,9.234,0.387,475.3,1.3
9039,2021-050D,48843,FLOCK 4H-22,66725,2026-07-30 11:17:49,6.3567,6.442,0.296,515.9,1.3
9040,STARLINK-34880,65327,STARLINK-36835,67863,2026-07-30 23:15:00,4.2398,4.525,0.2,476.7,1.3
9041,STARLINK-4514,53551,STARLINK-34392,64451,2026-07-31 03:39:52,9.7088,9.711,0.445,470.9,1.3
9042,STARLINK-30971,58443,STARLINK-35779,67047,2026-07-30 19:51:57,7.884,8.075,0.362,493.7,1.3
9043,2025-108D,64090,FLOCK 4H-24,66727,2026-07-30 16:14:13,6.3016,8.736,0.29,508.2,1.3
9044,STARLINK-3765,52295,STARLINK-34217,64488,2026-07-30 13:59:13,3.128,4.337,0.148,476.6,1.3
9045,STARLINK-35226,65492,STARLINK-37079,68186,2026-07-31 06:31:46,9.4443,9.895,0.429,461.6,1.3
9046,STARLINK-2123,47401,STARLINK-36680,68721,2026-07-30 17:15:48,8.937,9.146,0.406,479.1,1.3
9047,NUSAT-49 (KLARA DAN VO*),60500,OTTER,62623,2026-07-30 09:07:03,2.8445,3.166,0.135,472.4,1.3
9048,STARLINK-32149,60292,STARLINK-33741,63365,2026-07-31 00:58:56,8.446,8.547,0.383,465.3,1.3
9049,STARLINK-4686,53715,STARLINK-32235,60739,2026-07-30 09:49:00,5.8088,6.148,0.265,461.3,1.3
9050,STARLINK-4107,53287,STARLINK-36770,67870,2026-07-31 08:11:53,9.3508,9.351,0.422,482.7,1.3
9051,LEMUR-2-AFFIE-WAUWIE,66295,STARLINK-36481,67307,2026-07-30 11:16:55,7.4227,7.454,0.336,484.4,1.3
9052,STARLINK-31787,59650,HAWK-11A,62382,2026-07-31 00:30:09,7.5559,9.396,0.342,488.5,1.3
9053,HAWK-2B,47508,STARLINK-37930,69668,2026-07-31 07:55:10,4.3908,5.659,0.202,478.9,1.3
9054,STARLINK-33571,63386,STARLINK-37933,69532,2026-07-30 19:52:50,8.7202,8.785,0.392,461.6,1.3
9055,STARLINK-4011,52615,STARLINK-37365,69186,2026-07-30 21:38:29,5.9046,8.681,0.268,475.4,1.3
9056,STARLINK-2387,47806,STARLINK-35370,66085,2026-07-30 21:58:00,8.911,9.412,0.399,472.2,1.3
9057,STARLINK-31093,58717,STARLINK-35737,66219,2026-07-31 02:04:49,4.3444,4.415,0.199,476.5,1.3
9058,STARLINK-3517,51735,KUIPER-00476,68874,2026-07-31 06:21:04,5.7352,6.511,0.26,466.3,1.3
9059,STARLINK-33571,63386,STARLINK-37933,69532,2026-07-30 19:05:56,8.7513,8.856,0.392,475.0,1.3
9060,POLAR SCOUT YUKON,43808,2024-085D,59680,2026-07-30 16:30:26,5.7334,9.015,0.259,463.1,1.3
9061,STARLINK-32042,60108,STARLINK-35629,66127,2026-07-31 02:38:04,8.3634,9.409,0.373,463.2,1.3
9062,STARLINK-2424,47834,STARLINK-32236,60418,2026-07-30 13:47:52,8.8514,8.858,0.394,479.5,1.3
9063,STARLINK-5238,54188,STARLINK-30703,57954,2026-07-30 19:09:04,6.0462,6.758,0.272,464.9,1.3
9064,STARLINK-4545,53421,STARLINK-33747,63444,2026-07-31 07:16:53,9.4397,9.441,0.418,479.4,1.3
9065,STARLINK-2739,48639,STARLINK-34381,64282,2026-07-31 07:02:57,9.129,9.282,0.404,465.8,1.3
9066,STARLINK-30377,57825,STARLINK-31485,59308,2026-07-30 09:29:15,6.0312,8.453,0.269,484.3,1.3
9067,CSC-2,58021,2025-313AG,67278,2026-07-30 22:20:57,8.898,9.081,0.392,497.4,1.3
9068,STARLINK-30400,57937,STARLINK-31813,60128,2026-07-31 02:09:54,8.419,8.444,0.37,466.0,1.3
9069,STARLINK-1443,45660,STARLINK-31053,58549,2026-07-30 23:39:06,8.5331,9.93,0.374,472.6,1.3
9070,STARLINK-4778,53836,STARLINK-31361,58974,2026-07-30 08:29:22,5.5181,9.342,0.245,462.4,1.3
9071,STARLINK-32884,62953,STARLINK-35813,66361,2026-07-30 10:22:40,8.3011,9.4,0.363,465.4,1.3
9072,STARLINK-33949,64105,STARLINK-36074,66900,2026-07-30 22:34:58,9.5664,9.815,0.416,465.5,1.3
9073,STARLINK-3931,52548,STARLINK-34897,65212,2026-07-30 08:39:20,5.3329,8.357,0.236,476.6,1.3
9074,STARLINK-3625,51777,STARLINK-36116,66948,2026-07-30 20:00:14,5.431,7.54,0.24,476.3,1.3
9075,STARLINK-4100,53144,STARLINK-35799,66290,2026-07-31 04:13:52,4.3792,4.38,0.195,463.0,1.3
9076,STARLINK-31353,58980,STARLINK-37402,69210,2026-07-30 11:02:48,9.2954,9.437,0.402,475.1,1.3
9077,STARLINK-3253,51136,STARLINK-32027,60143,2026-07-31 06:51:35,4.6501,5.903,0.205,473.8,1.3
9078,STARLINK-30605,58101,STARLINK-32512,62027,2026-07-30 14:49:52,8.7384,8.743,0.375,479.7,1.2
9079,STARLINK-31615,59413,STARLINK-33844,63768,2026-07-30 08:49:01,8.1074,8.654,0.348,488.2,1.2
9080,STARLINK-31827,59727,STARLINK-35929,66625,2026-07-30 16:59:38,7.9878,9.461,0.342,465.9,1.2
9081,STARLINK-32138,60255,STARLINK-33629,63388,2026-07-30 16:48:47,8.7006,8.947,0.371,465.6,1.2
9082,STARLINK-35031,65404,STARLINK-35346,66179,2026-07-30 20:52:56,9.1102,9.234,0.387,461.4,1.2
9083,STARLINK-3112,49421,STARLINK-4694,53708,2026-07-30 20:32:36,7.0646,8.722,0.302,471.2,1.2
9084,STARLINK-31051,58719,STARLINK-32894,62969,2026-07-30 18:08:13,4.8638,6.465,0.21,476.5,1.2
9085,STARLINK-2567,48276,STARLINK-36917,68059,2026-07-30 22:02:47,8.4251,8.663,0.358,466.3,1.2
9086,SCS-01 L,63992,2025-313M,67259,2026-07-30 13:45:59,7.6084,7.933,0.323,495.3,1.2
9087,STARLINK-32885,62958,STARLINK-35828,66351,2026-07-31 07:37:44,8.6212,9.103,0.363,478.8,1.2
9088,WILDFIRE 3,57758,WILDFIRE 5,57769,2026-07-31 03:24:18,5.7432,8.421,0.244,946.7,1.2
9089,PADRE,64559,IRIDE-MS2-HEO-5,64571,2026-07-30 21:44:31,1.3061,1.838,0.062,606.8,1.2
9090,STARLINK-32014,60150,STARLINK-32020,60201,2026-07-30 22:38:56,8.2831,8.363,0.346,479.4,1.2
9091,STARLINK-2170,47753,STARLINK-34859,65348,2026-07-31 03:26:01,8.3095,8.777,0.346,479.5,1.2
9092,STARLINK-5214,54762,STARLINK-32284,61005,2026-07-30 12:03:57,9.1446,9.325,0.377,479.6,1.2
9093,STARLINK-3652,51991,STARLINK-37511,69512,2026-07-31 07:13:18,5.4328,7.872,0.227,475.7,1.2
9094,STARLINK-4588,53641,STARLINK-32265,60415,2026-07-30 17:02:56,8.8283,8.899,0.363,465.5,1.2
9095,STARLINK-3452,51744,STARLINK-35137,65686,2026-07-31 02:19:32,5.7167,7.458,0.236,462.6,1.2
9096,STARLINK-3130,49437,STARLINK-32882,62963,2026-07-30 09:26:01,9.2019,9.69,0.375,476.5,1.2
9097,STARLINK-34670,65424,STARLINK-35740,66210,2026-07-30 22:27:00,9.1045,9.468,0.371,479.0,1.2
9098,STARLINK-35827,66365,STARLINK-35826,66375,2026-07-30 14:24:33,5.65,7.247,0.233,471.8,1.2
9099,STARLINK-3112,49421,STARLINK-4694,53708,2026-07-30 19:45:37,7.3896,8.823,0.301,484.5,1.2
9100,STARLINK-2732,48646,STARLINK-34001,64272,2026-07-30 11:07:50,8.5189,8.557,0.346,465.7,1.2
9101,STARLINK-4714,53704,STARLINK-37031,68172,2026-07-31 05:08:01,8.275,8.744,0.336,480.0,1.2
9102,STARLINK-30912,58422,STARLINK-31859,59848,2026-07-30 21:00:33,6.5762,8.484,0.268,482.2,1.2
9103,JILIN-1 KUANFU 01,45016,2025-292E,66997,2026-07-30 23:31:42,7.4022,8.027,0.3,553.9,1.2
9104,STARLINK-3160,49454,STARLINK-34637,64776,2026-07-30 13:35:11,6.5898,8.274,0.268,476.5,1.2
9105,STARLINK-30246,57615,STARLINK-33958,63850,2026-07-31 06:18:10,7.0824,8.758,0.287,482.3,1.2
9106,STARLINK-30971,58443,STARLINK-35779,67047,2026-07-30 17:30:42,8.9786,9.7,0.362,484.5,1.2
9107,JILIN-1 GAOFEN 2B,44836,PIAST-M,66758,2026-07-30 23:32:38,3.9864,4.634,0.164,500.1,1.2
9108,STARLINK-2634,48445,STARLINK-34606,64730,2026-07-31 07:18:41,7.8922,8.685,0.317,465.9,1.2
9109,STARLINK-32134,60300,KUIPER-00646,69789,2026-07-31 06:04:36,6.36,7.686,0.257,471.6,1.2
9110,STARLINK-2583,48439,STARLINK-34185,64744,2026-07-31 02:10:07,8.5078,9.777,0.341,465.9,1.2
9111,STARLINK-3329,50827,STARLINK-35752,66275,2026-07-30 14:46:34,5.8639,7.33,0.237,460.2,1.2
9112,STARLINK-34755,64940,STARLINK-34580,65808,2026-07-31 01:56:56,4.4704,4.512,0.182,548.5,1.2
9113,STARLINK-1356,45564,STARLINK-11199 [DTC],60404,2026-07-30 16:55:04,6.1055,6.726,0.245,373.0,1.2
9114,STARLINK-3618,51998,STARLINK-34241,64229,2026-07-30 11:54:55,3.5226,3.543,0.144,460.3,1.1
9115,STARLINK-1573,46061,STARLINK-34342,64271,2026-07-31 00:53:48,8.299,8.449,0.329,465.8,1.1
9116,STARLINK-2646,48642,STARLINK-34493,64472,2026-07-30 21:19:02,8.3502,8.98,0.331,465.8,1.1
9117,STARLINK-2630,48381,STARLINK-35046,65701,2026-07-30 20:46:56,8.1654,8.23,0.324,465.9,1.1
9118,MESON-1,59131,STARLINK-37220,68398,2026-07-30 21:00:41,8.5596,9.398,0.338,463.7,1.1
9119,STARLINK-31257,59079,STARLINK-36554,67502,2026-07-30 18:35:44,8.5995,9.047,0.339,484.2,1.1
9120,STARLINK-5094,53977,STARLINK-34585,64779,2026-07-30 14:19:03,5.4814,5.947,0.219,459.9,1.1
9121,STARLINK-3341,50817,STARLINK-32706,62308,2026-07-31 06:56:59,9.6553,9.994,0.378,474.7,1.1
9122,STARLINK-31232,58831,STARLINK-34874,65335,2026-07-31 00:51:43,8.6117,9.195,0.338,479.3,1.1
9123,STARLINK-1554,46055,STARLINK-34427,64498,2026-07-30 14:22:58,8.2639,8.432,0.324,479.3,1.1
9124,STARLINK-1356,45564,STARLINK-11199 [DTC],60404,2026-07-30 23:47:38,6.2721,7.178,0.246,358.1,1.1
9125,STARLINK-2731,48651,STARLINK-34240,64265,2026-07-30 23:26:04,8.4834,9.284,0.328,465.8,1.1
9126,FLOCK 4G-7,62624,FLOCK 4G-24,62637,2026-07-30 13:51:44,3.4457,3.66,0.138,472.2,1.1
9127,POLYITAN-1,40042,STARLINK-36399,67665,2026-07-31 00:08:03,6.6694,7.22,0.259,477.8,1.1
9128,STARLINK-3250,49749,STARLINK-30529,58047,2026-07-31 05:54:28,7.1242,9.761,0.275,466.4,1.1
9129,JILIN-1 GAOFEN 2B,44836,FLOCK 4H-15,66718,2026-07-31 06:38:56,3.4766,3.509,0.138,520.2,1.1
9130,TRANSPORTER-12 OBJECT BT,62674,FLOCK 4G-36,62675,2026-07-30 21:44:52,2.5976,2.599,0.104,490.7,1.1
9131,STARLINK-33533,63387,KUIPER-00646,69789,2026-07-30 13:13:55,6.859,6.882,0.263,474.4,1.1
9132,DMSP 5D-3 F17 (USA 191),29522,YUNHAI-3 02,59343,2026-07-30 19:34:20,5.2043,7.579,0.201,847.6,1.1
9133,STARLINK-31615,59413,STARLINK-33769,63773,2026-07-31 02:49:52,9.1975,9.198,0.349,480.1,1.1
9134,2023-072F,56748,STARLINK-37633,69133,2026-07-31 05:55:51,9.8232,9.842,0.37,482.5,1.1
9135,STARLINK-2611,48364,STARLINK-34661,64927,2026-07-30 12:36:51,7.4258,7.438,0.281,465.9,1.1
9136,STARLINK-33747,63444,STARLINK-33534,63499,2026-07-31 01:49:07,7.9129,9.056,0.299,465.7,1.1
9137,STARLINK-3622,51768,STARLINK-36160,66936,2026-07-31 04:25:10,5.6631,6.807,0.216,472.0,1.1
9138,STARLINK-2102,47382,STARLINK-30705,57945,2026-07-30 11:03:46,9.0783,9.369,0.34,479.5,1.1
9139,STARLINK-37090,68193,STARLINK-36671,68967,2026-07-30 12:28:03,6.235,6.728,0.235,462.8,1.1
9140,STARLINK-3989,52630,STARLINK-36345,68243,2026-07-30 15:57:49,7.9293,7.997,0.296,466.5,1.1
9141,STARLINK-2213,47780,STARLINK-36761,67867,2026-07-30 13:40:22,4.4789,6.694,0.17,485.8,1.1
9142,2024-173E,61231,FLOCK 4H-15,66718,2026-07-31 08:12:41,4.9418,5.38,0.187,521.8,1.1
9143,STARLINK-31051,58719,STARLINK-32894,62969,2026-07-30 19:42:01,5.5949,5.857,0.21,476.4,1.1
9144,STARLINK-3606,51807,STARLINK-36110,66945,2026-07-31 04:55:41,5.175,5.617,0.195,473.1,1.1
9145,STARLINK-2639,48436,STARLINK-3323,50804,2026-07-30 09:22:44,8.6976,9.074,0.322,487.6,1.1
9146,SCORPION (RS89S),67293,ALSAT-3B,67646,2026-07-30 11:56:22,2.0513,3.152,0.082,511.8,1.1
9147,STARLINK-3826,52347,STARLINK-32632,62262,2026-07-30 20:01:48,9.0345,9.17,0.334,480.3,1.1
9148,STARLINK-33799,63447,STARLINK-33815,63497,2026-07-30 15:39:00,8.3495,8.665,0.309,465.9,1.1
9149,STARLINK-2235,48581,STARLINK-32528,61724,2026-07-31 08:12:54,8.0685,8.082,0.297,479.6,1.1
9150,STARLINK-2667,48663,STARLINK-32442,61729,2026-07-30 13:45:32,7.7763,9.688,0.286,479.5,1.1
9151,STARLINK-3132,49457,STARLINK-34637,64776,2026-07-31 06:46:48,8.7846,8.927,0.322,479.1,1.1
9152,STARLINK-35085,65419,STARLINK-35751,66208,2026-07-30 19:58:53,8.0719,8.073,0.296,478.9,1.1
9153,STARLINK-3740,52265,STARLINK-37241,68528,2026-07-30 23:46:52,4.8084,4.811,0.178,473.7,1.1
9154,STARLINK-4091,52830,STARLINK-32144,60269,2026-07-30 18:02:58,8.1042,8.272,0.296,473.5,1.1
9155,STARLINK-3330,50836,STARLINK-32447,61261,2026-07-31 01:42:56,8.6365,8.694,0.314,479.5,1.1
9156,STARLINK-31843,59722,STARLINK-33799,63447,2026-07-30 10:57:40,8.067,8.863,0.293,465.9,1.1
9157,KUZGTU 1 (RS47S),57217,2026-052J,68206,2026-07-31 00:18:56,8.9021,8.97,0.322,486.8,1.0
9158,MERCURY ONE (M1),66742,2025-313AG,67278,2026-07-30 14:29:10,3.6406,4.333,0.136,502.6,1.0
9159,STARLINK-3800,52379,STARLINK-34878,65334,2026-07-31 04:27:47,7.1809,7.314,0.26,472.2,1.0
9160,STARLINK-1356,45564,STARLINK-11199 [DTC],60404,2026-07-30 23:01:48,6.7663,6.849,0.245,373.0,1.0
9161,STARLINK-33681,63438,STARLINK-35967,66634,2026-07-30 20:18:24,5.5209,7.956,0.201,461.3,1.0
9162,STARLINK-33829,63496,STARLINK-35920,66623,2026-07-31 07:24:51,9.151,9.164,0.326,465.5,1.0
9163,SKYSAT-C5,41772,STARLINK-35190,65663,2026-07-31 03:28:48,8.8131,8.932,0.314,463.0,1.0
9164,STARLINK-3748,52267,STARLINK-32258,60939,2026-07-31 02:40:55,2.8735,2.887,0.107,460.4,1.0
9165,STARLINK-30919,58411,STARLINK-31615,59413,2026-07-30 16:39:37,8.3893,9.635,0.297,488.3,1.0
9166,STARLINK-33533,63387,KUIPER-00646,69789,2026-07-30 11:40:04,7.3914,8.017,0.263,474.4,1.0
9167,STARLINK-5155,54170,STARLINK-35947,66883,2026-07-30 15:08:14,5.3025,6.644,0.19,473.9,1.0
9168,STARLINK-35043,65436,STARLINK-35080,65437,2026-07-31 05:54:20,5.3514,7.486,0.192,566.8,1.0
9169,FLOCK 4G-27,62641,BLUEBON,62688,2026-07-30 18:13:42,6.7606,7.233,0.24,489.6,1.0
9170,STARLINK-3783,52282,STARLINK-34240,64265,2026-07-31 01:00:15,6.3039,8.042,0.223,463.1,1.0
9171,STARLINK-3755,52307,STARLINK-34272,64274,2026-07-30 09:19:14,6.1905,7.718,0.219,460.3,1.0
9172,STARLINK-2134,47407,STARLINK-34323,64219,2026-07-30 16:23:21,5.4199,7.756,0.192,485.5,1.0
9173,STARLINK-2586,48390,STARLINK-34500,64613,2026-07-30 17:47:56,7.307,7.371,0.255,466.1,1.0
9174,STARLINK-4112,52861,STARLINK-31441,60091,2026-07-30 09:08:02,9.3721,9.824,0.324,465.8,1.0
9175,STARLINK-4608,53621,STARLINK-37346,69149,2026-07-30 23:45:20,5.0999,7.145,0.179,459.4,1.0
9176,STARLINK-2531,48483,STARLINK-35776,66282,2026-07-31 05:16:43,9.4247,9.964,0.324,479.2,1.0
9177,STARLINK-5869,57061,STARLINK-5822,57064,2026-07-31 03:52:06,9.026,9.997,0.31,486.1,1.0
9178,STARLINK-32223,60373,STARLINK-32162,60597,2026-07-30 23:41:43,4.9063,5.147,0.171,472.1,1.0
9179,STARLINK-3175,51140,STARLINK-32031,60142,2026-07-30 11:13:05,8.0315,8.742,0.275,466.0,1.0
9180,STARLINK-1513,45786,STARLINK-2500,48485,2026-07-31 07:44:14,8.057,9.93,0.275,482.2,1.0
9181,STARLINK-32885,62958,STARLINK-35666,66222,2026-07-31 02:56:17,5.7058,7.483,0.197,474.3,1.0
9182,SKYSAT-C5,41772,STARLINK-35190,65663,2026-07-31 06:36:41,9.2905,9.985,0.315,463.0,1.0
9183,STARLINK-2370,47910,STARLINK-37003,68170,2026-07-31 03:14:56,9.7226,9.801,0.328,465.5,1.0
9184,STARLINK-31820,59725,STARLINK-33743,63440,2026-07-31 01:42:56,9.3146,9.372,0.315,465.5,1.0
9185,LEMUR-2-SQUIRRELCOMM,60578,LEMUR-2-ROUNDTRIPPER,62711,2026-07-31 06:47:10,7.1588,8.282,0.243,548.8,1.0
9186,STARLINK-1356,45564,STARLINK-11199 [DTC],60404,2026-07-30 17:40:56,7.243,7.283,0.246,358.2,1.0
9187,STARLINK-5444,54768,STARLINK-32840,63363,2026-07-30 14:26:06,7.8419,8.591,0.265,466.0,1.0
9188,SWARM A,39452,SWARM C,39453,2026-07-30 11:06:15,5.5659,7.045,0.19,414.2,1.0
9189,STARLINK-5200,54103,STARLINK-34488,64604,2026-07-30 23:37:43,5.3825,5.67,0.183,471.9,1.0
9190,STARLINK-33751,63512,STARLINK-33807,63518,2026-07-31 03:50:01,9.1481,9.478,0.304,465.7,1.0
9191,NUSAT-45 (UZMASAT-1),62640,LIME,62648,2026-07-30 23:44:49,5.3832,5.419,0.18,488.7,1.0
9192,STARLINK-2497,48455,STARLINK-34531,64750,2026-07-30 08:29:40,8.6148,9.329,0.283,479.4,1.0
9193,STARLINK-35919,66888,STARLINK-35791,66896,2026-07-30 13:01:29,4.5207,5.727,0.151,472.7,1.0
9194,2024-173E,61231,FLOCK 4H-21,66724,2026-07-30 23:31:02,7.0293,7.357,0.231,503.3,1.0
9195,STARLINK-2373,47796,STARLINK-5094,53977,2026-07-30 12:44:58,6.9929,7.091,0.23,455.2,0.9
9196,STARLINK-2431,47839,STARLINK-3829,52348,2026-07-30 16:52:46,5.9956,6.15,0.197,485.9,0.9
9197,2024-153B,60746,STARLINK-37190,68396,2026-07-31 02:38:42,2.3245,2.463,0.08,468.5,0.9
9198,STARLINK-2725,48681,STARLINK-31984,60018,2026-07-30 18:17:26,4.4114,5.897,0.145,472.1,0.9
9199,STARLINK-3724,52305,STARLINK-34551,64682,2026-07-30 18:07:16,5.8263,7.305,0.19,476.7,0.9
9200,STARLINK-3298,50165,STARLINK-4618,53735,2026-07-30 20:57:33,7.2602,8.604,0.234,460.6,0.9
9201,STARLINK-37640,69447,STARLINK-37451,69471,2026-07-30 21:56:16,2.372,3.018,0.08,458.9,0.9
9202,STARLINK-4797,53852,STARLINK-31923,60600,2026-07-31 01:38:37,7.5067,8.387,0.238,488.9,0.9
9203,STARLINK-33681,63438,STARLINK-35967,66634,2026-07-31 00:12:51,6.2985,6.311,0.2,474.6,0.9
9204,STARLINK-2245,48589,STARLINK-36285,68530,2026-07-30 09:51:41,8.8177,9.335,0.277,479.4,0.9
9205,STARLINK-3847,52333,STARLINK-30893,58724,2026-07-30 10:01:00,8.6129,8.881,0.271,465.8,0.9
9206,STARLINK-3901,52574,STARLINK-35953,66637,2026-07-31 06:49:36,8.0018,8.963,0.251,473.3,0.9
9207,STARLINK-32182,60319,STARLINK-34721,65039,2026-07-30 17:34:09,7.4693,8.454,0.235,462.9,0.9
9208,STARLINK-3755,52307,STARLINK-34272,64274,2026-07-30 08:32:22,6.954,9.464,0.219,473.8,0.9
9209,STARLINK-32034,60297,KUIPER-00569,69766,2026-07-30 12:15:07,7.8451,8.576,0.246,485.9,0.9
9210,STARLINK-4089,52831,STARLINK-32138,60255,2026-07-31 02:13:01,9.0608,9.405,0.282,473.6,0.9
9211,STARLINK-3819,52349,STARLINK-35667,66400,2026-07-30 09:31:46,6.9254,7.063,0.217,473.9,0.9
9212,AE5RC,66677,ZORKIY-2M-VPE,67252,2026-07-30 10:52:51,4.2581,4.265,0.135,493.1,0.9
9213,STARLINK-37090,68193,STARLINK-36671,68967,2026-07-30 11:41:10,7.5702,8.586,0.235,476.1,0.9
9214,STARLINK-31772,59430,STARLINK-35416,66248,2026-07-31 04:33:58,9.4223,9.542,0.29,478.9,0.9
9215,SPIP,58298,2024-205H,61901,2026-07-31 01:11:33,8.437,9.889,0.258,474.3,0.9
9216,STARLINK-2537,48301,STARLINK-32439,61665,2026-07-31 01:11:47,4.5686,4.643,0.142,485.9,0.9
9217,STARLINK-3516,51739,STARLINK-34414,64620,2026-07-30 14:24:10,7.8874,8.98,0.241,474.4,0.9
9218,STARLINK-3819,52349,STARLINK-35667,66400,2026-07-30 10:18:38,7.0801,7.777,0.217,460.2,0.9
9219,STARLINK-2621,48370,STARLINK-34647,64904,2026-07-30 17:59:02,9.2369,9.633,0.28,479.0,0.9
9220,STARLINK-2226,48010,STARLINK-34435,64602,2026-07-30 22:09:41,9.08,9.61,0.275,479.3,0.9
9221,STARLINK-3675,51963,STARLINK-31127,58765,2026-07-30 18:29:20,4.6123,6.022,0.143,472.0,0.9
9222,STARLINK-32782,62821,STARLINK-35123,65634,2026-07-31 01:55:00,5.6369,5.799,0.173,479.6,0.9
9223,STARLINK-4595,53627,STARLINK-35038,65482,2026-07-30 18:59:04,5.9272,6.272,0.181,464.6,0.9
9224,AE5RC,66677,ZORKIY-2M-VPE,67252,2026-07-30 10:05:34,4.3484,5.017,0.135,506.7,0.9
9225,STARLINK-2371,47911,STARLINK-3832,52646,2026-07-31 03:26:10,6.7298,7.636,0.205,480.5,0.9
9226,STARLINK-1443,45660,STARLINK-35621,66156,2026-07-30 18:58:22,6.2998,8.499,0.192,472.4,0.9
9227,KUIPER-00405,68923,KUIPER-00436,68939,2026-07-31 07:10:56,8.7125,8.758,0.263,629.7,0.9
9228,STARLINK-3975,52620,STARLINK-37359,69188,2026-07-30 23:53:18,6.5651,8.237,0.198,462.7,0.9
9229,STARLINK-30934,58395,STARLINK-37288,68551,2026-07-30 20:11:48,5.9075,5.973,0.179,461.5,0.9
9230,STARLINK-3166,51462,STARLINK-31385,58985,2026-07-31 04:18:50,9.1463,9.164,0.273,479.5,0.9
9231,STARLINK-2046,47354,STARLINK-34481,65104,2026-07-30 18:31:56,9.0074,9.058,0.269,466.2,0.9
9232,STARLINK-31846,60126,STARLINK-35844,66880,2026-07-31 07:32:02,7.1657,7.446,0.214,471.7,0.9
9233,STARLINK-35677,66220,STARLINK-34861,66368,2026-07-30 15:34:06,7.9886,8.581,0.237,462.7,0.9
9234,STARLINK-2750,48691,STARLINK-31992,60023,2026-07-31 04:54:29,5.456,6.669,0.163,472.0,0.9
9235,STARLINK-32572,61952,STARLINK-33837,63501,2026-07-31 01:22:53,8.2336,8.236,0.243,465.7,0.9
9236,STARLINK-32411,61547,STARLINK-34906,65896,2026-07-30 14:06:16,7.6218,9.212,0.222,465.6,0.8
9237,STARLINK-4403,53197,STARLINK-4384,53218,2026-07-30 08:43:52,5.7803,5.781,0.17,566.2,0.8
9238,STARLINK-4532,53424,STARLINK-33583,63503,2026-07-31 04:22:14,8.0968,9.532,0.234,465.9,0.8
9239,STARLINK-34124,64109,STARLINK-35844,66880,2026-07-30 21:20:46,6.4897,6.589,0.188,484.7,0.8
9240,FLOCK 4BE-18,60480,FLOCK 4BE-31,60488,2026-07-30 19:40:35,8.0773,9.091,0.233,429.5,0.8
9241,STARLINK-3250,49749,STARLINK-30562,58033,2026-07-30 11:53:56,9.6741,9.729,0.276,485.8,0.8
9242,STARLINK-30227,57505,STARLINK-33558,63643,2026-07-31 06:52:20,6.2411,7.968,0.18,492.2,0.8
9243,SHARJAH-SAT-2,68444,IRIDE-MS1-EAGLET 2-16,68452,2026-07-30 21:43:54,0.7028,0.704,0.025,523.3,0.8
9244,STARLINK-3783,52282,STARLINK-34240,64265,2026-07-31 01:47:08,7.8656,8.609,0.223,476.6,0.8
9245,STARLINK-32139,61510,STARLINK-35908,66639,2026-07-30 08:57:21,5.6664,7.265,0.162,485.6,0.8
9246,CONNECTA IOT-3,60475,ZORKY-2M 7,67268,2026-07-30 16:57:45,6.3574,6.497,0.181,509.3,0.8
9247,STARLINK-2746,48676,STARLINK-34477,64487,2026-07-31 05:56:31,7.4956,8.815,0.211,466.5,0.8
9248,STARLINK-31811,60051,STARLINK-32078,60338,2026-07-30 09:14:38,6.6492,7.195,0.188,485.7,0.8
9249,STARLINK-5199,54201,STARLINK-31146,58769,2026-07-30 20:44:22,6.7937,8.857,0.192,473.9,0.8
9250,STARLINK-4778,53836,STARLINK-37089,69183,2026-07-30 13:59:01,8.475,8.706,0.237,476.3,0.8
9251,STARLINK-3977,52640,STARLINK-31772,59430,2026-07-30 12:08:50,4.9963,5.009,0.142,464.3,0.8
9252,STARLINK-2123,47401,STARLINK-34412,66132,2026-07-30 22:45:08,8.7332,9.51,0.244,465.5,0.8
9253,STARLINK-34702,64908,STARLINK-37169,68346,2026-07-30 20:19:03,8.6676,9.007,0.241,464.9,0.8
9254,YAM-7,60504,FLOCK 4G-25,62646,2026-07-30 12:08:42,8.6445,8.982,0.241,469.3,0.8
9255,STARLINK-31264,58845,STARLINK-32192,60316,2026-07-31 00:15:01,7.6126,7.828,0.212,476.6,0.8
9256,STARLINK-3155,49739,STARLINK-31646,59265,2026-07-30 23:19:23,6.7613,8.784,0.188,473.9,0.8
9257,STARLINK-33659,63445,STARLINK-35949,66630,2026-07-31 05:38:35,7.26,8.06,0.201,463.1,0.8
9258,STARLINK-33733,63435,GUOWANG TEST OBJECT B,69321,2026-07-30 08:38:55,8.9015,8.921,0.245,466.0,0.8
9259,STARLINK-4728,53793,STARLINK-34721,65039,2026-07-30 16:46:55,9.0018,9.023,0.248,480.4,0.8
9260,STARLINK-3746,52268,STARLINK-34485,64684,2026-07-30 10:19:06,5.8652,6.27,0.163,460.4,0.8
9261,STARLINK-32210,60594,STARLINK-35123,65634,2026-07-31 01:07:45,8.3893,8.59,0.231,465.9,0.8
9262,T.MICROSAT-2,68433,HAWK-14B,68436,2026-07-30 21:23:52,0.3709,0.371,0.015,524.5,0.8
9263,STARLINK-4718,53773,STARLINK-31844,60583,2026-07-30 12:08:55,6.9341,6.946,0.19,468.5,0.8
9264,AE5RB,66693,ZORKIY-2M-VPE,67252,2026-07-31 07:21:20,5.0104,6.271,0.138,492.4,0.8
9265,STARLINK-2098,47378,STARLINK-34672,65894,2026-07-30 08:38:35,5.9668,6.634,0.163,472.0,0.8
9266,STARLINK-3623,51772,STARLINK-37210,68557,2026-07-30 19:56:59,6.9723,7.082,0.189,461.1,0.8
9267,STARLINK-32306,61520,STARLINK-35955,66635,2026-07-31 02:17:39,5.8869,6.262,0.16,485.5,0.8
9268,STARLINK-3609,51808,STARLINK-35942,66926,2026-07-30 20:13:49,7.8597,7.89,0.212,459.5,0.8
9269,STARLINK-35244,65829,STARLINK-35252,65850,2026-07-30 23:11:10,8.627,9.565,0.231,479.3,0.8
9270,FLOCK 4H-27,66730,2025-313AS,67288,2026-07-31 02:20:39,5.6807,6.058,0.153,498.4,0.8
9271,STARLINK-2426,47836,STARLINK-3075,49409,2026-07-30 22:31:51,8.7804,8.787,0.234,466.8,0.8
9272,STARLINK-2502,48327,STARLINK-35563,66087,2026-07-30 18:46:53,9.2103,9.212,0.245,465.9,0.8
9273,STARLINK-3965,52550,KUIPER-00594,69279,2026-07-30 19:46:47,8.0112,8.104,0.214,467.5,0.8
9274,STARLINK-3764,52280,STARLINK-32259,60937,2026-07-30 11:46:49,7.9657,7.994,0.212,479.7,0.8
9275,STARLINK-34136,64112,STARLINK-34561,65081,2026-07-30 09:29:24,6.629,8.36,0.177,471.4,0.8
9276,STARLINK-1523,46028,STARLINK-34253,64685,2026-07-31 04:32:56,5.8357,5.862,0.157,476.7,0.8
9277,STARLINK-33741,63365,KUIPER-00647,69790,2026-07-30 14:59:56,9.8811,9.935,0.261,474.2,0.8
9278,STARLINK-2711,48673,STARLINK-34474,64474,2026-07-30 12:16:06,8.6061,9.127,0.227,479.3,0.8
9279,STARLINK-3446,51747,STARLINK-32722,62450,2026-07-31 01:19:06,8.9942,9.517,0.237,465.8,0.8
9280,STARLINK-3724,52305,STARLINK-34551,64682,2026-07-30 18:54:09,7.1941,7.841,0.19,463.0,0.8
9281,STARLINK-3298,50165,STARLINK-4618,53735,2026-07-30 20:10:41,8.8988,9.279,0.233,474.1,0.8
9282,STARLINK-2683,48462,STARLINK-32553,62071,2026-07-30 13:09:03,8.3734,8.714,0.22,479.2,0.8
9283,STARLINK-32244,60411,STARLINK-35333,66182,2026-07-30 16:42:02,8.9452,9.211,0.234,465.8,0.8
9284,STARLINK-1556,46033,STARLINK-32224,60941,2026-07-30 19:43:18,7.9333,9.532,0.207,465.8,0.8
9285,STARLINK-30101,56301,STARLINK-31363,59782,2026-07-30 11:43:26,7.6576,9.316,0.2,489.3,0.8
9286,STARLINK-2031,47648,STARLINK-5454,54774,2026-07-30 19:55:38,8.1935,8.772,0.213,465.8,0.8
9287,STARLINK-2533,48294,STARLINK-31939,60026,2026-07-30 16:43:20,5.12,6.304,0.135,485.8,0.8
9288,HORUS 2,55844,IRIDE FM6,66700,2026-07-31 05:08:10,6.2179,6.854,0.162,496.4,0.8
9289,STARLINK-1523,46028,STARLINK-34253,64685,2026-07-31 06:06:41,5.9888,6.243,0.156,476.7,0.8
9290,STARLINK-32439,61665,STARLINK-34282,64454,2026-07-31 06:40:58,5.3001,5.359,0.139,471.7,0.8
9291,STARLINK-30934,58395,STARLINK-37288,68551,2026-07-30 17:04:13,6.8871,7.809,0.179,461.6,0.8
9292,STARLINK-2029,48320,STARLINK-35339,66028,2026-07-31 00:56:06,8.2644,8.746,0.213,465.6,0.8
9293,STARLINK-2017,47351,STARLINK-31122,58774,2026-07-30 14:00:49,5.4257,5.443,0.142,472.2,0.8
9294,STARLINK-2545,48289,STARLINK-32011,60030,2026-07-31 06:28:16,8.4849,9.962,0.219,479.6,0.8
9295,STARLINK-34760,65359,STARLINK-35526,65931,2026-07-30 10:01:03,9.6022,9.952,0.245,483.0,0.7
9296,STARLINK-33681,63438,STARLINK-35967,66634,2026-07-30 19:31:30,7.8695,9.071,0.201,474.7,0.7
9297,STARLINK-32412,61680,STARLINK-34392,64451,2026-07-31 05:14:10,8.4426,9.211,0.215,479.4,0.7
9298,STARLINK-3623,51772,STARLINK-37210,68557,2026-07-30 20:43:51,7.4461,7.453,0.189,473.1,0.7
9299,FLOCK 4H-9,66712,SITRO-AIS-59,67257,2026-07-31 04:12:25,4.4674,5.491,0.115,499.7,0.7
9300,STARLINK-2415,47828,STARLINK-37469,69168,2026-07-30 13:25:03,8.7453,9.069,0.22,465.6,0.7
9301,STARLINK-3387,51125,STARLINK-37133,68265,2026-07-31 05:28:27,4.9109,5.869,0.125,460.3,0.7
9302,FLOCK 4H-11,66714,SAKHACUBE-CHOLBON (RS1*),67290,2026-07-31 06:19:09,5.5646,6.044,0.141,491.8,0.7
9303,STARLINK-33890,65332,STARLINK-36831,67864,2026-07-30 22:04:53,7.9459,7.946,0.199,479.2,0.7
9304,STARLINK-2329,47873,STARLINK-32776,63032,2026-07-30 23:02:44,7.8272,8.016,0.195,480.4,0.7
9305,TIANYI C,64050,BRO-17,66672,2026-07-30 19:59:28,8.4988,9.945,0.211,507.9,0.7
9306,STARLINK-4208,52844,STARLINK-32134,60300,2026-07-30 17:45:24,6.619,8.109,0.165,476.7,0.7
9307,STARLINK-35043,65436,STARLINK-35080,65437,2026-07-31 06:42:10,7.7934,8.503,0.192,548.8,0.7
9308,SITRO-AIS-61,67297,ALSAT-3A,67474,2026-07-30 15:51:35,5.7166,6.242,0.142,503.9,0.7
9309,STARLINK-2410,47825,STARLINK-34645,64766,2026-07-30 15:48:40,6.2988,6.599,0.154,471.9,0.7
9310,STARLINK-1577,46063,STARLINK-2251,48594,2026-07-30 19:18:08,7.4222,7.908,0.18,473.3,0.7
9311,STARLINK-30493,58116,STARLINK-34760,65359,2026-07-31 07:55:00,9.6956,9.853,0.234,483.2,0.7
9312,STARLINK-3450,51734,STARLINK-34513,64609,2026-07-30 13:29:43,6.6107,6.794,0.161,473.9,0.7
9313,STARLINK-32323,61677,STARLINK-34237,64194,2026-07-30 14:27:45,9.5684,9.735,0.229,479.6,0.7
9314,STARLINK-32512,62027,STARLINK-34249,65376,2026-07-30 17:57:58,9.1301,9.198,0.219,479.4,0.7
9315,FLOCK 4G-7,62624,FLOCK 4G-24,62637,2026-07-30 13:04:39,5.6922,6.005,0.138,491.2,0.7
9316,STARLINK-4531,53425,STARLINK-32174,61509,2026-07-30 11:40:56,9.3291,9.357,0.222,479.4,0.7
9317,STARLINK-2492,48149,STARLINK-30421,58107,2026-07-31 04:34:49,8.7225,8.761,0.208,479.7,0.7
9318,CONTINUUM-1,55045,STARLINK-36376,67590,2026-07-31 05:17:49,8.9527,8.989,0.213,481.0,0.7
9319,ZORKIY-2M-VPE,67252,SITRO-AIS-59,67257,2026-07-31 06:33:41,2.4994,2.594,0.063,505.4,0.7
9320,SUPERVIEW NEO-1 03,63125,CONNECTA IOT-11,64557,2026-07-30 22:46:52,8.4676,8.47,0.202,500.8,0.7
9321,COSMOS 2538,44424,LEMUR-2-LLOYD,60577,2026-07-31 03:16:07,8.0965,8.584,0.193,531.6,0.7
9322,STARLINK-2755,48479,STARLINK-3294,50829,2026-07-30 21:11:47,9.1638,9.234,0.218,480.5,0.7
9323,STARLINK-30856,58725,STARLINK-34830,65405,2026-07-31 08:11:07,7.3167,7.742,0.174,480.3,0.7
9324,STARLINK-34602,65333,STARLINK-36348,67851,2026-07-30 09:46:40,8.2958,8.666,0.196,479.3,0.7
9325,STARLINK-33991,64122,STARLINK-34815,65099,2026-07-31 03:03:27,7.7105,8.984,0.182,479.2,0.7
9326,STARLINK-2480,48137,STARLINK-32299,61702,2026-07-31 00:54:46,8.1877,8.298,0.192,479.5,0.7
9327,ICEYE-X4,44390,STARLINK-36759,68771,2026-07-31 02:43:28,4.7208,5.461,0.113,468.4,0.7
9328,STARLINK-30455,57942,STARLINK-33839,64113,2026-07-31 04:30:47,8.7225,8.803,0.204,467.3,0.7
9329,STARLINK-5204,54101,STARLINK-34513,64609,2026-07-31 08:15:11,8.6001,9.365,0.201,479.2,0.7
9330,STARLINK-2535,48295,STARLINK-31990,60024,2026-07-31 01:40:21,5.6522,6.82,0.134,472.1,0.7
9331,STARLINK-34854,65337,STARLINK-36769,67871,2026-07-31 01:53:11,8.6,9.4,0.2,485.4,0.7
9332,STARLINK-4201,52856,STARLINK-5444,54768,2026-07-30 12:04:46,5.6263,5.689,0.132,481.4,0.7
9333,LEMUR-2-STAS-GORBUK,66686,ZORKY-2M 7,67268,2026-07-30 11:26:54,6.3262,6.329,0.147,503.2,0.7
9334,TRANSPORTER-15 OBJECT L,66676,SITRO-AIS-60,67260,2026-07-30 18:51:42,7.5926,7.805,0.176,504.6,0.7
9335,STARLINK-2454,48116,STARLINK-35516,65918,2026-07-30 19:16:06,3.9942,4.206,0.094,485.5,0.7
9336,STARLINK-4546,53422,KUIPER-00557,69622,2026-07-30 22:59:41,7.4108,7.653,0.171,468.6,0.7
9337,ZORKIY-2M-VPE,67252,GALAPAGOS-UTE-SWSU,67279,2026-07-30 19:32:07,2.6767,2.836,0.065,506.0,0.7
9338,STARLINK-31836,59724,STARLINK-35955,66635,2026-07-30 15:19:10,4.8044,5.196,0.112,485.5,0.7
9339,STARLINK-33681,63438,STARLINK-35967,66634,2026-07-31 00:59:44,8.8078,8.989,0.201,461.2,0.7
9340,STARLINK-2050,47357,STARLINK-35606,66171,2026-07-31 04:03:21,8.2358,9.789,0.187,465.6,0.7
9341,SWARM A,39452,SWARM C,39453,2026-07-30 14:12:11,8.3564,9.03,0.19,414.1,0.7
9342,2023-085L,57014,STARLINK-36715,67716,2026-07-30 17:58:18,4.4614,5.199,0.103,480.5,0.7
9343,STARLINK-2322,47791,STARLINK-34618,64770,2026-07-31 04:06:43,9.1214,9.345,0.207,479.4,0.7
9344,SUPERVIEW NEO-1 01,52320,FLOCK 4H-31,66734,2026-07-31 03:57:57,7.2611,7.296,0.165,509.5,0.7
9345,STARLINK-32885,62958,STARLINK-35666,66222,2026-07-31 04:30:03,8.7023,8.937,0.197,474.3,0.7
9346,STARLINK-34516,64605,STARLINK-35294,65755,2026-07-31 08:00:41,8.1827,8.474,0.185,465.1,0.7
9347,STARLINK-5057,53908,STARLINK-34073,64606,2026-07-30 11:46:19,8.0217,9.366,0.181,485.9,0.7
9348,STARLINK-31093,58717,STARLINK-35737,66219,2026-07-31 01:17:55,8.8899,8.909,0.2,462.4,0.7
9349,STARLINK-2549,48314,STARLINK-33917,64181,2026-07-31 07:14:09,7.2982,7.757,0.164,485.6,0.7
9350,STARLINK-4564,53560,STARLINK-32017,60032,2026-07-30 10:57:30,2.7185,3.077,0.064,489.0,0.7
9351,STARLINK-4590,53606,STARLINK-31713,59381,2026-07-30 20:49:35,9.0294,9.672,0.201,471.7,0.7
9352,IRIDE FM8,66702,FLOCK 4H-36,66739,2026-07-30 11:30:49,1.741,1.746,0.042,518.3,0.6
9353,ICEYE-X7,46496,GEOSCAN 1 (RS92S1),64880,2026-07-31 08:26:38,2.7574,2.918,0.064,486.1,0.6
9354,STARLINK-2464,48123,STARLINK-3836,52577,2026-07-31 06:49:25,8.0453,9.418,0.177,465.8,0.6
9355,AE5RB,66693,SITRO-AIS-59,67257,2026-07-31 04:59:51,3.3536,3.355,0.076,507.1,0.6
9356,NAHLA,66764,ZORKY-2M 7,67268,2026-07-31 06:22:01,7.6196,7.741,0.167,503.3,0.6
9357,STARLINK-34645,64766,STARLINK-35543,66201,2026-07-31 00:26:11,5.9117,6.372,0.13,485.6,0.6
9358,TRANSPORTER-10 OBJECT AD,59125,STARLINK-37203,68388,2026-07-30 08:31:52,3.6911,3.691,0.083,478.8,0.6
9359,FLOCK 4BE-9,60514,FLOCK 4BE-6,60516,2026-07-30 21:25:44,4.3432,4.414,0.096,458.9,0.6
9360,STARLINK-1460,45676,STARLINK-2119,47397,2026-07-30 14:31:17,6.8337,7.775,0.148,464.6,0.6
9361,STARLINK-32136,61515,STARLINK-35926,66642,2026-07-30 19:28:18,7.519,8.606,0.163,472.1,0.6
9362,STARLINK-4200,52876,STARLINK-36859,68710,2026-07-30 17:48:44,9.5385,9.686,0.205,479.3,0.6
9363,IRIDE FM3,66697,2025-313AL,67282,2026-07-30 10:55:16,5.9084,6.611,0.128,498.2,0.6
9364,STARLINK-4718,53773,STARLINK-31844,60583,2026-07-30 12:55:50,8.8804,8.891,0.189,481.7,0.6
9365,STARLINK-5051,53916,STARLINK-32162,60597,2026-07-31 08:19:05,9.6263,9.962,0.205,485.5,0.6
9366,STARLINK-3450,51734,STARLINK-34513,64609,2026-07-30 12:42:52,7.5905,7.591,0.161,460.1,0.6
9367,STARLINK-2378,47916,STARLINK-37332,69150,2026-07-30 20:34:47,9.0091,9.071,0.19,465.9,0.6
9368,STARLINK-2567,48276,KUIPER-00641,69787,2026-07-30 22:22:32,8.5023,9.249,0.179,472.9,0.6
9369,STARLINK-2435,47843,STARLINK-32716,63031,2026-07-31 01:36:55,8.6607,8.673,0.182,479.5,0.6
9370,STARLINK-3341,50817,STARLINK-35727,66281,2026-07-30 11:23:58,5.2555,5.286,0.112,464.3,0.6
9371,STARLINK-1591,46045,STARLINK-32822,62868,2026-07-30 14:34:32,8.2669,9.035,0.174,465.9,0.6
9372,STARLINK-2675,48470,STARLINK-3334,50823,2026-07-30 16:50:24,8.432,9.832,0.177,480.7,0.6
9373,STARLINK-2235,48581,STARLINK-35559,66095,2026-07-30 16:33:35,5.1115,5.469,0.109,485.8,0.6
9374,STARLINK-2387,47806,STARLINK-34401,64757,2026-07-30 08:38:56,8.0587,8.08,0.169,479.0,0.6
9375,STARLINK-2683,48462,STARLINK-35726,66280,2026-07-31 07:56:09,8.4294,8.947,0.176,479.1,0.6
9376,STARLINK-3363,51135,STARLINK-37165,68287,2026-07-31 00:23:32,2.529,2.78,0.056,473.5,0.6
9377,STARLINK-5458,54764,STARLINK-33734,63367,2026-07-30 15:45:57,9.3555,9.395,0.195,465.7,0.6
9378,SCS-01 E,63986,TRANSPORTER-15 OBJECT CX,66759,2026-07-30 17:47:03,8.648,8.869,0.18,518.8,0.6
9379,PIAST-M,66758,NASBSAT-2,67285,2026-07-30 23:32:03,7.7719,7.952,0.162,498.4,0.6
9380,STARLINK-35813,66361,STARLINK-35821,66372,2026-07-30 15:04:40,7.6191,7.848,0.156,465.7,0.6
9381,SPEQTRE,66769,DCS-1,67263,2026-07-30 11:23:14,6.2661,6.836,0.129,498.9,0.6
9382,TIANYI A,64048,FLOCK 4H-6,66709,2026-07-31 00:37:17,8.6295,9.605,0.175,521.6,0.6
9383,STARLINK-31271,58827,STARLINK-36393,67859,2026-07-31 05:26:36,8.113,8.573,0.164,479.4,0.6
9384,STARLINK-32865,62952,STARLINK-35821,66372,2026-07-30 18:59:11,8.5639,9.107,0.171,479.3,0.6
9385,STARLINK-32202,60595,STARLINK-35217,65627,2026-07-30 11:50:07,3.8384,4.001,0.079,485.5,0.6
9386,STARLINK-2150,47739,STARLINK-33767,63722,2026-07-30 13:32:44,7.4804,7.581,0.15,471.9,0.6
9387,SCORPION (RS89S),67293,ALSAT-3B,67646,2026-07-30 10:21:43,3.9746,4.046,0.081,511.8,0.6
9388,STARLINK-2570,48405,STARLINK-5025,53920,2026-07-31 08:00:14,8.6771,9.437,0.172,482.8,0.6
9389,STARLINK-32188,60365,STARLINK-32130,60585,2026-07-31 03:23:16,8.6686,9.567,0.171,485.6,0.6
9390,STARLINK-2633,48435,STARLINK-30493,58116,2026-07-30 20:56:15,8.8933,9.687,0.172,485.6,0.6
9391,IRIDE FM5,66699,LEMUR-2-LAILA,66776,2026-07-30 13:04:35,2.4256,2.568,0.05,517.3,0.6
9392,STARLINK-2629,48686,STARLINK-31984,60018,2026-07-30 09:40:10,8.9024,9.415,0.171,485.8,0.6
9393,STARLINK-2574,48395,STARLINK-35288,65749,2026-07-30 20:02:15,9.1063,9.906,0.174,479.1,0.6
9394,AE5RB,66693,SITRO-AIS-59,67257,2026-07-31 03:25:15,3.9029,4.248,0.076,507.0,0.6
9395,STARLINK-2449,48112,STARLINK-35175,65929,2026-07-30 17:08:50,5.2962,5.3,0.102,472.1,0.6
9396,STARLINK-2385,47804,STARLINK-35736,66230,2026-07-30 12:22:58,5.3564,5.382,0.103,471.8,0.6
9397,STARLINK-2471,48129,STARLINK-30548,58046,2026-07-30 19:49:40,8.0859,8.296,0.153,479.3,0.6
9398,STARLINK-2377,47797,STARLINK-31680,59380,2026-07-30 20:14:51,9.4723,9.475,0.178,465.2,0.5
9399,STARLINK-31923,60600,STARLINK-32845,62815,2026-07-31 03:59:41,9.5195,9.741,0.176,469.8,0.5
9400,STARLINK-3236,49750,STARLINK-35494,65927,2026-07-31 01:32:23,8.4083,9.61,0.156,465.7,0.5
9401,STARLINK-4145,53137,STARLINK-32435,61259,2026-07-31 03:52:32,6.4309,6.903,0.12,472.5,0.5
9402,STARLINK-4008,52622,STARLINK-32727,62828,2026-07-30 10:19:13,4.7468,5.08,0.09,473.8,0.5
9403,STARLINK-2426,47836,STARLINK-35409,66196,2026-07-31 07:55:32,8.1719,8.731,0.152,471.6,0.5
9404,STARLINK-34755,64940,STARLINK-34580,65808,2026-07-31 02:44:46,9.8769,9.941,0.182,567.1,0.5
9405,CONNECTA IOT-3,60475,ZORKY-2M 7,67268,2026-07-30 14:36:00,9.8403,9.931,0.181,495.4,0.5
9406,TRANSPORTER-13 OBJECT M,63221,SPHINX/FRAZIER,63232,2026-07-30 10:44:16,7.3239,7.972,0.136,511.4,0.5
9407,STARLINK-2250,48593,STARLINK-35938,66644,2026-07-31 07:25:39,8.7737,9.03,0.162,485.6,0.5
9408,PADRE,64559,TRANSPORTER-14 OBJECT BQ,64590,2026-07-31 01:45:50,6.261,6.265,0.116,585.6,0.5
9409,STARLINK-35138,65420,STARLINK-35736,66230,2026-07-30 20:13:20,7.9642,8.936,0.146,471.7,0.5
9410,STARLINK-3740,52265,STARLINK-37241,68528,2026-07-31 00:33:43,9.8061,9.961,0.179,460.4,0.5
9411,STARLINK-2687,48466,STARLINK-35802,66289,2026-07-30 12:42:02,9.1148,9.253,0.166,466.0,0.5
9412,AE5RB,66693,SITRO-AIS-59,67257,2026-07-30 10:52:26,4.1396,4.611,0.076,496.2,0.5
9413,STARLINK-34748,64848,STARLINK-34988,65453,2026-07-31 05:03:09,4.5182,4.715,0.083,549.1,0.5
9414,STARLINK-2217,48568,STARLINK-34485,64684,2026-07-30 18:54:59,9.66,9.723,0.173,479.3,0.5
9415,WARATAH SEED-1,60469,FLOCK 4BE-27,60513,2026-07-30 16:43:38,9.2472,9.567,0.165,455.1,0.5
9416,STARLINK-1536,46070,STARLINK-35336,66006,2026-07-31 08:11:53,8.5353,8.535,0.153,465.7,0.5
9417,FLOCK 4H-21,66724,2025-313AL,67282,2026-07-31 04:15:37,7.0893,7.357,0.127,498.1,0.5
9418,AC1-002,66745,2025-313AE,67276,2026-07-30 09:43:45,9.8457,9.929,0.174,504.6,0.5
9419,STARLINK-5018,53929,STARLINK-35265,65748,2026-07-31 00:04:17,8.5984,9.398,0.152,479.6,0.5
9420,STARLINK-2443,48107,STARLINK-34257,65225,2026-07-30 09:47:39,8.1686,8.405,0.145,465.7,0.5
9421,STARLINK-32716,63031,STARLINK-34829,65470,2026-07-30 20:55:47,7.5789,7.614,0.134,479.3,0.5
9422,STARLINK-2700,48431,STARLINK-34257,65225,2026-07-30 13:42:07,8.3165,8.596,0.147,479.4,0.5
9423,STARLINK-3564,52302,STARLINK-35559,66095,2026-07-31 02:45:07,9.4669,9.778,0.165,471.9,0.5
9424,STARLINK-2061,48312,STARLINK-34295,64455,2026-07-30 09:04:32,8.0643,8.556,0.14,465.8,0.5
9425,AE5RB,66693,SITRO-AIS-59,67257,2026-07-31 06:34:28,4.3404,4.724,0.076,507.1,0.5
9426,STARLINK-2139,48554,STARLINK-34442,64672,2026-07-31 02:51:28,9.1691,9.923,0.157,465.7,0.5
9427,STARLINK-1578,46082,STARLINK-35297,66010,2026-07-30 20:54:01,8.612,8.698,0.148,465.7,0.5
9428,STARLINK-2170,47753,STARLINK-36276,67852,2026-07-30 23:30:56,8.8151,8.832,0.15,465.5,0.5
9429,COSMOS 2538,44424,LUR-1,60506,2026-07-30 15:23:59,9.3884,9.445,0.16,490.0,0.5
9430,STARLINK-31835,59772,STARLINK-34074,64099,2026-07-30 15:32:37,7.2945,7.549,0.124,471.9,0.5
9431,BRO-20,66674,NUSAT-51 (YVONNE BRILL),66740,2026-07-30 13:50:29,5.6234,6.056,0.097,521.2,0.5
9432,SCORPION (RS89S),67293,ALSAT-3B,67646,2026-07-30 13:31:00,4.829,4.871,0.082,511.8,0.5
9433,AE5RB,66693,SITRO-AIS-59,67257,2026-07-30 09:17:56,4.489,4.496,0.077,496.2,0.5
9434,VIZARD-METEO (RS38S),57189,SITRO-AIS 9 (SHCHUKIN),57201,2026-07-31 02:49:45,7.3488,7.414,0.123,453.6,0.5
9435,STARLINK-33598,62771,STARLINK-33581,62784,2026-07-31 06:35:53,9.1072,9.108,0.151,465.7,0.5
9436,STARLINK-30789,58166,STARLINK-33920,63710,2026-07-30 10:44:35,4.6516,4.857,0.079,472.3,0.5
9437,STARLINK-2473,48131,STARLINK-34907,65213,2026-07-31 04:01:39,8.4404,8.639,0.14,479.3,0.5
9438,STARLINK-30313,57676,STARLINK-34878,65334,2026-07-30 12:01:05,5.7115,5.845,0.096,485.5,0.5
9439,STARLINK-2194,47771,STARLINK-31251,58836,2026-07-31 02:05:17,8.3457,9.03,0.138,465.9,0.5
9440,STARLINK-1551,46075,STARLINK-35584,66106,2026-07-30 10:50:27,8.3466,9.053,0.137,479.5,0.5
9441,TRANSPORTER-15 OBJECT CZ,66761,LUNA-1,66777,2026-07-30 14:19:52,2.924,2.924,0.05,512.6,0.5
9442,STARLINK-3210,49755,STARLINK-32561,62026,2026-07-31 00:01:34,3.8131,3.986,0.064,473.8,0.5
9443,STARLINK-2499,48377,STARLINK-37143,68336,2026-07-30 15:58:33,7.9473,8.334,0.129,479.6,0.5
9444,STARLINK-2466,48125,STARLINK-30572,58114,2026-07-31 06:53:55,7.8631,7.868,0.128,472.1,0.5
9445,IRIDE-MS2-HEO-1,62697,NORSAT 4,62702,2026-07-30 18:20:25,3.489,3.853,0.059,582.5,0.5
9446,STARLINK-35399,66029,STARLINK-35500,66093,2026-07-30 08:55:46,8.6552,8.707,0.14,479.4,0.5
9447,STARLINK-34636,64915,STARLINK-35075,65702,2026-07-30 21:00:33,9.2929,9.752,0.15,479.2,0.5
9448,STARLINK-2219,48569,STARLINK-34287,64670,2026-07-30 09:11:04,8.8051,8.967,0.142,479.4,0.5
9449,STARLINK-34799,65472,STARLINK-35143,65485,2026-07-31 01:17:30,9.2433,9.823,0.149,465.2,0.5
9450,STARLINK-4052,53171,STARLINK-32387,61704,2026-07-31 01:52:03,5.8869,5.965,0.095,474.1,0.5
9451,STARLINK-31377,58938,STARLINK-32270,60364,2026-07-30 23:15:10,5.0403,5.249,0.082,485.8,0.5
9452,FLOCK 4G-7,62624,FLOCK 4G-24,62637,2026-07-30 14:38:47,8.6259,8.654,0.138,491.2,0.5
9453,STARLINK-4097,53265,STARLINK-32228,60445,2026-07-31 04:43:07,5.2759,5.417,0.085,464.5,0.5
9454,STARLINK-34983,65411,STARLINK-35821,66372,2026-07-30 23:40:32,8.4406,8.879,0.135,479.1,0.5
9455,STARLINK-32453,61671,STARLINK-32395,61679,2026-07-30 15:49:01,4.576,4.619,0.074,485.9,0.5
9456,STARLINK-30285,57840,STARLINK-32317,60918,2026-07-30 18:17:39,6.2266,6.368,0.1,472.3,0.5
9457,STARLINK-35111,65463,STARLINK-34762,65473,2026-07-31 06:39:34,9.5532,9.971,0.151,479.2,0.5
9458,STARLINK-1523,46028,STARLINK-34253,64685,2026-07-31 05:19:47,9.9441,9.987,0.157,461.1,0.5
9459,STARLINK-31350,58933,STARLINK-32843,62814,2026-07-30 15:11:11,4.88,5.086,0.078,472.0,0.5
9460,STARLINK-3509,51737,STARLINK-3451,51749,2026-07-31 04:20:40,9.4208,9.607,0.148,483.7,0.5
9461,STARLINK-5119,53986,STARLINK-33774,63721,2026-07-31 06:45:44,9.6898,9.765,0.151,473.2,0.5
9462,FLOCK 4H-18,66721,ALSAT-3A,67474,2026-07-30 10:18:58,7.4371,7.468,0.116,502.4,0.5
9463,STARLINK-2082,47367,STARLINK-35594,66157,2026-07-31 01:35:08,8.4721,8.71,0.132,465.5,0.5
9464,MISR-C-1,68628,MISR-C-2,68633,2026-07-31 06:37:23,8.855,9.775,0.138,468.8,0.5
9465,STARLINK-34136,64112,STARLINK-34640,65092,2026-07-31 02:43:03,7.749,7.855,0.121,472.1,0.5
9466,JILIN-1 GAOFEN 2A,44777,FLOCK 4BE-18,60480,2026-07-30 18:51:01,5.2736,5.323,0.083,455.6,0.5
9467,STARLINK-1572,46060,STARLINK-2672,48650,2026-07-31 04:14:33,9.3845,9.794,0.145,472.2,0.5
9468,STARLINK-2428,48099,STARLINK-35175,65929,2026-07-31 01:46:11,6.5642,6.838,0.102,485.4,0.5
9469,STARLINK-3509,51737,STARLINK-3451,51749,2026-07-31 05:54:37,9.6844,9.949,0.148,483.5,0.4
9470,AE5RB,66693,SITRO-AIS-59,67257,2026-07-30 12:26:56,4.9112,4.92,0.076,496.2,0.4
9471,STARLINK-2741,48684,STARLINK-31775,60052,2026-07-31 01:07:20,8.4582,9.152,0.129,465.8,0.4
9472,STARLINK-35123,65634,STARLINK-35150,65635,2026-07-31 01:08:02,4.9368,4.986,0.076,472.0,0.4
9473,STARLINK-3790,52274,STARLINK-32833,62873,2026-07-31 06:27:42,9.7161,9.838,0.146,466.0,0.4
9474,STARLINK-31580,59434,STARLINK-35485,66251,2026-07-30 22:52:13,5.8434,6.125,0.089,471.4,0.4
9475,STARLINK-3611,51779,STARLINK-30938,58389,2026-07-30 21:42:49,9.2546,9.265,0.138,459.5,0.4
9476,STARLINK-2421,48098,STARLINK-31517,59213,2026-07-31 03:48:49,9.1037,9.114,0.135,465.9,0.4
9477,2023-085L,57014,STARLINK-36715,67716,2026-07-30 18:45:17,7.0196,7.457,0.104,467.1,0.4
9478,STARLINK-2081,47366,STARLINK-31046,58552,2026-07-30 11:29:38,7.9666,8.15,0.117,479.5,0.4
9479,STARLINK-2467,48126,STARLINK-34974,65221,2026-07-30 09:20:25,9.1405,9.853,0.133,465.7,0.4
9480,STARLINK-3232,50809,STARLINK-37037,68084,2026-07-30 22:28:37,9.3299,9.55,0.135,465.7,0.4
9481,STARLINK-3822,52287,STARLINK-32862,62864,2026-07-31 01:05:28,8.469,8.968,0.121,479.3,0.4
9482,STARLINK-2555,48291,STARLINK-32082,60346,2026-07-30 18:11:29,8.4288,8.893,0.12,485.9,0.4
9483,SUOMI-100,43804,STARLINK-36394,67566,2026-07-31 06:25:59,8.5412,8.573,0.121,468.2,0.4
9484,IRIDE-MS1-EAGLET 2-15,68462,TRANSPORTER-16 OBJECT BD,68467,2026-07-30 10:17:28,1.9344,2.068,0.03,507.4,0.4
9485,STARLINK-2555,48291,STARLINK-30542,58041,2026-07-30 14:16:43,8.7152,8.798,0.123,465.8,0.4
9486,KOYOH,58464,LEMUR-2-STAS-GORBUK,66686,2026-07-30 14:38:15,7.3561,7.699,0.102,506.1,0.4
9487,STARLINK-37928,69955,STARLINK-37824,69956,2026-07-30 21:11:18,0.6184,0.68,0.011,336.0,0.4
9488,STARLINK-3681,51968,STARLINK-35971,66895,2026-07-30 15:17:33,8.7444,9.066,0.121,479.4,0.4
9489,STARLINK-35416,66248,STARLINK-35615,66257,2026-07-30 19:10:35,5.4207,5.58,0.075,485.0,0.4
9490,STARLINK-31132,58777,STARLINK-31740,59433,2026-07-30 11:41:35,7.7597,7.972,0.107,472.2,0.4
9491,PADRE,64559,TRANSPORTER-14 OBJECT BQ,64590,2026-07-31 00:57:44,8.5281,8.59,0.116,603.2,0.4
9492,AE5RB,66693,SITRO-AIS-59,67257,2026-07-31 01:50:38,5.5228,5.635,0.076,507.0,0.4
9493,STARLINK-2017,47351,STARLINK-31114,58766,2026-07-30 21:50:25,6.0728,6.479,0.083,472.1,0.4
9494,MAUVE,66756,IHI-SAT2,66772,2026-07-30 21:27:33,3.6249,3.763,0.05,499.0,0.4
9495,STARLINK-2472,48130,STARLINK-34592,64746,2026-07-30 10:39:52,8.4448,8.445,0.113,479.3,0.4
9496,STARLINK-3219,49724,STARLINK-35493,65928,2026-07-30 11:26:47,8.5065,8.526,0.113,479.3,0.4
9497,STARLINK-3239,49743,STARLINK-35161,65936,2026-07-30 17:35:58,9.5633,9.591,0.127,479.3,0.4
9498,STARLINK-3219,49724,STARLINK-30533,58037,2026-07-30 16:08:53,8.4849,8.485,0.112,479.2,0.4
9499,SPEQTRE,66769,LOBACHEVSKY (RS83S),67284,2026-07-31 03:10:51,8.6909,8.692,0.114,499.1,0.4
9500,STARLINK-2564,48284,STARLINK-31986,60019,2026-07-30 23:32:50,8.1523,8.157,0.106,485.8,0.4
9501,FLOCK 4H-33,66736,2025-313Z,67271,2026-07-30 09:01:51,4.3612,4.362,0.058,501.2,0.4
9502,STARLINK-30131,56833,STARLINK-30828,58671,2026-07-30 23:57:15,6.8223,7.101,0.089,494.9,0.4
9503,STARLINK-2097,47377,STARLINK-31995,59958,2026-07-30 14:19:07,8.1955,8.339,0.105,465.7,0.4
9504,STARLINK-2738,48668,STARLINK-34849,66005,2026-07-30 23:49:39,8.2245,8.342,0.106,465.8,0.4
9505,STARLINK-33862,63709,STARLINK-33749,63716,2026-07-31 02:17:28,5.8855,6.184,0.076,471.6,0.4
9506,STARLINK-3651,51985,STARLINK-37357,69517,2026-07-31 06:56:37,8.5036,8.665,0.109,479.3,0.4
9507,STARLINK-2358,47898,STARLINK-35122,65510,2026-07-30 16:30:55,9.1523,9.157,0.117,465.7,0.4
9508,TRANSPORTER-15 OBJECT DD,66765,2025-313X,67269,2026-07-31 01:33:02,5.6634,5.702,0.073,489.8,0.4
9509,STARLINK-33809,63508,STARLINK-33750,63513,2026-07-31 06:44:45,5.9116,5.936,0.076,471.7,0.4
9510,STARLINK-4135,53248,STARLINK-30815,58164,2026-07-30 09:31:07,4.5699,4.654,0.059,481.1,0.4
9511,STARLINK-3782,52273,STARLINK-34219,64270,2026-07-30 21:54:03,8.6634,8.747,0.109,479.3,0.4
9512,SCS-01 L,63992,FLOCK 4H-31,66734,2026-07-31 01:35:38,7.2681,7.393,0.091,520.2,0.4
9513,STARLINK-3606,51807,STARLINK-30927,58382,2026-07-30 10:57:46,3.471,3.482,0.045,460.6,0.4
9514,STARLINK-3251,49729,STARLINK-37059,68088,2026-07-30 14:32:12,8.3795,8.624,0.105,479.2,0.4
9515,STARLINK-2412,48094,STARLINK-30493,58116,2026-07-31 04:46:41,9.8777,9.977,0.122,485.6,0.4
9516,UTMN 2 (RS27S),57203,STARLINK-35057,65525,2026-07-30 08:42:22,7.2159,7.693,0.09,467.7,0.4
9517,AE5RB,66693,SITRO-AIS-59,67257,2026-07-31 08:09:05,6.1894,6.26,0.077,507.1,0.4
9518,EXO-0,59175,WARATAH SEED-1,60469,2026-07-31 06:47:47,4.6791,4.691,0.058,454.7,0.4
9519,STARLINK-3524,51721,STARLINK-35046,65701,2026-07-30 16:52:20,9.4529,9.955,0.115,478.9,0.4
9520,STARLINK-3131,49427,STARLINK-34801,66076,2026-07-30 20:59:07,7.0322,7.143,0.085,486.6,0.4
9521,KUIPER-00299,68864,KUIPER-00500,68882,2026-07-30 08:49:14,9.2373,9.547,0.111,646.4,0.4
9522,STARLINK-2738,48668,STARLINK-35574,66111,2026-07-31 03:44:41,9.1296,9.218,0.11,479.2,0.4
9523,STARLINK-2731,48651,STARLINK-34364,64495,2026-07-30 21:51:55,8.4175,8.421,0.101,466.6,0.4
9524,STARLINK-30771,58169,STARLINK-33783,63712,2026-07-30 14:26:04,6.5719,6.639,0.079,485.4,0.4
9525,STARLINK-2081,47366,STARLINK-32413,61590,2026-07-30 16:11:37,9.6225,9.793,0.115,479.4,0.3
9526,STARLINK-3675,51963,STARLINK-35387,65909,2026-07-31 03:05:48,6.4677,6.478,0.077,485.8,0.3
9527,STARLINK-2655,48449,STARLINK-31659,59254,2026-07-30 14:38:29,8.8151,9.146,0.103,479.4,0.3
9528,AE5RB,66693,SITRO-AIS-59,67257,2026-07-30 14:01:27,6.4318,6.728,0.076,496.2,0.3
9529,FLOCK 4G-25,62646,FLOCK 4G-1,62666,2026-07-31 06:12:03,0.5352,0.542,0.008,491.0,0.3
9530,STARLINK-30404,57853,STARLINK-35537,66234,2026-07-31 00:59:43,9.5721,9.625,0.111,485.8,0.3
9531,STARLINK-3533,51715,STARLINK-34795,65684,2026-07-30 21:14:07,9.1005,9.228,0.106,466.0,0.3
9532,FLOCK 4H-18,66721,PIAST-S2,66757,2026-07-30 19:48:05,4.788,4.841,0.056,503.4,0.3
9533,STARLINK-4052,53171,STARLINK-32387,61704,2026-07-31 01:05:17,8.3211,8.646,0.096,460.3,0.3
9534,GLOBAL-18,52196,STARLINK-37525,69462,2026-07-30 22:42:49,5.2113,5.215,0.061,420.0,0.3
9535,KUIPER-00609,69770,KUIPER-00647,69790,2026-07-31 08:01:18,6.4797,6.754,0.075,466.4,0.3
9536,STARLINK-2667,48663,STARLINK-35410,66024,2026-07-30 17:40:36,8.3452,8.502,0.095,465.8,0.3
9537,STARLINK-2046,47354,STARLINK-31878,60031,2026-07-31 01:34:47,9.0693,9.086,0.103,479.5,0.3
9538,LEMUR-2-KRISH,64561,ICEYE-X54,64570,2026-07-30 12:32:03,6.6248,6.676,0.076,596.1,0.3
9539,STARLINK-3419,51463,STARLINK-34108,65872,2026-07-31 02:51:43,8.3295,8.379,0.094,479.4,0.3
9540,2025-313AL,67282,SITRO-AIS-63,67294,2026-07-31 03:27:48,5.7972,5.804,0.066,504.8,0.3
9541,FLOCK 4H-2,66705,ALSAT-3B,67646,2026-07-31 00:29:51,5.0168,5.017,0.057,515.9,0.3
9542,STARLINK-31350,58933,STARLINK-31293,58952,2026-07-31 02:09:40,6.7681,6.833,0.076,472.0,0.3
9543,EXO-0,59175,WARATAH SEED-1,60469,2026-07-31 06:01:11,5.0931,5.202,0.058,474.0,0.3
9544,STARLINK-32832,63040,STARLINK-32790,63048,2026-07-30 11:12:01,6.8042,6.833,0.076,479.7,0.3
9545,STARLINK-2122,47400,STARLINK-35193,65889,2026-07-30 16:48:36,7.0492,7.173,0.079,472.0,0.3
9546,STARLINK-3252,49733,STARLINK-36766,68069,2026-07-31 01:02:54,8.3504,8.352,0.092,465.7,0.3
9547,STARLINK-3728,52361,STARLINK-35158,66381,2026-07-30 19:22:21,3.0142,3.173,0.034,473.8,0.3
9548,STARLINK-37652,69354,STARLINK-37436,69365,2026-07-31 00:40:31,7.1179,7.309,0.078,433.8,0.3
9549,STARLINK-30803,58157,STARLINK-30812,58168,2026-07-30 15:40:09,7.0808,7.197,0.078,486.0,0.3
9550,STARLINK-31939,60026,STARLINK-32171,60332,2026-07-30 09:40:15,5.6833,5.857,0.062,472.0,0.3
9551,STARLINK-3597,51898,STARLINK-5238,54188,2026-07-31 03:45:32,5.8308,5.971,0.064,477.5,0.3
9552,STARLINK-3242,49727,STARLINK-36970,68071,2026-07-31 06:12:56,3.4234,3.426,0.038,473.8,0.3
9553,LYRA-1,62664,FLOCK 4H-1,66704,2026-07-31 08:20:11,8.481,8.641,0.09,501.4,0.3
9554,KOYOH,58464,LEMUR-2-STAS-GORBUK,66686,2026-07-30 15:25:31,9.6982,9.945,0.102,524.6,0.3
9555,STARLINK-2482,48139,STARLINK-31591,59207,2026-07-30 10:27:42,8.6198,8.668,0.091,466.0,0.3
9556,SCORPION (RS89S),67293,ALSAT-3B,67646,2026-07-30 08:47:04,7.6093,7.666,0.08,511.9,0.3
9557,STARLINK-2098,47378,STARLINK-32424,61548,2026-07-30 18:02:28,8.802,9.083,0.092,465.7,0.3
9558,EDISON-1,62610,FLOCK 4G-25,62646,2026-07-30 23:55:13,7.2076,7.375,0.076,488.3,0.3
9559,STARLINK-4008,52622,STARLINK-32727,62828,2026-07-30 09:32:25,8.623,8.967,0.09,460.4,0.3
9560,LYRA-1,62664,FLOCK 4H-1,66704,2026-07-31 07:33:03,8.6308,8.686,0.09,522.6,0.3
9561,SCS-01 L,63992,FLOCK 4H-31,66734,2026-07-31 02:22:47,8.8467,8.862,0.092,502.2,0.3
9562,STARLINK-34131,64182,STARLINK-34400,64463,2026-07-31 06:07:21,6.3367,6.61,0.066,471.9,0.3
9563,STARLINK-4684,53595,STARLINK-36402,68966,2026-07-31 06:35:10,9.2261,9.377,0.094,478.9,0.3
9564,T.MICROSAT-1,66766,LEMUR-2-LAILA,66776,2026-07-30 13:04:18,2.4303,2.519,0.026,517.4,0.3
9565,STARLINK-32449,61670,STARLINK-34197,64184,2026-07-31 08:09:04,7.5707,7.619,0.077,471.9,0.3
9566,STARLINK-32375,61070,STARLINK-32428,61666,2026-07-30 11:20:26,9.4857,9.809,0.096,471.8,0.3
9567,ARVAKER-1,63252,TRANSPORTER-13 OBJECT BC,63260,2026-07-31 07:37:36,2.196,2.229,0.024,599.6,0.3
9568,OTTER SDM,66678,FLOCK 4H-9,66712,2026-07-30 13:59:28,4.0626,4.194,0.042,503.5,0.3
9569,AE5RB,66693,SITRO-AIS-59,67257,2026-07-31 00:16:01,7.534,7.56,0.076,507.0,0.3
9570,STARLINK-2493,48150,STARLINK-32461,61701,2026-07-30 22:45:53,9.3468,9.347,0.093,465.9,0.3
9571,IRIDE FM5,66699,LEMUR-2-LAILA,66776,2026-07-30 12:17:23,4.9197,5.138,0.05,501.2,0.3
9572,ICEYE-X55,64581,AE2A,64591,2026-07-30 09:50:41,6.8659,6.912,0.069,577.1,0.3
9573,LEMUR-2-WOBLER,67368,LEMUR-2-KATIE,67387,2026-07-30 17:59:38,5.9186,5.978,0.059,598.9,0.3
9574,KUIPER-00609,69770,KUIPER-00627,69782,2026-07-30 19:32:46,7.667,7.684,0.076,466.2,0.3
9575,BANDWAGON-4 OBJECT M,66304,BANDWAGON-4 OBJECT Q,66307,2026-07-30 15:20:41,4.6649,4.695,0.046,484.2,0.3
9576,SCORPION (RS89S),67293,ALSAT-3B,67646,2026-07-30 15:05:38,8.5625,8.642,0.084,511.8,0.3
9577,STARLINK-2684,48471,STARLINK-3343,50822,2026-07-30 19:51:32,7.3484,7.503,0.072,486.7,0.3
9578,STARLINK-4158,53027,STARLINK-32467,61713,2026-07-30 09:35:48,3.8008,3.805,0.038,460.4,0.3
9579,STARLINK-31978,60016,STARLINK-31986,60019,2026-07-30 14:08:31,7.8911,8.061,0.075,485.7,0.3
9580,STARLINK-5200,54103,STARLINK-32721,62438,2026-07-30 09:32:04,6.9186,6.962,0.066,466.9,0.3
9581,STARLINK-30802,58150,STARLINK-30789,58166,2026-07-30 20:08:48,8.1875,8.194,0.077,472.3,0.3
9582,2023-072F,56748,STARLINK-36187,68613,2026-07-30 19:56:31,4.7888,4.895,0.046,469.5,0.3
9583,UTMN 2 (RS27S),57203,STARLINK-35057,65525,2026-07-30 10:16:03,9.7916,9.841,0.091,467.8,0.3
9584,STARLINK-2107,47723,STARLINK-36298,68517,2026-07-30 15:40:28,8.3211,8.546,0.077,466.0,0.3
9585,AE5RB,66693,SITRO-AIS-59,67257,2026-07-30 15:35:57,8.3156,8.322,0.076,496.2,0.3
9586,STARLINK-31253,58830,STARLINK-31280,58843,2026-07-30 09:25:23,8.267,8.56,0.075,479.4,0.3
9587,ARVAKER-1,63252,TRANSPORTER-13 OBJECT BC,63260,2026-07-31 06:01:29,2.4906,2.551,0.024,599.6,0.3
9588,TEVEL2-7,63238,HERMES-2,63243,2026-07-30 19:20:14,6.7378,6.871,0.061,484.8,0.3
9589,PRAETORIAN SDA_612,65575,PRAETORIAN SDA_601,65585,2026-07-31 06:35:46,9.05,9.064,0.081,942.9,0.3
9590,STARLINK-30779,58160,STARLINK-30771,58169,2026-07-31 00:37:27,8.4791,8.689,0.076,472.0,0.3
9591,IRIDE FM8,66702,FLOCK 4H-36,66739,2026-07-30 12:18:02,4.6537,4.671,0.042,503.1,0.3
9592,SITRO-AIS-65,67266,2025-313AG,67278,2026-07-30 08:57:22,4.5085,4.67,0.041,505.3,0.3
9593,FLOCK 4H-4,66707,IHI-SAT2,66772,2026-07-30 11:59:31,9.4385,9.615,0.083,501.5,0.3
9594,FLOCK 4H-14,66717,ALSAT-3A,67474,2026-07-31 03:38:32,5.1865,5.27,0.046,499.2,0.3
9595,STARLINK-4291,52988,STARLINK-4255,53003,2026-07-30 12:50:51,2.75,2.75,0.025,476.8,0.3
9596,OTTER SDM,66678,FLOCK 4H-9,66712,2026-07-30 14:46:39,4.7338,4.766,0.042,518.6,0.3
9597,STARLINK-32075,60345,STARLINK-32084,60347,2026-07-31 01:12:56,8.7351,8.74,0.076,472.0,0.3
9598,STARLINK-33838,63500,STARLINK-33750,63513,2026-07-31 02:02:49,9.1959,9.201,0.08,470.2,0.3
9599,FLOCK 4H-35,66738,MERCURY ONE (M1),66742,2026-07-30 22:22:53,4.6829,4.683,0.041,502.2,0.3
9600,STARLINK-5025,53920,STARLINK-32689,62440,2026-07-31 00:57:47,7.5847,7.595,0.065,465.4,0.3
9601,STARLINK-2226,48010,STARLINK-32702,62432,2026-07-30 18:14:50,9.6604,9.662,0.082,465.7,0.3
9602,STARLINK-34795,65684,STARLINK-34930,65688,2026-07-31 08:10:34,8.8557,8.973,0.075,466.4,0.2
9603,TRANSPORTER-15 OBJECT DD,66765,2025-313X,67269,2026-07-30 23:11:36,8.5389,8.622,0.072,503.8,0.2
9604,STARLINK-36828,67857,STARLINK-36780,67866,2026-07-30 18:55:35,9.0735,9.175,0.076,465.5,0.2
9605,STARLINK-2473,48131,STARLINK-32299,61702,2026-07-31 06:22:59,8.6999,8.714,0.073,465.9,0.2
9606,STARLINK-4658,53612,STARLINK-4554,53626,2026-07-30 23:59:55,8.926,8.928,0.075,495.8,0.2
9607,STARLINK-34647,64904,STARLINK-34702,64908,2026-07-31 00:13:58,8.9788,8.99,0.075,479.2,0.2
9608,STARLINK-32212,60256,STARLINK-32163,60262,2026-07-30 21:44:31,9.3489,9.501,0.077,479.3,0.2
9609,2025-012B,62726,TRANSPORTER-15 OBJECT CN,66750,2026-07-30 16:35:12,9.0734,9.196,0.075,498.8,0.2
9610,MERCURY ONE (M1),66742,GENA-OT,66774,2026-07-30 20:48:11,7.9559,8.053,0.066,501.5,0.2
9611,FLOCK 4H-19,66722,NUSAT-47,66743,2026-07-31 03:23:11,4.131,4.179,0.035,501.0,0.2
9612,BANDWAGON-4 OBJECT M,66304,BANDWAGON-4 OBJECT Q,66307,2026-07-30 14:33:48,5.6033,5.606,0.047,486.3,0.2
9613,STARLINK-34659,64913,STARLINK-34636,64915,2026-07-31 06:23:04,9.3293,9.374,0.076,479.2,0.2
9614,2025-313P,67261,2025-313AA,67272,2026-07-31 00:45:15,8.92,9.067,0.073,498.3,0.2
9615,ZORKIY-2M-VPE,67252,SITRO-AIS-59,67257,2026-07-31 05:46:43,7.842,7.866,0.063,494.5,0.2
9616,STARLINK-34992,65412,STARLINK-35014,65429,2026-07-30 20:39:34,9.4266,9.528,0.076,478.9,0.2
9617,STARLINK-34543,64926,STARLINK-34875,65689,2026-07-30 16:17:27,9.593,9.793,0.077,465.8,0.2
9618,STARLINK-31506,59259,STARLINK-31639,59261,2026-07-30 23:23:49,9.5185,9.522,0.076,472.5,0.2
9619,STARLINK-35036,65406,STARLINK-34983,65411,2026-07-31 02:01:52,9.5457,9.546,0.076,465.8,0.2
9620,STARLINK-32128,60272,STARLINK-33656,63389,2026-07-30 21:03:35,8.2868,8.37,0.066,467.1,0.2
9621,FLOCK 4H-29,66732,FORESAIL-1 PRIME,66778,2026-07-30 10:16:16,3.0586,3.12,0.025,506.9,0.2
9622,STARLINK-3694,51957,STARLINK-31999,60101,2026-07-30 11:40:25,8.1051,8.307,0.064,479.5,0.2
9623,STARLINK-1202,45183,STARLINK-3618,51998,2026-07-31 07:26:06,8.9263,8.98,0.071,468.0,0.2
9624,LOBACHEVSKY (RS83S),67284,MULE 4T,67286,2026-07-30 21:38:56,5.7643,5.766,0.046,506.4,0.2
9625,STARLINK-34687,64909,STARLINK-34653,64917,2026-07-30 10:08:45,9.6209,9.639,0.076,465.6,0.2
9626,AE5RB,66693,SITRO-AIS-59,67257,2026-07-30 22:41:24,9.681,9.92,0.076,506.9,0.2
9627,2025-313X,67269,2025-313AA,67272,2026-07-30 12:56:36,3.8836,3.917,0.031,493.2,0.2
9628,PADRE,64559,IRIDE-MS2-HEO-5,64571,2026-07-30 20:56:28,7.9397,8.088,0.062,589.0,0.2
9629,STARLINK-3250,49749,STARLINK-34891,65373,2026-07-30 20:30:44,8.4881,8.508,0.066,465.9,0.2
9630,IRIDE FM1,66695,IRIDE FM8,66702,2026-07-30 23:21:39,5.2282,5.258,0.041,502.6,0.2
9631,T.MICROSAT-1,66766,LEMUR-2-LAILA,66776,2026-07-30 12:17:16,3.2567,3.314,0.026,499.5,0.2
9632,STARLINK-32886,62807,STARLINK-32848,62808,2026-07-30 14:50:44,9.8138,9.835,0.076,465.3,0.2
9633,STARLINK-32230,60366,STARLINK-32269,60377,2026-07-30 12:57:59,9.9214,9.934,0.077,472.2,0.2
9634,STARLINK-3265,50180,STARLINK-35124,65511,2026-07-31 05:30:01,8.8862,8.908,0.069,479.2,0.2
9635,STARLINK-32166,60257,STARLINK-32126,60295,2026-07-30 13:47:54,8.1551,8.156,0.063,465.9,0.2
9636,SPOQC,68423,IRIDE-MS1-EAGLET 2-16,68452,2026-07-31 07:14:07,1.2646,1.274,0.011,523.8,0.2
9637,JCSAT-5A,29045,JCSAT-12 (JCSAT-RA),35755,2026-07-30 12:13:26,9.0874,9.254,0.067,35797.4,0.2
9638,STARLINK-32197,60416,STARLINK-32858,62962,2026-07-31 04:16:32,4.6435,4.7,0.035,485.4,0.2
9639,STARLINK-2510,48329,STARLINK-32573,61725,2026-07-30 11:17:08,7.7372,7.788,0.056,479.5,0.2
9640,STARLINK-4730,53794,STARLINK-35303,65860,2026-07-31 03:04:14,8.6629,8.77,0.063,465.6,0.2
9641,TRANSPORTER-16 OBJECT AA,68440,LUNA-2,68470,2026-07-30 21:26:25,9.2829,9.472,0.066,518.9,0.2
9642,OTTER PUP 2,64537,GHGSAT-C13,64548,2026-07-31 05:43:50,4.3648,4.365,0.032,514.5,0.2
9643,STARLINK-4706,53779,STARLINK-35208,65854,2026-07-31 06:25:42,8.8161,8.839,0.063,479.3,0.2
9644,STARLINK-3210,49755,STARLINK-32561,62026,2026-07-30 23:14:56,9.1346,9.137,0.065,460.3,0.2
9645,STARLINK-3357,51150,STARLINK-32127,60146,2026-07-31 00:45:12,3.3229,3.357,0.024,476.8,0.2
9646,FLOCK 4H-18,66721,PIAST-S2,66757,2026-07-30 20:35:37,8.2264,8.273,0.057,518.8,0.2
9647,AE5RA,66685,PHI 1,66775,2026-07-30 10:50:54,7.8928,7.893,0.055,496.9,0.2
9648,2025-313P,67261,2025-313X,67269,2026-07-31 07:49:57,5.9849,5.987,0.042,487.7,0.2
9649,STARLINK-4712,53798,STARLINK-35453,65878,2026-07-31 01:03:11,9.1417,9.217,0.063,465.8,0.2
9650,STARLINK-4564,53560,STARLINK-32017,60032,2026-07-30 10:10:38,9.4817,9.528,0.065,475.5,0.2
9651,HAWK-14A,68448,DB CHARMS ND,68455,2026-07-30 17:26:21,4.5986,4.689,0.032,512.8,0.2
9652,SITRO-AIS 43,61755,SITRO-AIS 41,61760,2026-07-30 12:31:23,7.3534,7.507,0.05,335.5,0.2
9653,STARLINK-31652,59256,STARLINK-32481,62320,2026-07-30 10:12:06,8.0675,8.099,0.055,485.6,0.2
9654,HAWK-2A,47505,STARLINK-37943,69666,2026-07-31 00:21:07,4.719,4.741,0.033,479.3,0.2
9655,STARLINK-1560,46036,STARLINK-34590,64675,2026-07-30 08:52:05,7.9032,7.935,0.054,465.8,0.2
9656,STARLINK-1540,46051,STARLINK-34281,64260,2026-07-31 03:41:02,9.3837,9.406,0.063,479.5,0.2
9657,MAUVE,66756,IHI-SAT2,66772,2026-07-30 22:14:46,7.6258,7.633,0.051,517.4,0.2
9658,STARLINK-2443,48107,STARLINK-31577,59203,2026-07-30 15:16:54,7.9483,7.949,0.053,479.6,0.2
9659,STARLINK-2491,48148,STARLINK-35513,65930,2026-07-30 12:33:33,9.5432,9.628,0.064,479.2,0.2
9660,FLOCK 4H-35,66738,GENA-OT,66774,2026-07-30 17:38:22,3.4918,3.562,0.024,499.4,0.2
9661,STARLINK-2049,47356,STARLINK-32024,60112,2026-07-31 03:33:56,9.6893,9.692,0.064,479.3,0.2
9662,STARLINK-5057,53908,STARLINK-32720,62451,2026-07-30 15:40:52,9.9388,9.939,0.065,465.6,0.2
9663,STARLINK-37928,69955,STARLINK-37824,69956,2026-07-30 22:42:18,1.998,2.03,0.014,335.9,0.2
9664,STARLINK-2471,48129,STARLINK-30600,58100,2026-07-30 15:08:02,9.9582,9.977,0.065,479.4,0.2
9665,FLOCK 4H-32,66735,FOSSASA-2E23,66788,2026-07-30 23:42:09,6.248,6.287,0.041,515.8,0.2
9666,STARLINK-3331,50834,STARLINK-3311,50849,2026-07-31 02:54:47,5.9663,5.97,0.039,463.2,0.2
9667,STARLINK-3245,50170,STARLINK-32179,60734,2026-07-30 22:20:51,8.8431,8.844,0.057,479.3,0.2
9668,TRANSPORTER-15 OBJECT CZ,66761,LUNA-1,66777,2026-07-30 13:32:47,7.8438,7.848,0.051,493.7,0.2
9669,2025-292E,66997,2025-292H,67000,2026-07-31 08:18:10,9.1586,9.213,0.058,548.4,0.2
9670,STARLINK-33843,63507,STARLINK-35923,66641,2026-07-30 16:05:49,8.8959,8.898,0.056,465.5,0.2
9671,IRIDE-MS2-HEO-1,62697,NORSAT 4,62702,2026-07-30 19:08:28,9.425,9.533,0.059,597.2,0.2
9672,STARLINK-3609,51808,STARLINK-30913,58388,2026-07-30 10:51:40,4.3513,4.365,0.028,459.8,0.2
9673,TRANSPORTER-16 OBJECT Y,68438,TRANSPORTER-16 OBJECT BD,68467,2026-07-30 12:40:03,6.9117,6.925,0.044,517.1,0.2
9674,TRANSPORTER-15 OBJECT CZ,66761,LUNA-1,66777,2026-07-30 15:06:56,8.0915,8.093,0.051,493.7,0.2
9675,STARLINK-2504,48328,STARLINK-32314,61709,2026-07-30 09:48:59,9.9582,9.966,0.062,479.7,0.2
9676,IRIDE FM2,66696,FLOCK 4H-10,66713,2026-07-30 11:34:47,2.6151,2.616,0.017,503.8,0.2
9677,STARLINK-30834,58151,STARLINK-32650,62231,2026-07-30 20:08:28,9.3829,9.485,0.058,485.4,0.2
9678,STARLINK-2419,47830,STARLINK-31649,59390,2026-07-30 13:45:24,7.7399,7.863,0.047,479.8,0.2
9679,2023-072F,56748,STARLINK-36187,68613,2026-07-30 20:42:55,7.6309,7.632,0.047,482.5,0.2
9680,IRIDE-MS2-HEO-1,62697,NORSAT 4,62702,2026-07-30 17:32:24,9.7759,9.918,0.059,597.2,0.2
9681,STARLINK-30410,57841,STARLINK-32367,60919,2026-07-30 15:22:55,7.1623,7.163,0.044,471.9,0.2
9682,STARLINK-5233,54160,STARLINK-37136,68347,2026-07-31 00:22:42,8.6277,8.644,0.052,467.4,0.2
9683,STARLINK-2663,48443,STARLINK-37004,68089,2026-07-30 23:35:19,8.1446,8.25,0.049,465.7,0.2
9684,STARLINK-3363,51135,STARLINK-37165,68287,2026-07-31 01:10:10,9.5689,9.618,0.057,460.3,0.2
9685,CARTOSAT-2B,36795,KINEIS-2E,62931,2026-07-31 08:16:40,9.7969,9.825,0.058,632.6,0.2
9686,2025-012C,62727,FOSSASAT-2E20 (TAT-O),63003,2026-07-31 04:10:34,3.7097,3.736,0.023,478.2,0.2
9687,MULE 4T,67286,SAKHACUBE-CHOLBON (RS1*),67290,2026-07-31 00:00:38,3.2159,3.229,0.02,491.0,0.2
9688,STARLINK-3331,50834,STARLINK-3311,50849,2026-07-31 03:41:10,6.5757,6.609,0.039,476.6,0.2
9689,STARLINK-4016,52603,STARLINK-35200,65855,2026-07-30 20:42:54,8.1636,8.164,0.048,479.7,0.2
9690,FLOCK 4H-35,66738,GENA-OT,66774,2026-07-30 18:25:33,4.1355,4.162,0.025,518.3,0.2
9691,FLOCK 4H-2,66705,ALSAT-3B,67646,2026-07-30 23:42:37,9.9169,9.961,0.057,496.2,0.2
9692,IRIDE FM6,66700,FLOCK 4H-16,66719,2026-07-31 08:16:26,9.2307,9.341,0.053,502.0,0.2
9693,STARLINK-3622,51768,STARLINK-30939,58393,2026-07-30 12:48:53,4.0155,4.015,0.024,474.1,0.2
9694,ARVAKER-1,63252,TRANSPORTER-13 OBJECT BC,63260,2026-07-31 04:25:22,4.1467,4.208,0.024,599.6,0.2
9695,STARLINK-30278,57668,STARLINK-32631,62235,2026-07-31 06:07:58,8.74,8.745,0.05,465.7,0.2
9696,IRIDE FM8,66702,FLOCK 4H-36,66739,2026-07-30 10:43:57,7.5414,7.544,0.043,503.0,0.2
9697,6GSTARLAB,66683,FLOCK 4H-4,66707,2026-07-30 15:57:01,5.5545,5.561,0.031,521.7,0.2
9698,FLOCK 4H-15,66718,FLOCK 4H-21,66724,2026-07-30 16:25:01,8.1273,8.136,0.045,519.0,0.2
9699,IRIDE FM5,66699,T.MICROSAT-1,66766,2026-07-30 12:17:16,4.1992,4.235,0.024,502.0,0.2
9700,STARLINK-3202,49742,STARLINK-34869,65371,2026-07-30 21:59:14,3.2187,3.244,0.018,460.5,0.2
9701,STARLINK-2045,47353,STARLINK-37291,68560,2026-07-31 00:26:40,9.4528,9.475,0.052,465.5,0.2
9702,STARLINK-37950,69560,STARLINK-37952,69561,2026-07-31 01:37:03,1.823,1.827,0.011,457.7,0.2
9703,SITRO-TD-3,67270,2025-313AA,67272,2026-07-30 12:08:55,3.2271,3.227,0.018,502.9,0.2
9704,FLOCK 4H-15,66718,FLOCK 4H-21,66724,2026-07-30 15:38:12,8.3089,8.356,0.045,503.0,0.2
9705,STARLINK-2575,48396,STARLINK-35265,65748,2026-07-31 05:32:10,9.4073,9.451,0.05,466.0,0.2
9706,NUSAT-54 (BRANCA MARQU*),68442,COSMO,68460,2026-07-31 07:00:50,1.6599,1.66,0.01,512.3,0.2
9707,T.MICROSAT-2,68433,HAWK-14A,68448,2026-07-31 06:53:03,6.3548,6.365,0.034,524.2,0.2
9708,FLOCK 4H-32,66735,FOSSASA-2E23,66788,2026-07-30 22:56:05,8.0065,8.025,0.042,502.4,0.2
9709,STARLINK-2672,48650,STARLINK-34298,64269,2026-07-30 15:43:03,8.9762,8.99,0.046,465.8,0.2
9710,FLOCK 4G-9,62622,NUSAT-45 (UZMASAT-1),62640,2026-07-30 12:03:06,4.0662,4.076,0.021,475.8,0.2
9711,STARLINK-4050,53274,STARLINK-36837,67858,2026-07-30 10:45:23,6.6756,6.752,0.034,462.9,0.1
9712,STARLINK-38056,69760,STARLINK-38064,69988,2026-07-31 04:10:58,7.5197,7.523,0.038,342.5,0.1
9713,STARLINK-4050,53274,STARLINK-36837,67858,2026-07-30 11:31:30,6.7231,6.767,0.034,476.8,0.1
9714,STARLINK-2412,48094,STARLINK-35524,65914,2026-07-30 10:45:56,8.1581,8.16,0.041,466.0,0.1
9715,STARLINK-3294,50829,STARLINK-35799,66290,2026-07-30 22:45:26,3.3768,3.41,0.017,476.7,0.1
9716,STARLINK-2378,47916,STARLINK-31710,59378,2026-07-31 02:03:54,7.706,7.706,0.038,479.8,0.1
9717,STARLINK-3812,52346,STARLINK-33767,63722,2026-07-30 22:56:41,4.7096,4.718,0.024,472.0,0.1
9718,HADES-SA (SPINNYONE),68446,IRIDE-MS1-EAGLET 2-15,68462,2026-07-31 06:02:27,6.3847,6.437,0.031,519.4,0.1
9719,STARLINK-4204,52854,STARLINK-5408,54810,2026-07-30 20:53:17,4.2092,4.241,0.021,466.9,0.1
9720,IRIDE FM8,66702,FLOCK 4H-36,66739,2026-07-30 13:05:57,9.0361,9.038,0.043,518.4,0.1
9721,STARLINK-31467,59235,STARLINK-33624,63071,2026-07-30 16:29:42,9.1786,9.19,0.044,479.5,0.1
9722,NUSAT-54 (BRANCA MARQU*),68442,AISSAT 4,68454,2026-07-30 12:49:14,1.3572,1.366,0.007,523.9,0.1
9723,STARLINK-32850,62950,STARLINK-35014,65429,2026-07-30 16:44:45,8.2979,8.303,0.038,465.6,0.1
9724,STARLINK-3563,51858,STARLINK-32044,60092,2026-07-30 13:07:14,8.3125,8.354,0.038,460.3,0.1
9725,ARVAKER-1,63252,TRANSPORTER-13 OBJECT BC,63260,2026-07-31 08:25:20,5.1571,5.198,0.024,580.8,0.1
9726,T.MICROSAT-2,68433,HAWK-14A,68448,2026-07-31 07:39:50,7.5445,7.545,0.034,512.7,0.1
9727,ANISCSAT-1,66671,FLOCK 4H-3,66706,2026-07-30 12:39:09,6.0982,6.117,0.028,501.7,0.1
9728,JILIN-1 KUANFU-01B,49003,JILIN GAOFEN OBJECT C,68693,2026-07-30 18:04:35,4.3263,4.34,0.02,547.3,0.1
9729,STARLINK-3563,51858,STARLINK-32044,60092,2026-07-30 13:53:12,8.643,8.674,0.038,474.1,0.1
9730,IRIDE FM1,66695,IRIDE FM8,66702,2026-07-31 00:09:16,9.8678,9.915,0.043,517.4,0.1
9731,FLOCK 4H-19,66722,NUSAT-47,66743,2026-07-31 02:36:03,8.1717,8.179,0.036,518.3,0.1
9732,2023-085A,57004,STARLINK-36713,67701,2026-07-31 05:47:10,7.5057,7.527,0.033,473.2,0.1
9733,STARLINK-32889,62961,STARLINK-34837,65423,2026-07-30 09:35:23,8.8043,8.885,0.038,464.8,0.1
9734,STARLINK-2407,47822,STARLINK-4591,53607,2026-07-31 00:16:41,8.5261,8.537,0.036,466.2,0.1
9735,STARLINK-2178,47760,STARLINK-32246,60432,2026-07-30 20:27:38,8.2235,8.241,0.035,465.8,0.1
9736,STARLINK-2503,48151,STARLINK-34847,65211,2026-07-30 23:26:15,8.6701,8.715,0.037,479.3,0.1
9737,STARLINK-30514,58028,STARLINK-31811,60051,2026-07-30 18:37:55,8.497,8.498,0.036,479.5,0.1
9738,STARLINK-3807,52353,STARLINK-3728,52361,2026-07-30 09:12:35,5.9577,5.975,0.025,461.6,0.1
9739,STARLINK-2153,48009,STARLINK-32886,62807,2026-07-30 09:21:56,9.6164,9.618,0.04,479.3,0.1
9740,STARLINK-1523,46028,STARLINK-1557,46034,2026-07-31 01:25:54,9.9409,9.941,0.041,481.0,0.1
9741,MICE-1,66684,FLOCK 4H-6,66709,2026-07-31 06:56:03,5.5886,5.594,0.023,520.5,0.1
9742,2026-052C,68200,2026-052G,68204,2026-07-31 06:48:28,5.4459,5.476,0.022,529.2,0.1
9743,SITRO-TD-3,67270,2025-313AA,67272,2026-07-30 11:22:56,4.4504,4.451,0.018,495.7,0.1
9744,STARLINK-3862,52471,STARLINK-31939,60026,2026-07-31 02:07:05,5.5893,5.597,0.023,485.9,0.1
9745,ARVAKER-1,63252,TRANSPORTER-13 OBJECT BC,63260,2026-07-31 02:49:14,6.1511,6.174,0.025,599.6,0.1
9746,MBZ-SAT,62626,FOSSASAT-2E18 (TAT-A),62686,2026-07-31 02:08:58,9.1092,9.112,0.036,505.4,0.1
9747,STARLINK-2612,48379,STARLINK-34875,65689,2026-07-30 11:35:31,9.0758,9.11,0.035,465.8,0.1
9748,LEMUR-2-SONNENBLUME,67367,CAPELLA-19 (ACADIA-9),67384,2026-07-30 15:04:40,9.4571,9.468,0.036,603.9,0.1
9749,GYEONGGISAT-1,66771,PHI 1,66775,2026-07-31 04:11:38,6.1622,6.172,0.024,499.3,0.1
9750,FOSSASAT-2E20 (TAT-O),63003,PELICAN-5,66667,2026-07-30 12:46:57,8.6197,8.621,0.033,469.0,0.1
9751,KUIPER-00481,69594,KUIPER-00533,69605,2026-07-30 09:36:19,2.13,2.141,0.008,451.0,0.1
9752,STARLINK-37977,69687,STARLINK-37912,69698,2026-07-31 02:43:26,5.4554,5.487,0.02,436.0,0.1
9753,HADES-SA (SPINNYONE),68446,IRIDE-MS1-EAGLET 2-15,68462,2026-07-31 05:15:54,9.0132,9.013,0.033,507.3,0.1
9754,ONEWEB-0211,48767,ONEWEB-0632,56073,2026-07-30 16:39:20,4.9335,4.96,0.018,1198.4,0.1
9755,HAWK-2A,47505,STARLINK-37943,69666,2026-07-30 23:35:39,9.1607,9.174,0.033,461.2,0.1
9756,STARLINK-2627,48687,STARLINK-31995,59958,2026-07-30 19:01:15,9.6761,9.711,0.035,466.0,0.1
9757,UHETSAT,58466,STARLINK-35105,65543,2026-07-31 06:03:29,3.3593,3.373,0.012,466.2,0.1
9758,NANOFF B,58755,NANOFF A,58810,2026-07-31 00:52:36,0.9194,0.922,0.004,546.3,0.1
9759,FLOCK 4H-29,66732,FORESAIL-1 PRIME,66778,2026-07-30 09:30:23,7.6972,7.737,0.027,521.2,0.1
9760,STARLINK-2388,47807,STARLINK-32250,60425,2026-07-31 02:35:36,8.9304,8.947,0.031,465.9,0.1
9761,STARLINK-37928,69955,STARLINK-37824,69956,2026-07-31 00:13:18,4.9242,4.942,0.017,335.8,0.1
9762,TRANSPORTER-16 OBJECT BP,68477,ICEYE-X71,68494,2026-07-30 21:44:48,5.0931,5.094,0.018,602.0,0.1
9763,STARLINK-32121,60264,STARLINK-33648,63371,2026-07-30 08:59:34,2.9816,2.989,0.011,484.8,0.1
9764,VIREON-2,68421,IRIDE-MS1-EAGLET 2-16,68452,2026-07-30 10:38:42,4.1666,4.169,0.014,524.1,0.1
9765,IRIDE-MS1-EAGLET 2-15,68462,TRANSPORTER-16 OBJECT BD,68467,2026-07-30 11:03:13,9.2827,9.304,0.031,519.9,0.1
9766,ARVAKER-1,63252,TRANSPORTER-13 OBJECT BC,63260,2026-07-31 06:48:41,7.26,7.265,0.024,580.8,0.1
9767,SHARJAH-SAT-2,68444,IRIDE-MS1-EAGLET 2-16,68452,2026-07-30 22:29:44,7.9348,7.938,0.026,508.8,0.1
9768,STARLINK-4204,52854,STARLINK-5408,54810,2026-07-30 20:07:36,6.4065,6.415,0.021,481.3,0.1
9769,GYEONGGISAT-1,66771,PHI 1,66775,2026-07-31 03:25:25,7.2683,7.297,0.024,517.6,0.1
9770,STARLINK-2720,48653,STARLINK-34462,64493,2026-07-30 12:06:39,9.6285,9.639,0.032,465.9,0.1
9771,STARLINK-4304,53414,STARLINK-32574,61954,2026-07-30 10:40:11,2.4432,2.449,0.008,462.9,0.1
9772,STARLINK-2435,47843,STARLINK-31608,59397,2026-07-30 22:30:08,9.6161,9.629,0.031,479.3,0.1
9773,STARLINK-32519,62317,STARLINK-34130,64736,2026-07-30 10:24:21,7.9701,8.01,0.026,479.4,0.1
9774,STARLINK-4256,52994,STARLINK-4194,53000,2026-07-30 09:02:03,3.967,3.97,0.013,474.0,0.1
9775,JILIN-1 KUANFU-01B,49003,JILIN GAOFEN OBJECT C,68693,2026-07-30 18:51:13,6.464,6.481,0.021,548.3,0.1
9776,STARLINK-34342,64271,STARLINK-34226,64494,2026-07-30 20:11:30,9.1218,9.147,0.028,465.7,0.1
9777,ARVAKER-1,63252,TRANSPORTER-13 OBJECT BC,63260,2026-07-31 01:13:06,8.2561,8.263,0.026,599.6,0.1
9778,STARLINK-37573,69422,STARLINK-37771,69439,2026-07-30 11:43:41,7.4983,7.502,0.023,434.0,0.1
9779,STARLINK-2104,47384,STARLINK-32028,60095,2026-07-30 10:59:52,9.5032,9.503,0.028,479.4,0.1
9780,STARLINK-34883,65426,STARLINK-35851,66356,2026-07-30 18:32:02,7.8715,7.876,0.023,479.4,0.1
9781,STARLINK-3538,51996,STARLINK-32045,60106,2026-07-30 15:22:43,4.5936,4.596,0.014,476.8,0.1
9782,IRIDE-MS1-EAGLET 2-14,68447,IRIDE-MS1-EAGLET 2-16,68452,2026-07-31 06:26:24,4.9833,5.006,0.014,508.7,0.1
9783,STARLINK-37926,69695,STARLINK-37912,69698,2026-07-30 19:46:38,7.6272,7.633,0.021,419.6,0.1
9784,STARLINK-37928,69955,STARLINK-37824,69956,2026-07-30 19:40:15,2.9061,2.911,0.008,336.1,0.1
9785,FLOCK 4H-35,66738,GENA-OT,66774,2026-07-30 16:51:43,9.1935,9.196,0.025,518.3,0.1
9786,CUBEBEL 2 (EU11S),57175,HORS 1,57188,2026-07-30 10:34:58,9.9678,9.97,0.027,482.9,0.1
9787,FLOCK 4H-35,66738,GENA-OT,66774,2026-07-30 16:04:29,9.9202,9.937,0.027,499.4,0.1
9788,IRIDE-MS1-EAGLET 2-9,68449,IRIDE-MS1-EAGLET 2-10,68451,2026-07-30 19:30:25,7.2478,7.267,0.019,509.2,0.1
9789,ARVAKER-1,63252,TRANSPORTER-13 OBJECT BC,63260,2026-07-31 05:12:02,9.3968,9.399,0.025,580.8,0.1
9790,STARLINK-30274,57672,STARLINK-34918,65331,2026-07-30 09:27:07,7.8321,7.84,0.021,479.3,0.1
9791,STARLINK-2031,47648,STARLINK-33629,63388,2026-07-30 23:01:56,9.6317,9.632,0.025,465.7,0.1
9792,2025-292G,66999,JILIN GAOFEN OBJECT F,68696,2026-07-31 02:21:49,7.4415,7.442,0.02,547.9,0.1
9793,YAM-17,69884,MIKROGLOB-1 (PIRX-1),69895,2026-07-30 16:11:54,2.0907,2.091,0.006,611.7,0.1
9794,STARLINK-2123,47401,STARLINK-32028,60095,2026-07-30 20:22:31,8.7336,8.751,0.023,479.4,0.1
9795,FLOCK 4BE-24,60505,CONNECTA IOT-4,60524,2026-07-31 03:10:32,2.959,2.964,0.008,429.9,0.1
9796,2026-052A,68198,2026-052F,68203,2026-07-30 21:15:15,7.7925,7.804,0.02,526.5,0.1
9797,STARLINK-37928,69955,STARLINK-37824,69956,2026-07-31 01:44:17,8.1702,8.183,0.021,335.7,0.1
9798,HAWK-14C,68441,DB CHARMS ND,68455,2026-07-30 13:25:55,1.5544,1.554,0.004,524.7,0.1
9799,STARLINK-34916,65427,STARLINK-35846,66367,2026-07-30 11:35:49,8.7505,8.751,0.022,465.9,0.1
9800,FLOCK 4G-9,62622,NUSAT-45 (UZMASAT-1),62640,2026-07-30 12:47:02,9.2212,9.224,0.023,493.7,0.1
9801,MICE-1,66684,FLOCK 4H-6,66709,2026-07-31 06:11:59,9.7271,9.728,0.024,504.2,0.1
9802,ONEWEB-0211,48767,ONEWEB-0632,56073,2026-07-30 17:32:12,7.5864,7.594,0.019,1216.9,0.1
9803,STARLINK-4618,53735,STARLINK-4710,53799,2026-07-31 06:17:52,9.7865,9.787,0.024,461.8,0.1
9804,VIREON-2,68421,IRIDE-MS1-EAGLET 2-16,68452,2026-07-30 11:25:20,5.8345,5.851,0.014,508.7,0.1
9805,SPOQC,68423,IRIDE-MS1-EAGLET 2-14,68447,2026-07-31 04:51:47,1.4611,1.461,0.004,506.1,0.1
9806,STARLINK-2379,47798,STARLINK-3145,49455,2026-07-30 21:50:20,7.8176,7.843,0.019,465.9,0.1
9807,STARLINK-3990,52626,STARLINK-37085,68252,2026-07-30 21:26:22,9.0697,9.089,0.022,460.5,0.1
9808,YAM-17,69884,GRUS-3C,69891,2026-07-31 08:18:09,2.4194,2.421,0.006,611.7,0.1
9809,STARLINK-4739,53792,STARLINK-34820,65041,2026-07-30 17:04:48,9.7906,9.791,0.023,479.8,0.1
9810,MULE 4T,67286,SAKHACUBE-CHOLBON (RS1*),67290,2026-07-30 23:15:12,9.6836,9.691,0.022,504.0,0.1
9811,STARLINK-1558,46035,STARLINK-36252,68533,2026-07-30 12:25:00,9.4306,9.433,0.021,465.6,0.1
9812,STARLINK-5050,53890,STARLINK-5051,53916,2026-07-30 20:33:24,7.304,7.326,0.017,473.5,0.1
9813,STARLINK-32121,60264,STARLINK-33648,63371,2026-07-30 09:45:01,4.9727,4.974,0.011,467.4,0.1
9814,IRIDE FM2,66696,FLOCK 4H-10,66713,2026-07-30 12:20:50,8.8824,8.883,0.02,517.6,0.1
9815,IRIDE-MS2-HEO-14,68986,YAM-12,69003,2026-07-30 15:53:53,6.3422,6.342,0.014,609.0,0.1
9816,IRIDE-MS1-EAGLET 2-9,68449,IRIDE-MS1-EAGLET 2-10,68451,2026-07-30 20:15:55,9.7731,9.773,0.021,523.1,0.1
9817,STARLINK-3538,51996,STARLINK-32045,60106,2026-07-30 14:39:49,6.9678,6.968,0.015,463.1,0.1
9818,TRANSPORTER-16 OBJECT Y,68438,IRIDE-MS1-EAGLET 2-15,68462,2026-07-30 11:08:43,6.8845,6.887,0.015,519.9,0.1
9819,STARLINK-2166,48558,STARLINK-34590,64675,2026-07-30 18:16:16,8.1198,8.134,0.017,465.8,0.1
9820,FLOCK 4G-25,62646,FLOCK 4G-1,62666,2026-07-31 04:38:38,5.395,5.397,0.011,491.1,0.1
9821,T.MICROSAT-2,68433,HAWK-14B,68436,2026-07-30 22:07:15,8.2392,8.248,0.017,512.9,0.1
9822,STARLINK-4789,53868,STARLINK-35557,66237,2026-07-30 23:54:40,5.3034,5.305,0.011,459.9,0.1
9823,STARLINK-3567,51871,STARLINK-3575,51878,2026-07-31 05:10:48,8.4412,8.442,0.017,500.1,0.1
9824,STARLINK-30303,57677,STARLINK-34895,65349,2026-07-31 02:50:08,8.6617,8.667,0.017,479.2,0.1
9825,SDA_1667,65977,SDA_1672,65982,2026-07-30 19:06:33,5.1838,5.187,0.01,956.6,0.1
9826,STARLINK-32877,62960,STARLINK-35827,66365,2026-07-31 03:41:47,8.0856,8.087,0.016,479.5,0.1
9827,STARLINK-2252,48595,STARLINK-3931,52548,2026-07-30 09:21:58,9.9315,9.932,0.019,467.5,0.1
9828,KUIPER-00481,69594,KUIPER-00533,69605,2026-07-30 11:10:03,7.9266,7.928,0.015,451.0,0.1
9829,STARLINK-2659,48467,STARLINK-35774,66283,2026-07-31 02:19:36,8.9152,8.922,0.016,479.1,0.1
9830,STARLINK-2751,48685,STARLINK-31989,59959,2026-07-30 21:35:28,8.0304,8.044,0.015,465.8,0.1
9831,HAWK-14B,68436,DB CHARMS ND,68455,2026-07-30 08:45:41,8.9161,8.917,0.016,524.6,0.1
9832,STARLINK-1973,47628,STARLINK-32347,61010,2026-07-30 23:20:16,7.8091,7.82,0.014,479.4,0.1
9833,STARLINK-3611,51779,STARLINK-30882,58379,2026-07-31 02:19:38,7.8499,7.853,0.014,459.3,0.1
9834,ERMIS-2,68420,MARS-1,68830,2026-07-31 00:19:57,6.6293,6.63,0.012,505.0,0.1
9835,STARLINK-34088,64025,STARLINK-34030,64030,2026-07-30 09:46:32,1.2806,1.282,0.003,573.8,0.1
9836,STARLINK-32135,60277,STARLINK-32150,60294,2026-07-30 23:32:21,8.103,8.121,0.014,465.8,0.1
9837,STARLINK-2736,48640,STARLINK-34319,64268,2026-07-30 21:28:56,9.6093,9.61,0.017,479.2,0.1
9838,FLOCK 4BE-36,60486,FLOCK 4BE-13,60512,2026-07-30 20:39:57,7.9456,7.946,0.014,452.4,0.1
9839,STARLINK-2164,47750,STARLINK-32431,61256,2026-07-30 09:04:57,9.3728,9.373,0.016,466.2,0.1
9840,STARLINK-32135,60277,STARLINK-32037,60283,2026-07-31 03:25:33,8.2372,8.245,0.014,479.7,0.1
9841,STARLINK-2101,47381,STARLINK-32009,60104,2026-07-30 20:45:44,8.2991,8.301,0.014,479.5,0.0
9842,FLOCK 4BE-36,60486,FLOCK 4BE-13,60512,2026-07-30 20:02:53,8.6878,8.688,0.014,432.0,0.0
9843,STARLINK-32155,60274,STARLINK-32038,60281,2026-07-30 17:18:43,8.558,8.56,0.014,466.3,0.0
9844,STARLINK-2457,48321,STARLINK-32442,61729,2026-07-30 23:51:31,9.0924,9.102,0.015,466.2,0.0
9845,YAM-17,69884,GRUS-3F,69894,2026-07-30 23:50:07,5.5542,5.555,0.009,608.6,0.0
9846,YAM-11,68991,YAM-16,68992,2026-07-30 19:38:33,8.08,8.084,0.013,608.1,0.0
9847,STARLINK-3696,51965,STARLINK-32015,60111,2026-07-31 01:49:37,8.8281,8.832,0.014,466.1,0.0
9848,NUSAT-52,66692,IRIDE FM2,66696,2026-07-30 20:11:36,6.2751,6.277,0.01,517.6,0.0
9849,STARLINK-1443,45660,STARLINK-32203,60331,2026-07-30 11:58:12,9.7642,9.77,0.015,458.4,0.0
9850,STARLINK-32121,60264,STARLINK-33648,63371,2026-07-30 11:08:25,9.3752,9.38,0.014,471.5,0.0
9851,SPOQC,68423,IRIDE-MS1-EAGLET 2-16,68452,2026-07-31 07:53:32,7.8945,7.898,0.012,510.1,0.0
9852,TIANHUI 5A,58199,TIANHUI 5B,58201,2026-07-30 10:04:37,0.2626,0.263,0.001,608.0,0.0
9853,STARLINK-4304,53414,STARLINK-32574,61954,2026-07-31 01:36:39,6.6008,6.602,0.01,473.9,0.0
9854,STARLINK-3588,51869,STARLINK-3591,51870,2026-07-30 08:38:37,6.1205,6.123,0.009,492.3,0.0
9855,STARLINK-4420,53654,STARLINK-4617,53675,2026-07-30 22:21:12,8.6976,8.701,0.012,553.1,0.0
9856,STARLINK-2122,47400,STARLINK-31146,58769,2026-07-31 03:50:18,8.7328,8.744,0.012,466.2,0.0
9857,STARLINK-2071,47361,STARLINK-32016,60096,2026-07-31 01:54:43,8.062,8.064,0.011,479.4,0.0
9858,STARLINK-30999,58551,STARLINK-32149,60292,2026-07-31 03:23:12,9.2123,9.219,0.012,480.0,0.0
9859,NUSAT-54 (BRANCA MARQU*),68442,AISSAT 4,68454,2026-07-30 08:50:23,9.6908,9.693,0.013,512.9,0.0
9860,STARLINK-2686,48464,STARLINK-35727,66281,2026-07-31 03:48:31,8.4634,8.472,0.011,479.3,0.0
9861,STARLINK-4742,53795,STARLINK-35425,65874,2026-07-30 09:28:49,9.4968,9.497,0.012,479.2,0.0
9862,SUPERVIEW NEO-2 05,68377,SUPERVIEW NEO-2 06,68378,2026-07-30 09:31:22,2.3993,2.4,0.003,522.1,0.0
9863,STARLINK-5429,54801,STARLINK-35594,66157,2026-07-30 20:52:26,8.3119,8.324,0.011,465.7,0.0
9864,STARLINK-3677,51970,STARLINK-31441,60091,2026-07-30 14:38:46,8.1945,8.195,0.01,479.5,0.0
9865,STARLINK-37928,69955,STARLINK-37824,69956,2026-07-30 18:08:22,4.8791,4.88,0.006,336.3,0.0
9866,STARLINK-4112,52861,STARLINK-34327,64208,2026-07-30 11:21:54,9.013,9.013,0.011,485.2,0.0
9867,STARLINK-34088,64025,STARLINK-34030,64030,2026-07-30 14:35:00,6.7321,6.732,0.009,573.7,0.0
9868,LEMUR-2-EMARCHIA,68492,SERT3,68499,2026-07-30 17:06:26,2.7212,2.725,0.004,606.2,0.0
9869,PIESAT B,56154,PIESAT C,56155,2026-07-30 19:38:54,0.2242,0.224,0.001,538.6,0.0
9870,TIANHUI 5C,60211,TIANHUI 5D,60212,2026-07-30 08:55:24,0.6067,0.607,0.001,605.0,0.0
9871,SPOQC,68423,IRIDE-MS1-EAGLET 2-14,68447,2026-07-31 06:30:02,9.1485,9.149,0.011,506.6,0.0
9872,STARLINK-4779,53864,STARLINK-35062,65643,2026-07-30 15:10:33,3.9522,3.955,0.005,477.7,0.0
9873,STARLINK-34088,64025,STARLINK-34030,64030,2026-07-30 16:11:09,8.4724,8.473,0.01,573.7,0.0
9874,STARLINK-2633,48435,STARLINK-35524,65914,2026-07-30 15:22:51,8.3003,8.3,0.01,466.5,0.0
9875,STARLINK-32154,60276,STARLINK-33653,63380,2026-07-31 03:02:13,8.8734,8.88,0.011,466.0,0.0
9876,PIESAT A,56153,PIESAT D,56156,2026-07-30 09:05:03,4.815,4.815,0.006,526.0,0.0
9877,STARLINK-4112,52861,STARLINK-34327,64208,2026-07-30 10:52:59,9.2915,9.292,0.011,474.7,0.0
9878,PELICAN-9,69019,BALKAN-2,69024,2026-07-30 14:08:58,9.8536,9.854,0.012,514.8,0.0
9879,PIESAT A,56153,PIESAT D,56156,2026-07-31 07:16:12,8.3775,8.378,0.01,526.5,0.0
9880,LEMUR-2-EMARCHIA,68492,SERT3,68499,2026-07-30 18:11:12,9.6438,9.645,0.011,594.6,0.0
9881,STARLINK-37928,69955,STARLINK-37824,69956,2026-07-30 16:32:03,6.3105,6.311,0.007,336.9,0.0
9882,PIESAT A,56153,PIESAT B,56154,2026-07-30 08:41:18,5.7883,5.789,0.007,538.0,0.0
9883,STARLINK-37928,69955,STARLINK-37824,69956,2026-07-30 14:58:34,7.1935,7.197,0.008,337.0,0.0
9884,STARLINK-37928,69955,STARLINK-37824,69956,2026-07-30 13:26:02,7.7601,7.761,0.009,337.1,0.0
9885,STARLINK-37928,69955,STARLINK-37824,69956,2026-07-30 11:54:05,8.1148,8.117,0.009,337.1,0.0
9886,STARLINK-37928,69955,STARLINK-37824,69956,2026-07-30 09:15:31,8.3564,8.363,0.01,334.9,0.0
9887,STARLINK-37928,69955,STARLINK-37824,69956,2026-07-30 10:22:35,8.3101,8.314,0.01,337.2,0.0
9888,STARLINK-37928,69955,STARLINK-37824,69956,2026-07-30 08:51:30,8.37,8.377,0.01,337.3,0.0
9889,STARLINK-37928,69955,STARLINK-37824,69956,2026-07-30 10:46:22,8.322,8.334,0.01,334.8,0.0
9890,PIESAT A,56153,PIESAT B,56154,2026-07-31 03:42:01,8.9098,8.91,0.01,538.1,0.0
9891,PIESAT A,56153,PIESAT B,56154,2026-07-31 05:17:05,9.1951,9.195,0.011,538.1,0.0
9892,PIESAT A,56153,PIESAT B,56154,2026-07-31 06:52:09,9.4843,9.484,0.011,538.1,0.0
9893,PIESAT A,56153,PIESAT B,56154,2026-07-31 08:27:13,9.7774,9.778,0.011,538.1,0.0
9894,STARLINK-35704,66221,STARLINK-34861,66368,2026-07-31 03:14:10,9.9301,9.935,0.011,482.5,0.0
9895,PIESAT A,56153,PIESAT C,56155,2026-07-30 09:07:38,5.6441,5.644,0.006,524.4,0.0
9896,STARLINK-32334,62023,STARLINK-34760,65359,2026-07-30 17:49:43,9.1261,9.127,0.01,483.1,0.0
9897,PIESAT A,56153,PIESAT D,56156,2026-07-31 08:30:53,9.3744,9.489,0.01,537.2,0.0
9898,QIANFAN-234,69863,QIANFAN-237,69866,2026-07-31 05:22:07,8.1213,8.121,0.009,845.0,0.0
9899,QIANFAN-234,69863,QIANFAN-237,69866,2026-07-31 03:41:01,8.6904,8.69,0.01,844.9,0.0
9900,QIANFAN-234,69863,QIANFAN-237,69866,2026-07-31 01:59:55,9.2597,9.26,0.01,844.9,0.0
9901,QIANFAN-234,69863,QIANFAN-237,69866,2026-07-31 00:18:49,9.829,9.829,0.011,844.9,0.0
9902,QIANFAN-234,69863,QIANFAN-237,69866,2026-07-31 08:30:53,7.3658,7.48,0.008,833.7,0.0
9903,ICEYE-X80,69893,TRANSPORTER-17 OBJECT AS,69909,2026-07-31 08:08:02,4.8464,4.846,0.005,612.6,0.0
9904,TEVEL2-1,63217,TEVEL2-2,63219,2026-07-31 08:30:53,3.5675,3.581,0.004,470.8,0.0
9905,QIANFAN-235,69864,QIANFAN-238,69867,2026-07-31 08:30:53,8.0817,8.097,0.008,833.8,0.0
9906,COSMOS 2581,62902,COSMOS 2583,62904,2026-07-30 08:51:12,1.533,1.533,0.002,591.3,0.0
9907,STARLINK-4612,53750,STARLINK-31780,59432,2026-07-31 07:29:15,5.3618,5.363,0.006,462.9,0.0
9908,STARLINK-1566,46079,STARLINK-32442,61729,2026-07-30 19:13:45,7.8959,7.897,0.008,465.7,0.0
9909,STARLINK-3818,52340,STARLINK-32246,60432,2026-07-30 22:06:34,2.7841,2.785,0.003,461.1,0.0
9910,STARLINK-2592,48408,STARLINK-34889,65761,2026-07-31 02:14:02,8.0885,8.09,0.008,479.4,0.0
9911,SUPERVIEW NEO-2 03,62079,SUPERVIEW NEO-2 04,62080,2026-07-31 07:26:49,0.5426,0.543,0.001,506.8,0.0
9912,FLOCK 4H-12,66715,LILIUM-3,66770,2026-07-31 01:33:03,4.9597,4.96,0.005,521.2,0.0
9913,STARLINK-2315,47789,STARLINK-3125,49451,2026-07-30 14:01:37,8.8461,8.847,0.008,479.8,0.0
9914,PIESAT B,56154,PIESAT D,56156,2026-07-31 08:10:53,0.3529,0.353,0.001,538.3,0.0
9915,STARLINK-2224,48573,STARLINK-36311,68525,2026-07-31 02:21:17,8.4772,8.485,0.008,465.8,0.0
9916,HADES-SA (SPINNYONE),68446,GARAI-B (UNAMUNO),68463,2026-07-30 10:23:00,7.4102,7.411,0.007,510.4,0.0
9917,TIANHUI 2-02A,49071,TIANHUI 2-02B,49072,2026-07-31 07:26:18,0.4519,0.452,0.001,530.9,0.0
9918,STARLINK-3986,52623,STARLINK-3988,52625,2026-07-30 08:36:03,5.4012,5.402,0.005,470.2,0.0
9919,NUVIEW ALPHA,62455,NUVIEW BRAVO,62457,2026-07-30 21:08:30,5.8914,5.894,0.005,35789.7,0.0
9920,ISS (DESTINY),26700,CYGNUS NG-24,68689,2026-07-30 08:48:55,0.7024,0.702,0.001,423.1,0.0
9921,CREW DRAGON 12,67796,PROGRESS-MS 33,68319,2026-07-30 08:48:55,0.7024,0.702,0.001,423.1,0.0
9922,ISS (NAUKA),49044,CYGNUS NG-24,68689,2026-07-30 08:48:55,0.7024,0.702,0.001,423.1,0.0
9923,ISS (ZVEZDA),26400,CYGNUS NG-24,68689,2026-07-30 08:48:55,0.7024,0.702,0.001,423.1,0.0
9924,ISS (UNITY),25575,CYGNUS NG-24,68689,2026-07-30 08:48:55,0.7024,0.702,0.001,423.1,0.0
9925,POISK,36086,PROGRESS-MS 34,68837,2026-07-30 08:48:55,0.7024,0.702,0.001,423.1,0.0
9926,ISS (ZARYA),25544,PROGRESS-MS 34,68837,2026-07-30 08:48:55,0.7024,0.702,0.001,423.1,0.0
9927,ISS (DESTINY),26700,CREW DRAGON 12,67796,2026-07-30 08:48:55,0.7024,0.702,0.001,423.1,0.0
9928,ISS (NAUKA),49044,CREW DRAGON 12,67796,2026-07-30 08:48:55,0.7024,0.702,0.001,423.1,0.0
9929,ISS (UNITY),25575,CREW DRAGON 12,67796,2026-07-30 08:48:55,0.7024,0.702,0.001,423.1,0.0
9930,ISS (ZVEZDA),26400,CREW DRAGON 12,67796,2026-07-30 08:48:55,0.7024,0.702,0.001,423.1,0.0
9931,POISK,36086,CYGNUS NG-24,68689,2026-07-30 08:48:55,0.7024,0.702,0.001,423.1,0.0
9932,ISS (ZARYA),25544,CYGNUS NG-24,68689,2026-07-30 08:48:55,0.7024,0.702,0.001,423.1,0.0
9933,PROGRESS-MS 33,68319,PROGRESS-MS 34,68837,2026-07-30 08:48:55,0.7024,0.702,0.001,423.1,0.0
9934,POISK,36086,CREW DRAGON 12,67796,2026-07-30 08:48:55,0.7024,0.702,0.001,423.1,0.0
9935,ISS (ZARYA),25544,CREW DRAGON 12,67796,2026-07-30 08:48:55,0.7024,0.702,0.001,423.1,0.0
9936,ISS (UNITY),25575,PROGRESS-MS 34,68837,2026-07-30 08:48:55,0.7024,0.702,0.001,423.1,0.0
9937,PROGRESS-MS 33,68319,CYGNUS NG-24,68689,2026-07-30 08:48:55,0.7024,0.702,0.001,423.1,0.0
9938,ISS (DESTINY),26700,PROGRESS-MS 34,68837,2026-07-30 08:48:55,0.7024,0.702,0.001,423.1,0.0
9939,ISS (NAUKA),49044,PROGRESS-MS 34,68837,2026-07-30 08:48:55,0.7024,0.702,0.001,423.1,0.0
9940,ISS (ZVEZDA),26400,PROGRESS-MS 34,68837,2026-07-30 08:48:55,0.7024,0.702,0.001,423.1,0.0
9941,T.MICROSAT-2,68433,HAWK-14C,68441,2026-07-31 02:58:11,4.5338,4.536,0.004,512.7,0.0
9942,STARLINK-3853,52359,STARLINK-30833,58152,2026-07-31 05:28:09,8.4301,8.433,0.008,486.4,0.0
9943,STARLINK-2755,48479,STARLINK-4100,53144,2026-07-30 17:28:04,6.0504,6.051,0.005,469.6,0.0
9944,TERRASAR-X,31698,TANDEM-X,36605,2026-07-30 08:40:30,0.2171,0.217,0.0,512.3,0.0
9945,STARLINK-4512,53398,STARLINK-4525,53401,2026-07-31 03:16:52,6.8528,6.853,0.006,545.9,0.0
9946,PIESAT C,56155,PIESAT D,56156,2026-07-31 06:59:04,0.2712,0.271,0.0,536.1,0.0
9947,KUIPER-00554,69619,KUIPER-00561,69624,2026-07-30 18:34:02,5.5655,5.566,0.005,460.6,0.0
9948,TIANHUI 2-01A,44207,TIANHUI 2-01B,44209,2026-07-30 15:31:57,0.4211,0.421,0.0,515.9,0.0
9949,STARLINK-3277,50182,STARLINK-37091,68191,2026-07-30 12:24:42,8.6248,8.626,0.007,466.1,0.0
9950,STARLINK-32118,60280,STARLINK-33648,63371,2026-07-30 10:25:12,9.2624,9.268,0.007,479.5,0.0
9951,STARLINK-30322,57670,STARLINK-34831,65345,2026-07-31 00:58:42,7.6016,7.603,0.006,465.6,0.0
9952,STARLINK-3826,52347,STARLINK-32232,60431,2026-07-31 01:26:03,2.501,2.501,0.002,463.9,0.0
9953,FLOCK 4G-12,62625,TROLL,62658,2026-07-31 03:13:57,5.182,5.182,0.004,490.9,0.0
9954,QIANFAN-186,69404,QIANFAN-200,69418,2026-07-30 15:41:12,4.9153,4.917,0.004,1040.7,0.0
9955,STARLINK-5447,54779,STARLINK-5410,54807,2026-07-31 07:22:44,6.9858,6.987,0.005,471.6,0.0
9956,STARLINK-37378,69255,STARLINK-37396,69256,2026-07-31 00:56:52,4.3186,4.319,0.003,476.7,0.0
9957,STARLINK-2217,48568,STARLINK-36290,68516,2026-07-30 23:28:20,8.4376,8.447,0.006,479.0,0.0
9958,NUVIEW ALPHA,62455,NUVIEW BRAVO,62457,2026-07-30 09:12:38,7.4812,7.481,0.005,35796.9,0.0
9959,STARLINK-3636,51995,STARLINK-32024,60112,2026-07-30 18:05:42,8.3982,8.399,0.006,479.1,0.0
9960,IRIDE FM1,66695,FLOCK 4H-36,66739,2026-07-31 08:10:42,2.6267,2.627,0.002,518.5,0.0
9961,STARLINK-2517,48309,STARLINK-35324,65838,2026-07-31 01:05:31,9.8537,9.858,0.007,478.0,0.0
9962,KUIPER-00542,69611,KUIPER-00561,69624,2026-07-30 12:03:42,4.3873,4.388,0.003,466.7,0.0
9963,STARLINK-32652,62234,STARLINK-33937,63704,2026-07-31 07:08:15,5.4874,5.491,0.004,485.9,0.0
9964,OPTISAT,68418,TRANSPORTER-16 OBJECT AA,68440,2026-07-30 10:16:09,9.9209,9.924,0.007,519.0,0.0
9965,STARLINK-4800,53854,STARLINK-35135,65629,2026-07-31 04:16:32,8.1696,8.175,0.006,466.9,0.0
9966,STARLINK-4605,53616,STARLINK-5156,53973,2026-07-30 16:27:34,7.6627,7.666,0.005,548.3,0.0
9967,STARLINK-4561,53563,STARLINK-4576,53566,2026-07-30 15:14:08,3.8894,3.89,0.003,471.8,0.0
9968,QIANFAN-170,69387,QIANFAN-171,69388,2026-07-31 07:45:39,8.723,8.725,0.006,1060.1,0.0
9969,USA 485,62756,USA 486,62757,2026-07-30 13:34:28,2.2927,2.295,0.002,342.9,0.0
9970,STARLINK-34642,64910,STARLINK-34700,64922,2026-07-31 01:21:59,9.9883,9.989,0.006,479.1,0.0
9971,O3B FM7,40080,O3B FM13,43234,2026-07-31 04:27:31,2.7111,2.711,0.002,8075.2,0.0
9972,STARLINK-32197,60416,STARLINK-34255,65417,2026-07-31 03:24:22,8.9226,8.934,0.006,466.4,0.0
9973,STARLINK-35850,66352,STARLINK-35845,66366,2026-07-30 20:08:34,9.3474,9.352,0.006,479.0,0.0
9974,STARLINK-2479,48136,STARLINK-35473,65937,2026-07-31 01:36:05,9.9984,9.999,0.006,477.5,0.0
9975,KUIPER-00522,69602,KUIPER-00546,69614,2026-07-30 17:27:11,5.2681,5.27,0.003,463.3,0.0
9976,STARLINK-35848,66349,STARLINK-35851,66356,2026-07-30 13:05:47,8.9328,8.933,0.005,465.4,0.0
9977,STARLINK-32205,60266,STARLINK-32158,60267,2026-07-30 12:00:43,8.0147,8.016,0.005,479.6,0.0
9978,STARLINK-34908,65329,STARLINK-34777,65339,2026-07-31 07:02:42,8.4421,8.443,0.005,466.2,0.0
9979,KUIPER-00423,69592,KUIPER-00522,69602,2026-07-31 03:14:34,6.8591,6.862,0.004,467.7,0.0
9980,STARLINK-1542,46073,STARLINK-35570,66090,2026-07-30 20:46:50,4.9783,4.978,0.003,483.7,0.0
9981,KUIPER-00602,69286,KUIPER-00620,69295,2026-07-31 01:01:53,8.4436,8.444,0.005,511.7,0.0
9982,STARLINK-3589,51997,STARLINK-32015,60111,2026-07-30 23:16:47,3.2087,3.209,0.002,473.4,0.0
9983,STARLINK-3568,51856,STARLINK-34167,64228,2026-07-31 01:58:13,8.5958,8.601,0.005,467.6,0.0
9984,STARLINK-34828,65353,STARLINK-34760,65359,2026-07-31 05:36:26,9.8498,9.86,0.006,469.2,0.0
9985,STARLINK-5258,54195,STARLINK-5246,54198,2026-07-31 01:53:36,1.9065,1.907,0.001,482.8,0.0
9986,STARLINK-32038,60281,STARLINK-32114,60287,2026-07-30 21:18:54,8.5911,8.591,0.005,479.4,0.0
9987,STARLINK-2594,48388,STARLINK-34825,65692,2026-07-30 21:09:15,9.1508,9.156,0.005,471.4,0.0
9988,STARLINK-32010,60279,STARLINK-32142,60291,2026-07-30 11:14:15,8.414,8.42,0.005,476.5,0.0
9989,STARLINK-35041,66188,STARLINK-35374,66194,2026-07-31 00:03:31,8.1988,8.204,0.005,479.2,0.0
9990,STARLINK-2495,48325,STARLINK-32322,61720,2026-07-31 05:18:28,7.8748,7.881,0.005,479.5,0.0
9991,STARLINK-37199,68327,STARLINK-37136,68347,2026-07-30 16:01:21,9.806,9.816,0.006,481.4,0.0
9992,STARLINK-34911,65325,STARLINK-34885,65328,2026-07-30 18:31:58,8.3075,8.308,0.005,467.4,0.0
9993,STARLINK-37513,69456,STARLINK-37583,69466,2026-07-30 13:42:16,8.3002,8.307,0.005,470.0,0.0
9994,STARLINK-34199,64924,STARLINK-34790,65690,2026-07-30 19:40:34,8.2566,8.26,0.005,468.6,0.0
9995,STARLINK-35631,66121,STARLINK-35629,66127,2026-07-30 17:24:49,9.7483,9.749,0.005,471.5,0.0
9996,STARLINK-3675,51963,STARLINK-32406,61545,2026-07-30 22:07:23,9.3842,9.391,0.005,477.4,0.0
9997,STARLINK-5876,56321,STARLINK-5955,56342,2026-07-30 17:47:05,8.3562,8.358,0.005,543.6,0.0
9998,STARLINK-35259,66197,STARLINK-35543,66201,2026-07-31 03:39:47,8.0256,8.026,0.004,479.0,0.0
9999,STARLINK-34911,65325,STARLINK-34602,65333,2026-07-30 14:10:07,8.2065,8.209,0.005,476.4,0.0
10000,STARLINK-5238,54188,STARLINK-5205,54202,2026-07-30 22:12:43,9.0699,9.071,0.005,472.1,0.0
10001,STARLINK-35629,66127,STARLINK-35612,66128,2026-07-31 05:12:19,9.6086,9.618,0.005,481.3,0.0
10002,STARLINK-37521,69822,STARLINK-37690,69825,2026-07-30 19:12:02,2.709,2.709,0.002,391.9,0.0
10003,STARLINK-35016,65341,STARLINK-34881,65347,2026-07-30 12:43:01,7.9367,7.938,0.004,476.7,0.0
10004,STARLINK-5149,53981,STARLINK-5098,54013,2026-07-30 22:03:13,7.1149,7.119,0.004,484.1,0.0
10005,STARLINK-2684,48471,STARLINK-35069,66268,2026-07-30 12:00:21,7.6768,7.685,0.004,479.4,0.0
10006,STARLINK-4637,53742,STARLINK-31772,59430,2026-07-31 06:24:48,5.7713,5.772,0.003,471.7,0.0
10007,STARLINK-2685,48468,STARLINK-35819,66285,2026-07-31 07:53:34,8.6559,8.659,0.005,474.3,0.0
10008,STARLINK-1526,46029,STARLINK-36293,68515,2026-07-31 04:38:02,9.1766,9.177,0.005,471.5,0.0
10009,STARLINK-2411,47826,STARLINK-35061,66191,2026-07-30 20:34:53,8.9963,8.996,0.005,474.8,0.0
10010,STARLINK-4559,53574,STARLINK-4556,53578,2026-07-30 23:46:24,2.9809,2.984,0.002,461.4,0.0
10011,STARLINK-3699,51966,STARLINK-31996,60100,2026-07-30 09:34:54,8.2501,8.25,0.004,472.3,0.0
10012,GSAT-16,40332,GSAT-29,43698,2026-07-30 23:53:10,2.1092,2.109,0.001,35797.7,0.0
10013,QIANFAN-150,69109,QIANFAN-153,69112,2026-07-31 06:56:15,1.4072,1.408,0.001,1108.5,0.0
10014,STARLINK-5247,54203,STARLINK-5241,54204,2026-07-31 00:13:03,4.1267,4.127,0.002,495.2,0.0
10015,STARLINK-34854,65337,STARLINK-34859,65348,2026-07-30 18:03:47,7.7574,7.758,0.004,479.4,0.0
10016,STARLINK-31472,59730,STARLINK-31779,59744,2026-07-30 09:23:07,5.6723,5.674,0.003,482.2,0.0
10017,STARLINK-38077,69983,STARLINK-38073,69986,2026-07-31 02:49:18,7.8705,7.878,0.004,342.2,0.0
10018,QIANFAN-224,69853,QIANFAN-226,69855,2026-07-30 23:49:42,2.1659,2.167,0.001,858.6,0.0
10019,QIANFAN-183,69401,QIANFAN-191,69409,2026-07-31 07:27:47,5.9653,5.966,0.003,1043.5,0.0
10020,STARLINK-30246,57615,STARLINK-30323,57634,2026-07-30 19:05:43,5.1968,5.197,0.003,484.7,0.0
10021,STARLINK-37891,69948,STARLINK-37895,69950,2026-07-31 00:30:12,9.226,9.23,0.005,339.8,0.0
10022,STARLINK-4799,53860,STARLINK-35127,65639,2026-07-30 20:39:11,9.006,9.009,0.004,472.7,0.0
10023,STARLINK-35131,66075,STARLINK-35403,66081,2026-07-31 06:12:18,6.8553,6.862,0.003,479.8,0.0
10024,STARLINK-3658,52107,STARLINK-3687,52110,2026-07-30 11:08:33,6.8185,6.821,0.003,469.9,0.0
10025,STARLINK-37849,69499,STARLINK-37843,69501,2026-07-30 22:08:09,9.9769,9.981,0.005,470.3,0.0
10026,STARLINK-4583,53568,STARLINK-4582,53569,2026-07-30 20:47:28,2.6778,2.68,0.001,473.9,0.0
10027,INTELSAT 30 (IS-30),40271,INTELSAT 31 (IS-31),41581,2026-07-31 02:41:20,7.4397,7.439,0.003,35795.7,0.0
10028,INTELSAT 30 (IS-30),40271,INTELSAT 31 (IS-31),41581,2026-07-30 14:43:07,7.9109,7.909,0.003,35791.8,0.0
10029,STARLINK-35500,66093,STARLINK-35531,66112,2026-07-30 14:18:53,3.6189,3.619,0.001,473.4,0.0
10030,QIANFAN-188,69406,QIANFAN-192,69410,2026-07-31 00:36:46,6.7066,6.707,0.002,1013.1,0.0
10031,TWILIGHT-1 OBJECT B,67364,LEMUR-2-MARIO-SOUSA,67365,2026-07-30 13:59:08,2.3911,2.392,0.001,621.1,0.0
10032,O3B FM4,39189,O3B FM10,40348,2026-07-30 09:08:57,0.133,0.133,0.0,8065.3,0.0
10033,O3B PFM,39191,O3B FM19,44113,2026-07-30 09:52:28,0.1451,0.145,0.0,8075.3,0.0
10034,USA 283,43339,APSTAR-6D,45863,2026-07-31 03:38:01,9.258,9.258,0.001,35788.2,0.0
10035,INTELSAT 39 (IS-39),44476,LUCH-5X (OLYMP-K 2),55841,2026-07-30 10:08:33,8.88,8.88,0.001,35797.5,0.0
10036,MEASAT-3B,40147,MEASAT 3D,52904,2026-07-30 16:20:27,8.6134,8.612,0.001,35798.6,0.0
10037,PROBA-3 CSC,62256,PROBA-3 OSC,62258,2026-07-30 21:18:20,0.4071,0.405,0.0,57984.3,0.0
10038,ISS (ZARYA),25544,ISS (DESTINY),26700,2026-07-30 08:27:53,0.0,0.0,0.0,418.9,0.0
10039,ISS (ZARYA),25544,POISK,36086,2026-07-30 08:27:53,0.0,0.0,0.0,418.9,0.0
10040,ISS (ZVEZDA),26400,POISK,36086,2026-07-30 08:27:53,0.0,0.0,0.0,418.9,0.0
10041,ISS (UNITY),25575,PROGRESS-MS 33,68319,2026-07-30 08:27:53,0.0,0.0,0.0,418.9,0.0
10042,ISS (UNITY),25575,ISS (ZVEZDA),26400,2026-07-30 08:27:53,0.0,0.0,0.0,418.9,0.0
10043,ISS (DESTINY),26700,PROGRESS-MS 33,68319,2026-07-30 08:27:53,0.0,0.0,0.0,418.9,0.0
10044,ISS (NAUKA),49044,PROGRESS-MS 33,68319,2026-07-30 08:27:53,0.0,0.0,0.0,418.9,0.0
10045,CSS (TIANHE),48274,CSS (MENGTIAN),54216,2026-07-30 08:27:53,0.0,0.0,0.0,392.9,0.0
10046,ISS (ZARYA),25544,PROGRESS-MS 33,68319,2026-07-30 08:27:53,0.0,0.0,0.0,418.9,0.0
10047,ISS (UNITY),25575,ISS (NAUKA),49044,2026-07-30 08:27:53,0.0,0.0,0.0,418.9,0.0
10048,ISS (ZVEZDA),26400,PROGRESS-MS 33,68319,2026-07-30 08:27:53,0.0,0.0,0.0,418.9,0.0
10049,ISS (ZARYA),25544,ISS (ZVEZDA),26400,2026-07-30 08:27:53,0.0,0.0,0.0,418.9,0.0
10050,CSS (WENTIAN),53239,SHENZHOU-23 (SZ-23),69180,2026-07-30 08:27:53,0.0,0.0,0.0,392.9,0.0
10051,ISS (DESTINY),26700,ISS (NAUKA),49044,2026-07-30 08:27:53,0.0,0.0,0.0,418.9,0.0
10052,CSS (TIANHE),48274,CSS (WENTIAN),53239,2026-07-30 08:27:53,0.0,0.0,0.0,392.9,0.0
10053,CSS (WENTIAN),53239,TIANZHOU-10,69049,2026-07-30 08:27:53,0.0,0.0,0.0,392.9,0.0
10054,ISS (UNITY),25575,ISS (DESTINY),26700,2026-07-30 08:27:53,0.0,0.0,0.0,418.9,0.0
10055,ISS (ZARYA),25544,ISS (NAUKA),49044,2026-07-30 08:27:53,0.0,0.0,0.0,418.9,0.0
10056,POISK,36086,PROGRESS-MS 33,68319,2026-07-30 08:27:53,0.0,0.0,0.0,418.9,0.0
10057,CSS (TIANHE),48274,TIANZHOU-10,69049,2026-07-30 08:27:53,0.0,0.0,0.0,392.9,0.0
10058,ISS (ZVEZDA),26400,ISS (NAUKA),49044,2026-07-30 08:27:53,0.0,0.0,0.0,418.9,0.0
10059,CREW DRAGON 12,67796,PROGRESS-MS 34,68837,2026-07-30 08:27:53,0.0,0.0,0.0,418.9,0.0
10060,CSS (MENGTIAN),54216,SHENZHOU-23 (SZ-23),69180,2026-07-30 08:27:53,0.0,0.0,0.0,392.9,0.0
10061,CSS (MENGTIAN),54216,TIANZHOU-10,69049,2026-07-30 08:27:53,0.0,0.0,0.0,392.9,0.0
10062,TIANZHOU-10,69049,SHENZHOU-23 (SZ-23),69180,2026-07-30 08:27:53,0.0,0.0,0.0,392.9,0.0
10063,ISS (ZVEZDA),26400,ISS (DESTINY),26700,2026-07-30 08:27:53,0.0,0.0,0.0,418.9,0.0
10064,ISS (UNITY),25575,POISK,36086,2026-07-30 08:27:53,0.0,0.0,0.0,418.9,0.0
10065,CSS (TIANHE),48274,SHENZHOU-23 (SZ-23),69180,2026-07-30 08:27:53,0.0,0.0,0.0,392.9,0.0
10066,CREW DRAGON 12,67796,CYGNUS NG-24,68689,2026-07-30 08:27:53,0.0,0.0,0.0,418.9,0.0
10067,POISK,36086,ISS (NAUKA),49044,2026-07-30 08:27:53,0.0,0.0,0.0,418.9,0.0
10068,CSS (WENTIAN),53239,CSS (MENGTIAN),54216,2026-07-30 08:27:53,0.0,0.0,0.0,392.9,0.0
10069,ISS (DESTINY),26700,POISK,36086,2026-07-30 08:27:53,0.0,0.0,0.0,418.9,0.0
10070,CYGNUS NG-24,68689,PROGRESS-MS 34,68837,2026-07-30 08:27:53,0.0,0.0,0.0,418.9,0.0
10071,ISS (ZARYA),25544,ISS (UNITY),25575,2026-07-30 08:27:53,0.0,0.0,0.0,418.9,0.0
10072,INTELSAT 10-02,28358,MEV-2,46113,2026-07-30 08:27:53,0.0,0.0,0.0,35792.0,0.0
